timestamp,accX,accY,accZ,temp,device_id
2026-08-05T10:17:05.089209,0.0154,-0.0745,1.1526,0.0,EngineIQ_Sensor
2026-08-05T10:17:05.089603,0.0154,-0.0745,1.1526,0.0,EngineIQ_Sensor
2026-08-05T10:17:05.090035,0.0154,-0.0745,1.1526,0.0,EngineIQ_Sensor
2026-08-05T10:17:05.090490,0.0154,-0.0745,1.1526,0.0,EngineIQ_Sensor
2026-08-05T10:17:05.090943,0.0154,-0.0745,1.1526,0.0,EngineIQ_Sensor
2026-08-05T10:17:05.091455,0.0154,-0.0745,1.1526,0.0,EngineIQ_Sensor
2026-08-05T10:17:05.091929,0.0154,-0.0745,1.1526,0.0,EngineIQ_Sensor
2026-08-05T10:17:05.141867,0.0154,-0.0745,1.1526,0.0,EngineIQ_Sensor
2026-08-05T10:17:05.143859,0.0154,-0.0745,1.1526,0.0,EngineIQ_Sensor
2026-08-05T10:17:05.203368,0.0154,-0.0745,1.1526,0.0,EngineIQ_Sensor
2026-08-05T10:17:05.262548,0.0154,-0.0745,1.1526,0.0,EngineIQ_Sensor
2026-08-05T10:17:05.321953,0.0154,-0.0745,1.1526,0.0,EngineIQ_Sensor
2026-08-05T10:17:05.323815,0.0154,-0.0745,1.1526,0.0,EngineIQ_Sensor
2026-08-05T10:17:05.743331,0.0154,-0.0745,1.1526,0.0,EngineIQ_Sensor
2026-08-05T10:17:05.862522,0.0154,-0.0745,1.1526,0.0,EngineIQ_Sensor
2026-08-05T10:17:05.921828,0.0154,-0.0745,1.1526,0.0,EngineIQ_Sensor
2026-08-05T10:17:05.925939,0.0154,-0.0745,1.1526,0.0,EngineIQ_Sensor
2026-08-05T10:17:05.983297,0.0154,-0.0745,1.1526,0.0,EngineIQ_Sensor
2026-08-05T10:17:06.042636,0.0154,-0.0745,1.1526,0.0,EngineIQ_Sensor
2026-08-05T10:17:06.101955,0.0154,-0.0745,1.1526,0.0,EngineIQ_Sensor
2026-08-05T10:17:06.103835,0.0154,-0.0745,1.1526,0.0,EngineIQ_Sensor
2026-08-05T10:17:06.163403,0.0154,-0.0745,1.1526,0.0,EngineIQ_Sensor
2026-08-05T10:17:06.281887,0.0154,-0.0745,1.1526,0.0,EngineIQ_Sensor
2026-08-05T10:17:06.283812,0.0154,-0.0745,1.1526,0.0,EngineIQ_Sensor
2026-08-05T10:17:06.343280,0.0154,-0.0745,1.1526,0.0,EngineIQ_Sensor
2026-08-05T10:17:06.402672,0.0154,-0.0745,1.1526,0.0,EngineIQ_Sensor
2026-08-05T10:17:06.763404,0.0154,-0.0745,1.1526,0.0,EngineIQ_Sensor
2026-08-05T10:17:06.822464,0.0154,-0.0745,1.1526,0.0,EngineIQ_Sensor
2026-08-05T10:17:06.881934,0.0154,-0.0745,1.1526,0.0,EngineIQ_Sensor
2026-08-05T10:17:06.883965,0.0154,-0.0745,1.1526,0.0,EngineIQ_Sensor
2026-08-05T10:17:07.003344,0.0154,-0.0745,1.1526,0.0,EngineIQ_Sensor
2026-08-05T10:17:07.122605,0.0154,-0.0745,1.1526,0.0,EngineIQ_Sensor
2026-08-05T10:17:07.182004,0.0154,-0.0745,1.1526,0.0,EngineIQ_Sensor
2026-08-05T10:17:07.183972,0.0154,-0.0745,1.1526,0.0,EngineIQ_Sensor
2026-08-05T10:17:07.243397,0.0154,-0.0745,1.1526,0.0,EngineIQ_Sensor
2026-08-05T10:17:07.302264,0.0154,-0.0745,1.1526,0.0,EngineIQ_Sensor
2026-08-05T10:17:07.361727,0.0154,-0.0745,1.1526,0.0,EngineIQ_Sensor
2026-08-05T10:17:07.363568,0.0154,-0.0745,1.1526,0.0,EngineIQ_Sensor
2026-08-05T10:17:07.423471,0.0154,-0.0745,1.1526,0.0,EngineIQ_Sensor
2026-08-05T10:17:07.723202,0.0154,-0.0745,1.1526,0.0,EngineIQ_Sensor
2026-08-05T10:17:07.783054,0.0154,-0.0745,1.1526,0.0,EngineIQ_Sensor
2026-08-05T10:17:07.842404,0.0154,-0.0745,1.1526,0.0,EngineIQ_Sensor
2026-08-05T10:17:07.902249,0.0154,-0.0745,1.1526,0.0,EngineIQ_Sensor
2026-08-05T10:17:07.903998,0.0154,-0.0745,1.1526,0.0,EngineIQ_Sensor
2026-08-05T10:17:07.963191,0.0154,-0.0745,1.1526,0.0,EngineIQ_Sensor
2026-08-05T10:17:08.022644,0.0154,-0.0745,1.1526,0.0,EngineIQ_Sensor
2026-08-05T10:17:08.082003,0.0154,-0.0745,1.1526,0.0,EngineIQ_Sensor
2026-08-05T10:17:08.083897,0.0154,-0.0745,1.1526,0.0,EngineIQ_Sensor
2026-08-05T10:17:08.143287,0.0154,-0.0745,1.1526,0.0,EngineIQ_Sensor
2026-08-05T10:17:08.202679,0.0154,-0.0745,1.1526,0.0,EngineIQ_Sensor
2026-08-05T10:17:08.262181,0.0154,-0.0745,1.1526,0.0,EngineIQ_Sensor
2026-08-05T10:17:08.263939,0.0154,-0.0745,1.1526,0.0,EngineIQ_Sensor
2026-08-05T10:17:08.743198,0.0154,-0.0745,1.1526,0.0,EngineIQ_Sensor
2026-08-05T10:17:08.802564,0.0154,-0.0745,1.1526,0.0,EngineIQ_Sensor
2026-08-05T10:17:08.862183,0.0154,-0.0745,1.1526,0.0,EngineIQ_Sensor
2026-08-05T10:17:08.863869,0.0154,-0.0745,1.1526,0.0,EngineIQ_Sensor
2026-08-05T10:17:08.923173,0.0154,-0.0745,1.1526,0.0,EngineIQ_Sensor
2026-08-05T10:17:08.982616,0.0154,-0.0745,1.1526,0.0,EngineIQ_Sensor
2026-08-05T10:17:09.041979,0.0154,-0.0745,1.1526,0.0,EngineIQ_Sensor
2026-08-05T10:17:09.043870,0.0154,-0.0745,1.1526,0.0,EngineIQ_Sensor
2026-08-05T10:17:09.162001,0.0154,-0.0745,1.1526,0.0,EngineIQ_Sensor
2026-08-05T10:17:09.163839,0.0154,-0.0745,1.1526,0.0,EngineIQ_Sensor
2026-08-05T10:17:09.223194,0.0154,-0.0745,1.1526,0.0,EngineIQ_Sensor
2026-08-05T10:17:09.282523,0.0154,-0.0745,1.1526,0.0,EngineIQ_Sensor
2026-08-05T10:17:09.342714,0.0154,-0.0745,1.1526,0.0,EngineIQ_Sensor
2026-08-05T10:17:09.762993,0.0154,-0.0745,1.1526,0.0,EngineIQ_Sensor
2026-08-05T10:17:09.822740,0.0154,-0.0745,1.1526,0.0,EngineIQ_Sensor
2026-08-05T10:17:09.882048,0.0154,-0.0745,1.1526,0.0,EngineIQ_Sensor
2026-08-05T10:17:09.883969,0.0154,-0.0745,1.1526,0.0,EngineIQ_Sensor
2026-08-05T10:17:09.943095,0.0154,-0.0745,1.1526,0.0,EngineIQ_Sensor
2026-08-05T10:17:10.002461,0.0154,-0.0745,1.1526,0.0,EngineIQ_Sensor
2026-08-05T10:17:10.061692,0.0154,-0.0745,1.1526,0.0,EngineIQ_Sensor
2026-08-05T10:17:10.063808,0.0154,-0.0745,1.1526,0.0,EngineIQ_Sensor
2026-08-05T10:17:10.123024,0.0154,-0.0745,1.1526,0.0,EngineIQ_Sensor
2026-08-05T10:17:10.182478,0.0154,-0.0745,1.1526,0.0,EngineIQ_Sensor
2026-08-05T10:17:10.241944,0.0154,-0.0745,1.1526,0.0,EngineIQ_Sensor
2026-08-05T10:17:10.243912,0.0154,-0.0745,1.1526,0.0,EngineIQ_Sensor
2026-08-05T10:17:10.303288,0.0154,-0.0745,1.1526,0.0,EngineIQ_Sensor
2026-08-05T10:17:10.723554,0.0154,-0.0745,1.1526,0.0,EngineIQ_Sensor
2026-08-05T10:17:10.783126,0.0154,-0.0745,1.1526,0.0,EngineIQ_Sensor
2026-08-05T10:17:10.842416,0.0154,-0.0745,1.1526,0.0,EngineIQ_Sensor
2026-08-05T10:17:10.901786,0.0154,-0.0745,1.1526,0.0,EngineIQ_Sensor
2026-08-05T10:17:10.903660,0.0154,-0.0745,1.1526,0.0,EngineIQ_Sensor
2026-08-05T10:17:10.963209,0.0154,-0.0745,1.1526,0.0,EngineIQ_Sensor
2026-08-05T10:17:11.022392,0.0154,-0.0745,1.1526,0.0,EngineIQ_Sensor
2026-08-05T10:17:11.081822,0.0154,-0.0745,1.1526,0.0,EngineIQ_Sensor
2026-08-05T10:17:11.083798,0.0154,-0.0745,1.1526,0.0,EngineIQ_Sensor
2026-08-05T10:17:11.143104,0.0154,-0.0745,1.1526,0.0,EngineIQ_Sensor
2026-08-05T10:17:11.202451,0.0154,-0.0745,1.1526,0.0,EngineIQ_Sensor
2026-08-05T10:17:11.261786,0.0154,-0.0745,1.1526,0.0,EngineIQ_Sensor
2026-08-05T10:17:11.263936,0.0154,-0.0745,1.1526,0.0,EngineIQ_Sensor
2026-08-05T10:17:11.743189,0.0154,-0.0745,1.1526,0.0,EngineIQ_Sensor
2026-08-05T10:17:11.802391,0.0154,-0.0745,1.1526,0.0,EngineIQ_Sensor
2026-08-05T10:17:11.861670,0.0154,-0.0745,1.1526,0.0,EngineIQ_Sensor
2026-08-05T10:17:11.863791,0.0154,-0.0745,1.1526,0.0,EngineIQ_Sensor
2026-08-05T10:17:11.923185,0.0154,-0.0745,1.1526,0.0,EngineIQ_Sensor
2026-08-05T10:17:11.982363,0.0154,-0.0745,1.1526,0.0,EngineIQ_Sensor
2026-08-05T10:17:12.041791,0.0154,-0.0745,1.1526,0.0,EngineIQ_Sensor
2026-08-05T10:17:12.043810,0.0154,-0.0745,1.1526,0.0,EngineIQ_Sensor
2026-08-05T10:17:12.103023,0.0154,-0.0745,1.1526,0.0,EngineIQ_Sensor
2026-08-05T10:17:12.162532,0.0154,-0.0745,1.1526,0.0,EngineIQ_Sensor
2026-08-05T10:17:12.221657,0.0154,-0.0745,1.1526,0.0,EngineIQ_Sensor
2026-08-05T10:17:12.223652,0.0154,-0.0745,1.1526,0.0,EngineIQ_Sensor
2026-08-05T10:17:12.283364,0.0154,-0.0745,1.1526,0.0,EngineIQ_Sensor
2026-08-05T10:17:12.822353,0.0154,-0.0745,1.1526,0.0,EngineIQ_Sensor
2026-08-05T10:17:12.881776,0.0154,-0.0745,1.1526,0.0,EngineIQ_Sensor
2026-08-05T10:17:12.883884,0.0154,-0.0745,1.1526,0.0,EngineIQ_Sensor
2026-08-05T10:17:12.943123,0.0154,-0.0745,1.1526,0.0,EngineIQ_Sensor
2026-08-05T10:17:13.002359,0.0154,-0.0745,1.1526,0.0,EngineIQ_Sensor
2026-08-05T10:17:13.061802,0.0154,-0.0745,1.1526,0.0,EngineIQ_Sensor
2026-08-05T10:17:13.064070,0.0154,-0.0745,1.1526,0.0,EngineIQ_Sensor
2026-08-05T10:17:13.123122,0.0154,-0.0745,1.1526,0.0,EngineIQ_Sensor
2026-08-05T10:17:13.182318,0.0154,-0.0745,1.1526,0.0,EngineIQ_Sensor
2026-08-05T10:17:13.243125,0.0154,-0.0745,1.1526,0.0,EngineIQ_Sensor
2026-08-05T10:17:13.302253,0.0154,-0.0745,1.1526,0.0,EngineIQ_Sensor
2026-08-05T10:17:13.361695,0.0154,-0.0745,1.1526,0.0,EngineIQ_Sensor
2026-08-05T10:17:13.363902,0.0154,-0.0745,1.1526,0.0,EngineIQ_Sensor
2026-08-05T10:17:13.723274,0.0154,-0.0745,1.1526,0.0,EngineIQ_Sensor
2026-08-05T10:17:13.783174,0.0154,-0.0745,1.1526,0.0,EngineIQ_Sensor
2026-08-05T10:17:13.842360,0.0154,-0.0745,1.1526,0.0,EngineIQ_Sensor
2026-08-05T10:17:13.901862,0.0154,-0.0745,1.1526,0.0,EngineIQ_Sensor
2026-08-05T10:17:13.903864,0.0154,-0.0745,1.1526,0.0,EngineIQ_Sensor
2026-08-05T10:17:13.963126,0.0154,-0.0745,1.1526,0.0,EngineIQ_Sensor
2026-08-05T10:17:14.022392,0.0154,-0.0745,1.1526,0.0,EngineIQ_Sensor
2026-08-05T10:17:14.081818,0.0154,-0.0745,1.1526,0.0,EngineIQ_Sensor
2026-08-05T10:17:14.083680,0.0154,-0.0745,1.1526,0.0,EngineIQ_Sensor
2026-08-05T10:17:14.143113,0.0154,-0.0745,1.1526,0.0,EngineIQ_Sensor
2026-08-05T10:17:14.202349,0.0154,-0.0745,1.1526,0.0,EngineIQ_Sensor
2026-08-05T10:17:14.261633,0.0154,-0.0745,1.1526,0.0,EngineIQ_Sensor
2026-08-05T10:17:14.263641,0.0154,-0.0745,1.1526,0.0,EngineIQ_Sensor
2026-08-05T10:17:14.742995,0.0154,-0.0745,1.1526,0.0,EngineIQ_Sensor
2026-08-05T10:17:14.802376,0.0154,-0.0745,1.1526,0.0,EngineIQ_Sensor
2026-08-05T10:17:14.921697,0.0154,-0.0745,1.1526,0.0,EngineIQ_Sensor
2026-08-05T10:17:14.923615,0.0154,-0.0745,1.1526,0.0,EngineIQ_Sensor
2026-08-05T10:17:14.982989,0.0154,-0.0745,1.1526,0.0,EngineIQ_Sensor
2026-08-05T10:17:15.042359,0.0154,-0.0745,1.1526,0.0,EngineIQ_Sensor
2026-08-05T10:17:15.101781,0.0154,-0.0745,1.1526,0.0,EngineIQ_Sensor
2026-08-05T10:17:15.103777,0.0154,-0.0745,1.1526,0.0,EngineIQ_Sensor
2026-08-05T10:17:15.162991,0.0154,-0.0745,1.1526,0.0,EngineIQ_Sensor
2026-08-05T10:17:15.222441,0.0154,-0.0745,1.1526,0.0,EngineIQ_Sensor
2026-08-05T10:17:15.281880,0.0154,-0.0745,1.1526,0.0,EngineIQ_Sensor
2026-08-05T10:17:15.283743,0.0154,-0.0745,1.1526,0.0,EngineIQ_Sensor
2026-08-05T10:17:15.402676,0.0154,-0.0745,1.1526,0.0,EngineIQ_Sensor
2026-08-05T10:17:15.762958,0.0154,-0.0745,1.1526,0.0,EngineIQ_Sensor
2026-08-05T10:17:15.822985,0.0154,-0.0745,1.1526,0.0,EngineIQ_Sensor
2026-08-05T10:17:15.882359,0.0154,-0.0745,1.1526,0.0,EngineIQ_Sensor
2026-08-05T10:17:15.941770,0.0154,-0.0745,1.1526,0.0,EngineIQ_Sensor
2026-08-05T10:17:15.943634,0.0154,-0.0745,1.1526,0.0,EngineIQ_Sensor
2026-08-05T10:17:16.003012,0.0154,-0.0745,1.1526,0.0,EngineIQ_Sensor
2026-08-05T10:17:16.062316,0.0154,-0.0745,1.1526,0.0,EngineIQ_Sensor
2026-08-05T10:17:16.121895,0.0154,-0.0745,1.1526,0.0,EngineIQ_Sensor
2026-08-05T10:17:16.123779,0.0154,-0.0745,1.1526,0.0,EngineIQ_Sensor
2026-08-05T10:17:16.182984,0.0154,-0.0745,1.1526,0.0,EngineIQ_Sensor
2026-08-05T10:17:16.242496,0.0154,-0.0745,1.1526,0.0,EngineIQ_Sensor
2026-08-05T10:17:16.301761,0.0154,-0.0745,1.1526,0.0,EngineIQ_Sensor
2026-08-05T10:17:16.303567,0.0154,-0.0745,1.1526,0.0,EngineIQ_Sensor
2026-08-05T10:17:16.723104,0.0154,-0.0745,1.1526,0.0,EngineIQ_Sensor
2026-08-05T10:17:16.782989,0.0154,-0.0745,1.1526,0.0,EngineIQ_Sensor
2026-08-05T10:17:16.842326,0.0154,-0.0745,1.1526,0.0,EngineIQ_Sensor
2026-08-05T10:17:16.901767,0.0154,-0.0745,1.1526,0.0,EngineIQ_Sensor
2026-08-05T10:17:16.903471,0.0154,-0.0745,1.1526,0.0,EngineIQ_Sensor
2026-08-05T10:17:16.962976,0.0154,-0.0745,1.1526,0.0,EngineIQ_Sensor
2026-08-05T10:17:17.022367,0.0154,-0.0745,1.1526,0.0,EngineIQ_Sensor
2026-08-05T10:17:17.081777,0.0154,-0.0745,1.1526,0.0,EngineIQ_Sensor
2026-08-05T10:17:17.083511,0.0154,-0.0745,1.1526,0.0,EngineIQ_Sensor
2026-08-05T10:17:17.142971,0.0154,-0.0745,1.1526,0.0,EngineIQ_Sensor
2026-08-05T10:17:17.202353,0.0154,-0.0745,1.1526,0.0,EngineIQ_Sensor
2026-08-05T10:17:17.261797,0.0154,-0.0745,1.1526,0.0,EngineIQ_Sensor
2026-08-05T10:17:17.263612,0.0154,-0.0745,1.1526,0.0,EngineIQ_Sensor
2026-08-05T10:17:17.742967,0.0154,-0.0745,1.1526,0.0,EngineIQ_Sensor
2026-08-05T10:17:17.802351,0.0154,-0.0745,1.1526,0.0,EngineIQ_Sensor
2026-08-05T10:17:17.861628,0.0154,-0.0745,1.1526,0.0,EngineIQ_Sensor
2026-08-05T10:17:17.863503,0.0154,-0.0745,1.1526,0.0,EngineIQ_Sensor
2026-08-05T10:17:17.923086,0.0154,-0.0745,1.1526,0.0,EngineIQ_Sensor
2026-08-05T10:17:17.982369,0.0154,-0.0745,1.1526,0.0,EngineIQ_Sensor
2026-08-05T10:17:18.041636,0.0154,-0.0745,1.1526,0.0,EngineIQ_Sensor
2026-08-05T10:17:18.043550,0.0154,-0.0745,1.1526,0.0,EngineIQ_Sensor
2026-08-05T10:17:18.103055,0.0154,-0.0745,1.1526,0.0,EngineIQ_Sensor
2026-08-05T10:17:18.162309,0.0154,-0.0745,1.1526,0.0,EngineIQ_Sensor
2026-08-05T10:17:18.221577,0.0154,-0.0745,1.1526,0.0,EngineIQ_Sensor
2026-08-05T10:17:18.223838,0.0154,-0.0745,1.1526,0.0,EngineIQ_Sensor
2026-08-05T10:17:18.283374,0.0154,-0.0745,1.1526,0.0,EngineIQ_Sensor
2026-08-05T10:17:18.762962,0.0154,-0.0745,1.1526,0.0,EngineIQ_Sensor
2026-08-05T10:17:18.822189,0.0154,-0.0745,1.1526,0.0,EngineIQ_Sensor
2026-08-05T10:17:18.881604,0.0154,-0.0745,1.1526,0.0,EngineIQ_Sensor
2026-08-05T10:17:18.942180,0.0154,-0.0745,1.1526,0.0,EngineIQ_Sensor
2026-08-05T10:17:19.001593,0.0154,-0.0745,1.1526,0.0,EngineIQ_Sensor
2026-08-05T10:17:19.003482,0.0154,-0.0745,1.1526,0.0,EngineIQ_Sensor
2026-08-05T10:17:19.063076,0.0154,-0.0745,1.1526,0.0,EngineIQ_Sensor
2026-08-05T10:17:19.122198,0.0154,-0.0745,1.1526,0.0,EngineIQ_Sensor
2026-08-05T10:17:19.181538,0.0154,-0.0745,1.1526,0.0,EngineIQ_Sensor
2026-08-05T10:17:19.242215,0.0154,-0.0745,1.1526,0.0,EngineIQ_Sensor
2026-08-05T10:17:19.301810,0.0154,-0.0745,1.1526,0.0,EngineIQ_Sensor
2026-08-05T10:17:19.303765,0.0154,-0.0745,1.1526,0.0,EngineIQ_Sensor
2026-08-05T10:17:19.363133,0.0154,-0.0745,1.1526,0.0,EngineIQ_Sensor
2026-08-05T10:17:19.723085,0.0154,-0.0745,1.1526,0.0,EngineIQ_Sensor
2026-08-05T10:17:19.841582,0.0154,-0.0745,1.1526,0.0,EngineIQ_Sensor
2026-08-05T10:17:19.843551,0.0154,-0.0745,1.1526,0.0,EngineIQ_Sensor
2026-08-05T10:17:19.902935,0.0154,-0.0745,1.1526,0.0,EngineIQ_Sensor
2026-08-05T10:17:19.962334,0.0154,-0.0745,1.1526,0.0,EngineIQ_Sensor
2026-08-05T10:17:20.021624,0.0154,-0.0745,1.1526,0.0,EngineIQ_Sensor
2026-08-05T10:17:20.081556,0.0154,-0.0745,1.1526,0.0,EngineIQ_Sensor
2026-08-05T10:17:20.083531,0.0154,-0.0745,1.1526,0.0,EngineIQ_Sensor
2026-08-05T10:17:20.142969,0.0154,-0.0745,1.1526,0.0,EngineIQ_Sensor
2026-08-05T10:17:20.261736,0.0154,-0.0745,1.1526,0.0,EngineIQ_Sensor
2026-08-05T10:17:20.263533,0.0154,-0.0745,1.1526,0.0,EngineIQ_Sensor
2026-08-05T10:17:20.322952,0.0154,-0.0745,1.1526,0.0,EngineIQ_Sensor
2026-08-05T10:17:20.382711,0.0154,-0.0745,1.1526,0.0,EngineIQ_Sensor
2026-08-05T10:17:20.743014,0.0154,-0.0745,1.1526,0.0,EngineIQ_Sensor
2026-08-05T10:17:20.802201,0.0154,-0.0745,1.1526,0.0,EngineIQ_Sensor
2026-08-05T10:17:20.861424,0.0154,-0.0745,1.1526,0.0,EngineIQ_Sensor
2026-08-05T10:17:20.863664,0.0154,-0.0745,1.1526,0.0,EngineIQ_Sensor
2026-08-05T10:17:20.923030,0.0154,-0.0745,1.1526,0.0,EngineIQ_Sensor
2026-08-05T10:17:20.982159,0.0154,-0.0745,1.1526,0.0,EngineIQ_Sensor
2026-08-05T10:17:21.041537,0.0154,-0.0745,1.1526,0.0,EngineIQ_Sensor
2026-08-05T10:17:21.043779,0.0154,-0.0745,1.1526,0.0,EngineIQ_Sensor
2026-08-05T10:17:21.102924,0.0154,-0.0745,1.1526,0.0,EngineIQ_Sensor
2026-08-05T10:17:21.162085,0.0154,-0.0745,1.1526,0.0,EngineIQ_Sensor
2026-08-05T10:17:21.221549,0.0154,-0.0745,1.1526,0.0,EngineIQ_Sensor
2026-08-05T10:17:21.223496,0.0154,-0.0745,1.1526,0.0,EngineIQ_Sensor
2026-08-05T10:17:21.283216,0.0154,-0.0745,1.1526,0.0,EngineIQ_Sensor
2026-08-05T10:17:21.763011,0.0154,-0.0745,1.1526,0.0,EngineIQ_Sensor
2026-08-05T10:17:21.882236,0.0154,-0.0745,1.1526,0.0,EngineIQ_Sensor
2026-08-05T10:17:21.941620,0.0154,-0.0745,1.1526,0.0,EngineIQ_Sensor
2026-08-05T10:17:21.943497,0.0154,-0.0745,1.1526,0.0,EngineIQ_Sensor
2026-08-05T10:17:22.003042,0.0154,-0.0745,1.1526,0.0,EngineIQ_Sensor
2026-08-05T10:17:22.062171,0.0154,-0.0745,1.1526,0.0,EngineIQ_Sensor
2026-08-05T10:17:22.121611,0.0154,-0.0745,1.1526,0.0,EngineIQ_Sensor
2026-08-05T10:17:22.123765,0.0154,-0.0745,1.1526,0.0,EngineIQ_Sensor
2026-08-05T10:17:22.302265,0.0154,-0.0745,1.1526,0.0,EngineIQ_Sensor
2026-08-05T10:17:22.361558,0.0154,-0.0745,1.1526,0.0,EngineIQ_Sensor
2026-08-05T10:17:22.363493,0.0154,-0.0745,1.1526,0.0,EngineIQ_Sensor
2026-08-05T10:17:22.422901,0.0154,-0.0745,1.1526,0.0,EngineIQ_Sensor
2026-08-05T10:17:22.482329,0.0154,-0.0745,1.1526,0.0,EngineIQ_Sensor
2026-08-05T10:17:22.722984,0.0154,-0.0745,1.1526,0.0,EngineIQ_Sensor
2026-08-05T10:17:22.783005,0.0154,-0.0745,1.1526,0.0,EngineIQ_Sensor
2026-08-05T10:17:22.842222,0.0154,-0.0745,1.1526,0.0,EngineIQ_Sensor
2026-08-05T10:17:22.901579,0.0154,-0.0745,1.1526,0.0,EngineIQ_Sensor
2026-08-05T10:17:22.962221,0.0154,-0.0745,1.1526,0.0,EngineIQ_Sensor
2026-08-05T10:17:23.021516,0.0154,-0.0745,1.1526,0.0,EngineIQ_Sensor
2026-08-05T10:17:23.023487,0.0154,-0.0745,1.1526,0.0,EngineIQ_Sensor
2026-08-05T10:17:23.082767,0.0154,-0.0745,1.1526,0.0,EngineIQ_Sensor
2026-08-05T10:17:23.142142,0.0154,-0.0745,1.1526,0.0,EngineIQ_Sensor
2026-08-05T10:17:23.201598,0.0154,-0.0745,1.1526,0.0,EngineIQ_Sensor
2026-08-05T10:17:23.203522,0.0154,-0.0745,1.1526,0.0,EngineIQ_Sensor
2026-08-05T10:17:23.262984,0.0154,-0.0745,1.1526,0.0,EngineIQ_Sensor
2026-08-05T10:17:23.322308,0.0154,-0.0745,1.1526,0.0,EngineIQ_Sensor
2026-08-05T10:17:23.742917,0.0154,-0.0745,1.1526,0.0,EngineIQ_Sensor
2026-08-05T10:17:23.802199,0.0154,-0.0745,1.1526,0.0,EngineIQ_Sensor
2026-08-05T10:17:23.861523,0.0154,-0.0745,1.1526,0.0,EngineIQ_Sensor
2026-08-05T10:17:23.863681,0.0154,-0.0745,1.1526,0.0,EngineIQ_Sensor
2026-08-05T10:17:23.922901,0.0154,-0.0745,1.1526,0.0,EngineIQ_Sensor
2026-08-05T10:17:23.982186,0.0154,-0.0745,1.1526,0.0,EngineIQ_Sensor
2026-08-05T10:17:24.041598,0.0154,-0.0745,1.1526,0.0,EngineIQ_Sensor
2026-08-05T10:17:24.043594,0.0154,-0.0745,1.1526,0.0,EngineIQ_Sensor
2026-08-05T10:17:24.102970,0.0154,-0.0745,1.1526,0.0,EngineIQ_Sensor
2026-08-05T10:17:24.162177,0.0154,-0.0745,1.1526,0.0,EngineIQ_Sensor
2026-08-05T10:17:24.221568,0.0154,-0.0745,1.1526,0.0,EngineIQ_Sensor
2026-08-05T10:17:24.223595,0.0154,-0.0745,1.1526,0.0,EngineIQ_Sensor
2026-08-05T10:17:24.282875,0.0154,-0.0745,1.1526,0.0,EngineIQ_Sensor
2026-08-05T10:17:24.762806,0.0154,-0.0745,1.1526,0.0,EngineIQ_Sensor
2026-08-05T10:17:24.822153,0.0154,-0.0745,1.1526,0.0,EngineIQ_Sensor
2026-08-05T10:17:24.881372,0.0154,-0.0745,1.1526,0.0,EngineIQ_Sensor
2026-08-05T10:17:24.883285,0.0154,-0.0745,1.1526,0.0,EngineIQ_Sensor
2026-08-05T10:17:24.942796,0.0154,-0.0745,1.1526,0.0,EngineIQ_Sensor
2026-08-05T10:17:25.002085,0.0154,-0.0745,1.1526,0.0,EngineIQ_Sensor
2026-08-05T10:17:25.061587,0.0154,-0.0745,1.1526,0.0,EngineIQ_Sensor
2026-08-05T10:17:25.063283,0.0154,-0.0745,1.1526,0.0,EngineIQ_Sensor
2026-08-05T10:17:25.122790,0.0154,-0.0745,1.1526,0.0,EngineIQ_Sensor
2026-08-05T10:17:25.182138,0.0154,-0.0745,1.1526,0.0,EngineIQ_Sensor
2026-08-05T10:17:25.241476,0.0154,-0.0745,1.1526,0.0,EngineIQ_Sensor
2026-08-05T10:17:25.243293,0.0154,-0.0745,1.1526,0.0,EngineIQ_Sensor
2026-08-05T10:17:25.302772,0.0154,-0.0745,1.1526,0.0,EngineIQ_Sensor
2026-08-05T10:17:25.722922,0.0154,-0.0745,1.1526,0.0,EngineIQ_Sensor
2026-08-05T10:17:25.782797,0.0154,-0.0745,1.1526,0.0,EngineIQ_Sensor
2026-08-05T10:17:25.842134,0.0154,-0.0745,1.1526,0.0,EngineIQ_Sensor
2026-08-05T10:17:25.901338,0.0154,-0.0745,1.1526,0.0,EngineIQ_Sensor
2026-08-05T10:17:25.903283,0.0154,-0.0745,1.1526,0.0,EngineIQ_Sensor
2026-08-05T10:17:25.962775,0.0154,-0.0745,1.1526,0.0,EngineIQ_Sensor
2026-08-05T10:17:26.022130,0.0154,-0.0745,1.1526,0.0,EngineIQ_Sensor
2026-08-05T10:17:26.081381,0.0154,-0.0745,1.1526,0.0,EngineIQ_Sensor
2026-08-05T10:17:26.083266,0.0154,-0.0745,1.1526,0.0,EngineIQ_Sensor
2026-08-05T10:17:26.142780,0.0154,-0.0745,1.1526,0.0,EngineIQ_Sensor
2026-08-05T10:17:26.202239,0.0154,-0.0745,1.1526,0.0,EngineIQ_Sensor
2026-08-05T10:17:26.261368,0.0154,-0.0745,1.1526,0.0,EngineIQ_Sensor
2026-08-05T10:17:26.263378,0.0154,-0.0745,1.1526,0.0,EngineIQ_Sensor
2026-08-05T10:17:26.742822,0.0154,-0.0745,1.1526,0.0,EngineIQ_Sensor
2026-08-05T10:17:26.802134,0.0154,-0.0745,1.1526,0.0,EngineIQ_Sensor
2026-08-05T10:17:26.861459,0.0154,-0.0745,1.1526,0.0,EngineIQ_Sensor
2026-08-05T10:17:26.863350,0.0154,-0.0745,1.1526,0.0,EngineIQ_Sensor
2026-08-05T10:17:26.922948,0.0154,-0.0745,1.1526,0.0,EngineIQ_Sensor
2026-08-05T10:17:26.982112,0.0154,-0.0745,1.1526,0.0,EngineIQ_Sensor
2026-08-05T10:17:27.041599,0.0154,-0.0745,1.1526,0.0,EngineIQ_Sensor
2026-08-05T10:17:27.043593,0.0154,-0.0745,1.1526,0.0,EngineIQ_Sensor
2026-08-05T10:17:27.102780,0.0154,-0.0745,1.1526,0.0,EngineIQ_Sensor
2026-08-05T10:17:27.162073,0.0154,-0.0745,1.1526,0.0,EngineIQ_Sensor
2026-08-05T10:17:27.221375,0.0154,-0.0745,1.1526,0.0,EngineIQ_Sensor
2026-08-05T10:17:27.223371,0.0154,-0.0745,1.1526,0.0,EngineIQ_Sensor
2026-08-05T10:17:27.283010,0.0154,-0.0745,1.1526,0.0,EngineIQ_Sensor
2026-08-05T10:17:27.762778,0.0154,-0.0745,1.1526,0.0,EngineIQ_Sensor
2026-08-05T10:17:27.821993,0.0154,-0.0745,1.1526,0.0,EngineIQ_Sensor
2026-08-05T10:17:27.881397,0.0154,-0.0745,1.1526,0.0,EngineIQ_Sensor
2026-08-05T10:17:27.883561,0.0154,-0.0745,1.1526,0.0,EngineIQ_Sensor
2026-08-05T10:17:27.942664,0.0154,-0.0745,1.1526,0.0,EngineIQ_Sensor
2026-08-05T10:17:28.001971,0.0154,-0.0745,1.1526,0.0,EngineIQ_Sensor
2026-08-05T10:17:28.061527,0.0154,-0.0745,1.1526,0.0,EngineIQ_Sensor
2026-08-05T10:17:28.063320,0.0154,-0.0745,1.1526,0.0,EngineIQ_Sensor
2026-08-05T10:17:28.122854,0.0154,-0.0745,1.1526,0.0,EngineIQ_Sensor
2026-08-05T10:17:28.182056,0.0154,-0.0745,1.1526,0.0,EngineIQ_Sensor
2026-08-05T10:17:28.241481,0.0154,-0.0745,1.1526,0.0,EngineIQ_Sensor
2026-08-05T10:17:28.243340,0.0154,-0.0745,1.1526,0.0,EngineIQ_Sensor
2026-08-05T10:17:28.302983,0.0154,-0.0745,1.1526,0.0,EngineIQ_Sensor
2026-08-05T10:17:28.722906,0.0154,-0.0745,1.1526,0.0,EngineIQ_Sensor
2026-08-05T10:17:28.782780,0.0154,-0.0745,1.1526,0.0,EngineIQ_Sensor
2026-08-05T10:17:28.842060,0.0154,-0.0745,1.1526,0.0,EngineIQ_Sensor
2026-08-05T10:17:28.901460,0.0154,-0.0745,1.1526,0.0,EngineIQ_Sensor
2026-08-05T10:17:28.903503,0.0154,-0.0745,1.1526,0.0,EngineIQ_Sensor
2026-08-05T10:17:28.962876,0.0154,-0.0745,1.1526,0.0,EngineIQ_Sensor
2026-08-05T10:17:29.022058,0.0154,-0.0745,1.1526,0.0,EngineIQ_Sensor
2026-08-05T10:17:29.081498,0.0154,-0.0745,1.1526,0.0,EngineIQ_Sensor
2026-08-05T10:17:29.083471,0.0154,-0.0745,1.1526,0.0,EngineIQ_Sensor
2026-08-05T10:17:29.142819,0.0154,-0.0745,1.1526,0.0,EngineIQ_Sensor
2026-08-05T10:17:29.202078,0.0154,-0.0745,1.1526,0.0,EngineIQ_Sensor
2026-08-05T10:17:29.261496,0.0154,-0.0745,1.1526,0.0,EngineIQ_Sensor
2026-08-05T10:17:29.263345,0.0154,-0.0745,1.1526,0.0,EngineIQ_Sensor
2026-08-05T10:17:29.742638,0.0154,-0.0745,1.1526,0.0,EngineIQ_Sensor
2026-08-05T10:17:29.802008,0.0154,-0.0745,1.1526,0.0,EngineIQ_Sensor
2026-08-05T10:17:29.861312,0.0154,-0.0745,1.1526,0.0,EngineIQ_Sensor
2026-08-05T10:17:29.863389,0.0154,-0.0745,1.1526,0.0,EngineIQ_Sensor
2026-08-05T10:17:29.922742,0.0154,-0.0745,1.1526,0.0,EngineIQ_Sensor
2026-08-05T10:17:29.981956,0.0154,-0.0745,1.1526,0.0,EngineIQ_Sensor
2026-08-05T10:17:30.041427,0.0154,-0.0745,1.1526,0.0,EngineIQ_Sensor
2026-08-05T10:17:30.043290,0.0154,-0.0745,1.1526,0.0,EngineIQ_Sensor
2026-08-05T10:17:30.102833,0.0154,-0.0745,1.1526,0.0,EngineIQ_Sensor
2026-08-05T10:17:30.161999,0.0154,-0.0745,1.1526,0.0,EngineIQ_Sensor
2026-08-05T10:17:30.221402,0.0154,-0.0745,1.1526,0.0,EngineIQ_Sensor
2026-08-05T10:17:30.223412,0.0154,-0.0745,1.1526,0.0,EngineIQ_Sensor
2026-08-05T10:17:30.282806,0.0154,-0.0745,1.1526,0.0,EngineIQ_Sensor
2026-08-05T10:17:30.762631,0.0154,-0.0745,1.1526,0.0,EngineIQ_Sensor
2026-08-05T10:17:30.821956,0.0154,-0.0745,1.1526,0.0,EngineIQ_Sensor
2026-08-05T10:17:30.881301,0.0154,-0.0745,1.1526,0.0,EngineIQ_Sensor
2026-08-05T10:17:30.883319,0.0154,-0.0745,1.1526,0.0,EngineIQ_Sensor
2026-08-05T10:17:30.942641,0.0154,-0.0745,1.1526,0.0,EngineIQ_Sensor
2026-08-05T10:17:31.001913,0.0154,-0.0745,1.1526,0.0,EngineIQ_Sensor
2026-08-05T10:17:31.061371,0.0154,-0.0745,1.1526,0.0,EngineIQ_Sensor
2026-08-05T10:17:31.063294,0.0154,-0.0745,1.1526,0.0,EngineIQ_Sensor
2026-08-05T10:17:31.182013,0.0154,-0.0745,1.1526,0.0,EngineIQ_Sensor
2026-08-05T10:17:31.241450,0.0154,-0.0745,1.1526,0.0,EngineIQ_Sensor
2026-08-05T10:17:31.243340,0.0154,-0.0745,1.1526,0.0,EngineIQ_Sensor
2026-08-05T10:17:31.302632,0.0154,-0.0745,1.1526,0.0,EngineIQ_Sensor
2026-08-05T10:17:31.362104,0.0154,-0.0745,1.1526,0.0,EngineIQ_Sensor
2026-08-05T10:17:31.723268,0.0154,-0.0745,1.1526,0.0,EngineIQ_Sensor
2026-08-05T10:17:31.782635,0.0154,-0.0745,1.1526,0.0,EngineIQ_Sensor
2026-08-05T10:17:31.901868,0.0154,-0.0745,1.1526,0.0,EngineIQ_Sensor
2026-08-05T10:17:31.961351,0.0154,-0.0745,1.1526,0.0,EngineIQ_Sensor
2026-08-05T10:17:31.963284,0.0154,-0.0745,1.1526,0.0,EngineIQ_Sensor
2026-08-05T10:17:32.022641,0.0154,-0.0745,1.1526,0.0,EngineIQ_Sensor
2026-08-05T10:17:32.081907,0.0154,-0.0745,1.1526,0.0,EngineIQ_Sensor
2026-08-05T10:17:32.141486,0.0154,-0.0745,1.1526,0.0,EngineIQ_Sensor
2026-08-05T10:17:32.143136,0.0154,-0.0745,1.1526,0.0,EngineIQ_Sensor
2026-08-05T10:17:32.202623,0.0154,-0.0745,1.1526,0.0,EngineIQ_Sensor
2026-08-05T10:17:32.262090,0.0154,-0.0745,1.1526,0.0,EngineIQ_Sensor
2026-08-05T10:17:32.321499,0.0154,-0.0745,1.1526,0.0,EngineIQ_Sensor
2026-08-05T10:17:32.323408,0.0154,-0.0745,1.1526,0.0,EngineIQ_Sensor
2026-08-05T10:17:32.742813,0.0154,-0.0745,1.1526,0.0,EngineIQ_Sensor
2026-08-05T10:17:32.861456,0.0154,-0.0745,1.1526,0.0,EngineIQ_Sensor
2026-08-05T10:17:32.863387,0.0154,-0.0745,1.1526,0.0,EngineIQ_Sensor
2026-08-05T10:17:32.922632,0.0154,-0.0745,1.1526,0.0,EngineIQ_Sensor
2026-08-05T10:17:32.982079,0.0154,-0.0745,1.1526,0.0,EngineIQ_Sensor
2026-08-05T10:17:33.041455,0.0154,-0.0745,1.1526,0.0,EngineIQ_Sensor
2026-08-05T10:17:33.043643,0.0154,-0.0745,1.1526,0.0,EngineIQ_Sensor
2026-08-05T10:17:33.102647,0.0154,-0.0745,1.1526,0.0,EngineIQ_Sensor
2026-08-05T10:17:33.162072,0.0154,-0.0745,1.1526,0.0,EngineIQ_Sensor
2026-08-05T10:17:33.221355,0.0154,-0.0745,1.1526,0.0,EngineIQ_Sensor
2026-08-05T10:17:33.281982,0.0154,-0.0745,1.1526,0.0,EngineIQ_Sensor
2026-08-05T10:17:33.341415,0.0154,-0.0745,1.1526,0.0,EngineIQ_Sensor
2026-08-05T10:17:33.343193,0.0154,-0.0745,1.1526,0.0,EngineIQ_Sensor
2026-08-05T10:17:33.762641,0.0154,-0.0745,1.1526,0.0,EngineIQ_Sensor
2026-08-05T10:17:33.821850,0.0154,-0.0745,1.1526,0.0,EngineIQ_Sensor
2026-08-05T10:17:33.881340,0.0154,-0.0745,1.1526,0.0,EngineIQ_Sensor
2026-08-05T10:17:33.883196,0.0154,-0.0745,1.1526,0.0,EngineIQ_Sensor
2026-08-05T10:17:33.942659,0.0154,-0.0745,1.1526,0.0,EngineIQ_Sensor
2026-08-05T10:17:34.001897,0.0154,-0.0745,1.1526,0.0,EngineIQ_Sensor
2026-08-05T10:17:34.061213,0.0154,-0.0745,1.1526,0.0,EngineIQ_Sensor
2026-08-05T10:17:34.063128,0.0154,-0.0745,1.1526,0.0,EngineIQ_Sensor
2026-08-05T10:17:34.122641,0.0154,-0.0745,1.1526,0.0,EngineIQ_Sensor
2026-08-05T10:17:34.181725,0.0154,-0.0745,1.1526,0.0,EngineIQ_Sensor
2026-08-05T10:17:34.241328,0.0154,-0.0745,1.1526,0.0,EngineIQ_Sensor
2026-08-05T10:17:34.243199,0.0154,-0.0745,1.1526,0.0,EngineIQ_Sensor
2026-08-05T10:17:34.302746,0.0154,-0.0745,1.1526,0.0,EngineIQ_Sensor
2026-08-05T10:17:34.722713,0.0154,-0.0745,1.1526,0.0,EngineIQ_Sensor
2026-08-05T10:17:34.782600,0.0154,-0.0745,1.1526,0.0,EngineIQ_Sensor
2026-08-05T10:17:34.841863,0.0154,-0.0745,1.1526,0.0,EngineIQ_Sensor
2026-08-05T10:17:34.901280,0.0154,-0.0745,1.1526,0.0,EngineIQ_Sensor
2026-08-05T10:17:34.903159,0.0154,-0.0745,1.1526,0.0,EngineIQ_Sensor
2026-08-05T10:17:34.962623,0.0154,-0.0745,1.1526,0.0,EngineIQ_Sensor
2026-08-05T10:17:35.021833,0.0154,-0.0745,1.1526,0.0,EngineIQ_Sensor
2026-08-05T10:17:35.081210,0.0154,-0.0745,1.1526,0.0,EngineIQ_Sensor
2026-08-05T10:17:35.083165,0.0154,-0.0745,1.1526,0.0,EngineIQ_Sensor
2026-08-05T10:17:35.142717,0.0154,-0.0745,1.1526,0.0,EngineIQ_Sensor
2026-08-05T10:17:35.201820,0.0154,-0.0745,1.1526,0.0,EngineIQ_Sensor
2026-08-05T10:17:35.261196,0.0154,-0.0745,1.1526,0.0,EngineIQ_Sensor
2026-08-05T10:17:35.263476,0.0154,-0.0745,1.1526,0.0,EngineIQ_Sensor
2026-08-05T10:17:35.742717,0.0154,-0.0745,1.1526,0.0,EngineIQ_Sensor
2026-08-05T10:17:35.801883,0.0154,-0.0745,1.1526,0.0,EngineIQ_Sensor
2026-08-05T10:17:35.861144,0.0154,-0.0745,1.1526,0.0,EngineIQ_Sensor
2026-08-05T10:17:35.863408,0.0154,-0.0745,1.1526,0.0,EngineIQ_Sensor
2026-08-05T10:17:35.922510,0.0154,-0.0745,1.1526,0.0,EngineIQ_Sensor
2026-08-05T10:17:35.981848,0.0154,-0.0745,1.1526,0.0,EngineIQ_Sensor
2026-08-05T10:17:36.041279,0.0154,-0.0745,1.1526,0.0,EngineIQ_Sensor
2026-08-05T10:17:36.043148,0.0154,-0.0745,1.1526,0.0,EngineIQ_Sensor
2026-08-05T10:17:36.102606,0.0154,-0.0745,1.1526,0.0,EngineIQ_Sensor
2026-08-05T10:17:36.161798,0.0154,-0.0745,1.1526,0.0,EngineIQ_Sensor
2026-08-05T10:17:36.221255,0.0154,-0.0745,1.1526,0.0,EngineIQ_Sensor
2026-08-05T10:17:36.223444,0.0154,-0.0745,1.1526,0.0,EngineIQ_Sensor
2026-08-05T10:17:36.282661,0.0154,-0.0745,1.1526,0.0,EngineIQ_Sensor
2026-08-05T10:17:36.762627,0.0154,-0.0745,1.1526,0.0,EngineIQ_Sensor
2026-08-05T10:17:36.821825,0.0154,-0.0745,1.1526,0.0,EngineIQ_Sensor
2026-08-05T10:17:36.881242,0.0154,-0.0745,1.1526,0.0,EngineIQ_Sensor
2026-08-05T10:17:36.883144,0.0154,-0.0745,1.1526,0.0,EngineIQ_Sensor
2026-08-05T10:17:36.942583,0.0154,-0.0745,1.1526,0.0,EngineIQ_Sensor
2026-08-05T10:17:37.061454,0.0154,-0.0745,1.1526,0.0,EngineIQ_Sensor
2026-08-05T10:17:37.063296,0.0154,-0.0745,1.1526,0.0,EngineIQ_Sensor
2026-08-05T10:17:37.122675,0.0154,-0.0745,1.1526,0.0,EngineIQ_Sensor
2026-08-05T10:17:37.181879,0.0154,-0.0745,1.1526,0.0,EngineIQ_Sensor
2026-08-05T10:17:37.241205,0.0154,-0.0745,1.1526,0.0,EngineIQ_Sensor
2026-08-05T10:17:37.243242,0.0154,-0.0745,1.1526,0.0,EngineIQ_Sensor
2026-08-05T10:17:37.302618,0.0154,-0.0745,1.1526,0.0,EngineIQ_Sensor
2026-08-05T10:17:37.361988,0.0154,-0.0745,1.1526,0.0,EngineIQ_Sensor
2026-08-05T10:17:37.722582,0.0154,-0.0745,1.1526,0.0,EngineIQ_Sensor
2026-08-05T10:17:37.782603,0.0154,-0.0745,1.1526,0.0,EngineIQ_Sensor
2026-08-05T10:17:37.841847,0.0154,-0.0745,1.1526,0.0,EngineIQ_Sensor
2026-08-05T10:17:37.901114,0.0154,-0.0745,1.1526,0.0,EngineIQ_Sensor
2026-08-05T10:17:37.903236,0.0154,-0.0745,1.1526,0.0,EngineIQ_Sensor
2026-08-05T10:17:37.962453,0.0154,-0.0745,1.1526,0.0,EngineIQ_Sensor
2026-08-05T10:17:38.021871,0.0154,-0.0745,1.1526,0.0,EngineIQ_Sensor
2026-08-05T10:17:38.081274,0.0154,-0.0745,1.1526,0.0,EngineIQ_Sensor
2026-08-05T10:17:38.083231,0.0154,-0.0745,1.1526,0.0,EngineIQ_Sensor
2026-08-05T10:17:38.142496,0.0154,-0.0745,1.1526,0.0,EngineIQ_Sensor
2026-08-05T10:17:38.201828,0.0154,-0.0745,1.1526,0.0,EngineIQ_Sensor
2026-08-05T10:17:38.261257,0.0154,-0.0745,1.1526,0.0,EngineIQ_Sensor
2026-08-05T10:17:38.263143,0.0154,-0.0745,1.1526,0.0,EngineIQ_Sensor
2026-08-05T10:17:38.742457,0.0154,-0.0745,1.1526,0.0,EngineIQ_Sensor
2026-08-05T10:17:38.801697,0.0154,-0.0745,1.1526,0.0,EngineIQ_Sensor
2026-08-05T10:17:38.861214,0.0154,-0.0745,1.1526,0.0,EngineIQ_Sensor
2026-08-05T10:17:38.863144,0.0154,-0.0745,1.1526,0.0,EngineIQ_Sensor
2026-08-05T10:17:38.922408,0.0154,-0.0745,1.1526,0.0,EngineIQ_Sensor
2026-08-05T10:17:38.981836,0.0154,-0.0745,1.1526,0.0,EngineIQ_Sensor
2026-08-05T10:17:39.041215,0.0154,-0.0745,1.1526,0.0,EngineIQ_Sensor
2026-08-05T10:17:39.043231,0.0154,-0.0745,1.1526,0.0,EngineIQ_Sensor
2026-08-05T10:17:39.102442,0.0154,-0.0745,1.1526,0.0,EngineIQ_Sensor
2026-08-05T10:17:39.161842,0.0154,-0.0745,1.1526,0.0,EngineIQ_Sensor
2026-08-05T10:17:39.221241,0.0154,-0.0745,1.1526,0.0,EngineIQ_Sensor
2026-08-05T10:17:39.223163,0.0154,-0.0745,1.1526,0.0,EngineIQ_Sensor
2026-08-05T10:17:39.282526,0.0154,-0.0745,1.1526,0.0,EngineIQ_Sensor
2026-08-05T10:17:39.762249,0.0154,-0.0745,1.1526,0.0,EngineIQ_Sensor
2026-08-05T10:17:39.821880,0.0154,-0.0745,1.1526,0.0,EngineIQ_Sensor
2026-08-05T10:17:39.881127,0.0154,-0.0745,1.1526,0.0,EngineIQ_Sensor
2026-08-05T10:17:39.882960,0.0154,-0.0745,1.1526,0.0,EngineIQ_Sensor
2026-08-05T10:17:39.942451,0.0154,-0.0745,1.1526,0.0,EngineIQ_Sensor
2026-08-05T10:17:40.001772,0.0154,-0.0745,1.1526,0.0,EngineIQ_Sensor
2026-08-05T10:17:40.061180,0.0154,-0.0745,1.1526,0.0,EngineIQ_Sensor
2026-08-05T10:17:40.062949,0.0154,-0.0745,1.1526,0.0,EngineIQ_Sensor
2026-08-05T10:17:40.122449,0.0154,-0.0745,1.1526,0.0,EngineIQ_Sensor
2026-08-05T10:17:40.181793,0.0154,-0.0745,1.1526,0.0,EngineIQ_Sensor
2026-08-05T10:17:40.241875,0.0154,-0.0745,1.1526,0.0,EngineIQ_Sensor
2026-08-05T10:17:40.301201,0.0154,-0.0745,1.1526,0.0,EngineIQ_Sensor
2026-08-05T10:17:40.302977,0.0154,-0.0745,1.1526,0.0,EngineIQ_Sensor
2026-08-05T10:17:40.722365,0.0154,-0.0745,1.1526,0.0,EngineIQ_Sensor
2026-08-05T10:17:40.782262,0.0154,-0.0745,1.1526,0.0,EngineIQ_Sensor
2026-08-05T10:17:40.841815,0.0154,-0.0745,1.1526,0.0,EngineIQ_Sensor
2026-08-05T10:17:40.901134,0.0154,-0.0745,1.1526,0.0,EngineIQ_Sensor
2026-08-05T10:17:40.903162,0.0154,-0.0745,1.1526,0.0,EngineIQ_Sensor
2026-08-05T10:17:40.962680,0.0154,-0.0745,1.1526,0.0,EngineIQ_Sensor
2026-08-05T10:17:41.022515,0.0154,-0.0745,1.1526,0.0,EngineIQ_Sensor
2026-08-05T10:17:41.081784,0.0154,-0.0745,1.1526,0.0,EngineIQ_Sensor
2026-08-05T10:17:41.141207,0.0154,-0.0745,1.1526,0.0,EngineIQ_Sensor
2026-08-05T10:17:41.143277,0.0154,-0.0745,1.1526,0.0,EngineIQ_Sensor
2026-08-05T10:17:41.202285,0.0154,-0.0745,1.1526,0.0,EngineIQ_Sensor
2026-08-05T10:17:41.261982,0.0154,-0.0745,1.1526,0.0,EngineIQ_Sensor
2026-08-05T10:17:41.321278,0.0154,-0.0745,1.1526,0.0,EngineIQ_Sensor
2026-08-05T10:17:41.742514,0.0154,-0.0745,1.1526,0.0,EngineIQ_Sensor
2026-08-05T10:17:41.801857,0.0154,-0.0745,1.1526,0.0,EngineIQ_Sensor
2026-08-05T10:17:41.861138,0.0154,-0.0745,1.1526,0.0,EngineIQ_Sensor
2026-08-05T10:17:41.862960,0.0154,-0.0745,1.1526,0.0,EngineIQ_Sensor
2026-08-05T10:17:41.922426,0.0154,-0.0745,1.1526,0.0,EngineIQ_Sensor
2026-08-05T10:17:41.981929,0.0154,-0.0745,1.1526,0.0,EngineIQ_Sensor
2026-08-05T10:17:42.041104,0.0154,-0.0745,1.1526,0.0,EngineIQ_Sensor
2026-08-05T10:17:42.042986,0.0154,-0.0745,1.1526,0.0,EngineIQ_Sensor
2026-08-05T10:17:42.161892,0.0154,-0.0745,1.1526,0.0,EngineIQ_Sensor
2026-08-05T10:17:42.221049,0.0154,-0.0745,1.1526,0.0,EngineIQ_Sensor
2026-08-05T10:17:42.223084,0.0154,-0.0745,1.1526,0.0,EngineIQ_Sensor
2026-08-05T10:17:42.282424,0.0154,-0.0745,1.1526,0.0,EngineIQ_Sensor
2026-08-05T10:17:42.341858,0.0154,-0.0745,1.1526,0.0,EngineIQ_Sensor
2026-08-05T10:17:42.762410,0.0154,-0.0745,1.1526,0.0,EngineIQ_Sensor
2026-08-05T10:17:42.821813,0.0154,-0.0745,1.1526,0.0,EngineIQ_Sensor
2026-08-05T10:17:42.881090,0.0154,-0.0745,1.1526,0.0,EngineIQ_Sensor
2026-08-05T10:17:42.882978,0.0154,-0.0745,1.1526,0.0,EngineIQ_Sensor
2026-08-05T10:17:42.942295,0.0154,-0.0745,1.1526,0.0,EngineIQ_Sensor
2026-08-05T10:17:43.001740,0.0154,-0.0745,1.1526,0.0,EngineIQ_Sensor
2026-08-05T10:17:43.061154,0.0154,-0.0745,1.1526,0.0,EngineIQ_Sensor
2026-08-05T10:17:43.063026,0.0154,-0.0745,1.1526,0.0,EngineIQ_Sensor
2026-08-05T10:17:43.122412,0.0154,-0.0745,1.1526,0.0,EngineIQ_Sensor
2026-08-05T10:17:43.181738,0.0154,-0.0745,1.1526,0.0,EngineIQ_Sensor
2026-08-05T10:17:43.240999,0.0154,-0.0745,1.1526,0.0,EngineIQ_Sensor
2026-08-05T10:17:43.243201,0.0154,-0.0745,1.1526,0.0,EngineIQ_Sensor
2026-08-05T10:17:43.302483,0.0154,-0.0745,1.1526,0.0,EngineIQ_Sensor
2026-08-05T10:17:43.722791,0.0154,-0.0745,1.1526,0.0,EngineIQ_Sensor
2026-08-05T10:17:43.782388,0.0154,-0.0745,1.1526,0.0,EngineIQ_Sensor
2026-08-05T10:17:43.841814,0.0154,-0.0745,1.1526,0.0,EngineIQ_Sensor
2026-08-05T10:17:43.900927,0.0154,-0.0745,1.1526,0.0,EngineIQ_Sensor
2026-08-05T10:17:43.903182,0.0154,-0.0745,1.1526,0.0,EngineIQ_Sensor
2026-08-05T10:17:43.962551,0.0154,-0.0745,1.1526,0.0,EngineIQ_Sensor
2026-08-05T10:17:44.021430,0.0154,-0.0745,1.1526,0.0,EngineIQ_Sensor
2026-08-05T10:17:44.081078,0.0154,-0.0745,1.1526,0.0,EngineIQ_Sensor
2026-08-05T10:17:44.083332,0.0154,-0.0745,1.1526,0.0,EngineIQ_Sensor
2026-08-05T10:17:44.142386,0.0154,-0.0745,1.1526,0.0,EngineIQ_Sensor
2026-08-05T10:17:44.201656,0.0154,-0.0745,1.1526,0.0,EngineIQ_Sensor
2026-08-05T10:17:44.261575,0.0154,-0.0745,1.1526,0.0,EngineIQ_Sensor
2026-08-05T10:17:44.321259,0.0154,-0.0745,1.1526,0.0,EngineIQ_Sensor
2026-08-05T10:17:44.742422,0.0154,-0.0745,1.1526,0.0,EngineIQ_Sensor
2026-08-05T10:17:44.801624,0.0154,-0.0745,1.1526,0.0,EngineIQ_Sensor
2026-08-05T10:17:44.861117,0.0154,-0.0745,1.1526,0.0,EngineIQ_Sensor
2026-08-05T10:17:44.862930,0.0154,-0.0745,1.1526,0.0,EngineIQ_Sensor
2026-08-05T10:17:44.922277,0.0154,-0.0745,1.1526,0.0,EngineIQ_Sensor
2026-08-05T10:17:44.981727,0.0154,-0.0745,1.1526,0.0,EngineIQ_Sensor
2026-08-05T10:17:45.040945,0.0154,-0.0745,1.1526,0.0,EngineIQ_Sensor
2026-08-05T10:17:45.043006,0.0154,-0.0745,1.1526,0.0,EngineIQ_Sensor
2026-08-05T10:17:45.102411,0.0154,-0.0745,1.1526,0.0,EngineIQ_Sensor
2026-08-05T10:17:45.161728,0.0154,-0.0745,1.1526,0.0,EngineIQ_Sensor
2026-08-05T10:17:45.220925,0.0154,-0.0745,1.1526,0.0,EngineIQ_Sensor
2026-08-05T10:17:45.223028,0.0154,-0.0745,1.1526,0.0,EngineIQ_Sensor
2026-08-05T10:17:45.282635,0.0154,-0.0745,1.1526,0.0,EngineIQ_Sensor
2026-08-05T10:17:45.762282,0.0154,-0.0745,1.1526,0.0,EngineIQ_Sensor
2026-08-05T10:17:45.821609,0.0154,-0.0745,1.1526,0.0,EngineIQ_Sensor
2026-08-05T10:17:45.881014,0.0154,-0.0745,1.1526,0.0,EngineIQ_Sensor
2026-08-05T10:17:45.882935,0.0154,-0.0745,1.1526,0.0,EngineIQ_Sensor
2026-08-05T10:17:45.942326,0.0154,-0.0745,1.1526,0.0,EngineIQ_Sensor
2026-08-05T10:17:46.001628,0.0154,-0.0745,1.1526,0.0,EngineIQ_Sensor
2026-08-05T10:17:46.061119,0.0154,-0.0745,1.1526,0.0,EngineIQ_Sensor
2026-08-05T10:17:46.062976,0.0154,-0.0745,1.1526,0.0,EngineIQ_Sensor
2026-08-05T10:17:46.122284,0.0154,-0.0745,1.1526,0.0,EngineIQ_Sensor
2026-08-05T10:17:46.181713,0.0154,-0.0745,1.1526,0.0,EngineIQ_Sensor
2026-08-05T10:17:46.241053,0.0154,-0.0745,1.1526,0.0,EngineIQ_Sensor
2026-08-05T10:17:46.242953,0.0154,-0.0745,1.1526,0.0,EngineIQ_Sensor
2026-08-05T10:17:46.302398,0.0154,-0.0745,1.1526,0.0,EngineIQ_Sensor
2026-08-05T10:17:46.782241,0.0154,-0.0745,1.1526,0.0,EngineIQ_Sensor
2026-08-05T10:17:46.841567,0.0154,-0.0745,1.1526,0.0,EngineIQ_Sensor
2026-08-05T10:17:46.901031,0.0154,-0.0745,1.1526,0.0,EngineIQ_Sensor
2026-08-05T10:17:46.903085,0.0154,-0.0745,1.1526,0.0,EngineIQ_Sensor
2026-08-05T10:17:46.962275,0.0154,-0.0745,1.1526,0.0,EngineIQ_Sensor
2026-08-05T10:17:47.021684,0.0154,-0.0745,1.1526,0.0,EngineIQ_Sensor
2026-08-05T10:17:47.081072,0.0154,-0.0745,1.1526,0.0,EngineIQ_Sensor
2026-08-05T10:17:47.083075,0.0154,-0.0745,1.1526,0.0,EngineIQ_Sensor
2026-08-05T10:17:47.142142,0.0154,-0.0745,1.1526,0.0,EngineIQ_Sensor
2026-08-05T10:17:47.201691,0.0154,-0.0745,1.1526,0.0,EngineIQ_Sensor
2026-08-05T10:17:47.261033,0.0154,-0.0745,1.1526,0.0,EngineIQ_Sensor
2026-08-05T10:17:47.263012,0.0154,-0.0745,1.1526,0.0,EngineIQ_Sensor
2026-08-05T10:17:47.322437,0.0154,-0.0745,1.1526,0.0,EngineIQ_Sensor
2026-08-05T10:17:47.742297,0.0154,-0.0745,1.1526,0.0,EngineIQ_Sensor
2026-08-05T10:17:47.801436,0.0154,-0.0745,1.1526,0.0,EngineIQ_Sensor
2026-08-05T10:17:47.861000,0.0154,-0.0745,1.1526,0.0,EngineIQ_Sensor
2026-08-05T10:17:47.862778,0.0154,-0.0745,1.1526,0.0,EngineIQ_Sensor
2026-08-05T10:17:47.922266,0.0154,-0.0745,1.1526,0.0,EngineIQ_Sensor
2026-08-05T10:17:47.981662,0.0154,-0.0745,1.1526,0.0,EngineIQ_Sensor
2026-08-05T10:17:48.041114,0.0154,-0.0745,1.1526,0.0,EngineIQ_Sensor
2026-08-05T10:17:48.042802,0.0154,-0.0745,1.1526,0.0,EngineIQ_Sensor
2026-08-05T10:17:48.102293,0.0154,-0.0745,1.1526,0.0,EngineIQ_Sensor
2026-08-05T10:17:48.161834,0.0154,-0.0745,1.1526,0.0,EngineIQ_Sensor
2026-08-05T10:17:48.222282,0.0154,-0.0745,1.1526,0.0,EngineIQ_Sensor
2026-08-05T10:17:48.281631,0.0154,-0.0745,1.1526,0.0,EngineIQ_Sensor
2026-08-05T10:17:48.341003,0.0154,-0.0745,1.1526,0.0,EngineIQ_Sensor
2026-08-05T10:17:48.762276,0.0154,-0.0745,1.1526,0.0,EngineIQ_Sensor
2026-08-05T10:17:48.821657,0.0154,-0.0745,1.1526,0.0,EngineIQ_Sensor
2026-08-05T10:17:48.880928,0.0154,-0.0745,1.1526,0.0,EngineIQ_Sensor
2026-08-05T10:17:48.882781,0.0154,-0.0745,1.1526,0.0,EngineIQ_Sensor
2026-08-05T10:17:48.942253,0.0154,-0.0745,1.1526,0.0,EngineIQ_Sensor
2026-08-05T10:17:49.001628,0.0154,-0.0745,1.1526,0.0,EngineIQ_Sensor
2026-08-05T10:17:49.060918,0.0154,-0.0745,1.1526,0.0,EngineIQ_Sensor
2026-08-05T10:17:49.062820,0.0154,-0.0745,1.1526,0.0,EngineIQ_Sensor
2026-08-05T10:17:49.122277,0.0154,-0.0745,1.1526,0.0,EngineIQ_Sensor
2026-08-05T10:17:49.181500,0.0154,-0.0745,1.1526,0.0,EngineIQ_Sensor
2026-08-05T10:17:49.241277,0.0154,-0.0745,1.1526,0.0,EngineIQ_Sensor
2026-08-05T10:17:49.243087,0.0154,-0.0745,1.1526,0.0,EngineIQ_Sensor
2026-08-05T10:17:49.302357,0.0154,-0.0745,1.1526,0.0,EngineIQ_Sensor
2026-08-05T10:17:49.722655,0.0154,-0.0745,1.1526,0.0,EngineIQ_Sensor
2026-08-05T10:17:49.782259,0.0154,-0.0745,1.1526,0.0,EngineIQ_Sensor
2026-08-05T10:17:49.841492,0.0154,-0.0745,1.1526,0.0,EngineIQ_Sensor
2026-08-05T10:17:49.900839,0.0154,-0.0745,1.1526,0.0,EngineIQ_Sensor
2026-08-05T10:17:49.902766,0.0154,-0.0745,1.1526,0.0,EngineIQ_Sensor
2026-08-05T10:17:49.962306,0.0154,-0.0745,1.1526,0.0,EngineIQ_Sensor
2026-08-05T10:17:50.021436,0.0154,-0.0745,1.1526,0.0,EngineIQ_Sensor
2026-08-05T10:17:50.080849,0.0154,-0.0745,1.1526,0.0,EngineIQ_Sensor
2026-08-05T10:17:50.083014,0.0154,-0.0745,1.1526,0.0,EngineIQ_Sensor
2026-08-05T10:17:50.142180,0.0154,-0.0745,1.1526,0.0,EngineIQ_Sensor
2026-08-05T10:17:50.201512,0.0154,-0.0745,1.1526,0.0,EngineIQ_Sensor
2026-08-05T10:17:50.260841,0.0154,-0.0745,1.1526,0.0,EngineIQ_Sensor
2026-08-05T10:17:50.262763,0.0154,-0.0745,1.1526,0.0,EngineIQ_Sensor
2026-08-05T10:17:50.742213,0.0154,-0.0745,1.1526,0.0,EngineIQ_Sensor
2026-08-05T10:17:50.801450,0.0154,-0.0745,1.1526,0.0,EngineIQ_Sensor
2026-08-05T10:17:50.860922,0.0154,-0.0745,1.1526,0.0,EngineIQ_Sensor
2026-08-05T10:17:50.862801,0.0154,-0.0745,1.1526,0.0,EngineIQ_Sensor
2026-08-05T10:17:50.922341,0.0154,-0.0745,1.1526,0.0,EngineIQ_Sensor
2026-08-05T10:17:51.041524,0.0154,-0.0745,1.1526,0.0,EngineIQ_Sensor
2026-08-05T10:17:51.100934,0.0154,-0.0745,1.1526,0.0,EngineIQ_Sensor
2026-08-05T10:17:51.102840,0.0154,-0.0745,1.1526,0.0,EngineIQ_Sensor
2026-08-05T10:17:51.162170,0.0154,-0.0745,1.1526,0.0,EngineIQ_Sensor
2026-08-05T10:17:51.221520,0.0154,-0.0745,1.1526,0.0,EngineIQ_Sensor
2026-08-05T10:17:51.280860,0.0154,-0.0745,1.1526,0.0,EngineIQ_Sensor
2026-08-05T10:17:51.282810,0.0154,-0.0745,1.1526,0.0,EngineIQ_Sensor
2026-08-05T10:17:51.342482,0.0154,-0.0745,1.1526,0.0,EngineIQ_Sensor
2026-08-05T10:17:51.762230,0.0154,-0.0745,1.1526,0.0,EngineIQ_Sensor
2026-08-05T10:17:51.821417,0.0154,-0.0745,1.1526,0.0,EngineIQ_Sensor
2026-08-05T10:17:51.880870,0.0154,-0.0745,1.1526,0.0,EngineIQ_Sensor
2026-08-05T10:17:51.883166,0.0154,-0.0745,1.1526,0.0,EngineIQ_Sensor
2026-08-05T10:17:51.942230,0.0154,-0.0745,1.1526,0.0,EngineIQ_Sensor
2026-08-05T10:17:52.001454,0.0154,-0.0745,1.1526,0.0,EngineIQ_Sensor
2026-08-05T10:17:52.060831,0.0154,-0.0745,1.1526,0.0,EngineIQ_Sensor
2026-08-05T10:17:52.063007,0.0154,-0.0745,1.1526,0.0,EngineIQ_Sensor
2026-08-05T10:17:52.122211,0.0154,-0.0745,1.1526,0.0,EngineIQ_Sensor
2026-08-05T10:17:52.181423,0.0154,-0.0745,1.1526,0.0,EngineIQ_Sensor
2026-08-05T10:17:52.240855,0.0154,-0.0745,1.1526,0.0,EngineIQ_Sensor
2026-08-05T10:17:52.242751,0.0154,-0.0745,1.1526,0.0,EngineIQ_Sensor
2026-08-05T10:17:52.302427,0.0154,-0.0745,1.1526,0.0,EngineIQ_Sensor
2026-08-05T10:17:52.722471,0.0154,-0.0745,1.1526,0.0,EngineIQ_Sensor
2026-08-05T10:17:52.782297,0.0154,-0.0745,1.1526,0.0,EngineIQ_Sensor
2026-08-05T10:17:52.841495,0.0154,-0.0745,1.1526,0.0,EngineIQ_Sensor
2026-08-05T10:17:52.900945,0.0154,-0.0745,1.1526,0.0,EngineIQ_Sensor
2026-08-05T10:17:52.902892,0.0154,-0.0745,1.1526,0.0,EngineIQ_Sensor
2026-08-05T10:17:52.962284,0.0154,-0.0745,1.1526,0.0,EngineIQ_Sensor
2026-08-05T10:17:53.021492,0.0154,-0.0745,1.1526,0.0,EngineIQ_Sensor
2026-08-05T10:17:53.080880,0.0154,-0.0745,1.1526,0.0,EngineIQ_Sensor
2026-08-05T10:17:53.140845,0.0154,-0.0745,1.1526,0.0,EngineIQ_Sensor
2026-08-05T10:17:53.142830,0.0154,-0.0745,1.1526,0.0,EngineIQ_Sensor
2026-08-05T10:17:53.202217,0.0154,-0.0745,1.1526,0.0,EngineIQ_Sensor
2026-08-05T10:17:53.261552,0.0154,-0.0745,1.1526,0.0,EngineIQ_Sensor
2026-08-05T10:17:53.320943,0.0154,-0.0745,1.1526,0.0,EngineIQ_Sensor
2026-08-05T10:17:53.801500,0.0154,-0.0745,1.1526,0.0,EngineIQ_Sensor
2026-08-05T10:17:53.860870,0.0154,-0.0745,1.1526,0.0,EngineIQ_Sensor
2026-08-05T10:17:53.862862,0.0154,-0.0745,1.1526,0.0,EngineIQ_Sensor
2026-08-05T10:17:53.981701,0.0154,-0.0745,1.1526,0.0,EngineIQ_Sensor
2026-08-05T10:17:54.040676,0.0154,-0.0745,1.1526,0.0,EngineIQ_Sensor
2026-08-05T10:17:54.042657,0.0154,-0.0745,1.1526,0.0,EngineIQ_Sensor
2026-08-05T10:17:54.101927,0.0154,-0.0745,1.1526,0.0,EngineIQ_Sensor
2026-08-05T10:17:54.161483,0.0154,-0.0745,1.1526,0.0,EngineIQ_Sensor
2026-08-05T10:17:54.220799,0.0154,-0.0745,1.1526,0.0,EngineIQ_Sensor
2026-08-05T10:17:54.222827,0.0154,-0.0745,1.1526,0.0,EngineIQ_Sensor
2026-08-05T10:17:54.282095,0.0154,-0.0745,1.1526,0.0,EngineIQ_Sensor
2026-08-05T10:17:54.341439,0.0154,-0.0745,1.1526,0.0,EngineIQ_Sensor
2026-08-05T10:17:54.400853,0.0154,-0.0745,1.1526,0.0,EngineIQ_Sensor
2026-08-05T10:17:54.762069,0.0154,-0.0745,1.1526,0.0,EngineIQ_Sensor
2026-08-05T10:17:54.821442,0.0154,-0.0745,1.1526,0.0,EngineIQ_Sensor
2026-08-05T10:17:54.880858,0.0154,-0.0745,1.1526,0.0,EngineIQ_Sensor
2026-08-05T10:17:54.882867,0.0154,-0.0745,1.1526,0.0,EngineIQ_Sensor
2026-08-05T10:17:54.942057,0.0154,-0.0745,1.1526,0.0,EngineIQ_Sensor
2026-08-05T10:17:55.001468,0.0154,-0.0745,1.1526,0.0,EngineIQ_Sensor
2026-08-05T10:17:55.060930,0.0154,-0.0745,1.1526,0.0,EngineIQ_Sensor
2026-08-05T10:17:55.062766,0.0154,-0.0745,1.1526,0.0,EngineIQ_Sensor
2026-08-05T10:17:55.122215,0.0154,-0.0745,1.1526,0.0,EngineIQ_Sensor
2026-08-05T10:17:55.181450,0.0154,-0.0745,1.1526,0.0,EngineIQ_Sensor
2026-08-05T10:17:55.240939,0.0154,-0.0745,1.1526,0.0,EngineIQ_Sensor
2026-08-05T10:17:55.242865,0.0154,-0.0745,1.1526,0.0,EngineIQ_Sensor
2026-08-05T10:17:55.302219,0.0154,-0.0745,1.1526,0.0,EngineIQ_Sensor
2026-08-05T10:17:55.722411,0.0154,-0.0745,1.1526,0.0,EngineIQ_Sensor
2026-08-05T10:17:55.782098,0.0154,-0.0745,1.1526,0.0,EngineIQ_Sensor
2026-08-05T10:17:55.841465,0.0154,-0.0745,1.1526,0.0,EngineIQ_Sensor
2026-08-05T10:17:55.901023,0.0154,-0.0745,1.1526,0.0,EngineIQ_Sensor
2026-08-05T10:17:55.962092,0.0154,-0.0745,1.1526,0.0,EngineIQ_Sensor
2026-08-05T10:17:56.021478,0.0154,-0.0745,1.1526,0.0,EngineIQ_Sensor
2026-08-05T10:17:56.080917,0.0154,-0.0745,1.1526,0.0,EngineIQ_Sensor
2026-08-05T10:17:56.082610,0.0154,-0.0745,1.1526,0.0,EngineIQ_Sensor
2026-08-05T10:17:56.142151,0.0154,-0.0745,1.1526,0.0,EngineIQ_Sensor
2026-08-05T10:17:56.201482,0.0154,-0.0745,1.1526,0.0,EngineIQ_Sensor
2026-08-05T10:17:56.261061,0.0154,-0.0745,1.1526,0.0,EngineIQ_Sensor
2026-08-05T10:17:56.262759,0.0154,-0.0745,1.1526,0.0,EngineIQ_Sensor
2026-08-05T10:17:56.322103,0.0154,-0.0745,1.1526,0.0,EngineIQ_Sensor
2026-08-05T10:17:56.742078,0.0154,-0.0745,1.1526,0.0,EngineIQ_Sensor
2026-08-05T10:17:56.801427,0.0154,-0.0745,1.1526,0.0,EngineIQ_Sensor
2026-08-05T10:17:56.861388,0.0154,-0.0745,1.1526,0.0,EngineIQ_Sensor
2026-08-05T10:17:56.862704,0.0154,-0.0745,1.1526,0.0,EngineIQ_Sensor
2026-08-05T10:17:56.922070,0.0154,-0.0745,1.1526,0.0,EngineIQ_Sensor
2026-08-05T10:17:56.981273,0.0154,-0.0745,1.1526,0.0,EngineIQ_Sensor
2026-08-05T10:17:57.040677,0.0154,-0.0745,1.1526,0.0,EngineIQ_Sensor
2026-08-05T10:17:57.042592,0.0154,-0.0745,1.1526,0.0,EngineIQ_Sensor
2026-08-05T10:17:57.102147,0.0154,-0.0745,1.1526,0.0,EngineIQ_Sensor
2026-08-05T10:17:57.161408,0.0154,-0.0745,1.1526,0.0,EngineIQ_Sensor
2026-08-05T10:17:57.220753,0.0154,-0.0745,1.1526,0.0,EngineIQ_Sensor
2026-08-05T10:17:57.222645,0.0154,-0.0745,1.1526,0.0,EngineIQ_Sensor
2026-08-05T10:17:57.282197,0.0154,-0.0745,1.1526,0.0,EngineIQ_Sensor
2026-08-05T10:17:57.761955,0.0154,-0.0745,1.1526,0.0,EngineIQ_Sensor
2026-08-05T10:17:57.821347,0.0154,-0.0745,1.1526,0.0,EngineIQ_Sensor
2026-08-05T10:17:57.880701,0.0154,-0.0745,1.1526,0.0,EngineIQ_Sensor
2026-08-05T10:17:57.882647,0.0154,-0.0745,1.1526,0.0,EngineIQ_Sensor
2026-08-05T10:17:57.941985,0.0154,-0.0745,1.1526,0.0,EngineIQ_Sensor
2026-08-05T10:17:58.001342,0.0154,-0.0745,1.1526,0.0,EngineIQ_Sensor
2026-08-05T10:17:58.060736,0.0154,-0.0745,1.1526,0.0,EngineIQ_Sensor
2026-08-05T10:17:58.062903,0.0154,-0.0745,1.1526,0.0,EngineIQ_Sensor
2026-08-05T10:17:58.122068,0.0154,-0.0745,1.1526,0.0,EngineIQ_Sensor
2026-08-05T10:17:58.181283,0.0154,-0.0745,1.1526,0.0,EngineIQ_Sensor
2026-08-05T10:17:58.240783,0.0154,-0.0745,1.1526,0.0,EngineIQ_Sensor
2026-08-05T10:17:58.242593,0.0154,-0.0745,1.1526,0.0,EngineIQ_Sensor
2026-08-05T10:17:58.302434,0.0154,-0.0745,1.1526,0.0,EngineIQ_Sensor
2026-08-05T10:17:58.722165,0.0154,-0.0745,1.1526,0.0,EngineIQ_Sensor
2026-08-05T10:17:58.782075,0.0154,-0.0745,1.1526,0.0,EngineIQ_Sensor
2026-08-05T10:17:58.841193,0.0154,-0.0745,1.1526,0.0,EngineIQ_Sensor
2026-08-05T10:17:58.900733,0.0154,-0.0745,1.1526,0.0,EngineIQ_Sensor
2026-08-05T10:17:58.902656,0.0154,-0.0745,1.1526,0.0,EngineIQ_Sensor
2026-08-05T10:17:58.962051,0.0154,-0.0745,1.1526,0.0,EngineIQ_Sensor
2026-08-05T10:17:59.021314,0.0154,-0.0745,1.1526,0.0,EngineIQ_Sensor
2026-08-05T10:17:59.080716,0.0154,-0.0745,1.1526,0.0,EngineIQ_Sensor
2026-08-05T10:17:59.082624,0.0154,-0.0745,1.1526,0.0,EngineIQ_Sensor
2026-08-05T10:17:59.142040,0.0154,-0.0745,1.1526,0.0,EngineIQ_Sensor
2026-08-05T10:17:59.201302,0.0154,-0.0745,1.1526,0.0,EngineIQ_Sensor
2026-08-05T10:17:59.260690,0.0154,-0.0745,1.1526,0.0,EngineIQ_Sensor
2026-08-05T10:17:59.262645,0.0154,-0.0745,1.1526,0.0,EngineIQ_Sensor
2026-08-05T10:17:59.742035,0.0154,-0.0745,1.1526,0.0,EngineIQ_Sensor
2026-08-05T10:17:59.801253,0.0154,-0.0745,1.1526,0.0,EngineIQ_Sensor
2026-08-05T10:17:59.860761,0.0154,-0.0745,1.1526,0.0,EngineIQ_Sensor
2026-08-05T10:17:59.862611,0.0154,-0.0745,1.1526,0.0,EngineIQ_Sensor
2026-08-05T10:17:59.922028,0.0154,-0.0745,1.1526,0.0,EngineIQ_Sensor
2026-08-05T10:17:59.981300,0.0154,-0.0745,1.1526,0.0,EngineIQ_Sensor
2026-08-05T10:18:00.040680,0.0154,-0.0745,1.1526,0.0,EngineIQ_Sensor
2026-08-05T10:18:00.042591,0.0154,-0.0745,1.1526,0.0,EngineIQ_Sensor
2026-08-05T10:18:00.102085,0.0154,-0.0745,1.1526,0.0,EngineIQ_Sensor
2026-08-05T10:18:00.161213,0.0154,-0.0745,1.1526,0.0,EngineIQ_Sensor
2026-08-05T10:18:00.220700,0.0154,-0.0745,1.1526,0.0,EngineIQ_Sensor
2026-08-05T10:18:00.222542,0.0154,-0.0745,1.1526,0.0,EngineIQ_Sensor
2026-08-05T10:18:00.282149,0.0154,-0.0745,1.1526,0.0,EngineIQ_Sensor
2026-08-05T10:18:00.762147,0.0154,-0.0745,1.1526,0.0,EngineIQ_Sensor
2026-08-05T10:18:00.821295,0.0154,-0.0745,1.1526,0.0,EngineIQ_Sensor
2026-08-05T10:18:00.881843,0.0154,-0.0745,1.1526,0.0,EngineIQ_Sensor
2026-08-05T10:18:00.882764,0.0154,-0.0745,1.1526,0.0,EngineIQ_Sensor
2026-08-05T10:18:00.942063,0.0154,-0.0745,1.1526,0.0,EngineIQ_Sensor
2026-08-05T10:18:01.001261,0.0154,-0.0745,1.1526,0.0,EngineIQ_Sensor
2026-08-05T10:18:01.060757,0.0154,-0.0745,1.1526,0.0,EngineIQ_Sensor
2026-08-05T10:18:01.062593,0.0154,-0.0745,1.1526,0.0,EngineIQ_Sensor
2026-08-05T10:18:01.121899,0.0154,-0.0745,1.1526,0.0,EngineIQ_Sensor
2026-08-05T10:18:01.181304,0.0154,-0.0745,1.1526,0.0,EngineIQ_Sensor
2026-08-05T10:18:01.240935,0.0154,-0.0745,1.1526,0.0,EngineIQ_Sensor
2026-08-05T10:18:01.301967,0.0154,-0.0745,1.1526,0.0,EngineIQ_Sensor
2026-08-05T10:18:01.361621,0.0154,-0.0745,1.1526,0.0,EngineIQ_Sensor
2026-08-05T10:18:01.722096,0.0154,-0.0745,1.1526,0.0,EngineIQ_Sensor
2026-08-05T10:18:01.782129,0.0154,-0.0745,1.1526,0.0,EngineIQ_Sensor
2026-08-05T10:18:01.841375,0.0154,-0.0745,1.1526,0.0,EngineIQ_Sensor
2026-08-05T10:18:01.900691,0.0154,-0.0745,1.1526,0.0,EngineIQ_Sensor
2026-08-05T10:18:01.902642,0.0154,-0.0745,1.1526,0.0,EngineIQ_Sensor
2026-08-05T10:18:01.962221,0.0154,-0.0745,1.1526,0.0,EngineIQ_Sensor
2026-08-05T10:18:02.021297,0.0154,-0.0745,1.1526,0.0,EngineIQ_Sensor
2026-08-05T10:18:02.080713,0.0154,-0.0745,1.1526,0.0,EngineIQ_Sensor
2026-08-05T10:18:02.082534,0.0154,-0.0745,1.1526,0.0,EngineIQ_Sensor
2026-08-05T10:18:02.141953,0.0154,-0.0745,1.1526,0.0,EngineIQ_Sensor
2026-08-05T10:18:02.201315,0.0154,-0.0745,1.1526,0.0,EngineIQ_Sensor
2026-08-05T10:18:02.260708,0.0154,-0.0745,1.1526,0.0,EngineIQ_Sensor
2026-08-05T10:18:02.262647,0.0154,-0.0745,1.1526,0.0,EngineIQ_Sensor
2026-08-05T10:18:02.741916,0.0154,-0.0745,1.1526,0.0,EngineIQ_Sensor
2026-08-05T10:18:02.801331,0.0154,-0.0745,1.1526,0.0,EngineIQ_Sensor
2026-08-05T10:18:02.860578,0.0154,-0.0745,1.1526,0.0,EngineIQ_Sensor
2026-08-05T10:18:02.862514,0.0154,-0.0745,1.1526,0.0,EngineIQ_Sensor
2026-08-05T10:18:02.980587,0.0154,-0.0745,1.1526,0.0,EngineIQ_Sensor
2026-08-05T10:18:02.982301,0.0154,-0.0745,1.1526,0.0,EngineIQ_Sensor
2026-08-05T10:18:03.041803,0.0154,-0.0745,1.1526,0.0,EngineIQ_Sensor
2026-08-05T10:18:03.101063,0.0154,-0.0745,1.1526,0.0,EngineIQ_Sensor
2026-08-05T10:18:03.160665,0.0154,-0.0745,1.1526,0.0,EngineIQ_Sensor
2026-08-05T10:18:03.162491,0.0154,-0.0745,1.1526,0.0,EngineIQ_Sensor
2026-08-05T10:18:03.221915,0.0154,-0.0745,1.1526,0.0,EngineIQ_Sensor
2026-08-05T10:18:03.281319,0.0154,-0.0745,1.1526,0.0,EngineIQ_Sensor
2026-08-05T10:18:03.340770,0.0154,-0.0745,1.1526,0.0,EngineIQ_Sensor
2026-08-05T10:18:03.761907,0.0154,-0.0745,1.1526,0.0,EngineIQ_Sensor
2026-08-05T10:18:03.821347,0.0154,-0.0745,1.1526,0.0,EngineIQ_Sensor
2026-08-05T10:18:03.880765,0.0154,-0.0745,1.1526,0.0,EngineIQ_Sensor
2026-08-05T10:18:03.882470,0.0154,-0.0745,1.1526,0.0,EngineIQ_Sensor
2026-08-05T10:18:03.942037,0.0154,-0.0745,1.1526,0.0,EngineIQ_Sensor
2026-08-05T10:18:04.001282,0.0154,-0.0745,1.1526,0.0,EngineIQ_Sensor
2026-08-05T10:18:04.060757,0.0154,-0.0745,1.1526,0.0,EngineIQ_Sensor
2026-08-05T10:18:04.062745,0.0154,-0.0745,1.1526,0.0,EngineIQ_Sensor
2026-08-05T10:18:04.121903,0.0154,-0.0745,1.1526,0.0,EngineIQ_Sensor
2026-08-05T10:18:04.181363,0.0154,-0.0745,1.1526,0.0,EngineIQ_Sensor
2026-08-05T10:18:04.241297,0.0154,-0.0745,1.1526,0.0,EngineIQ_Sensor
2026-08-05T10:18:04.300639,0.0154,-0.0745,1.1526,0.0,EngineIQ_Sensor
2026-08-05T10:18:04.302739,0.0154,-0.0745,1.1526,0.0,EngineIQ_Sensor
2026-08-05T10:18:04.722076,0.0154,-0.0745,1.1526,0.0,EngineIQ_Sensor
2026-08-05T10:18:04.781964,0.0154,-0.0745,1.1526,0.0,EngineIQ_Sensor
2026-08-05T10:18:04.841172,0.0154,-0.0745,1.1526,0.0,EngineIQ_Sensor
2026-08-05T10:18:04.900648,0.0154,-0.0745,1.1526,0.0,EngineIQ_Sensor
2026-08-05T10:18:04.904202,0.0154,-0.0745,1.1526,0.0,EngineIQ_Sensor
2026-08-05T10:18:04.961867,0.0154,-0.0745,1.1526,0.0,EngineIQ_Sensor
2026-08-05T10:18:05.021170,0.0154,-0.0745,1.1526,0.0,EngineIQ_Sensor
2026-08-05T10:18:05.080598,0.0154,-0.0745,1.1526,0.0,EngineIQ_Sensor
2026-08-05T10:18:05.082345,0.0154,-0.0745,1.1526,0.0,EngineIQ_Sensor
2026-08-05T10:18:05.141809,0.0154,-0.0745,1.1526,0.0,EngineIQ_Sensor
2026-08-05T10:18:05.201103,0.0154,-0.0745,1.1526,0.0,EngineIQ_Sensor
2026-08-05T10:18:05.260645,0.0154,-0.0745,1.1526,0.0,EngineIQ_Sensor
2026-08-05T10:18:05.262468,0.0154,-0.0745,1.1526,0.0,EngineIQ_Sensor
2026-08-05T10:18:05.742065,0.0154,-0.0745,1.1526,0.0,EngineIQ_Sensor
2026-08-05T10:18:05.801107,0.0154,-0.0745,1.1526,0.0,EngineIQ_Sensor
2026-08-05T10:18:05.860694,0.0154,-0.0745,1.1526,0.0,EngineIQ_Sensor
2026-08-05T10:18:05.862420,0.0154,-0.0745,1.1526,0.0,EngineIQ_Sensor
2026-08-05T10:18:05.921896,0.0154,-0.0745,1.1526,0.0,EngineIQ_Sensor
2026-08-05T10:18:05.981085,0.0154,-0.0745,1.1526,0.0,EngineIQ_Sensor
2026-08-05T10:18:06.040937,0.0154,-0.0745,1.1526,0.0,EngineIQ_Sensor
2026-08-05T10:18:06.042472,0.0154,-0.0745,1.1526,0.0,EngineIQ_Sensor
2026-08-05T10:18:06.101993,0.0154,-0.0745,1.1526,0.0,EngineIQ_Sensor
2026-08-05T10:18:06.161075,0.0154,-0.0745,1.1526,0.0,EngineIQ_Sensor
2026-08-05T10:18:06.220674,0.0154,-0.0745,1.1526,0.0,EngineIQ_Sensor
2026-08-05T10:18:06.222488,0.0154,-0.0745,1.1526,0.0,EngineIQ_Sensor
2026-08-05T10:18:06.282207,0.0154,-0.0745,1.1526,0.0,EngineIQ_Sensor
2026-08-05T10:18:06.761988,0.0154,-0.0745,1.1526,0.0,EngineIQ_Sensor
2026-08-05T10:18:06.821285,0.0154,-0.0745,1.1526,0.0,EngineIQ_Sensor
2026-08-05T10:18:06.880684,0.0154,-0.0745,1.1526,0.0,EngineIQ_Sensor
2026-08-05T10:18:06.882484,0.0154,-0.0745,1.1526,0.0,EngineIQ_Sensor
2026-08-05T10:18:06.941848,0.0154,-0.0745,1.1526,0.0,EngineIQ_Sensor
2026-08-05T10:18:07.001107,0.0154,-0.0745,1.1526,0.0,EngineIQ_Sensor
2026-08-05T10:18:07.060505,0.0154,-0.0745,1.1526,0.0,EngineIQ_Sensor
2026-08-05T10:18:07.062434,0.0154,-0.0745,1.1526,0.0,EngineIQ_Sensor
2026-08-05T10:18:07.121949,0.0154,-0.0745,1.1526,0.0,EngineIQ_Sensor
2026-08-05T10:18:07.181195,0.0154,-0.0745,1.1526,0.0,EngineIQ_Sensor
2026-08-05T10:18:07.240582,0.0154,-0.0745,1.1526,0.0,EngineIQ_Sensor
2026-08-05T10:18:07.242433,0.0154,-0.0745,1.1526,0.0,EngineIQ_Sensor
2026-08-05T10:18:07.301995,0.0154,-0.0745,1.1526,0.0,EngineIQ_Sensor
2026-08-05T10:18:07.780546,0.0154,-0.0745,1.1526,0.0,EngineIQ_Sensor
2026-08-05T10:18:07.782656,0.0154,-0.0745,1.1526,0.0,EngineIQ_Sensor
2026-08-05T10:18:07.841803,0.0154,-0.0745,1.1526,0.0,EngineIQ_Sensor
2026-08-05T10:18:07.901091,0.0154,-0.0745,1.1526,0.0,EngineIQ_Sensor
2026-08-05T10:18:07.960477,0.0154,-0.0745,1.1526,0.0,EngineIQ_Sensor
2026-08-05T10:18:07.962359,0.0154,-0.0745,1.1526,0.0,EngineIQ_Sensor
2026-08-05T10:18:08.021861,0.0154,-0.0745,1.1526,0.0,EngineIQ_Sensor
2026-08-05T10:18:08.081141,0.0154,-0.0745,1.1526,0.0,EngineIQ_Sensor
2026-08-05T10:18:08.140581,0.0154,-0.0745,1.1526,0.0,EngineIQ_Sensor
2026-08-05T10:18:08.142472,0.0154,-0.0745,1.1526,0.0,EngineIQ_Sensor
2026-08-05T10:18:08.201906,0.0154,-0.0745,1.1526,0.0,EngineIQ_Sensor
2026-08-05T10:18:08.261113,0.0154,-0.0745,1.1526,0.0,EngineIQ_Sensor
2026-08-05T10:18:08.320710,0.0154,-0.0745,1.1526,0.0,EngineIQ_Sensor
2026-08-05T10:18:08.741862,0.0154,-0.0745,1.1526,0.0,EngineIQ_Sensor
2026-08-05T10:18:08.801177,0.0154,-0.0745,1.1526,0.0,EngineIQ_Sensor
2026-08-05T10:18:08.860582,0.0154,-0.0745,1.1526,0.0,EngineIQ_Sensor
2026-08-05T10:18:08.921172,0.0154,-0.0745,1.1526,0.0,EngineIQ_Sensor
2026-08-05T10:18:08.980572,0.0154,-0.0745,1.1526,0.0,EngineIQ_Sensor
2026-08-05T10:18:08.982527,0.0154,-0.0745,1.1526,0.0,EngineIQ_Sensor
2026-08-05T10:18:09.041842,0.0154,-0.0745,1.1526,0.0,EngineIQ_Sensor
2026-08-05T10:18:09.101027,0.0154,-0.0745,1.1526,0.0,EngineIQ_Sensor
2026-08-05T10:18:09.160532,0.0154,-0.0745,1.1526,0.0,EngineIQ_Sensor
2026-08-05T10:18:09.162441,0.0154,-0.0745,1.1526,0.0,EngineIQ_Sensor
2026-08-05T10:18:09.221983,0.0154,-0.0745,1.1526,0.0,EngineIQ_Sensor
2026-08-05T10:18:09.281140,0.0154,-0.0745,1.1526,0.0,EngineIQ_Sensor
2026-08-05T10:18:09.340774,0.0154,-0.0745,1.1526,0.0,EngineIQ_Sensor
2026-08-05T10:18:09.761741,0.0154,-0.0745,1.1526,0.0,EngineIQ_Sensor
2026-08-05T10:18:09.821159,0.0154,-0.0745,1.1526,0.0,EngineIQ_Sensor
2026-08-05T10:18:09.880535,0.0154,-0.0745,1.1526,0.0,EngineIQ_Sensor
2026-08-05T10:18:09.882454,0.0154,-0.0745,1.1526,0.0,EngineIQ_Sensor
2026-08-05T10:18:09.941507,0.0154,-0.0745,1.1526,0.0,EngineIQ_Sensor
2026-08-05T10:18:10.000991,0.0154,-0.0745,1.1526,0.0,EngineIQ_Sensor
2026-08-05T10:18:10.060448,0.0154,-0.0745,1.1526,0.0,EngineIQ_Sensor
2026-08-05T10:18:10.062475,0.0154,-0.0745,1.1526,0.0,EngineIQ_Sensor
2026-08-05T10:18:10.121701,0.0154,-0.0745,1.1526,0.0,EngineIQ_Sensor
2026-08-05T10:18:10.181064,0.0154,-0.0745,1.1526,0.0,EngineIQ_Sensor
2026-08-05T10:18:10.240544,0.0154,-0.0745,1.1526,0.0,EngineIQ_Sensor
2026-08-05T10:18:10.242475,0.0154,-0.0745,1.1526,0.0,EngineIQ_Sensor
2026-08-05T10:18:10.301863,0.0154,-0.0745,1.1526,0.0,EngineIQ_Sensor
2026-08-05T10:18:10.721836,0.0154,-0.0745,1.1526,0.0,EngineIQ_Sensor
2026-08-05T10:18:10.781679,0.0154,-0.0745,1.1526,0.0,EngineIQ_Sensor
2026-08-05T10:18:10.841076,0.0154,-0.0745,1.1526,0.0,EngineIQ_Sensor
2026-08-05T10:18:10.900491,0.0154,-0.0745,1.1526,0.0,EngineIQ_Sensor
2026-08-05T10:18:10.902369,0.0154,-0.0745,1.1526,0.0,EngineIQ_Sensor
2026-08-05T10:18:10.961699,0.0154,-0.0745,1.1526,0.0,EngineIQ_Sensor
2026-08-05T10:18:11.021011,0.0154,-0.0745,1.1526,0.0,EngineIQ_Sensor
2026-08-05T10:18:11.080494,0.0154,-0.0745,1.1526,0.0,EngineIQ_Sensor
2026-08-05T10:18:11.082391,0.0154,-0.0745,1.1526,0.0,EngineIQ_Sensor
2026-08-05T10:18:11.141733,0.0154,-0.0745,1.1526,0.0,EngineIQ_Sensor
2026-08-05T10:18:11.201067,0.0154,-0.0745,1.1526,0.0,EngineIQ_Sensor
2026-08-05T10:18:11.260535,0.0154,-0.0745,1.1526,0.0,EngineIQ_Sensor
2026-08-05T10:18:11.262464,0.0154,-0.0745,1.1526,0.0,EngineIQ_Sensor
2026-08-05T10:18:11.747346,0.0154,-0.0745,1.1526,0.0,EngineIQ_Sensor
2026-08-05T10:18:11.843572,0.0154,-0.0745,1.1526,0.0,EngineIQ_Sensor
2026-08-05T10:18:11.865848,0.0154,-0.0745,1.1526,0.0,EngineIQ_Sensor
2026-08-05T10:18:11.866171,0.0154,-0.0745,1.1526,0.0,EngineIQ_Sensor
2026-08-05T10:18:11.930712,0.0154,-0.0745,1.1526,0.0,EngineIQ_Sensor
2026-08-05T10:18:11.988730,0.0154,-0.0745,1.1526,0.0,EngineIQ_Sensor
2026-08-05T10:18:12.057451,0.0154,-0.0745,1.1526,0.0,EngineIQ_Sensor
2026-08-05T10:18:12.057763,0.0154,-0.0745,1.1526,0.0,EngineIQ_Sensor
2026-08-05T10:18:12.101500,0.0154,-0.0745,1.1526,0.0,EngineIQ_Sensor
2026-08-05T10:18:12.161114,0.0154,-0.0745,1.1526,0.0,EngineIQ_Sensor
2026-08-05T10:18:12.220488,0.0154,-0.0745,1.1526,0.0,EngineIQ_Sensor
2026-08-05T10:18:12.222377,0.0154,-0.0745,1.1526,0.0,EngineIQ_Sensor
2026-08-05T10:18:12.282090,0.0154,-0.0745,1.1526,0.0,EngineIQ_Sensor
2026-08-05T10:18:12.761796,0.0154,-0.0745,1.1526,0.0,EngineIQ_Sensor
2026-08-05T10:18:12.821012,0.0154,-0.0745,1.1526,0.0,EngineIQ_Sensor
2026-08-05T10:18:12.880364,0.0154,-0.0745,1.1526,0.0,EngineIQ_Sensor
2026-08-05T10:18:12.882501,0.0154,-0.0745,1.1526,0.0,EngineIQ_Sensor
2026-08-05T10:18:12.941719,0.0154,-0.0745,1.1526,0.0,EngineIQ_Sensor
2026-08-05T10:18:13.001125,0.0154,-0.0745,1.1526,0.0,EngineIQ_Sensor
2026-08-05T10:18:13.060300,0.0154,-0.0745,1.1526,0.0,EngineIQ_Sensor
2026-08-05T10:18:13.062387,0.0154,-0.0745,1.1526,0.0,EngineIQ_Sensor
2026-08-05T10:18:13.121740,0.0154,-0.0745,1.1526,0.0,EngineIQ_Sensor
2026-08-05T10:18:13.180922,0.0154,-0.0745,1.1526,0.0,EngineIQ_Sensor
2026-08-05T10:18:13.240349,0.0154,-0.0745,1.1526,0.0,EngineIQ_Sensor
2026-08-05T10:18:13.242552,0.0154,-0.0745,1.1526,0.0,EngineIQ_Sensor
2026-08-05T10:18:13.301786,0.0154,-0.0745,1.1526,0.0,EngineIQ_Sensor
2026-08-05T10:18:13.721784,0.0154,-0.0745,1.1526,0.0,EngineIQ_Sensor
2026-08-05T10:18:13.781714,0.0154,-0.0745,1.1526,0.0,EngineIQ_Sensor
2026-08-05T10:18:13.841001,0.0154,-0.0745,1.1526,0.0,EngineIQ_Sensor
2026-08-05T10:18:13.900333,0.0154,-0.0745,1.1526,0.0,EngineIQ_Sensor
2026-08-05T10:18:13.902389,0.0154,-0.0745,1.1526,0.0,EngineIQ_Sensor
2026-08-05T10:18:13.961885,0.0154,-0.0745,1.1526,0.0,EngineIQ_Sensor
2026-08-05T10:18:14.020963,0.0154,-0.0745,1.1526,0.0,EngineIQ_Sensor
2026-08-05T10:18:14.080521,0.0154,-0.0745,1.1526,0.0,EngineIQ_Sensor
2026-08-05T10:18:14.140590,0.0154,-0.0745,1.1526,0.0,EngineIQ_Sensor
2026-08-05T10:18:14.142440,0.0154,-0.0745,1.1526,0.0,EngineIQ_Sensor
2026-08-05T10:18:14.201675,0.0154,-0.0745,1.1526,0.0,EngineIQ_Sensor
2026-08-05T10:18:14.260901,0.0154,-0.0745,1.1526,0.0,EngineIQ_Sensor
2026-08-05T10:18:14.320441,0.0154,-0.0745,1.1526,0.0,EngineIQ_Sensor
2026-08-05T10:18:14.741766,0.0154,-0.0745,1.1526,0.0,EngineIQ_Sensor
2026-08-05T10:18:14.800810,0.0154,-0.0745,1.1526,0.0,EngineIQ_Sensor
2026-08-05T10:18:14.860317,0.0154,-0.0745,1.1526,0.0,EngineIQ_Sensor
2026-08-05T10:18:14.862483,0.0154,-0.0745,1.1526,0.0,EngineIQ_Sensor
2026-08-05T10:18:14.921611,0.0154,-0.0745,1.1526,0.0,EngineIQ_Sensor
2026-08-05T10:18:14.980908,0.0154,-0.0745,1.1526,0.0,EngineIQ_Sensor
2026-08-05T10:18:15.040357,0.0154,-0.0745,1.1526,0.0,EngineIQ_Sensor
2026-08-05T10:18:15.042245,0.0154,-0.0745,1.1526,0.0,EngineIQ_Sensor
2026-08-05T10:18:15.101748,0.0154,-0.0745,1.1526,0.0,EngineIQ_Sensor
2026-08-05T10:18:15.160915,0.0154,-0.0745,1.1526,0.0,EngineIQ_Sensor
2026-08-05T10:18:15.220352,0.0154,-0.0745,1.1526,0.0,EngineIQ_Sensor
2026-08-05T10:18:15.222547,0.0154,-0.0745,1.1526,0.0,EngineIQ_Sensor
2026-08-05T10:18:15.281812,0.0154,-0.0745,1.1526,0.0,EngineIQ_Sensor
2026-08-05T10:18:15.821006,0.0154,-0.0745,1.1526,0.0,EngineIQ_Sensor
2026-08-05T10:18:15.880389,0.0154,-0.0745,1.1526,0.0,EngineIQ_Sensor
2026-08-05T10:18:15.882511,0.0154,-0.0745,1.1526,0.0,EngineIQ_Sensor
2026-08-05T10:18:15.941713,0.0154,-0.0745,1.1526,0.0,EngineIQ_Sensor
2026-08-05T10:18:16.000948,0.0154,-0.0745,1.1526,0.0,EngineIQ_Sensor
2026-08-05T10:18:16.060418,0.0154,-0.0745,1.1526,0.0,EngineIQ_Sensor
2026-08-05T10:18:16.062262,0.0154,-0.0745,1.1526,0.0,EngineIQ_Sensor
2026-08-05T10:18:16.121695,0.0154,-0.0745,1.1526,0.0,EngineIQ_Sensor
2026-08-05T10:18:16.180911,0.0154,-0.0745,1.1526,0.0,EngineIQ_Sensor
2026-08-05T10:18:16.240587,0.0154,-0.0745,1.1526,0.0,EngineIQ_Sensor
2026-08-05T10:18:16.242512,0.0154,-0.0745,1.1526,0.0,EngineIQ_Sensor
2026-08-05T10:18:16.301736,0.0154,-0.0745,1.1526,0.0,EngineIQ_Sensor
2026-08-05T10:18:16.361025,0.0154,-0.0745,1.1526,0.0,EngineIQ_Sensor
2026-08-05T10:18:16.721820,0.0154,-0.0745,1.1526,0.0,EngineIQ_Sensor
2026-08-05T10:18:16.781696,0.0154,-0.0745,1.1526,0.0,EngineIQ_Sensor
2026-08-05T10:18:16.840945,0.0154,-0.0745,1.1526,0.0,EngineIQ_Sensor
2026-08-05T10:18:16.900287,0.0154,-0.0745,1.1526,0.0,EngineIQ_Sensor
2026-08-05T10:18:16.902191,0.0154,-0.0745,1.1526,0.0,EngineIQ_Sensor
2026-08-05T10:18:16.961701,0.0154,-0.0745,1.1526,0.0,EngineIQ_Sensor
2026-08-05T10:18:17.020986,0.0154,-0.0745,1.1526,0.0,EngineIQ_Sensor
2026-08-05T10:18:17.080340,0.0154,-0.0745,1.1526,0.0,EngineIQ_Sensor
2026-08-05T10:18:17.082237,0.0154,-0.0745,1.1526,0.0,EngineIQ_Sensor
2026-08-05T10:18:17.141747,0.0154,-0.0745,1.1526,0.0,EngineIQ_Sensor
2026-08-05T10:18:17.200978,0.0154,-0.0745,1.1526,0.0,EngineIQ_Sensor
2026-08-05T10:18:17.260377,0.0154,-0.0745,1.1526,0.0,EngineIQ_Sensor
2026-08-05T10:18:17.262287,0.0154,-0.0745,1.1526,0.0,EngineIQ_Sensor
2026-08-05T10:18:17.800344,0.0154,-0.0745,1.1526,0.0,EngineIQ_Sensor
2026-08-05T10:18:17.802292,0.0154,-0.0745,1.1526,0.0,EngineIQ_Sensor
2026-08-05T10:18:17.861579,0.0154,-0.0745,1.1526,0.0,EngineIQ_Sensor
2026-08-05T10:18:17.921323,0.0154,-0.0745,1.1526,0.0,EngineIQ_Sensor
2026-08-05T10:18:17.980340,0.0154,-0.0745,1.1526,0.0,EngineIQ_Sensor
2026-08-05T10:18:17.982231,0.0154,-0.0745,1.1526,0.0,EngineIQ_Sensor
2026-08-05T10:18:18.100977,0.0154,-0.0745,1.1526,0.0,EngineIQ_Sensor
2026-08-05T10:18:18.160251,0.0154,-0.0745,1.1526,0.0,EngineIQ_Sensor
2026-08-05T10:18:18.162376,0.0154,-0.0745,1.1526,0.0,EngineIQ_Sensor
2026-08-05T10:18:18.221612,0.0154,-0.0745,1.1526,0.0,EngineIQ_Sensor
2026-08-05T10:18:18.280854,0.0154,-0.0745,1.1526,0.0,EngineIQ_Sensor
2026-08-05T10:18:18.340351,0.0154,-0.0745,1.1526,0.0,EngineIQ_Sensor
2026-08-05T10:18:18.342306,0.0154,-0.0745,1.1526,0.0,EngineIQ_Sensor
2026-08-05T10:18:18.761523,0.0154,-0.0745,1.1526,0.0,EngineIQ_Sensor
2026-08-05T10:18:18.820884,0.0154,-0.0745,1.1526,0.0,EngineIQ_Sensor
2026-08-05T10:18:18.880277,0.0154,-0.0745,1.1526,0.0,EngineIQ_Sensor
2026-08-05T10:18:18.882305,0.0154,-0.0745,1.1526,0.0,EngineIQ_Sensor
2026-08-05T10:18:18.941632,0.0154,-0.0745,1.1526,0.0,EngineIQ_Sensor
2026-08-05T10:18:19.000987,0.0154,-0.0745,1.1526,0.0,EngineIQ_Sensor
2026-08-05T10:18:19.060347,0.0154,-0.0745,1.1526,0.0,EngineIQ_Sensor
2026-08-05T10:18:19.062236,0.0154,-0.0745,1.1526,0.0,EngineIQ_Sensor
2026-08-05T10:18:19.121625,0.0154,-0.0745,1.1526,0.0,EngineIQ_Sensor
2026-08-05T10:18:19.180967,0.0154,-0.0745,1.1526,0.0,EngineIQ_Sensor
2026-08-05T10:18:19.240955,0.0154,-0.0745,1.1526,0.0,EngineIQ_Sensor
2026-08-05T10:18:19.300331,0.0154,-0.0745,1.1526,0.0,EngineIQ_Sensor
2026-08-05T10:18:19.302122,0.0154,-0.0745,1.1526,0.0,EngineIQ_Sensor
2026-08-05T10:18:19.721944,0.0154,-0.0745,1.1526,0.0,EngineIQ_Sensor
2026-08-05T10:18:19.781636,0.0154,-0.0745,1.1526,0.0,EngineIQ_Sensor
2026-08-05T10:18:19.840912,0.0154,-0.0745,1.1526,0.0,EngineIQ_Sensor
2026-08-05T10:18:19.900367,0.0154,-0.0745,1.1526,0.0,EngineIQ_Sensor
2026-08-05T10:18:19.902078,0.0154,-0.0745,1.1526,0.0,EngineIQ_Sensor
2026-08-05T10:18:19.961626,0.0154,-0.0745,1.1526,0.0,EngineIQ_Sensor
2026-08-05T10:18:20.020866,0.0154,-0.0745,1.1526,0.0,EngineIQ_Sensor
2026-08-05T10:18:20.080397,0.0154,-0.0745,1.1526,0.0,EngineIQ_Sensor
2026-08-05T10:18:20.082261,0.0154,-0.0745,1.1526,0.0,EngineIQ_Sensor
2026-08-05T10:18:20.141651,0.0154,-0.0745,1.1526,0.0,EngineIQ_Sensor
2026-08-05T10:18:20.200980,0.0154,-0.0745,1.1526,0.0,EngineIQ_Sensor
2026-08-05T10:18:20.260312,0.0154,-0.0745,1.1526,0.0,EngineIQ_Sensor
2026-08-05T10:18:20.262343,0.0154,-0.0745,1.1526,0.0,EngineIQ_Sensor
2026-08-05T10:18:20.741648,0.0154,-0.0745,1.1526,0.0,EngineIQ_Sensor
2026-08-05T10:18:20.800828,0.0154,-0.0745,1.1526,0.0,EngineIQ_Sensor
2026-08-05T10:18:20.860053,0.0154,-0.0745,1.1526,0.0,EngineIQ_Sensor
2026-08-05T10:18:20.920873,0.0154,-0.0745,1.1526,0.0,EngineIQ_Sensor
2026-08-05T10:18:20.980352,0.0154,-0.0745,1.1526,0.0,EngineIQ_Sensor
2026-08-05T10:18:20.982531,0.0154,-0.0745,1.1526,0.0,EngineIQ_Sensor
2026-08-05T10:18:21.041839,0.0154,-0.0745,1.1526,0.0,EngineIQ_Sensor
2026-08-05T10:18:21.100964,0.0154,-0.0745,1.1526,0.0,EngineIQ_Sensor
2026-08-05T10:18:21.160054,0.0154,-0.0745,1.1526,0.0,EngineIQ_Sensor
2026-08-05T10:18:21.162069,0.0154,-0.0745,1.1526,0.0,EngineIQ_Sensor
2026-08-05T10:18:21.221604,0.0154,-0.0745,1.1526,0.0,EngineIQ_Sensor
2026-08-05T10:18:21.280754,0.0154,-0.0745,1.1526,0.0,EngineIQ_Sensor
2026-08-05T10:18:21.340922,0.0154,-0.0745,1.1526,0.0,EngineIQ_Sensor
2026-08-05T10:18:21.761534,0.0154,-0.0745,1.1526,0.0,EngineIQ_Sensor
2026-08-05T10:18:21.820808,0.0154,-0.0745,1.1526,0.0,EngineIQ_Sensor
2026-08-05T10:18:21.880351,0.0154,-0.0745,1.1526,0.0,EngineIQ_Sensor
2026-08-05T10:18:21.882087,0.0154,-0.0745,1.1526,0.0,EngineIQ_Sensor
2026-08-05T10:18:21.941590,0.0154,-0.0745,1.1526,0.0,EngineIQ_Sensor
2026-08-05T10:18:22.000796,0.0154,-0.0745,1.1526,0.0,EngineIQ_Sensor
2026-08-05T10:18:22.060275,0.0154,-0.0745,1.1526,0.0,EngineIQ_Sensor
2026-08-05T10:18:22.062231,0.0154,-0.0745,1.1526,0.0,EngineIQ_Sensor
2026-08-05T10:18:22.121543,0.0154,-0.0745,1.1526,0.0,EngineIQ_Sensor
2026-08-05T10:18:22.180750,0.0154,-0.0745,1.1526,0.0,EngineIQ_Sensor
2026-08-05T10:18:22.240265,0.0154,-0.0745,1.1526,0.0,EngineIQ_Sensor
2026-08-05T10:18:22.242067,0.0154,-0.0745,1.1526,0.0,EngineIQ_Sensor
2026-08-05T10:18:22.301860,0.0154,-0.0745,1.1526,0.0,EngineIQ_Sensor
2026-08-05T10:18:22.721586,0.0154,-0.0745,1.1526,0.0,EngineIQ_Sensor
2026-08-05T10:18:22.781509,0.0154,-0.0745,1.1526,0.0,EngineIQ_Sensor
2026-08-05T10:18:22.840854,0.0154,-0.0745,1.1526,0.0,EngineIQ_Sensor
2026-08-05T10:18:22.901522,0.0154,-0.0745,1.1526,0.0,EngineIQ_Sensor
2026-08-05T10:18:22.960726,0.0154,-0.0745,1.1526,0.0,EngineIQ_Sensor
2026-08-05T10:18:23.021197,0.0154,-0.0745,1.1526,0.0,EngineIQ_Sensor
2026-08-05T10:18:23.022373,0.0154,-0.0745,1.1526,0.0,EngineIQ_Sensor
2026-08-05T10:18:23.081432,0.0154,-0.0745,1.1526,0.0,EngineIQ_Sensor
2026-08-05T10:18:23.140732,0.0154,-0.0745,1.1526,0.0,EngineIQ_Sensor
2026-08-05T10:18:23.200121,0.0154,-0.0745,1.1526,0.0,EngineIQ_Sensor
2026-08-05T10:18:23.202267,0.0154,-0.0745,1.1526,0.0,EngineIQ_Sensor
2026-08-05T10:18:23.320869,0.0154,-0.0745,1.1526,0.0,EngineIQ_Sensor
2026-08-05T10:18:23.380260,0.0154,-0.0745,1.1526,0.0,EngineIQ_Sensor
2026-08-05T10:18:23.741602,0.0154,-0.0745,1.1526,0.0,EngineIQ_Sensor
2026-08-05T10:18:23.800809,0.0154,-0.0745,1.1526,0.0,EngineIQ_Sensor
2026-08-05T10:18:23.860130,0.0154,-0.0745,1.1526,0.0,EngineIQ_Sensor
2026-08-05T10:18:23.862067,0.0154,-0.0745,1.1526,0.0,EngineIQ_Sensor
2026-08-05T10:18:23.921507,0.0154,-0.0745,1.1526,0.0,EngineIQ_Sensor
2026-08-05T10:18:23.980803,0.0154,-0.0745,1.1526,0.0,EngineIQ_Sensor
2026-08-05T10:18:24.040182,0.0154,-0.0745,1.1526,0.0,EngineIQ_Sensor
2026-08-05T10:18:24.042452,0.0154,-0.0745,1.1526,0.0,EngineIQ_Sensor
2026-08-05T10:18:24.101576,0.0154,-0.0745,1.1526,0.0,EngineIQ_Sensor
2026-08-05T10:18:24.160777,0.0154,-0.0745,1.1526,0.0,EngineIQ_Sensor
2026-08-05T10:18:24.220217,0.0154,-0.0745,1.1526,0.0,EngineIQ_Sensor
2026-08-05T10:18:24.222086,0.0154,-0.0745,1.1526,0.0,EngineIQ_Sensor
2026-08-05T10:18:24.281653,0.0154,-0.0745,1.1526,0.0,EngineIQ_Sensor
2026-08-05T10:18:24.761542,0.0154,-0.0745,1.1526,0.0,EngineIQ_Sensor
2026-08-05T10:18:24.820828,0.0154,-0.0745,1.1526,0.0,EngineIQ_Sensor
2026-08-05T10:18:24.880054,0.0154,-0.0745,1.1526,0.0,EngineIQ_Sensor
2026-08-05T10:18:24.882097,0.0154,-0.0745,1.1526,0.0,EngineIQ_Sensor
2026-08-05T10:18:24.941527,0.0154,-0.0745,1.1526,0.0,EngineIQ_Sensor
2026-08-05T10:18:25.000825,0.0154,-0.0745,1.1526,0.0,EngineIQ_Sensor
2026-08-05T10:18:25.060121,0.0154,-0.0745,1.1526,0.0,EngineIQ_Sensor
2026-08-05T10:18:25.120908,0.0154,-0.0745,1.1526,0.0,EngineIQ_Sensor
2026-08-05T10:18:25.180215,0.0154,-0.0745,1.1526,0.0,EngineIQ_Sensor
2026-08-05T10:18:25.182097,0.0154,-0.0745,1.1526,0.0,EngineIQ_Sensor
2026-08-05T10:18:25.241352,0.0154,-0.0745,1.1526,0.0,EngineIQ_Sensor
2026-08-05T10:18:25.300615,0.0154,-0.0745,1.1526,0.0,EngineIQ_Sensor
2026-08-05T10:18:25.360148,0.0154,-0.0745,1.1526,0.0,EngineIQ_Sensor
2026-08-05T10:18:25.721412,0.0154,-0.0745,1.1526,0.0,EngineIQ_Sensor
2026-08-05T10:18:25.781541,0.0154,-0.0745,1.1526,0.0,EngineIQ_Sensor
2026-08-05T10:18:25.840741,0.0154,-0.0745,1.1526,0.0,EngineIQ_Sensor
2026-08-05T10:18:25.900206,0.0154,-0.0745,1.1526,0.0,EngineIQ_Sensor
2026-08-05T10:18:25.902270,0.0154,-0.0745,1.1526,0.0,EngineIQ_Sensor
2026-08-05T10:18:25.961509,0.0154,-0.0745,1.1526,0.0,EngineIQ_Sensor
2026-08-05T10:18:26.080168,0.0154,-0.0745,1.1526,0.0,EngineIQ_Sensor
2026-08-05T10:18:26.082102,0.0154,-0.0745,1.1526,0.0,EngineIQ_Sensor
2026-08-05T10:18:26.141575,0.0154,-0.0745,1.1526,0.0,EngineIQ_Sensor
2026-08-05T10:18:26.200763,0.0154,-0.0745,1.1526,0.0,EngineIQ_Sensor
2026-08-05T10:18:26.260048,0.0154,-0.0745,1.1526,0.0,EngineIQ_Sensor
2026-08-05T10:18:26.262148,0.0154,-0.0745,1.1526,0.0,EngineIQ_Sensor
2026-08-05T10:18:26.321560,0.0154,-0.0745,1.1526,0.0,EngineIQ_Sensor
2026-08-05T10:18:26.741560,0.0154,-0.0745,1.1526,0.0,EngineIQ_Sensor
2026-08-05T10:18:26.800723,0.0154,-0.0745,1.1526,0.0,EngineIQ_Sensor
2026-08-05T10:18:26.860219,0.0154,-0.0745,1.1526,0.0,EngineIQ_Sensor
2026-08-05T10:18:26.862081,0.0154,-0.0745,1.1526,0.0,EngineIQ_Sensor
2026-08-05T10:18:26.921496,0.0154,-0.0745,1.1526,0.0,EngineIQ_Sensor
2026-08-05T10:18:26.980751,0.0154,-0.0745,1.1526,0.0,EngineIQ_Sensor
2026-08-05T10:18:27.040187,0.0154,-0.0745,1.1526,0.0,EngineIQ_Sensor
2026-08-05T10:18:27.042093,0.0154,-0.0745,1.1526,0.0,EngineIQ_Sensor
2026-08-05T10:18:27.101548,0.0154,-0.0745,1.1526,0.0,EngineIQ_Sensor
2026-08-05T10:18:27.160720,0.0154,-0.0745,1.1526,0.0,EngineIQ_Sensor
2026-08-05T10:18:27.220027,0.0154,-0.0745,1.1526,0.0,EngineIQ_Sensor
2026-08-05T10:18:27.221907,0.0154,-0.0745,1.1526,0.0,EngineIQ_Sensor
2026-08-05T10:18:27.281609,0.0154,-0.0745,1.1526,0.0,EngineIQ_Sensor
2026-08-05T10:18:27.761519,0.0154,-0.0745,1.1526,0.0,EngineIQ_Sensor
2026-08-05T10:18:27.820742,0.0154,-0.0745,1.1526,0.0,EngineIQ_Sensor
2026-08-05T10:18:27.880148,0.0154,-0.0745,1.1526,0.0,EngineIQ_Sensor
2026-08-05T10:18:27.881878,0.0154,-0.0745,1.1526,0.0,EngineIQ_Sensor
2026-08-05T10:18:27.941539,0.0154,-0.0745,1.1526,0.0,EngineIQ_Sensor
2026-08-05T10:18:28.000762,0.0154,-0.0745,1.1526,0.0,EngineIQ_Sensor
2026-08-05T10:18:28.060142,0.0154,-0.0745,1.1526,0.0,EngineIQ_Sensor
2026-08-05T10:18:28.062201,0.0154,-0.0745,1.1526,0.0,EngineIQ_Sensor
2026-08-05T10:18:28.121381,0.0154,-0.0745,1.1526,0.0,EngineIQ_Sensor
2026-08-05T10:18:28.180766,0.0154,-0.0745,1.1526,0.0,EngineIQ_Sensor
2026-08-05T10:18:28.240050,0.0154,-0.0745,1.1526,0.0,EngineIQ_Sensor
2026-08-05T10:18:28.241928,0.0154,-0.0745,1.1526,0.0,EngineIQ_Sensor
2026-08-05T10:18:28.301454,0.0154,-0.0745,1.1526,0.0,EngineIQ_Sensor
2026-08-05T10:18:28.721765,0.0154,-0.0745,1.1526,0.0,EngineIQ_Sensor
2026-08-05T10:18:28.781359,0.0154,-0.0745,1.1526,0.0,EngineIQ_Sensor
2026-08-05T10:18:28.840720,0.0154,-0.0745,1.1526,0.0,EngineIQ_Sensor
2026-08-05T10:18:28.900039,0.0154,-0.0745,1.1526,0.0,EngineIQ_Sensor
2026-08-05T10:18:28.901908,0.0154,-0.0745,1.1526,0.0,EngineIQ_Sensor
2026-08-05T10:18:28.961704,0.0154,-0.0745,1.1526,0.0,EngineIQ_Sensor
2026-08-05T10:18:29.021361,0.0154,-0.0745,1.1526,0.0,EngineIQ_Sensor
2026-08-05T10:18:29.080761,0.0154,-0.0745,1.1526,0.0,EngineIQ_Sensor
2026-08-05T10:18:29.140056,0.0154,-0.0745,1.1526,0.0,EngineIQ_Sensor
2026-08-05T10:18:29.141875,0.0154,-0.0745,1.1526,0.0,EngineIQ_Sensor
2026-08-05T10:18:29.201604,0.0154,-0.0745,1.1526,0.0,EngineIQ_Sensor
2026-08-05T10:18:29.260560,0.0154,-0.0745,1.1526,0.0,EngineIQ_Sensor
2026-08-05T10:18:29.320199,0.0154,-0.0745,1.1526,0.0,EngineIQ_Sensor
2026-08-05T10:18:29.741357,0.0154,-0.0745,1.1526,0.0,EngineIQ_Sensor
2026-08-05T10:18:29.801156,0.0154,-0.0745,1.1526,0.0,EngineIQ_Sensor
2026-08-05T10:18:29.859977,0.0154,-0.0745,1.1526,0.0,EngineIQ_Sensor
2026-08-05T10:18:29.861894,0.0154,-0.0745,1.1526,0.0,EngineIQ_Sensor
2026-08-05T10:18:29.921355,0.0154,-0.0745,1.1526,0.0,EngineIQ_Sensor
2026-08-05T10:18:29.980760,0.0154,-0.0745,1.1526,0.0,EngineIQ_Sensor
2026-08-05T10:18:30.040098,0.0154,-0.0745,1.1526,0.0,EngineIQ_Sensor
2026-08-05T10:18:30.041904,0.0154,-0.0745,1.1526,0.0,EngineIQ_Sensor
2026-08-05T10:18:30.101363,0.0154,-0.0745,1.1526,0.0,EngineIQ_Sensor
2026-08-05T10:18:30.160587,0.0154,-0.0745,1.1526,0.0,EngineIQ_Sensor
2026-08-05T10:18:30.219983,0.0154,-0.0745,1.1526,0.0,EngineIQ_Sensor
2026-08-05T10:18:30.221936,0.0154,-0.0745,1.1526,0.0,EngineIQ_Sensor
2026-08-05T10:18:30.281497,0.0154,-0.0745,1.1526,0.0,EngineIQ_Sensor
2026-08-05T10:18:30.761379,0.0154,-0.0745,1.1526,0.0,EngineIQ_Sensor
2026-08-05T10:18:30.820688,0.0154,-0.0745,1.1526,0.0,EngineIQ_Sensor
2026-08-05T10:18:30.880087,0.0154,-0.0745,1.1526,0.0,EngineIQ_Sensor
2026-08-05T10:18:30.881954,0.0154,-0.0745,1.1526,0.0,EngineIQ_Sensor
2026-08-05T10:18:31.000554,0.0154,-0.0745,1.1526,0.0,EngineIQ_Sensor
2026-08-05T10:18:31.060025,0.0154,-0.0745,1.1526,0.0,EngineIQ_Sensor
2026-08-05T10:18:31.061965,0.0154,-0.0745,1.1526,0.0,EngineIQ_Sensor
2026-08-05T10:18:31.121415,0.0154,-0.0745,1.1526,0.0,EngineIQ_Sensor
2026-08-05T10:18:31.180690,0.0154,-0.0745,1.1526,0.0,EngineIQ_Sensor
2026-08-05T10:18:31.240032,0.0154,-0.0745,1.1526,0.0,EngineIQ_Sensor
2026-08-05T10:18:31.242199,0.0154,-0.0745,1.1526,0.0,EngineIQ_Sensor
2026-08-05T10:18:31.301358,0.0154,-0.0745,1.1526,0.0,EngineIQ_Sensor
2026-08-05T10:18:31.360790,0.0154,-0.0745,1.1526,0.0,EngineIQ_Sensor
2026-08-05T10:18:31.721530,0.0154,-0.0745,1.1526,0.0,EngineIQ_Sensor
2026-08-05T10:18:31.781444,0.0154,-0.0745,1.1526,0.0,EngineIQ_Sensor
2026-08-05T10:18:31.840634,0.0154,-0.0745,1.1526,0.0,EngineIQ_Sensor
2026-08-05T10:18:31.899941,0.0154,-0.0745,1.1526,0.0,EngineIQ_Sensor
2026-08-05T10:18:31.902076,0.0154,-0.0745,1.1526,0.0,EngineIQ_Sensor
2026-08-05T10:18:31.961335,0.0154,-0.0745,1.1526,0.0,EngineIQ_Sensor
2026-08-05T10:18:32.020537,0.0154,-0.0745,1.1526,0.0,EngineIQ_Sensor
2026-08-05T10:18:32.080494,0.0154,-0.0745,1.1526,0.0,EngineIQ_Sensor
2026-08-05T10:18:32.081976,0.0154,-0.0745,1.1526,0.0,EngineIQ_Sensor
2026-08-05T10:18:32.141348,0.0154,-0.0745,1.1526,0.0,EngineIQ_Sensor
2026-08-05T10:18:32.200586,0.0154,-0.0745,1.1526,0.0,EngineIQ_Sensor
2026-08-05T10:18:32.259940,0.0154,-0.0745,1.1526,0.0,EngineIQ_Sensor
2026-08-05T10:18:32.261944,0.0154,-0.0745,1.1526,0.0,EngineIQ_Sensor
2026-08-05T10:18:32.741337,0.0154,-0.0745,1.1526,0.0,EngineIQ_Sensor
2026-08-05T10:18:32.800548,0.0154,-0.0745,1.1526,0.0,EngineIQ_Sensor
2026-08-05T10:18:32.859961,0.0154,-0.0745,1.1526,0.0,EngineIQ_Sensor
2026-08-05T10:18:32.861891,0.0154,-0.0745,1.1526,0.0,EngineIQ_Sensor
2026-08-05T10:18:32.921321,0.0154,-0.0745,1.1526,0.0,EngineIQ_Sensor
2026-08-05T10:18:32.980541,0.0154,-0.0745,1.1526,0.0,EngineIQ_Sensor
2026-08-05T10:18:33.040004,0.0154,-0.0745,1.1526,0.0,EngineIQ_Sensor
2026-08-05T10:18:33.041970,0.0154,-0.0745,1.1526,0.0,EngineIQ_Sensor
2026-08-05T10:18:33.101325,0.0154,-0.0745,1.1526,0.0,EngineIQ_Sensor
2026-08-05T10:18:33.160683,0.0154,-0.0745,1.1526,0.0,EngineIQ_Sensor
2026-08-05T10:18:33.220045,0.0154,-0.0745,1.1526,0.0,EngineIQ_Sensor
2026-08-05T10:18:33.221935,0.0154,-0.0745,1.1526,0.0,EngineIQ_Sensor
2026-08-05T10:18:33.281476,0.0154,-0.0745,1.1526,0.0,EngineIQ_Sensor
2026-08-05T10:18:33.761318,0.0154,-0.0745,1.1526,0.0,EngineIQ_Sensor
2026-08-05T10:18:33.820578,0.0154,-0.0745,1.1526,0.0,EngineIQ_Sensor
2026-08-05T10:18:33.879989,0.0154,-0.0745,1.1526,0.0,EngineIQ_Sensor
2026-08-05T10:18:33.881875,0.0154,-0.0745,1.1526,0.0,EngineIQ_Sensor
2026-08-05T10:18:33.941242,0.0154,-0.0745,1.1526,0.0,EngineIQ_Sensor
2026-08-05T10:18:34.000520,0.0154,-0.0745,1.1526,0.0,EngineIQ_Sensor
2026-08-05T10:18:34.060259,0.0154,-0.0745,1.1526,0.0,EngineIQ_Sensor
2026-08-05T10:18:34.119882,0.0154,-0.0745,1.1526,0.0,EngineIQ_Sensor
2026-08-05T10:18:34.121869,0.0154,-0.0745,1.1526,0.0,EngineIQ_Sensor
2026-08-05T10:18:34.181251,0.0154,-0.0745,1.1526,0.0,EngineIQ_Sensor
2026-08-05T10:18:34.240548,0.0154,-0.0745,1.1526,0.0,EngineIQ_Sensor
2026-08-05T10:18:34.299963,0.0154,-0.0745,1.1526,0.0,EngineIQ_Sensor
2026-08-05T10:18:34.301817,0.0154,-0.0745,1.1526,0.0,EngineIQ_Sensor
2026-08-05T10:18:34.721574,0.0154,-0.0745,1.1526,0.0,EngineIQ_Sensor
2026-08-05T10:18:34.781086,0.0154,-0.0745,1.1526,0.0,EngineIQ_Sensor
2026-08-05T10:18:34.840606,0.0154,-0.0745,1.1526,0.0,EngineIQ_Sensor
2026-08-05T10:18:34.899977,0.0154,-0.0745,1.1526,0.0,EngineIQ_Sensor
2026-08-05T10:18:34.961260,0.0154,-0.0745,1.1526,0.0,EngineIQ_Sensor
2026-08-05T10:18:35.020644,0.0154,-0.0745,1.1526,0.0,EngineIQ_Sensor
2026-08-05T10:18:35.080051,0.0154,-0.0745,1.1526,0.0,EngineIQ_Sensor
2026-08-05T10:18:35.082105,0.0154,-0.0745,1.1526,0.0,EngineIQ_Sensor
2026-08-05T10:18:35.141221,0.0154,-0.0745,1.1526,0.0,EngineIQ_Sensor
2026-08-05T10:18:35.200672,0.0154,-0.0745,1.1526,0.0,EngineIQ_Sensor
2026-08-05T10:18:35.260038,0.0154,-0.0745,1.1526,0.0,EngineIQ_Sensor
2026-08-05T10:18:35.261970,0.0154,-0.0745,1.1526,0.0,EngineIQ_Sensor
2026-08-05T10:18:35.321646,0.0154,-0.0745,1.1526,0.0,EngineIQ_Sensor
2026-08-05T10:18:35.741190,0.0154,-0.0745,1.1526,0.0,EngineIQ_Sensor
2026-08-05T10:18:35.800585,0.0154,-0.0745,1.1526,0.0,EngineIQ_Sensor
2026-08-05T10:18:35.860061,0.0154,-0.0745,1.1526,0.0,EngineIQ_Sensor
2026-08-05T10:18:35.861729,0.0154,-0.0745,1.1526,0.0,EngineIQ_Sensor
2026-08-05T10:18:35.921223,0.0154,-0.0745,1.1526,0.0,EngineIQ_Sensor
2026-08-05T10:18:35.980511,0.0154,-0.0745,1.1526,0.0,EngineIQ_Sensor
2026-08-05T10:18:36.040034,0.0154,-0.0745,1.1526,0.0,EngineIQ_Sensor
2026-08-05T10:18:36.041803,0.0154,-0.0745,1.1526,0.0,EngineIQ_Sensor
2026-08-05T10:18:36.101191,0.0154,-0.0745,1.1526,0.0,EngineIQ_Sensor
2026-08-05T10:18:36.160607,0.0154,-0.0745,1.1526,0.0,EngineIQ_Sensor
2026-08-05T10:18:36.219904,0.0154,-0.0745,1.1526,0.0,EngineIQ_Sensor
2026-08-05T10:18:36.221723,0.0154,-0.0745,1.1526,0.0,EngineIQ_Sensor
2026-08-05T10:18:36.281309,0.0154,-0.0745,1.1526,0.0,EngineIQ_Sensor
2026-08-05T10:18:36.761185,0.0154,-0.0745,1.1526,0.0,EngineIQ_Sensor
2026-08-05T10:18:36.820379,0.0154,-0.0745,1.1526,0.0,EngineIQ_Sensor
2026-08-05T10:18:36.879773,0.0154,-0.0745,1.1526,0.0,EngineIQ_Sensor
2026-08-05T10:18:36.939862,0.0154,-0.0745,1.1526,0.0,EngineIQ_Sensor
2026-08-05T10:18:36.941723,0.0154,-0.0745,1.1526,0.0,EngineIQ_Sensor
2026-08-05T10:18:37.001268,0.0154,-0.0745,1.1526,0.0,EngineIQ_Sensor
2026-08-05T10:18:37.060422,0.0154,-0.0745,1.1526,0.0,EngineIQ_Sensor
2026-08-05T10:18:37.119842,0.0154,-0.0745,1.1526,0.0,EngineIQ_Sensor
2026-08-05T10:18:37.121706,0.0154,-0.0745,1.1526,0.0,EngineIQ_Sensor
2026-08-05T10:18:37.181236,0.0154,-0.0745,1.1526,0.0,EngineIQ_Sensor
2026-08-05T10:18:37.240458,0.0154,-0.0745,1.1526,0.0,EngineIQ_Sensor
2026-08-05T10:18:37.299728,0.0154,-0.0745,1.1526,0.0,EngineIQ_Sensor
2026-08-05T10:18:37.302028,0.0154,-0.0745,1.1526,0.0,EngineIQ_Sensor
2026-08-05T10:18:37.721386,0.0154,-0.0745,1.1526,0.0,EngineIQ_Sensor
2026-08-05T10:18:37.781194,0.0154,-0.0745,1.1526,0.0,EngineIQ_Sensor
2026-08-05T10:18:37.840386,0.0154,-0.0745,1.1526,0.0,EngineIQ_Sensor
2026-08-05T10:18:37.899755,0.0154,-0.0745,1.1526,0.0,EngineIQ_Sensor
2026-08-05T10:18:37.901958,0.0154,-0.0745,1.1526,0.0,EngineIQ_Sensor
2026-08-05T10:18:37.961350,0.0154,-0.0745,1.1526,0.0,EngineIQ_Sensor
2026-08-05T10:18:38.020431,0.0154,-0.0745,1.1526,0.0,EngineIQ_Sensor
2026-08-05T10:18:38.079861,0.0154,-0.0745,1.1526,0.0,EngineIQ_Sensor
2026-08-05T10:18:38.081737,0.0154,-0.0745,1.1526,0.0,EngineIQ_Sensor
2026-08-05T10:18:38.141258,0.0154,-0.0745,1.1526,0.0,EngineIQ_Sensor
2026-08-05T10:18:38.200469,0.0154,-0.0745,1.1526,0.0,EngineIQ_Sensor
2026-08-05T10:18:38.259790,0.0154,-0.0745,1.1526,0.0,EngineIQ_Sensor
2026-08-05T10:18:38.262043,0.0154,-0.0745,1.1526,0.0,EngineIQ_Sensor
2026-08-05T10:18:38.741165,0.0154,-0.0745,1.1526,0.0,EngineIQ_Sensor
2026-08-05T10:18:38.800347,0.0154,-0.0745,1.1526,0.0,EngineIQ_Sensor
2026-08-05T10:18:38.859667,0.0154,-0.0745,1.1526,0.0,EngineIQ_Sensor
2026-08-05T10:18:38.861655,0.0154,-0.0745,1.1526,0.0,EngineIQ_Sensor
2026-08-05T10:18:38.921189,0.0154,-0.0745,1.1526,0.0,EngineIQ_Sensor
2026-08-05T10:18:38.980296,0.0154,-0.0745,1.1526,0.0,EngineIQ_Sensor
2026-08-05T10:18:39.039950,0.0154,-0.0745,1.1526,0.0,EngineIQ_Sensor
2026-08-05T10:18:39.041807,0.0154,-0.0745,1.1526,0.0,EngineIQ_Sensor
2026-08-05T10:18:39.101173,0.0154,-0.0745,1.1526,0.0,EngineIQ_Sensor
2026-08-05T10:18:39.160375,0.0154,-0.0745,1.1526,0.0,EngineIQ_Sensor
2026-08-05T10:18:39.219835,0.0154,-0.0745,1.1526,0.0,EngineIQ_Sensor
2026-08-05T10:18:39.221766,0.0154,-0.0745,1.1526,0.0,EngineIQ_Sensor
2026-08-05T10:18:39.281283,0.0154,-0.0745,1.1526,0.0,EngineIQ_Sensor
2026-08-05T10:18:39.761220,0.0154,-0.0745,1.1526,0.0,EngineIQ_Sensor
2026-08-05T10:18:39.820420,0.0154,-0.0745,1.1526,0.0,EngineIQ_Sensor
2026-08-05T10:18:39.881234,0.0154,-0.0745,1.1526,0.0,EngineIQ_Sensor
2026-08-05T10:18:39.940454,0.0154,-0.0745,1.1526,0.0,EngineIQ_Sensor
2026-08-05T10:18:40.000017,0.0154,-0.0745,1.1526,0.0,EngineIQ_Sensor
2026-08-05T10:18:40.059613,0.0154,-0.0745,1.1526,0.0,EngineIQ_Sensor
2026-08-05T10:18:40.061658,0.0154,-0.0745,1.1526,0.0,EngineIQ_Sensor
2026-08-05T10:18:40.121054,0.0154,-0.0745,1.1526,0.0,EngineIQ_Sensor
2026-08-05T10:18:40.180399,0.0154,-0.0745,1.1526,0.0,EngineIQ_Sensor
2026-08-05T10:18:40.240400,0.0154,-0.0745,1.1526,0.0,EngineIQ_Sensor
2026-08-05T10:18:40.359730,0.0154,-0.0745,1.1526,0.0,EngineIQ_Sensor
2026-08-05T10:18:40.361794,0.0154,-0.0745,1.1526,0.0,EngineIQ_Sensor
2026-08-05T10:18:40.540534,0.0154,-0.0745,1.1526,0.0,EngineIQ_Sensor
2026-08-05T10:18:40.721324,0.0154,-0.0745,1.1526,0.0,EngineIQ_Sensor
2026-08-05T10:18:40.781099,0.0154,-0.0745,1.1526,0.0,EngineIQ_Sensor
2026-08-05T10:18:40.840531,0.0154,-0.0745,1.1526,0.0,EngineIQ_Sensor
2026-08-05T10:18:40.899801,0.0154,-0.0745,1.1526,0.0,EngineIQ_Sensor
2026-08-05T10:18:40.901719,0.0154,-0.0745,1.1526,0.0,EngineIQ_Sensor
2026-08-05T10:18:40.961219,0.0154,-0.0745,1.1526,0.0,EngineIQ_Sensor
2026-08-05T10:18:41.020380,0.0154,-0.0745,1.1526,0.0,EngineIQ_Sensor
2026-08-05T10:18:41.079730,0.0154,-0.0745,1.1526,0.0,EngineIQ_Sensor
2026-08-05T10:18:41.081744,0.0154,-0.0745,1.1526,0.0,EngineIQ_Sensor
2026-08-05T10:18:41.141819,0.0154,-0.0745,1.1526,0.0,EngineIQ_Sensor
2026-08-05T10:18:41.200405,0.0154,-0.0745,1.1526,0.0,EngineIQ_Sensor
2026-08-05T10:18:41.259852,0.0154,-0.0745,1.1526,0.0,EngineIQ_Sensor
2026-08-05T10:18:41.261704,0.0154,-0.0745,1.1526,0.0,EngineIQ_Sensor
2026-08-05T10:18:41.740988,0.0154,-0.0745,1.1526,0.0,EngineIQ_Sensor
2026-08-05T10:18:41.800340,0.0154,-0.0745,1.1526,0.0,EngineIQ_Sensor
2026-08-05T10:18:41.859784,0.0154,-0.0745,1.1526,0.0,EngineIQ_Sensor
2026-08-05T10:18:41.920285,0.0154,-0.0745,1.1526,0.0,EngineIQ_Sensor
2026-08-05T10:18:41.979782,0.0154,-0.0745,1.1526,0.0,EngineIQ_Sensor
2026-08-05T10:18:41.981642,0.0154,-0.0745,1.1526,0.0,EngineIQ_Sensor
2026-08-05T10:18:42.101022,0.0154,-0.0745,1.1526,0.0,EngineIQ_Sensor
2026-08-05T10:18:42.161072,0.0154,-0.0745,1.1526,0.0,EngineIQ_Sensor
2026-08-05T10:18:42.220498,0.0154,-0.0745,1.1526,0.0,EngineIQ_Sensor
2026-08-05T10:18:42.280383,0.0154,-0.0745,1.1526,0.0,EngineIQ_Sensor
2026-08-05T10:18:42.339813,0.0154,-0.0745,1.1526,0.0,EngineIQ_Sensor
2026-08-05T10:18:42.459818,0.0154,-0.0745,1.1526,0.0,EngineIQ_Sensor
2026-08-05T10:18:42.461689,0.0154,-0.0745,1.1526,0.0,EngineIQ_Sensor
2026-08-05T10:18:42.761081,0.0154,-0.0745,1.1526,0.0,EngineIQ_Sensor
2026-08-05T10:18:42.820438,0.0154,-0.0745,1.1526,0.0,EngineIQ_Sensor
2026-08-05T10:18:42.879834,0.0154,-0.0745,1.1526,0.0,EngineIQ_Sensor
2026-08-05T10:18:42.881636,0.0154,-0.0745,1.1526,0.0,EngineIQ_Sensor
2026-08-05T10:18:42.940841,0.0154,-0.0745,1.1526,0.0,EngineIQ_Sensor
2026-08-05T10:18:43.000403,0.0154,-0.0745,1.1526,0.0,EngineIQ_Sensor
2026-08-05T10:18:43.059704,0.0154,-0.0745,1.1526,0.0,EngineIQ_Sensor
2026-08-05T10:18:43.061790,0.0154,-0.0745,1.1526,0.0,EngineIQ_Sensor
2026-08-05T10:18:43.121012,0.0154,-0.0745,1.1526,0.0,EngineIQ_Sensor
2026-08-05T10:18:43.180307,0.0154,-0.0745,1.1526,0.0,EngineIQ_Sensor
2026-08-05T10:18:43.239781,0.0154,-0.0745,1.1526,0.0,EngineIQ_Sensor
2026-08-05T10:18:43.241604,0.0154,-0.0745,1.1526,0.0,EngineIQ_Sensor
2026-08-05T10:18:43.301487,0.0154,-0.0745,1.1526,0.0,EngineIQ_Sensor
2026-08-05T10:18:43.721179,0.0154,-0.0745,1.1526,0.0,EngineIQ_Sensor
2026-08-05T10:18:43.781087,0.0154,-0.0745,1.1526,0.0,EngineIQ_Sensor
2026-08-05T10:18:43.840402,0.0154,-0.0745,1.1526,0.0,EngineIQ_Sensor
2026-08-05T10:18:43.899714,0.0154,-0.0745,1.1526,0.0,EngineIQ_Sensor
2026-08-05T10:18:43.901694,0.0154,-0.0745,1.1526,0.0,EngineIQ_Sensor
2026-08-05T10:18:43.961003,0.0154,-0.0745,1.1526,0.0,EngineIQ_Sensor
2026-08-05T10:18:44.020380,0.0154,-0.0745,1.1526,0.0,EngineIQ_Sensor
2026-08-05T10:18:44.079653,0.0154,-0.0745,1.1526,0.0,EngineIQ_Sensor
2026-08-05T10:18:44.081558,0.0154,-0.0745,1.1526,0.0,EngineIQ_Sensor
2026-08-05T10:18:44.140996,0.0154,-0.0745,1.1526,0.0,EngineIQ_Sensor
2026-08-05T10:18:44.200389,0.0154,-0.0745,1.1526,0.0,EngineIQ_Sensor
2026-08-05T10:18:44.259654,0.0154,-0.0745,1.1526,0.0,EngineIQ_Sensor
2026-08-05T10:18:44.261552,0.0154,-0.0745,1.1526,0.0,EngineIQ_Sensor
2026-08-05T10:18:44.741009,0.0154,-0.0745,1.1526,0.0,EngineIQ_Sensor
2026-08-05T10:18:44.800349,0.0154,-0.0745,1.1526,0.0,EngineIQ_Sensor
2026-08-05T10:18:44.859587,0.0154,-0.0745,1.1526,0.0,EngineIQ_Sensor
2026-08-05T10:18:44.861478,0.0154,-0.0745,1.1526,0.0,EngineIQ_Sensor
2026-08-05T10:18:44.920836,0.0154,-0.0745,1.1526,0.0,EngineIQ_Sensor
2026-08-05T10:18:44.980407,0.0154,-0.0745,1.1526,0.0,EngineIQ_Sensor
2026-08-05T10:18:45.039630,0.0154,-0.0745,1.1526,0.0,EngineIQ_Sensor
2026-08-05T10:18:45.041519,0.0154,-0.0745,1.1526,0.0,EngineIQ_Sensor
2026-08-05T10:18:45.100959,0.0154,-0.0745,1.1526,0.0,EngineIQ_Sensor
2026-08-05T10:18:45.160334,0.0154,-0.0745,1.1526,0.0,EngineIQ_Sensor
2026-08-05T10:18:45.219443,0.0154,-0.0745,1.1526,0.0,EngineIQ_Sensor
2026-08-05T10:18:45.221389,0.0154,-0.0745,1.1526,0.0,EngineIQ_Sensor
2026-08-05T10:18:45.281126,0.0154,-0.0745,1.1526,0.0,EngineIQ_Sensor
2026-08-05T10:18:45.761070,0.0154,-0.0745,1.1526,0.0,EngineIQ_Sensor
2026-08-05T10:18:45.820307,0.0154,-0.0745,1.1526,0.0,EngineIQ_Sensor
2026-08-05T10:18:45.879593,0.0154,-0.0745,1.1526,0.0,EngineIQ_Sensor
2026-08-05T10:18:45.881742,0.0154,-0.0745,1.1526,0.0,EngineIQ_Sensor
2026-08-05T10:18:45.941086,0.0154,-0.0745,1.1526,0.0,EngineIQ_Sensor
2026-08-05T10:18:46.000446,0.0154,-0.0745,1.1526,0.0,EngineIQ_Sensor
2026-08-05T10:18:46.059614,0.0154,-0.0745,1.1526,0.0,EngineIQ_Sensor
2026-08-05T10:18:46.061537,0.0154,-0.0745,1.1526,0.0,EngineIQ_Sensor
2026-08-05T10:18:46.121066,0.0154,-0.0745,1.1526,0.0,EngineIQ_Sensor
2026-08-05T10:18:46.180368,0.0154,-0.0745,1.1526,0.0,EngineIQ_Sensor
2026-08-05T10:18:46.239651,0.0154,-0.0745,1.1526,0.0,EngineIQ_Sensor
2026-08-05T10:18:46.241781,0.0154,-0.0745,1.1526,0.0,EngineIQ_Sensor
2026-08-05T10:18:46.301030,0.0154,-0.0745,1.1526,0.0,EngineIQ_Sensor
2026-08-05T10:18:46.779661,0.0154,-0.0745,1.1526,0.0,EngineIQ_Sensor
2026-08-05T10:18:46.781527,0.0154,-0.0745,1.1526,0.0,EngineIQ_Sensor
2026-08-05T10:18:46.841056,0.0154,-0.0745,1.1526,0.0,EngineIQ_Sensor
2026-08-05T10:18:46.900433,0.0154,-0.0745,1.1526,0.0,EngineIQ_Sensor
2026-08-05T10:18:46.959613,0.0154,-0.0745,1.1526,0.0,EngineIQ_Sensor
2026-08-05T10:18:46.961601,0.0154,-0.0745,1.1526,0.0,EngineIQ_Sensor
2026-08-05T10:18:47.020950,0.0154,-0.0745,1.1526,0.0,EngineIQ_Sensor
2026-08-05T10:18:47.080222,0.0154,-0.0745,1.1526,0.0,EngineIQ_Sensor
2026-08-05T10:18:47.139637,0.0154,-0.0745,1.1526,0.0,EngineIQ_Sensor
2026-08-05T10:18:47.141644,0.0154,-0.0745,1.1526,0.0,EngineIQ_Sensor
2026-08-05T10:18:47.260195,0.0154,-0.0745,1.1526,0.0,EngineIQ_Sensor
2026-08-05T10:18:47.319624,0.0154,-0.0745,1.1526,0.0,EngineIQ_Sensor
2026-08-05T10:18:47.321602,0.0154,-0.0745,1.1526,0.0,EngineIQ_Sensor
2026-08-05T10:18:47.740979,0.0154,-0.0745,1.1526,0.0,EngineIQ_Sensor
2026-08-05T10:18:47.800207,0.0154,-0.0745,1.1526,0.0,EngineIQ_Sensor
2026-08-05T10:18:47.859601,0.0154,-0.0745,1.1526,0.0,EngineIQ_Sensor
2026-08-05T10:18:47.861492,0.0154,-0.0745,1.1526,0.0,EngineIQ_Sensor
2026-08-05T10:18:47.920958,0.0154,-0.0745,1.1526,0.0,EngineIQ_Sensor
2026-08-05T10:18:47.980224,0.0154,-0.0745,1.1526,0.0,EngineIQ_Sensor
2026-08-05T10:18:48.039664,0.0154,-0.0745,1.1526,0.0,EngineIQ_Sensor
2026-08-05T10:18:48.099646,0.0154,-0.0745,1.1526,0.0,EngineIQ_Sensor
2026-08-05T10:18:48.101518,0.0154,-0.0745,1.1526,0.0,EngineIQ_Sensor
2026-08-05T10:18:48.161051,0.0154,-0.0745,1.1526,0.0,EngineIQ_Sensor
2026-08-05T10:18:48.220324,0.0154,-0.0745,1.1526,0.0,EngineIQ_Sensor
2026-08-05T10:18:48.279655,0.0154,-0.0745,1.1526,0.0,EngineIQ_Sensor
2026-08-05T10:18:48.281525,0.0154,-0.0745,1.1526,0.0,EngineIQ_Sensor
2026-08-05T10:18:48.761062,0.0154,-0.0745,1.1526,0.0,EngineIQ_Sensor
2026-08-05T10:18:48.820199,0.0154,-0.0745,1.1526,0.0,EngineIQ_Sensor
2026-08-05T10:18:48.879693,0.0154,-0.0745,1.1526,0.0,EngineIQ_Sensor
2026-08-05T10:18:48.881512,0.0154,-0.0745,1.1526,0.0,EngineIQ_Sensor
2026-08-05T10:18:49.059697,0.0154,-0.0745,1.1526,0.0,EngineIQ_Sensor
2026-08-05T10:18:49.061641,0.0154,-0.0745,1.1526,0.0,EngineIQ_Sensor
2026-08-05T10:18:49.180965,0.0154,-0.0745,1.1526,0.0,EngineIQ_Sensor
2026-08-05T10:18:49.240217,0.0154,-0.0745,1.1526,0.0,EngineIQ_Sensor
2026-08-05T10:18:49.299645,0.0154,-0.0745,1.1526,0.0,EngineIQ_Sensor
2026-08-05T10:18:49.360832,0.0154,-0.0745,1.1526,0.0,EngineIQ_Sensor
2026-08-05T10:18:49.420834,0.0154,-0.0745,1.1526,0.0,EngineIQ_Sensor
2026-08-05T10:18:49.480183,0.0154,-0.0745,1.1526,0.0,EngineIQ_Sensor
2026-08-05T10:18:49.539872,0.0154,-0.0745,1.1526,0.0,EngineIQ_Sensor
2026-08-05T10:18:49.720923,0.0154,-0.0745,1.1526,0.0,EngineIQ_Sensor
2026-08-05T10:18:49.780811,0.0154,-0.0745,1.1526,0.0,EngineIQ_Sensor
2026-08-05T10:18:49.840302,0.0154,-0.0745,1.1526,0.0,EngineIQ_Sensor
2026-08-05T10:18:49.899623,0.0154,-0.0745,1.1526,0.0,EngineIQ_Sensor
2026-08-05T10:18:49.901497,0.0154,-0.0745,1.1526,0.0,EngineIQ_Sensor
2026-08-05T10:18:49.960886,0.0154,-0.0745,1.1526,0.0,EngineIQ_Sensor
2026-08-05T10:18:50.020320,0.0154,-0.0745,1.1526,0.0,EngineIQ_Sensor
2026-08-05T10:18:50.080912,0.0154,-0.0745,1.1526,0.0,EngineIQ_Sensor
2026-08-05T10:18:50.140230,0.0154,-0.0745,1.1526,0.0,EngineIQ_Sensor
2026-08-05T10:18:50.199655,0.0154,-0.0745,1.1526,0.0,EngineIQ_Sensor
2026-08-05T10:18:50.201498,0.0154,-0.0745,1.1526,0.0,EngineIQ_Sensor
2026-08-05T10:18:50.260907,0.0154,-0.0745,1.1526,0.0,EngineIQ_Sensor
2026-08-05T10:18:50.320350,0.0154,-0.0745,1.1526,0.0,EngineIQ_Sensor
2026-08-05T10:18:50.800828,0.0154,-0.0745,1.1526,0.0,EngineIQ_Sensor
2026-08-05T10:18:50.860246,0.0154,-0.0745,1.1526,0.0,EngineIQ_Sensor
2026-08-05T10:18:50.979681,0.0154,-0.0745,1.1526,0.0,EngineIQ_Sensor
2026-08-05T10:18:50.981365,0.0154,-0.0745,1.1526,0.0,EngineIQ_Sensor
2026-08-05T10:18:51.040815,0.0154,-0.0745,1.1526,0.0,EngineIQ_Sensor
2026-08-05T10:18:51.280216,0.0154,-0.0745,1.1526,0.0,EngineIQ_Sensor
2026-08-05T10:18:51.399716,0.0154,-0.0745,1.1526,0.0,EngineIQ_Sensor
2026-08-05T10:18:51.460177,0.0154,-0.0745,1.1526,0.0,EngineIQ_Sensor
2026-08-05T10:18:51.519723,0.0154,-0.0745,1.1526,0.0,EngineIQ_Sensor
2026-08-05T10:18:51.521715,0.0154,-0.0745,1.1526,0.0,EngineIQ_Sensor
2026-08-05T10:18:51.640868,0.0154,-0.0745,1.1526,0.0,EngineIQ_Sensor
2026-08-05T10:18:51.700281,0.0154,-0.0745,1.1526,0.0,EngineIQ_Sensor
2026-08-05T10:18:51.759563,0.0154,-0.0745,1.1526,0.0,EngineIQ_Sensor
2026-08-05T10:18:51.761737,0.0154,-0.0745,1.1526,0.0,EngineIQ_Sensor
2026-08-05T10:18:51.880929,0.0154,-0.0745,1.1526,0.0,EngineIQ_Sensor
2026-08-05T10:18:51.940233,0.0154,-0.0745,1.1526,0.0,EngineIQ_Sensor
2026-08-05T10:18:51.999575,0.0154,-0.0745,1.1526,0.0,EngineIQ_Sensor
2026-08-05T10:18:52.001523,0.0154,-0.0745,1.1526,0.0,EngineIQ_Sensor
2026-08-05T10:18:52.060811,0.0154,-0.0745,1.1526,0.0,EngineIQ_Sensor
2026-08-05T10:18:52.120269,0.0154,-0.0745,1.1526,0.0,EngineIQ_Sensor
2026-08-05T10:18:52.179479,0.0154,-0.0745,1.1526,0.0,EngineIQ_Sensor
2026-08-05T10:18:52.181319,0.0154,-0.0745,1.1526,0.0,EngineIQ_Sensor
2026-08-05T10:18:52.299575,0.0154,-0.0745,1.1526,0.0,EngineIQ_Sensor
2026-08-05T10:18:52.301355,0.0154,-0.0745,1.1526,0.0,EngineIQ_Sensor
2026-08-05T10:18:52.360852,0.0154,-0.0745,1.1526,0.0,EngineIQ_Sensor
2026-08-05T10:18:52.420339,0.0154,-0.0745,1.1526,0.0,EngineIQ_Sensor
2026-08-05T10:18:52.720973,0.0154,-0.0745,1.1526,0.0,EngineIQ_Sensor
2026-08-05T10:18:52.780903,0.0154,-0.0745,1.1526,0.0,EngineIQ_Sensor
2026-08-05T10:18:52.840152,0.0154,-0.0745,1.1526,0.0,EngineIQ_Sensor
2026-08-05T10:18:52.899439,0.0154,-0.0745,1.1526,0.0,EngineIQ_Sensor
2026-08-05T10:18:52.901364,0.0154,-0.0745,1.1526,0.0,EngineIQ_Sensor
2026-08-05T10:18:52.960898,0.0154,-0.0745,1.1526,0.0,EngineIQ_Sensor
2026-08-05T10:18:53.020047,0.0154,-0.0745,1.1526,0.0,EngineIQ_Sensor
2026-08-05T10:18:53.079408,0.0154,-0.0745,1.1526,0.0,EngineIQ_Sensor
2026-08-05T10:18:53.140818,0.0154,-0.0745,1.1526,0.0,EngineIQ_Sensor
2026-08-05T10:18:53.200068,0.0154,-0.0745,1.1526,0.0,EngineIQ_Sensor
2026-08-05T10:18:53.259440,0.0154,-0.0745,1.1526,0.0,EngineIQ_Sensor
2026-08-05T10:18:53.261376,0.0154,-0.0745,1.1526,0.0,EngineIQ_Sensor
2026-08-05T10:18:53.380960,0.0154,-0.0745,1.1526,0.0,EngineIQ_Sensor
2026-08-05T10:18:53.740798,0.0154,-0.0745,1.1526,0.0,EngineIQ_Sensor
2026-08-05T10:18:53.800013,0.0154,-0.0745,1.1526,0.0,EngineIQ_Sensor
2026-08-05T10:18:53.859630,0.0154,-0.0745,1.1526,0.0,EngineIQ_Sensor
2026-08-05T10:18:53.861641,0.0154,-0.0745,1.1526,0.0,EngineIQ_Sensor
2026-08-05T10:18:53.920841,0.0154,-0.0745,1.1526,0.0,EngineIQ_Sensor
2026-08-05T10:18:53.980040,0.0154,-0.0745,1.1526,0.0,EngineIQ_Sensor
2026-08-05T10:18:54.039264,0.0154,-0.0745,1.1526,0.0,EngineIQ_Sensor
2026-08-05T10:18:54.041578,0.0154,-0.0745,1.1526,0.0,EngineIQ_Sensor
2026-08-05T10:18:54.100806,0.0154,-0.0745,1.1526,0.0,EngineIQ_Sensor
2026-08-05T10:18:54.159902,0.0154,-0.0745,1.1526,0.0,EngineIQ_Sensor
2026-08-05T10:18:54.219440,0.0154,-0.0745,1.1526,0.0,EngineIQ_Sensor
2026-08-05T10:18:54.221554,0.0154,-0.0745,1.1526,0.0,EngineIQ_Sensor
2026-08-05T10:18:54.281136,0.0154,-0.0745,1.1526,0.0,EngineIQ_Sensor
2026-08-05T10:18:54.760846,0.0154,-0.0745,1.1526,0.0,EngineIQ_Sensor
2026-08-05T10:18:54.820281,0.0154,-0.0745,1.1526,0.0,EngineIQ_Sensor
2026-08-05T10:18:54.879699,0.0154,-0.0745,1.1526,0.0,EngineIQ_Sensor
2026-08-05T10:18:54.881424,0.0154,-0.0745,1.1526,0.0,EngineIQ_Sensor
2026-08-05T10:18:54.940913,0.0154,-0.0745,1.1526,0.0,EngineIQ_Sensor
2026-08-05T10:18:55.001028,0.0154,-0.0745,1.1526,0.0,EngineIQ_Sensor
2026-08-05T10:18:55.060956,0.0154,-0.0745,1.1526,0.0,EngineIQ_Sensor
2026-08-05T10:18:55.061704,0.0154,-0.0745,1.1526,0.0,EngineIQ_Sensor
2026-08-05T10:18:55.121368,0.0154,-0.0745,1.1526,0.0,EngineIQ_Sensor
2026-08-05T10:18:55.180518,0.0154,-0.0745,1.1526,0.0,EngineIQ_Sensor
2026-08-05T10:18:55.242725,0.0154,-0.0745,1.1526,0.0,EngineIQ_Sensor
2026-08-05T10:18:55.243111,0.0154,-0.0745,1.1526,0.0,EngineIQ_Sensor
2026-08-05T10:18:55.301582,0.0154,-0.0745,1.1526,0.0,EngineIQ_Sensor
2026-08-05T10:18:55.720910,0.0154,-0.0745,1.1526,0.0,EngineIQ_Sensor
2026-08-05T10:18:55.781173,0.0154,-0.0745,1.1526,0.0,EngineIQ_Sensor
2026-08-05T10:18:55.840067,0.0154,-0.0745,1.1526,0.0,EngineIQ_Sensor
2026-08-05T10:18:55.927193,0.0154,-0.0745,1.1526,0.0,EngineIQ_Sensor
2026-08-05T10:18:55.928227,0.0154,-0.0745,1.1526,0.0,EngineIQ_Sensor
2026-08-05T10:18:56.019302,0.0154,-0.0745,1.1526,0.0,EngineIQ_Sensor
2026-08-05T10:18:56.021281,0.0154,-0.0745,1.1526,0.0,EngineIQ_Sensor
2026-08-05T10:18:56.080768,0.0154,-0.0745,1.1526,0.0,EngineIQ_Sensor
2026-08-05T10:18:56.140041,0.0154,-0.0745,1.1526,0.0,EngineIQ_Sensor
2026-08-05T10:18:56.199516,0.0154,-0.0745,1.1526,0.0,EngineIQ_Sensor
2026-08-05T10:18:56.201436,0.0154,-0.0745,1.1526,0.0,EngineIQ_Sensor
2026-08-05T10:18:56.260837,0.0154,-0.0745,1.1526,0.0,EngineIQ_Sensor
2026-08-05T10:18:56.320078,0.0154,-0.0745,1.1526,0.0,EngineIQ_Sensor
2026-08-05T10:18:56.740697,0.0154,-0.0745,1.1526,0.0,EngineIQ_Sensor
2026-08-05T10:18:56.800043,0.0154,-0.0745,1.1526,0.0,EngineIQ_Sensor
2026-08-05T10:18:56.859424,0.0154,-0.0745,1.1526,0.0,EngineIQ_Sensor
2026-08-05T10:18:56.861215,0.0154,-0.0745,1.1526,0.0,EngineIQ_Sensor
2026-08-05T10:18:56.920641,0.0154,-0.0745,1.1526,0.0,EngineIQ_Sensor
2026-08-05T10:18:56.980166,0.0154,-0.0745,1.1526,0.0,EngineIQ_Sensor
2026-08-05T10:18:57.039423,0.0154,-0.0745,1.1526,0.0,EngineIQ_Sensor
2026-08-05T10:18:57.041391,0.0154,-0.0745,1.1526,0.0,EngineIQ_Sensor
2026-08-05T10:18:57.100564,0.0154,-0.0745,1.1526,0.0,EngineIQ_Sensor
2026-08-05T10:18:57.159951,0.0154,-0.0745,1.1526,0.0,EngineIQ_Sensor
2026-08-05T10:18:57.219456,0.0154,-0.0745,1.1526,0.0,EngineIQ_Sensor
2026-08-05T10:18:57.221292,0.0154,-0.0745,1.1526,0.0,EngineIQ_Sensor
2026-08-05T10:18:57.281062,0.0154,-0.0745,1.1526,0.0,EngineIQ_Sensor
2026-08-05T10:18:57.760547,0.0154,-0.0745,1.1526,0.0,EngineIQ_Sensor
2026-08-05T10:18:57.820029,0.0154,-0.0745,1.1526,0.0,EngineIQ_Sensor
2026-08-05T10:18:57.879539,0.0154,-0.0745,1.1526,0.0,EngineIQ_Sensor
2026-08-05T10:18:57.881494,0.0154,-0.0745,1.1526,0.0,EngineIQ_Sensor
2026-08-05T10:18:57.940671,0.0154,-0.0745,1.1526,0.0,EngineIQ_Sensor
2026-08-05T10:18:58.000023,0.0154,-0.0745,1.1526,0.0,EngineIQ_Sensor
2026-08-05T10:18:58.059544,0.0154,-0.0745,1.1526,0.0,EngineIQ_Sensor
2026-08-05T10:18:58.061432,0.0154,-0.0745,1.1526,0.0,EngineIQ_Sensor
2026-08-05T10:18:58.120616,0.0154,-0.0745,1.1526,0.0,EngineIQ_Sensor
2026-08-05T10:18:58.180016,0.0154,-0.0745,1.1526,0.0,EngineIQ_Sensor
2026-08-05T10:18:58.239522,0.0154,-0.0745,1.1526,0.0,EngineIQ_Sensor
2026-08-05T10:18:58.241554,0.0154,-0.0745,1.1526,0.0,EngineIQ_Sensor
2026-08-05T10:18:58.300740,0.0154,-0.0745,1.1526,0.0,EngineIQ_Sensor
2026-08-05T10:18:58.720759,0.0154,-0.0745,1.1526,0.0,EngineIQ_Sensor
2026-08-05T10:18:58.780702,0.0154,-0.0745,1.1526,0.0,EngineIQ_Sensor
2026-08-05T10:18:58.840105,0.0154,-0.0745,1.1526,0.0,EngineIQ_Sensor
2026-08-05T10:18:58.899475,0.0154,-0.0745,1.1526,0.0,EngineIQ_Sensor
2026-08-05T10:18:58.901185,0.0154,-0.0745,1.1526,0.0,EngineIQ_Sensor
2026-08-05T10:18:58.960773,0.0154,-0.0745,1.1526,0.0,EngineIQ_Sensor
2026-08-05T10:18:59.020073,0.0154,-0.0745,1.1526,0.0,EngineIQ_Sensor
2026-08-05T10:18:59.079342,0.0154,-0.0745,1.1526,0.0,EngineIQ_Sensor
2026-08-05T10:18:59.081366,0.0154,-0.0745,1.1526,0.0,EngineIQ_Sensor
2026-08-05T10:18:59.140532,0.0154,-0.0745,1.1526,0.0,EngineIQ_Sensor
2026-08-05T10:18:59.200043,0.0154,-0.0745,1.1526,0.0,EngineIQ_Sensor
2026-08-05T10:18:59.259473,0.0154,-0.0745,1.1526,0.0,EngineIQ_Sensor
2026-08-05T10:18:59.261179,0.0154,-0.0745,1.1526,0.0,EngineIQ_Sensor
2026-08-05T10:18:59.740517,0.0154,-0.0745,1.1526,0.0,EngineIQ_Sensor
2026-08-05T10:18:59.800339,0.0154,-0.0745,1.1526,0.0,EngineIQ_Sensor
2026-08-05T10:18:59.859351,0.0154,-0.0745,1.1526,0.0,EngineIQ_Sensor
2026-08-05T10:18:59.861641,0.0154,-0.0745,1.1526,0.0,EngineIQ_Sensor
2026-08-05T10:18:59.920888,0.0154,-0.0745,1.1526,0.0,EngineIQ_Sensor
2026-08-05T10:18:59.980238,0.0154,-0.0745,1.1526,0.0,EngineIQ_Sensor
2026-08-05T10:19:00.039323,0.0154,-0.0745,1.1526,0.0,EngineIQ_Sensor
2026-08-05T10:19:00.041763,0.0154,-0.0745,1.1526,0.0,EngineIQ_Sensor
2026-08-05T10:19:00.100697,0.0154,-0.0745,1.1526,0.0,EngineIQ_Sensor
2026-08-05T10:19:00.159892,0.0154,-0.0745,1.1526,0.0,EngineIQ_Sensor
2026-08-05T10:19:00.219251,0.0154,-0.0745,1.1526,0.0,EngineIQ_Sensor
2026-08-05T10:19:00.221590,0.0154,-0.0745,1.1526,0.0,EngineIQ_Sensor
2026-08-05T10:19:00.280928,0.0154,-0.0745,1.1526,0.0,EngineIQ_Sensor
2026-08-05T10:19:00.760512,0.0154,-0.0745,1.1526,0.0,EngineIQ_Sensor
2026-08-05T10:19:00.819894,0.0154,-0.0745,1.1526,0.0,EngineIQ_Sensor
2026-08-05T10:19:00.879065,0.0154,-0.0745,1.1526,0.0,EngineIQ_Sensor
2026-08-05T10:19:00.880921,0.0154,-0.0745,1.1526,0.0,EngineIQ_Sensor
2026-08-05T10:19:00.940560,0.0154,-0.0745,1.1526,0.0,EngineIQ_Sensor
2026-08-05T10:19:00.999822,0.0154,-0.0745,1.1526,0.0,EngineIQ_Sensor
2026-08-05T10:19:01.059249,0.0154,-0.0745,1.1526,0.0,EngineIQ_Sensor
2026-08-05T10:19:01.061222,0.0154,-0.0745,1.1526,0.0,EngineIQ_Sensor
2026-08-05T10:19:01.120670,0.0154,-0.0745,1.1526,0.0,EngineIQ_Sensor
2026-08-05T10:19:01.179901,0.0154,-0.0745,1.1526,0.0,EngineIQ_Sensor
2026-08-05T10:19:01.239235,0.0154,-0.0745,1.1526,0.0,EngineIQ_Sensor
2026-08-05T10:19:01.241003,0.0154,-0.0745,1.1526,0.0,EngineIQ_Sensor
2026-08-05T10:19:01.300716,0.0154,-0.0745,1.1526,0.0,EngineIQ_Sensor
2026-08-05T10:19:01.720832,0.0154,-0.0745,1.1526,0.0,EngineIQ_Sensor
2026-08-05T10:19:01.780568,0.0154,-0.0745,1.1526,0.0,EngineIQ_Sensor
2026-08-05T10:19:01.839937,0.0154,-0.0745,1.1526,0.0,EngineIQ_Sensor
2026-08-05T10:19:01.899365,0.0154,-0.0745,1.1526,0.0,EngineIQ_Sensor
2026-08-05T10:19:01.901184,0.0154,-0.0745,1.1526,0.0,EngineIQ_Sensor
2026-08-05T10:19:01.960732,0.0154,-0.0745,1.1526,0.0,EngineIQ_Sensor
2026-08-05T10:19:02.019911,0.0154,-0.0745,1.1526,0.0,EngineIQ_Sensor
2026-08-05T10:19:02.079307,0.0154,-0.0745,1.1526,0.0,EngineIQ_Sensor
2026-08-05T10:19:02.081248,0.0154,-0.0745,1.1526,0.0,EngineIQ_Sensor
2026-08-05T10:19:02.140607,0.0154,-0.0745,1.1526,0.0,EngineIQ_Sensor
2026-08-05T10:19:02.200080,0.0154,-0.0745,1.1526,0.0,EngineIQ_Sensor
2026-08-05T10:19:02.259470,0.0154,-0.0745,1.1526,0.0,EngineIQ_Sensor
2026-08-05T10:19:02.320831,0.0154,-0.0745,1.1526,0.0,EngineIQ_Sensor
2026-08-05T10:19:02.755662,0.0154,-0.0745,1.1526,0.0,EngineIQ_Sensor
2026-08-05T10:19:02.817442,0.0154,-0.0745,1.1526,0.0,EngineIQ_Sensor
2026-08-05T10:19:02.859088,0.0154,-0.0745,1.1526,0.0,EngineIQ_Sensor
2026-08-05T10:19:02.861116,0.0154,-0.0745,1.1526,0.0,EngineIQ_Sensor
2026-08-05T10:19:02.920458,0.0154,-0.0745,1.1526,0.0,EngineIQ_Sensor
2026-08-05T10:19:02.979893,0.0154,-0.0745,1.1526,0.0,EngineIQ_Sensor
2026-08-05T10:19:03.039201,0.0154,-0.0745,1.1526,0.0,EngineIQ_Sensor
2026-08-05T10:19:03.041328,0.0154,-0.0745,1.1526,0.0,EngineIQ_Sensor
2026-08-05T10:19:03.100668,0.0154,-0.0745,1.1526,0.0,EngineIQ_Sensor
2026-08-05T10:19:03.159910,0.0154,-0.0745,1.1526,0.0,EngineIQ_Sensor
2026-08-05T10:19:03.219296,0.0154,-0.0745,1.1526,0.0,EngineIQ_Sensor
2026-08-05T10:19:03.221027,0.0154,-0.0745,1.1526,0.0,EngineIQ_Sensor
2026-08-05T10:19:03.280899,0.0154,-0.0745,1.1526,0.0,EngineIQ_Sensor
2026-08-05T10:19:03.760620,0.0154,-0.0745,1.1526,0.0,EngineIQ_Sensor
2026-08-05T10:19:03.819831,0.0154,-0.0745,1.1526,0.0,EngineIQ_Sensor
2026-08-05T10:19:03.879447,0.0154,-0.0745,1.1526,0.0,EngineIQ_Sensor
2026-08-05T10:19:03.881614,0.0154,-0.0745,1.1526,0.0,EngineIQ_Sensor
2026-08-05T10:19:03.955190,0.0154,-0.0745,1.1526,0.0,EngineIQ_Sensor
2026-08-05T10:19:04.000194,0.0154,-0.0745,1.1526,0.0,EngineIQ_Sensor
2026-08-05T10:19:04.059093,0.0154,-0.0745,1.1526,0.0,EngineIQ_Sensor
2026-08-05T10:19:04.061423,0.0154,-0.0745,1.1526,0.0,EngineIQ_Sensor
2026-08-05T10:19:04.121255,0.0154,-0.0745,1.1526,0.0,EngineIQ_Sensor
2026-08-05T10:19:04.179845,0.0154,-0.0745,1.1526,0.0,EngineIQ_Sensor
2026-08-05T10:19:04.299303,0.0154,-0.0745,1.1526,0.0,EngineIQ_Sensor
2026-08-05T10:19:04.301227,0.0154,-0.0745,1.1526,0.0,EngineIQ_Sensor
2026-08-05T10:19:04.360653,0.0154,-0.0745,1.1526,0.0,EngineIQ_Sensor
2026-08-05T10:19:04.720608,0.0154,-0.0745,1.1526,0.0,EngineIQ_Sensor
2026-08-05T10:19:04.780536,0.0154,-0.0745,1.1526,0.0,EngineIQ_Sensor
2026-08-05T10:19:04.839837,0.0154,-0.0745,1.1526,0.0,EngineIQ_Sensor
2026-08-05T10:19:04.899249,0.0154,-0.0745,1.1526,0.0,EngineIQ_Sensor
2026-08-05T10:19:04.901096,0.0154,-0.0745,1.1526,0.0,EngineIQ_Sensor
2026-08-05T10:19:04.960300,0.0154,-0.0745,1.1526,0.0,EngineIQ_Sensor
2026-08-05T10:19:05.019882,0.0154,-0.0745,1.1526,0.0,EngineIQ_Sensor
2026-08-05T10:19:05.079211,0.0154,-0.0745,1.1526,0.0,EngineIQ_Sensor
2026-08-05T10:19:05.140528,0.0154,-0.0745,1.1526,0.0,EngineIQ_Sensor
2026-08-05T10:19:05.199795,0.0154,-0.0745,1.1526,0.0,EngineIQ_Sensor
2026-08-05T10:19:05.259298,0.0154,-0.0745,1.1526,0.0,EngineIQ_Sensor
2026-08-05T10:19:05.261350,0.0154,-0.0745,1.1526,0.0,EngineIQ_Sensor
2026-08-05T10:19:05.320576,0.0154,-0.0745,1.1526,0.0,EngineIQ_Sensor
2026-08-05T10:19:05.740459,0.0154,-0.0745,1.1526,0.0,EngineIQ_Sensor
2026-08-05T10:19:05.799796,0.0154,-0.0745,1.1526,0.0,EngineIQ_Sensor
2026-08-05T10:19:05.859299,0.0154,-0.0745,1.1526,0.0,EngineIQ_Sensor
2026-08-05T10:19:05.861225,0.0154,-0.0745,1.1526,0.0,EngineIQ_Sensor
2026-08-05T10:19:05.920354,0.0154,-0.0745,1.1526,0.0,EngineIQ_Sensor
2026-08-05T10:19:05.979816,0.0154,-0.0745,1.1526,0.0,EngineIQ_Sensor
2026-08-05T10:19:06.039243,0.0154,-0.0745,1.1526,0.0,EngineIQ_Sensor
2026-08-05T10:19:06.041349,0.0154,-0.0745,1.1526,0.0,EngineIQ_Sensor
2026-08-05T10:19:06.100432,0.0154,-0.0745,1.1526,0.0,EngineIQ_Sensor
2026-08-05T10:19:06.159807,0.0154,-0.0745,1.1526,0.0,EngineIQ_Sensor
2026-08-05T10:19:06.220495,0.0154,-0.0745,1.1526,0.0,EngineIQ_Sensor
2026-08-05T10:19:06.279811,0.0154,-0.0745,1.1526,0.0,EngineIQ_Sensor
2026-08-05T10:19:06.399249,0.0154,-0.0745,1.1526,0.0,EngineIQ_Sensor
2026-08-05T10:19:06.820416,0.0154,-0.0745,1.1526,0.0,EngineIQ_Sensor
2026-08-05T10:19:06.880050,0.0154,-0.0745,1.1526,0.0,EngineIQ_Sensor
2026-08-05T10:19:06.999226,0.0154,-0.0745,1.1526,0.0,EngineIQ_Sensor
2026-08-05T10:19:07.000964,0.0154,-0.0745,1.1526,0.0,EngineIQ_Sensor
2026-08-05T10:19:07.060473,0.0154,-0.0745,1.1526,0.0,EngineIQ_Sensor
2026-08-05T10:19:07.119794,0.0154,-0.0745,1.1526,0.0,EngineIQ_Sensor
2026-08-05T10:19:07.179263,0.0154,-0.0745,1.1526,0.0,EngineIQ_Sensor
2026-08-05T10:19:07.180978,0.0154,-0.0745,1.1526,0.0,EngineIQ_Sensor
2026-08-05T10:19:07.240476,0.0154,-0.0745,1.1526,0.0,EngineIQ_Sensor
2026-08-05T10:19:07.299848,0.0154,-0.0745,1.1526,0.0,EngineIQ_Sensor
2026-08-05T10:19:07.359376,0.0154,-0.0745,1.1526,0.0,EngineIQ_Sensor
2026-08-05T10:19:07.420387,0.0154,-0.0745,1.1526,0.0,EngineIQ_Sensor
2026-08-05T10:19:07.539821,0.0154,-0.0745,1.1526,0.0,EngineIQ_Sensor
2026-08-05T10:19:07.720858,0.0154,-0.0745,1.1526,0.0,EngineIQ_Sensor
2026-08-05T10:19:07.780470,0.0154,-0.0745,1.1526,0.0,EngineIQ_Sensor
2026-08-05T10:19:07.839659,0.0154,-0.0745,1.1526,0.0,EngineIQ_Sensor
2026-08-05T10:19:07.899304,0.0154,-0.0745,1.1526,0.0,EngineIQ_Sensor
2026-08-05T10:19:07.960313,0.0154,-0.0745,1.1526,0.0,EngineIQ_Sensor
2026-08-05T10:19:08.019855,0.0154,-0.0745,1.1526,0.0,EngineIQ_Sensor
2026-08-05T10:19:08.079228,0.0154,-0.0745,1.1526,0.0,EngineIQ_Sensor
2026-08-05T10:19:08.081067,0.0154,-0.0745,1.1526,0.0,EngineIQ_Sensor
2026-08-05T10:19:08.140402,0.0154,-0.0745,1.1526,0.0,EngineIQ_Sensor
2026-08-05T10:19:08.199812,0.0154,-0.0745,1.1526,0.0,EngineIQ_Sensor
2026-08-05T10:19:08.259267,0.0154,-0.0745,1.1526,0.0,EngineIQ_Sensor
2026-08-05T10:19:08.260994,0.0154,-0.0745,1.1526,0.0,EngineIQ_Sensor
2026-08-05T10:19:08.320951,0.0154,-0.0745,1.1526,0.0,EngineIQ_Sensor
2026-08-05T10:19:08.740503,0.0154,-0.0745,1.1526,0.0,EngineIQ_Sensor
2026-08-05T10:19:08.799718,0.0154,-0.0745,1.1526,0.0,EngineIQ_Sensor
2026-08-05T10:19:08.859262,0.0154,-0.0745,1.1526,0.0,EngineIQ_Sensor
2026-08-05T10:19:08.860986,0.0154,-0.0745,1.1526,0.0,EngineIQ_Sensor
2026-08-05T10:19:08.920487,0.0154,-0.0745,1.1526,0.0,EngineIQ_Sensor
2026-08-05T10:19:08.979683,0.0154,-0.0745,1.1526,0.0,EngineIQ_Sensor
2026-08-05T10:19:09.039373,0.0154,-0.0745,1.1526,0.0,EngineIQ_Sensor
2026-08-05T10:19:09.100550,0.0154,-0.0745,1.1526,0.0,EngineIQ_Sensor
2026-08-05T10:19:09.159746,0.0154,-0.0745,1.1526,0.0,EngineIQ_Sensor
2026-08-05T10:19:09.219281,0.0154,-0.0745,1.1526,0.0,EngineIQ_Sensor
2026-08-05T10:19:09.220929,0.0154,-0.0745,1.1526,0.0,EngineIQ_Sensor
2026-08-05T10:19:09.280604,0.0154,-0.0745,1.1526,0.0,EngineIQ_Sensor
2026-08-05T10:19:09.339715,0.0154,-0.0745,1.1526,0.0,EngineIQ_Sensor
2026-08-05T10:19:09.760397,0.0154,-0.0745,1.1526,0.0,EngineIQ_Sensor
2026-08-05T10:19:09.819812,0.0154,-0.0745,1.1526,0.0,EngineIQ_Sensor
2026-08-05T10:19:09.879265,0.0154,-0.0745,1.1526,0.0,EngineIQ_Sensor
2026-08-05T10:19:09.940403,0.0154,-0.0745,1.1526,0.0,EngineIQ_Sensor
2026-08-05T10:19:09.999699,0.0154,-0.0745,1.1526,0.0,EngineIQ_Sensor
2026-08-05T10:19:10.059036,0.0154,-0.0745,1.1526,0.0,EngineIQ_Sensor
2026-08-05T10:19:10.061221,0.0154,-0.0745,1.1526,0.0,EngineIQ_Sensor
2026-08-05T10:19:10.120630,0.0154,-0.0745,1.1526,0.0,EngineIQ_Sensor
2026-08-05T10:19:10.179592,0.0154,-0.0745,1.1526,0.0,EngineIQ_Sensor
2026-08-05T10:19:10.239229,0.0154,-0.0745,1.1526,0.0,EngineIQ_Sensor
2026-08-05T10:19:10.241165,0.0154,-0.0745,1.1526,0.0,EngineIQ_Sensor
2026-08-05T10:19:10.300516,0.0154,-0.0745,1.1526,0.0,EngineIQ_Sensor
2026-08-05T10:19:10.359832,0.0154,-0.0745,1.1526,0.0,EngineIQ_Sensor
2026-08-05T10:19:10.720514,0.0154,-0.0745,1.1526,0.0,EngineIQ_Sensor
2026-08-05T10:19:10.798766,0.0154,-0.0745,1.1526,0.0,EngineIQ_Sensor
2026-08-05T10:19:10.871528,0.0154,-0.0745,1.1526,0.0,EngineIQ_Sensor
2026-08-05T10:19:10.913832,0.0154,-0.0745,1.1526,0.0,EngineIQ_Sensor
2026-08-05T10:19:10.914346,0.0154,-0.0745,1.1526,0.0,EngineIQ_Sensor
2026-08-05T10:19:10.960436,0.0154,-0.0745,1.1526,0.0,EngineIQ_Sensor
2026-08-05T10:19:11.019600,0.0154,-0.0745,1.1526,0.0,EngineIQ_Sensor
2026-08-05T10:19:11.079337,0.0154,-0.0745,1.1526,0.0,EngineIQ_Sensor
2026-08-05T10:19:11.082248,0.0154,-0.0745,1.1526,0.0,EngineIQ_Sensor
2026-08-05T10:19:11.141415,0.0154,-0.0745,1.1526,0.0,EngineIQ_Sensor
2026-08-05T10:19:11.199865,0.0154,-0.0745,1.1526,0.0,EngineIQ_Sensor
2026-08-05T10:19:11.259268,0.0154,-0.0745,1.1526,0.0,EngineIQ_Sensor
2026-08-05T10:19:11.261318,0.0154,-0.0745,1.1526,0.0,EngineIQ_Sensor
2026-08-05T10:19:11.740713,0.0154,-0.0745,1.1526,0.0,EngineIQ_Sensor
2026-08-05T10:19:11.800960,0.0154,-0.0745,1.1526,0.0,EngineIQ_Sensor
2026-08-05T10:19:11.920430,0.0154,-0.0745,1.1526,0.0,EngineIQ_Sensor
2026-08-05T10:19:11.979945,0.0154,-0.0745,1.1526,0.0,EngineIQ_Sensor
2026-08-05T10:19:11.981212,0.0154,-0.0745,1.1526,0.0,EngineIQ_Sensor
2026-08-05T10:19:12.040672,0.0154,-0.0745,1.1526,0.0,EngineIQ_Sensor
2026-08-05T10:19:12.099774,0.0154,-0.0745,1.1526,0.0,EngineIQ_Sensor
2026-08-05T10:19:12.159109,0.0154,-0.0745,1.1526,0.0,EngineIQ_Sensor
2026-08-05T10:19:12.161034,0.0154,-0.0745,1.1526,0.0,EngineIQ_Sensor
2026-08-05T10:19:12.220231,0.0154,-0.0745,1.1526,0.0,EngineIQ_Sensor
2026-08-05T10:19:12.279667,0.0154,-0.0745,1.1526,0.0,EngineIQ_Sensor
2026-08-05T10:19:12.339801,0.0154,-0.0745,1.1526,0.0,EngineIQ_Sensor
2026-08-05T10:19:12.399261,0.0154,-0.0745,1.1526,0.0,EngineIQ_Sensor
2026-08-05T10:19:12.831777,0.0154,-0.0745,1.1526,0.0,EngineIQ_Sensor
2026-08-05T10:19:12.832090,0.0154,-0.0745,1.1526,0.0,EngineIQ_Sensor
2026-08-05T10:19:12.891305,0.0154,-0.0745,1.1526,0.0,EngineIQ_Sensor
2026-08-05T10:19:12.931244,0.0154,-0.0745,1.1526,0.0,EngineIQ_Sensor
2026-08-05T10:19:12.984964,0.0154,-0.0745,1.1526,0.0,EngineIQ_Sensor
2026-08-05T10:19:12.999762,0.0154,-0.0745,1.1526,0.0,EngineIQ_Sensor
2026-08-05T10:19:13.058948,0.0154,-0.0745,1.1526,0.0,EngineIQ_Sensor
2026-08-05T10:19:13.061005,0.0154,-0.0745,1.1526,0.0,EngineIQ_Sensor
2026-08-05T10:19:13.121613,0.0154,-0.0745,1.1526,0.0,EngineIQ_Sensor
2026-08-05T10:19:13.183944,0.0154,-0.0745,1.1526,0.0,EngineIQ_Sensor
2026-08-05T10:19:13.238973,0.0154,-0.0745,1.1526,0.0,EngineIQ_Sensor
2026-08-05T10:19:13.243493,0.0154,-0.0745,1.1526,0.0,EngineIQ_Sensor
2026-08-05T10:19:13.300345,0.0154,-0.0745,1.1526,0.0,EngineIQ_Sensor
2026-08-05T10:19:13.720817,0.0154,-0.0745,1.1526,0.0,EngineIQ_Sensor
2026-08-05T10:19:13.780185,0.0154,-0.0745,1.1526,0.0,EngineIQ_Sensor
2026-08-05T10:19:13.839538,0.0154,-0.0745,1.1526,0.0,EngineIQ_Sensor
2026-08-05T10:19:13.899136,0.0154,-0.0745,1.1526,0.0,EngineIQ_Sensor
2026-08-05T10:19:13.901079,0.0154,-0.0745,1.1526,0.0,EngineIQ_Sensor
2026-08-05T10:19:13.960359,0.0154,-0.0745,1.1526,0.0,EngineIQ_Sensor
2026-08-05T10:19:14.019674,0.0154,-0.0745,1.1526,0.0,EngineIQ_Sensor
2026-08-05T10:19:14.081582,0.0154,-0.0745,1.1526,0.0,EngineIQ_Sensor
2026-08-05T10:19:14.081923,0.0154,-0.0745,1.1526,0.0,EngineIQ_Sensor
2026-08-05T10:19:14.160144,0.0154,-0.0745,1.1526,0.0,EngineIQ_Sensor
2026-08-05T10:19:14.199705,0.0154,-0.0745,1.1526,0.0,EngineIQ_Sensor
2026-08-05T10:19:14.259801,0.0154,-0.0745,1.1526,0.0,EngineIQ_Sensor
2026-08-05T10:19:14.261119,0.0154,-0.0745,1.1526,0.0,EngineIQ_Sensor
2026-08-05T10:19:14.740322,0.0154,-0.0745,1.1526,0.0,EngineIQ_Sensor
2026-08-05T10:19:14.799723,0.0154,-0.0745,1.1526,0.0,EngineIQ_Sensor
2026-08-05T10:19:14.858945,0.0154,-0.0745,1.1526,0.0,EngineIQ_Sensor
2026-08-05T10:19:14.862444,0.0154,-0.0745,1.1526,0.0,EngineIQ_Sensor
2026-08-05T10:19:14.924382,0.0154,-0.0745,1.1526,0.0,EngineIQ_Sensor
2026-08-05T10:19:14.979665,0.0154,-0.0745,1.1526,0.0,EngineIQ_Sensor
2026-08-05T10:19:15.038983,0.0154,-0.0745,1.1526,0.0,EngineIQ_Sensor
2026-08-05T10:19:15.040971,0.0154,-0.0745,1.1526,0.0,EngineIQ_Sensor
2026-08-05T10:19:15.100372,0.0154,-0.0745,1.1526,0.0,EngineIQ_Sensor
2026-08-05T10:19:15.159740,0.0154,-0.0745,1.1526,0.0,EngineIQ_Sensor
2026-08-05T10:19:15.218984,0.0154,-0.0745,1.1526,0.0,EngineIQ_Sensor
2026-08-05T10:19:15.221004,0.0154,-0.0745,1.1526,0.0,EngineIQ_Sensor
2026-08-05T10:19:15.280454,0.0154,-0.0745,1.1526,0.0,EngineIQ_Sensor
2026-08-05T10:19:15.760290,0.0154,-0.0745,1.1526,0.0,EngineIQ_Sensor
2026-08-05T10:19:15.878895,0.0154,-0.0745,1.1526,0.0,EngineIQ_Sensor
2026-08-05T10:19:15.880922,0.0154,-0.0745,1.1526,0.0,EngineIQ_Sensor
2026-08-05T10:19:15.940293,0.0154,-0.0745,1.1526,0.0,EngineIQ_Sensor
2026-08-05T10:19:15.999569,0.0154,-0.0745,1.1526,0.0,EngineIQ_Sensor
2026-08-05T10:19:16.058951,0.0154,-0.0745,1.1526,0.0,EngineIQ_Sensor
2026-08-05T10:19:16.060965,0.0154,-0.0745,1.1526,0.0,EngineIQ_Sensor
2026-08-05T10:19:16.120237,0.0154,-0.0745,1.1526,0.0,EngineIQ_Sensor
2026-08-05T10:19:16.180024,0.0154,-0.0745,1.1526,0.0,EngineIQ_Sensor
2026-08-05T10:19:16.240570,0.0154,-0.0745,1.1526,0.0,EngineIQ_Sensor
2026-08-05T10:19:16.241288,0.0154,-0.0745,1.1526,0.0,EngineIQ_Sensor
2026-08-05T10:19:16.301466,0.0154,-0.0745,1.1526,0.0,EngineIQ_Sensor
2026-08-05T10:19:16.360307,0.0154,-0.0745,1.1526,0.0,EngineIQ_Sensor
2026-08-05T10:19:16.720645,0.0154,-0.0745,1.1526,0.0,EngineIQ_Sensor
2026-08-05T10:19:16.780370,0.0154,-0.0745,1.1526,0.0,EngineIQ_Sensor
2026-08-05T10:19:16.839616,0.0154,-0.0745,1.1526,0.0,EngineIQ_Sensor
2026-08-05T10:19:16.899309,0.0154,-0.0745,1.1526,0.0,EngineIQ_Sensor
2026-08-05T10:19:16.901094,0.0154,-0.0745,1.1526,0.0,EngineIQ_Sensor
2026-08-05T10:19:17.019765,0.0154,-0.0745,1.1526,0.0,EngineIQ_Sensor
2026-08-05T10:19:17.078968,0.0154,-0.0745,1.1526,0.0,EngineIQ_Sensor
2026-08-05T10:19:17.080817,0.0154,-0.0745,1.1526,0.0,EngineIQ_Sensor
2026-08-05T10:19:17.140425,0.0154,-0.0745,1.1526,0.0,EngineIQ_Sensor
2026-08-05T10:19:17.199377,0.0154,-0.0745,1.1526,0.0,EngineIQ_Sensor
2026-08-05T10:19:17.258982,0.0154,-0.0745,1.1526,0.0,EngineIQ_Sensor
2026-08-05T10:19:17.261112,0.0154,-0.0745,1.1526,0.0,EngineIQ_Sensor
2026-08-05T10:19:17.320709,0.0154,-0.0745,1.1526,0.0,EngineIQ_Sensor
2026-08-05T10:19:17.740313,0.0154,-0.0745,1.1526,0.0,EngineIQ_Sensor
2026-08-05T10:19:17.799635,0.0154,-0.0745,1.1526,0.0,EngineIQ_Sensor
2026-08-05T10:19:17.860352,0.0154,-0.0745,1.1526,0.0,EngineIQ_Sensor
2026-08-05T10:19:17.919560,0.0154,-0.0745,1.1526,0.0,EngineIQ_Sensor
2026-08-05T10:19:17.978890,0.0154,-0.0745,1.1526,0.0,EngineIQ_Sensor
2026-08-05T10:19:17.981060,0.0154,-0.0745,1.1526,0.0,EngineIQ_Sensor
2026-08-05T10:19:18.040336,0.0154,-0.0745,1.1526,0.0,EngineIQ_Sensor
2026-08-05T10:19:18.158891,0.0154,-0.0745,1.1526,0.0,EngineIQ_Sensor
2026-08-05T10:19:18.161139,0.0154,-0.0745,1.1526,0.0,EngineIQ_Sensor
2026-08-05T10:19:18.279321,0.0154,-0.0745,1.1526,0.0,EngineIQ_Sensor
2026-08-05T10:19:18.338873,0.0154,-0.0745,1.1526,0.0,EngineIQ_Sensor
2026-08-05T10:19:18.340728,0.0154,-0.0745,1.1526,0.0,EngineIQ_Sensor
2026-08-05T10:19:18.400342,0.0154,-0.0745,1.1526,0.0,EngineIQ_Sensor
2026-08-05T10:19:18.760248,0.0154,-0.0745,1.1526,0.0,EngineIQ_Sensor
2026-08-05T10:19:18.819491,0.0154,-0.0745,1.1526,0.0,EngineIQ_Sensor
2026-08-05T10:19:18.878986,0.0154,-0.0745,1.1526,0.0,EngineIQ_Sensor
2026-08-05T10:19:18.880773,0.0154,-0.0745,1.1526,0.0,EngineIQ_Sensor
2026-08-05T10:19:18.940493,0.0154,-0.0745,1.1526,0.0,EngineIQ_Sensor
2026-08-05T10:19:19.000277,0.0154,-0.0745,1.1526,0.0,EngineIQ_Sensor
2026-08-05T10:19:19.059556,0.0154,-0.0745,1.1526,0.0,EngineIQ_Sensor
2026-08-05T10:19:19.120250,0.0154,-0.0745,1.1526,0.0,EngineIQ_Sensor
2026-08-05T10:19:19.121737,0.0154,-0.0745,1.1526,0.0,EngineIQ_Sensor
2026-08-05T10:19:19.180289,0.0154,-0.0745,1.1526,0.0,EngineIQ_Sensor
2026-08-05T10:19:19.239567,0.0154,-0.0745,1.1526,0.0,EngineIQ_Sensor
2026-08-05T10:19:19.298967,0.0154,-0.0745,1.1526,0.0,EngineIQ_Sensor
2026-08-05T10:19:19.300835,0.0154,-0.0745,1.1526,0.0,EngineIQ_Sensor
2026-08-05T10:19:19.720576,0.0154,-0.0745,1.1526,0.0,EngineIQ_Sensor
2026-08-05T10:19:19.780311,0.0154,-0.0745,1.1526,0.0,EngineIQ_Sensor
2026-08-05T10:19:19.839575,0.0154,-0.0745,1.1526,0.0,EngineIQ_Sensor
2026-08-05T10:19:19.898971,0.0154,-0.0745,1.1526,0.0,EngineIQ_Sensor
2026-08-05T10:19:19.900811,0.0154,-0.0745,1.1526,0.0,EngineIQ_Sensor
2026-08-05T10:19:20.020229,0.0154,-0.0745,1.1526,0.0,EngineIQ_Sensor
2026-08-05T10:19:20.079709,0.0154,-0.0745,1.1526,0.0,EngineIQ_Sensor
2026-08-05T10:19:20.140146,0.0154,-0.0745,1.1526,0.0,EngineIQ_Sensor
2026-08-05T10:19:20.199542,0.0154,-0.0745,1.1526,0.0,EngineIQ_Sensor
2026-08-05T10:19:20.258843,0.0154,-0.0745,1.1526,0.0,EngineIQ_Sensor
2026-08-05T10:19:20.260770,0.0154,-0.0745,1.1526,0.0,EngineIQ_Sensor
2026-08-05T10:19:20.379580,0.0154,-0.0745,1.1526,0.0,EngineIQ_Sensor
2026-08-05T10:19:20.439186,0.0154,-0.0745,1.1526,0.0,EngineIQ_Sensor
2026-08-05T10:19:20.740161,0.0154,-0.0745,1.1526,0.0,EngineIQ_Sensor
2026-08-05T10:19:20.799388,0.0154,-0.0745,1.1526,0.0,EngineIQ_Sensor
2026-08-05T10:19:20.858922,0.0154,-0.0745,1.1526,0.0,EngineIQ_Sensor
2026-08-05T10:19:20.861066,0.0154,-0.0745,1.1526,0.0,EngineIQ_Sensor
2026-08-05T10:19:20.978864,0.0154,-0.0745,1.1526,0.0,EngineIQ_Sensor
2026-08-05T10:19:20.980761,0.0154,-0.0745,1.1526,0.0,EngineIQ_Sensor
2026-08-05T10:19:21.040187,0.0154,-0.0745,1.1526,0.0,EngineIQ_Sensor
2026-08-05T10:19:21.100857,0.0154,-0.0745,1.1526,0.0,EngineIQ_Sensor
2026-08-05T10:19:21.163691,0.0154,-0.0745,1.1526,0.0,EngineIQ_Sensor
2026-08-05T10:19:21.164056,0.0154,-0.0745,1.1526,0.0,EngineIQ_Sensor
2026-08-05T10:19:21.220268,0.0154,-0.0745,1.1526,0.0,EngineIQ_Sensor
2026-08-05T10:19:21.279507,0.0154,-0.0745,1.1526,0.0,EngineIQ_Sensor
2026-08-05T10:19:21.356997,0.0154,-0.0745,1.1526,0.0,EngineIQ_Sensor
2026-08-05T10:19:21.760105,0.0154,-0.0745,1.1526,0.0,EngineIQ_Sensor
2026-08-05T10:19:21.819530,0.0154,-0.0745,1.1526,0.0,EngineIQ_Sensor
2026-08-05T10:19:21.878814,0.0154,-0.0745,1.1526,0.0,EngineIQ_Sensor
2026-08-05T10:19:21.880737,0.0154,-0.0745,1.1526,0.0,EngineIQ_Sensor
2026-08-05T10:19:21.940134,0.0154,-0.0745,1.1526,0.0,EngineIQ_Sensor
2026-08-05T10:19:21.999487,0.0154,-0.0745,1.1526,0.0,EngineIQ_Sensor
2026-08-05T10:19:22.058864,0.0154,-0.0745,1.1526,0.0,EngineIQ_Sensor
2026-08-05T10:19:22.060628,0.0154,-0.0745,1.1526,0.0,EngineIQ_Sensor
2026-08-05T10:19:22.120093,0.0154,-0.0745,1.1526,0.0,EngineIQ_Sensor
2026-08-05T10:19:22.179405,0.0154,-0.0745,1.1526,0.0,EngineIQ_Sensor
2026-08-05T10:19:22.238720,0.0154,-0.0745,1.1526,0.0,EngineIQ_Sensor
2026-08-05T10:19:22.240951,0.0154,-0.0745,1.1526,0.0,EngineIQ_Sensor
2026-08-05T10:19:22.359871,0.0154,-0.0745,1.1526,0.0,EngineIQ_Sensor
2026-08-05T10:19:22.720227,0.0154,-0.0745,1.1526,0.0,EngineIQ_Sensor
2026-08-05T10:19:22.780231,0.0154,-0.0745,1.1526,0.0,EngineIQ_Sensor
2026-08-05T10:19:22.840415,0.0154,-0.0745,1.1526,0.0,EngineIQ_Sensor
2026-08-05T10:19:22.899004,0.0154,-0.0745,1.1526,0.0,EngineIQ_Sensor
2026-08-05T10:19:22.900908,0.0154,-0.0745,1.1526,0.0,EngineIQ_Sensor
2026-08-05T10:19:22.959958,0.0154,-0.0745,1.1526,0.0,EngineIQ_Sensor
2026-08-05T10:19:23.019333,0.0154,-0.0745,1.1526,0.0,EngineIQ_Sensor
2026-08-05T10:19:23.079737,0.0154,-0.0745,1.1526,0.0,EngineIQ_Sensor
2026-08-05T10:19:23.081096,0.0154,-0.0745,1.1526,0.0,EngineIQ_Sensor
2026-08-05T10:19:23.140091,0.0154,-0.0745,1.1526,0.0,EngineIQ_Sensor
2026-08-05T10:19:23.199298,0.0154,-0.0745,1.1526,0.0,EngineIQ_Sensor
2026-08-05T10:19:23.258983,0.0154,-0.0745,1.1526,0.0,EngineIQ_Sensor
2026-08-05T10:19:23.261112,0.0154,-0.0745,1.1526,0.0,EngineIQ_Sensor
2026-08-05T10:19:23.743172,0.0154,-0.0745,1.1526,0.0,EngineIQ_Sensor
2026-08-05T10:19:23.799376,0.0154,-0.0745,1.1526,0.0,EngineIQ_Sensor
2026-08-05T10:19:23.859441,0.0154,-0.0745,1.1526,0.0,EngineIQ_Sensor
2026-08-05T10:19:23.860966,0.0154,-0.0745,1.1526,0.0,EngineIQ_Sensor
2026-08-05T10:19:23.920200,0.0154,-0.0745,1.1526,0.0,EngineIQ_Sensor
2026-08-05T10:19:23.979374,0.0154,-0.0745,1.1526,0.0,EngineIQ_Sensor
2026-08-05T10:19:24.038822,0.0154,-0.0745,1.1526,0.0,EngineIQ_Sensor
2026-08-05T10:19:24.099299,0.0154,-0.0745,1.1526,0.0,EngineIQ_Sensor
2026-08-05T10:19:24.158570,0.0154,-0.0745,1.1526,0.0,EngineIQ_Sensor
2026-08-05T10:19:24.160740,0.0154,-0.0745,1.1526,0.0,EngineIQ_Sensor
2026-08-05T10:19:24.220076,0.0154,-0.0745,1.1526,0.0,EngineIQ_Sensor
2026-08-05T10:19:24.281131,0.0154,-0.0745,1.1526,0.0,EngineIQ_Sensor
2026-08-05T10:19:24.338776,0.0154,-0.0745,1.1526,0.0,EngineIQ_Sensor
2026-08-05T10:19:24.760272,0.0154,-0.0745,1.1526,0.0,EngineIQ_Sensor
2026-08-05T10:19:24.819265,0.0154,-0.0745,1.1526,0.0,EngineIQ_Sensor
2026-08-05T10:19:24.878810,0.0154,-0.0745,1.1526,0.0,EngineIQ_Sensor
2026-08-05T10:19:24.881070,0.0154,-0.0745,1.1526,0.0,EngineIQ_Sensor
2026-08-05T10:19:24.940118,0.0154,-0.0745,1.1526,0.0,EngineIQ_Sensor
2026-08-05T10:19:24.999396,0.0154,-0.0745,1.1526,0.0,EngineIQ_Sensor
2026-08-05T10:19:25.058681,0.0154,-0.0745,1.1526,0.0,EngineIQ_Sensor
2026-08-05T10:19:25.060537,0.0154,-0.0745,1.1526,0.0,EngineIQ_Sensor
2026-08-05T10:19:25.119939,0.0154,-0.0745,1.1526,0.0,EngineIQ_Sensor
2026-08-05T10:19:25.179361,0.0154,-0.0745,1.1526,0.0,EngineIQ_Sensor
2026-08-05T10:19:25.238840,0.0154,-0.0745,1.1526,0.0,EngineIQ_Sensor
2026-08-05T10:19:25.240902,0.0154,-0.0745,1.1526,0.0,EngineIQ_Sensor
2026-08-05T10:19:25.300158,0.0154,-0.0745,1.1526,0.0,EngineIQ_Sensor
2026-08-05T10:19:25.720175,0.0154,-0.0745,1.1526,0.0,EngineIQ_Sensor
2026-08-05T10:19:25.780494,0.0154,-0.0745,1.1526,0.0,EngineIQ_Sensor
2026-08-05T10:19:25.839272,0.0154,-0.0745,1.1526,0.0,EngineIQ_Sensor
2026-08-05T10:19:25.898703,0.0154,-0.0745,1.1526,0.0,EngineIQ_Sensor
2026-08-05T10:19:25.900527,0.0154,-0.0745,1.1526,0.0,EngineIQ_Sensor
2026-08-05T10:19:25.959961,0.0154,-0.0745,1.1526,0.0,EngineIQ_Sensor
2026-08-05T10:19:26.019290,0.0154,-0.0745,1.1526,0.0,EngineIQ_Sensor
2026-08-05T10:19:26.078762,0.0154,-0.0745,1.1526,0.0,EngineIQ_Sensor
2026-08-05T10:19:26.081032,0.0154,-0.0745,1.1526,0.0,EngineIQ_Sensor
2026-08-05T10:19:26.140300,0.0154,-0.0745,1.1526,0.0,EngineIQ_Sensor
2026-08-05T10:19:26.199216,0.0154,-0.0745,1.1526,0.0,EngineIQ_Sensor
2026-08-05T10:19:26.258656,0.0154,-0.0745,1.1526,0.0,EngineIQ_Sensor
2026-08-05T10:19:26.260860,0.0154,-0.0745,1.1526,0.0,EngineIQ_Sensor
2026-08-05T10:19:26.740055,0.0154,-0.0745,1.1526,0.0,EngineIQ_Sensor
2026-08-05T10:19:26.799293,0.0154,-0.0745,1.1526,0.0,EngineIQ_Sensor
2026-08-05T10:19:26.858796,0.0154,-0.0745,1.1526,0.0,EngineIQ_Sensor
2026-08-05T10:19:26.860591,0.0154,-0.0745,1.1526,0.0,EngineIQ_Sensor
2026-08-05T10:19:26.920179,0.0154,-0.0745,1.1526,0.0,EngineIQ_Sensor
2026-08-05T10:19:26.979262,0.0154,-0.0745,1.1526,0.0,EngineIQ_Sensor
2026-08-05T10:19:27.038718,0.0154,-0.0745,1.1526,0.0,EngineIQ_Sensor
2026-08-05T10:19:27.040524,0.0154,-0.0745,1.1526,0.0,EngineIQ_Sensor
2026-08-05T10:19:27.100078,0.0154,-0.0745,1.1526,0.0,EngineIQ_Sensor
2026-08-05T10:19:27.159597,0.0154,-0.0745,1.1526,0.0,EngineIQ_Sensor
2026-08-05T10:19:27.218739,0.0154,-0.0745,1.1526,0.0,EngineIQ_Sensor
2026-08-05T10:19:27.220549,0.0154,-0.0745,1.1526,0.0,EngineIQ_Sensor
2026-08-05T10:19:27.280077,0.0154,-0.0745,1.1526,0.0,EngineIQ_Sensor
2026-08-05T10:19:27.760640,0.0154,-0.0745,1.1526,0.0,EngineIQ_Sensor
2026-08-05T10:19:27.819300,0.0154,-0.0745,1.1526,0.0,EngineIQ_Sensor
2026-08-05T10:19:27.878627,0.0154,-0.0745,1.1526,0.0,EngineIQ_Sensor
2026-08-05T10:19:27.880487,0.0154,-0.0745,1.1526,0.0,EngineIQ_Sensor
2026-08-05T10:19:27.940008,0.0154,-0.0745,1.1526,0.0,EngineIQ_Sensor
2026-08-05T10:19:27.999153,0.0154,-0.0745,1.1526,0.0,EngineIQ_Sensor
2026-08-05T10:19:28.058750,0.0154,-0.0745,1.1526,0.0,EngineIQ_Sensor
2026-08-05T10:19:28.060886,0.0154,-0.0745,1.1526,0.0,EngineIQ_Sensor
2026-08-05T10:19:28.120070,0.0154,-0.0745,1.1526,0.0,EngineIQ_Sensor
2026-08-05T10:19:28.179323,0.0154,-0.0745,1.1526,0.0,EngineIQ_Sensor
2026-08-05T10:19:28.239039,0.0154,-0.0745,1.1526,0.0,EngineIQ_Sensor
2026-08-05T10:19:28.240834,0.0154,-0.0745,1.1526,0.0,EngineIQ_Sensor
2026-08-05T10:19:28.300157,0.0154,-0.0745,1.1526,0.0,EngineIQ_Sensor
2026-08-05T10:19:28.720258,0.0154,-0.0745,1.1526,0.0,EngineIQ_Sensor
2026-08-05T10:19:28.780356,0.0154,-0.0745,1.1526,0.0,EngineIQ_Sensor
2026-08-05T10:19:28.839540,0.0154,-0.0745,1.1526,0.0,EngineIQ_Sensor
2026-08-05T10:19:28.898567,0.0154,-0.0745,1.1526,0.0,EngineIQ_Sensor
2026-08-05T10:19:28.900731,0.0154,-0.0745,1.1526,0.0,EngineIQ_Sensor
2026-08-05T10:19:28.960209,0.0154,-0.0745,1.1526,0.0,EngineIQ_Sensor
2026-08-05T10:19:29.019229,0.0154,-0.0745,1.1526,0.0,EngineIQ_Sensor
2026-08-05T10:19:29.078667,0.0154,-0.0745,1.1526,0.0,EngineIQ_Sensor
2026-08-05T10:19:29.139199,0.0154,-0.0745,1.1526,0.0,EngineIQ_Sensor
2026-08-05T10:19:29.198706,0.0154,-0.0745,1.1526,0.0,EngineIQ_Sensor
2026-08-05T10:19:29.200898,0.0154,-0.0745,1.1526,0.0,EngineIQ_Sensor
2026-08-05T10:19:29.260154,0.0154,-0.0745,1.1526,0.0,EngineIQ_Sensor
2026-08-05T10:19:29.319471,0.0154,-0.0745,1.1526,0.0,EngineIQ_Sensor
2026-08-05T10:19:29.819586,0.0154,-0.0745,1.1526,0.0,EngineIQ_Sensor
2026-08-05T10:19:29.819869,0.0154,-0.0745,1.1526,0.0,EngineIQ_Sensor
2026-08-05T10:19:29.901984,0.0154,-0.0745,1.1526,0.0,EngineIQ_Sensor
2026-08-05T10:19:29.902331,0.0154,-0.0745,1.1526,0.0,EngineIQ_Sensor
2026-08-05T10:19:29.929970,0.0154,-0.0745,1.1526,0.0,EngineIQ_Sensor
2026-08-05T10:19:29.985601,0.0154,-0.0745,1.1526,0.0,EngineIQ_Sensor
2026-08-05T10:19:30.038663,0.0154,-0.0745,1.1526,0.0,EngineIQ_Sensor
2026-08-05T10:19:30.040888,0.0154,-0.0745,1.1526,0.0,EngineIQ_Sensor
2026-08-05T10:19:30.108467,0.0154,-0.0745,1.1526,0.0,EngineIQ_Sensor
2026-08-05T10:19:30.161454,0.0154,-0.0745,1.1526,0.0,EngineIQ_Sensor
2026-08-05T10:19:30.233073,0.0154,-0.0745,1.1526,0.0,EngineIQ_Sensor
2026-08-05T10:19:30.233484,0.0154,-0.0745,1.1526,0.0,EngineIQ_Sensor
2026-08-05T10:19:30.280019,0.0154,-0.0745,1.1526,0.0,EngineIQ_Sensor
2026-08-05T10:19:30.760269,0.0154,-0.0745,1.1526,0.0,EngineIQ_Sensor
2026-08-05T10:19:30.819270,0.0154,-0.0745,1.1526,0.0,EngineIQ_Sensor
2026-08-05T10:19:30.879347,0.0154,-0.0745,1.1526,0.0,EngineIQ_Sensor
2026-08-05T10:19:30.881088,0.0154,-0.0745,1.1526,0.0,EngineIQ_Sensor
2026-08-05T10:19:30.939825,0.0154,-0.0745,1.1526,0.0,EngineIQ_Sensor
2026-08-05T10:19:30.999338,0.0154,-0.0745,1.1526,0.0,EngineIQ_Sensor
2026-08-05T10:19:31.058559,0.0154,-0.0745,1.1526,0.0,EngineIQ_Sensor
2026-08-05T10:19:31.119600,0.0154,-0.0745,1.1526,0.0,EngineIQ_Sensor
2026-08-05T10:19:31.120978,0.0154,-0.0745,1.1526,0.0,EngineIQ_Sensor
2026-08-05T10:19:31.180152,0.0154,-0.0745,1.1526,0.0,EngineIQ_Sensor
2026-08-05T10:19:31.239323,0.0154,-0.0745,1.1526,0.0,EngineIQ_Sensor
2026-08-05T10:19:31.298647,0.0154,-0.0745,1.1526,0.0,EngineIQ_Sensor
2026-08-05T10:19:31.305787,0.0154,-0.0745,1.1526,0.0,EngineIQ_Sensor
2026-08-05T10:19:31.720089,0.0154,-0.0745,1.1526,0.0,EngineIQ_Sensor
2026-08-05T10:19:31.780037,0.0154,-0.0745,1.1526,0.0,EngineIQ_Sensor
2026-08-05T10:19:31.839247,0.0154,-0.0745,1.1526,0.0,EngineIQ_Sensor
2026-08-05T10:19:31.898540,0.0154,-0.0745,1.1526,0.0,EngineIQ_Sensor
2026-08-05T10:19:31.900650,0.0154,-0.0745,1.1526,0.0,EngineIQ_Sensor
2026-08-05T10:19:31.959891,0.0154,-0.0745,1.1526,0.0,EngineIQ_Sensor
2026-08-05T10:19:32.019104,0.0154,-0.0745,1.1526,0.0,EngineIQ_Sensor
2026-08-05T10:19:32.078408,0.0154,-0.0745,1.1526,0.0,EngineIQ_Sensor
2026-08-05T10:19:32.080554,0.0154,-0.0745,1.1526,0.0,EngineIQ_Sensor
2026-08-05T10:19:32.139838,0.0154,-0.0745,1.1526,0.0,EngineIQ_Sensor
2026-08-05T10:19:32.199230,0.0154,-0.0745,1.1526,0.0,EngineIQ_Sensor
2026-08-05T10:19:32.258460,0.0154,-0.0745,1.1526,0.0,EngineIQ_Sensor
2026-08-05T10:19:32.260610,0.0154,-0.0745,1.1526,0.0,EngineIQ_Sensor
2026-08-05T10:19:32.739983,0.0154,-0.0745,1.1526,0.0,EngineIQ_Sensor
2026-08-05T10:19:32.799044,0.0154,-0.0745,1.1526,0.0,EngineIQ_Sensor
2026-08-05T10:19:32.858503,0.0154,-0.0745,1.1526,0.0,EngineIQ_Sensor
2026-08-05T10:19:32.860484,0.0154,-0.0745,1.1526,0.0,EngineIQ_Sensor
2026-08-05T10:19:32.920001,0.0154,-0.0745,1.1526,0.0,EngineIQ_Sensor
2026-08-05T10:19:32.979098,0.0154,-0.0745,1.1526,0.0,EngineIQ_Sensor
2026-08-05T10:19:33.038461,0.0154,-0.0745,1.1526,0.0,EngineIQ_Sensor
2026-08-05T10:19:33.041020,0.0154,-0.0745,1.1526,0.0,EngineIQ_Sensor
2026-08-05T10:19:33.100199,0.0154,-0.0745,1.1526,0.0,EngineIQ_Sensor
2026-08-05T10:19:33.159087,0.0154,-0.0745,1.1526,0.0,EngineIQ_Sensor
2026-08-05T10:19:33.218498,0.0154,-0.0745,1.1526,0.0,EngineIQ_Sensor
2026-08-05T10:19:33.221363,0.0154,-0.0745,1.1526,0.0,EngineIQ_Sensor
2026-08-05T10:19:33.279850,0.0154,-0.0745,1.1526,0.0,EngineIQ_Sensor
2026-08-05T10:19:33.761656,0.0154,-0.0745,1.1526,0.0,EngineIQ_Sensor
2026-08-05T10:19:33.879143,0.0154,-0.0745,1.1526,0.0,EngineIQ_Sensor
2026-08-05T10:19:33.938536,0.0154,-0.0745,1.1526,0.0,EngineIQ_Sensor
2026-08-05T10:19:33.940719,0.0154,-0.0745,1.1526,0.0,EngineIQ_Sensor
2026-08-05T10:19:34.002116,0.0154,-0.0745,1.1526,0.0,EngineIQ_Sensor
2026-08-05T10:19:34.059819,0.0154,-0.0745,1.1526,0.0,EngineIQ_Sensor
2026-08-05T10:19:34.119167,0.0154,-0.0745,1.1526,0.0,EngineIQ_Sensor
2026-08-05T10:19:34.178547,0.0154,-0.0745,1.1526,0.0,EngineIQ_Sensor
2026-08-05T10:19:34.180493,0.0154,-0.0745,1.1526,0.0,EngineIQ_Sensor
2026-08-05T10:19:34.239874,0.0154,-0.0745,1.1526,0.0,EngineIQ_Sensor
2026-08-05T10:19:34.299089,0.0154,-0.0745,1.1526,0.0,EngineIQ_Sensor
2026-08-05T10:19:34.358573,0.0154,-0.0745,1.1526,0.0,EngineIQ_Sensor
2026-08-05T10:19:34.360496,0.0154,-0.0745,1.1526,0.0,EngineIQ_Sensor
2026-08-05T10:19:34.719875,0.0154,-0.0745,1.1526,0.0,EngineIQ_Sensor
2026-08-05T10:19:34.779894,0.0154,-0.0745,1.1526,0.0,EngineIQ_Sensor
2026-08-05T10:19:34.839064,0.0154,-0.0745,1.1526,0.0,EngineIQ_Sensor
2026-08-05T10:19:34.898533,0.0154,-0.0745,1.1526,0.0,EngineIQ_Sensor
2026-08-05T10:19:34.900475,0.0154,-0.0745,1.1526,0.0,EngineIQ_Sensor
2026-08-05T10:19:34.959961,0.0154,-0.0745,1.1526,0.0,EngineIQ_Sensor
2026-08-05T10:19:35.020765,0.0154,-0.0745,1.1526,0.0,EngineIQ_Sensor
2026-08-05T10:19:35.078577,0.0154,-0.0745,1.1526,0.0,EngineIQ_Sensor
2026-08-05T10:19:35.080524,0.0154,-0.0745,1.1526,0.0,EngineIQ_Sensor
2026-08-05T10:19:35.139898,0.0154,-0.0745,1.1526,0.0,EngineIQ_Sensor
2026-08-05T10:19:35.199045,0.0154,-0.0745,1.1526,0.0,EngineIQ_Sensor
2026-08-05T10:19:35.258630,0.0154,-0.0745,1.1526,0.0,EngineIQ_Sensor
2026-08-05T10:19:35.320048,0.0154,-0.0745,1.1526,0.0,EngineIQ_Sensor
2026-08-05T10:19:35.739908,0.0154,-0.0745,1.1526,0.0,EngineIQ_Sensor
2026-08-05T10:19:35.799130,0.0154,-0.0745,1.1526,0.0,EngineIQ_Sensor
2026-08-05T10:19:35.858572,0.0154,-0.0745,1.1526,0.0,EngineIQ_Sensor
2026-08-05T10:19:35.860431,0.0154,-0.0745,1.1526,0.0,EngineIQ_Sensor
2026-08-05T10:19:35.919639,0.0154,-0.0745,1.1526,0.0,EngineIQ_Sensor
2026-08-05T10:19:36.039499,0.0154,-0.0745,1.1526,0.0,EngineIQ_Sensor
2026-08-05T10:19:36.098590,0.0154,-0.0745,1.1526,0.0,EngineIQ_Sensor
2026-08-05T10:19:36.100497,0.0154,-0.0745,1.1526,0.0,EngineIQ_Sensor
2026-08-05T10:19:36.159874,0.0154,-0.0745,1.1526,0.0,EngineIQ_Sensor
2026-08-05T10:19:36.219105,0.0154,-0.0745,1.1526,0.0,EngineIQ_Sensor
2026-08-05T10:19:36.278529,0.0154,-0.0745,1.1526,0.0,EngineIQ_Sensor
2026-08-05T10:19:36.280346,0.0154,-0.0745,1.1526,0.0,EngineIQ_Sensor
2026-08-05T10:19:36.399233,0.0154,-0.0745,1.1526,0.0,EngineIQ_Sensor
2026-08-05T10:19:36.759609,0.0154,-0.0745,1.1526,0.0,EngineIQ_Sensor
2026-08-05T10:19:36.822706,0.0154,-0.0745,1.1526,0.0,EngineIQ_Sensor
2026-08-05T10:19:37.012114,0.0154,-0.0745,1.1526,0.0,EngineIQ_Sensor
2026-08-05T10:19:37.012498,0.0154,-0.0745,1.1526,0.0,EngineIQ_Sensor
2026-08-05T10:19:37.013408,0.0154,-0.0745,1.1526,0.0,EngineIQ_Sensor
2026-08-05T10:19:37.122729,0.0154,-0.0745,1.1526,0.0,EngineIQ_Sensor
2026-08-05T10:19:37.167077,0.0154,-0.0745,1.1526,0.0,EngineIQ_Sensor
2026-08-05T10:19:37.167419,0.0154,-0.0745,1.1526,0.0,EngineIQ_Sensor
2026-08-05T10:19:37.305204,0.0154,-0.0745,1.1526,0.0,EngineIQ_Sensor
2026-08-05T10:19:37.307178,0.0154,-0.0745,1.1526,0.0,EngineIQ_Sensor
2026-08-05T10:19:37.419588,0.0154,-0.0745,1.1526,0.0,EngineIQ_Sensor
2026-08-05T10:19:37.478926,0.0154,-0.0745,1.1526,0.0,EngineIQ_Sensor
2026-08-05T10:19:37.598859,0.0154,-0.0745,1.1526,0.0,EngineIQ_Sensor
2026-08-05T10:19:37.720062,0.0154,-0.0745,1.1526,0.0,EngineIQ_Sensor
2026-08-05T10:19:37.779718,0.0154,-0.0745,1.1526,0.0,EngineIQ_Sensor
2026-08-05T10:19:37.838941,0.0154,-0.0745,1.1526,0.0,EngineIQ_Sensor
2026-08-05T10:19:37.958337,0.0154,-0.0745,1.1526,0.0,EngineIQ_Sensor
2026-08-05T10:19:37.960255,0.0154,-0.0745,1.1526,0.0,EngineIQ_Sensor
2026-08-05T10:19:38.019526,0.0154,-0.0745,1.1526,0.0,EngineIQ_Sensor
2026-08-05T10:19:38.078896,0.0154,-0.0745,1.1526,0.0,EngineIQ_Sensor
2026-08-05T10:19:38.138363,0.0154,-0.0745,1.1526,0.0,EngineIQ_Sensor
2026-08-05T10:19:38.140405,0.0154,-0.0745,1.1526,0.0,EngineIQ_Sensor
2026-08-05T10:19:38.199727,0.0154,-0.0745,1.1526,0.0,EngineIQ_Sensor
2026-08-05T10:19:38.258905,0.0154,-0.0745,1.1526,0.0,EngineIQ_Sensor
2026-08-05T10:19:38.318552,0.0154,-0.0745,1.1526,0.0,EngineIQ_Sensor
2026-08-05T10:19:38.320401,0.0154,-0.0745,1.1526,0.0,EngineIQ_Sensor
2026-08-05T10:19:38.739870,0.0154,-0.0745,1.1526,0.0,EngineIQ_Sensor
2026-08-05T10:19:38.799010,0.0154,-0.0745,1.1526,0.0,EngineIQ_Sensor
2026-08-05T10:19:38.858388,0.0154,-0.0745,1.1526,0.0,EngineIQ_Sensor
2026-08-05T10:19:38.860524,0.0154,-0.0745,1.1526,0.0,EngineIQ_Sensor
2026-08-05T10:19:38.920012,0.0154,-0.0745,1.1526,0.0,EngineIQ_Sensor
2026-08-05T10:19:38.986551,0.0154,-0.0745,1.1526,0.0,EngineIQ_Sensor
2026-08-05T10:19:39.052993,0.0154,-0.0745,1.1526,0.0,EngineIQ_Sensor
2026-08-05T10:19:39.053306,0.0154,-0.0745,1.1526,0.0,EngineIQ_Sensor
2026-08-05T10:19:39.111307,0.0154,-0.0745,1.1526,0.0,EngineIQ_Sensor
2026-08-05T10:19:39.173352,0.0154,-0.0745,1.1526,0.0,EngineIQ_Sensor
2026-08-05T10:19:39.218256,0.0154,-0.0745,1.1526,0.0,EngineIQ_Sensor
2026-08-05T10:19:39.220433,0.0154,-0.0745,1.1526,0.0,EngineIQ_Sensor
2026-08-05T10:19:39.279801,0.0154,-0.0745,1.1526,0.0,EngineIQ_Sensor
2026-08-05T10:19:39.759650,0.0154,-0.0745,1.1526,0.0,EngineIQ_Sensor
2026-08-05T10:19:39.818882,0.0154,-0.0745,1.1526,0.0,EngineIQ_Sensor
2026-08-05T10:19:39.879663,0.0154,-0.0745,1.1526,0.0,EngineIQ_Sensor
2026-08-05T10:19:39.938848,0.0154,-0.0745,1.1526,0.0,EngineIQ_Sensor
2026-08-05T10:19:39.998336,0.0154,-0.0745,1.1526,0.0,EngineIQ_Sensor
2026-08-05T10:19:40.000349,0.0154,-0.0745,1.1526,0.0,EngineIQ_Sensor
2026-08-05T10:19:40.059784,0.0154,-0.0745,1.1526,0.0,EngineIQ_Sensor
2026-08-05T10:19:40.118915,0.0154,-0.0745,1.1526,0.0,EngineIQ_Sensor
2026-08-05T10:19:40.178284,0.0154,-0.0745,1.1526,0.0,EngineIQ_Sensor
2026-08-05T10:19:40.180515,0.0154,-0.0745,1.1526,0.0,EngineIQ_Sensor
2026-08-05T10:19:40.239746,0.0154,-0.0745,1.1526,0.0,EngineIQ_Sensor
2026-08-05T10:19:40.298980,0.0154,-0.0745,1.1526,0.0,EngineIQ_Sensor
2026-08-05T10:19:40.358467,0.0154,-0.0745,1.1526,0.0,EngineIQ_Sensor
2026-08-05T10:19:40.720321,0.0154,-0.0745,1.1526,0.0,EngineIQ_Sensor
2026-08-05T10:19:40.779812,0.0154,-0.0745,1.1526,0.0,EngineIQ_Sensor
2026-08-05T10:19:40.839042,0.0154,-0.0745,1.1526,0.0,EngineIQ_Sensor
2026-08-05T10:19:40.898513,0.0154,-0.0745,1.1526,0.0,EngineIQ_Sensor
2026-08-05T10:19:40.900266,0.0154,-0.0745,1.1526,0.0,EngineIQ_Sensor
2026-08-05T10:19:40.959749,0.0154,-0.0745,1.1526,0.0,EngineIQ_Sensor
2026-08-05T10:19:41.019057,0.0154,-0.0745,1.1526,0.0,EngineIQ_Sensor
2026-08-05T10:19:41.078324,0.0154,-0.0745,1.1526,0.0,EngineIQ_Sensor
2026-08-05T10:19:41.080229,0.0154,-0.0745,1.1526,0.0,EngineIQ_Sensor
2026-08-05T10:19:41.139730,0.0154,-0.0745,1.1526,0.0,EngineIQ_Sensor
2026-08-05T10:19:41.199117,0.0154,-0.0745,1.1526,0.0,EngineIQ_Sensor
2026-08-05T10:19:41.258455,0.0154,-0.0745,1.1526,0.0,EngineIQ_Sensor
2026-08-05T10:19:41.260322,0.0154,-0.0745,1.1526,0.0,EngineIQ_Sensor
2026-08-05T10:19:41.739714,0.0154,-0.0745,1.1526,0.0,EngineIQ_Sensor
2026-08-05T10:19:41.798989,0.0154,-0.0745,1.1526,0.0,EngineIQ_Sensor
2026-08-05T10:19:41.858279,0.0154,-0.0745,1.1526,0.0,EngineIQ_Sensor
2026-08-05T10:19:41.860474,0.0154,-0.0745,1.1526,0.0,EngineIQ_Sensor
2026-08-05T10:19:41.919704,0.0154,-0.0745,1.1526,0.0,EngineIQ_Sensor
2026-08-05T10:19:42.038937,0.0154,-0.0745,1.1526,0.0,EngineIQ_Sensor
2026-08-05T10:19:42.098385,0.0154,-0.0745,1.1526,0.0,EngineIQ_Sensor
2026-08-05T10:19:42.100238,0.0154,-0.0745,1.1526,0.0,EngineIQ_Sensor
2026-08-05T10:19:42.159788,0.0154,-0.0745,1.1526,0.0,EngineIQ_Sensor
2026-08-05T10:19:42.218917,0.0154,-0.0745,1.1526,0.0,EngineIQ_Sensor
2026-08-05T10:19:42.338316,0.0154,-0.0745,1.1526,0.0,EngineIQ_Sensor
2026-08-05T10:19:42.340378,0.0154,-0.0745,1.1526,0.0,EngineIQ_Sensor
2026-08-05T10:19:42.399939,0.0154,-0.0745,1.1526,0.0,EngineIQ_Sensor
2026-08-05T10:19:42.759795,0.0154,-0.0745,1.1526,0.0,EngineIQ_Sensor
2026-08-05T10:19:42.818946,0.0154,-0.0745,1.1526,0.0,EngineIQ_Sensor
2026-08-05T10:19:42.878341,0.0154,-0.0745,1.1526,0.0,EngineIQ_Sensor
2026-08-05T10:19:42.880230,0.0154,-0.0745,1.1526,0.0,EngineIQ_Sensor
2026-08-05T10:19:42.939727,0.0154,-0.0745,1.1526,0.0,EngineIQ_Sensor
2026-08-05T10:19:42.998998,0.0154,-0.0745,1.1526,0.0,EngineIQ_Sensor
2026-08-05T10:19:43.058335,0.0154,-0.0745,1.1526,0.0,EngineIQ_Sensor
2026-08-05T10:19:43.060178,0.0154,-0.0745,1.1526,0.0,EngineIQ_Sensor
2026-08-05T10:19:43.119693,0.0154,-0.0745,1.1526,0.0,EngineIQ_Sensor
2026-08-05T10:19:43.178907,0.0154,-0.0745,1.1526,0.0,EngineIQ_Sensor
2026-08-05T10:19:43.238371,0.0154,-0.0745,1.1526,0.0,EngineIQ_Sensor
2026-08-05T10:19:43.240234,0.0154,-0.0745,1.1526,0.0,EngineIQ_Sensor
2026-08-05T10:19:43.358481,0.0154,-0.0745,1.1526,0.0,EngineIQ_Sensor
2026-08-05T10:19:43.719714,0.0154,-0.0745,1.1526,0.0,EngineIQ_Sensor
2026-08-05T10:19:43.779503,0.0154,-0.0745,1.1526,0.0,EngineIQ_Sensor
2026-08-05T10:19:43.898557,0.0154,-0.0745,1.1526,0.0,EngineIQ_Sensor
2026-08-05T10:19:43.900365,0.0154,-0.0745,1.1526,0.0,EngineIQ_Sensor
2026-08-05T10:19:43.959685,0.0154,-0.0745,1.1526,0.0,EngineIQ_Sensor
2026-08-05T10:19:44.019077,0.0154,-0.0745,1.1526,0.0,EngineIQ_Sensor
2026-08-05T10:19:44.078203,0.0154,-0.0745,1.1526,0.0,EngineIQ_Sensor
2026-08-05T10:19:44.080244,0.0154,-0.0745,1.1526,0.0,EngineIQ_Sensor
2026-08-05T10:19:44.139624,0.0154,-0.0745,1.1526,0.0,EngineIQ_Sensor
2026-08-05T10:19:44.198924,0.0154,-0.0745,1.1526,0.0,EngineIQ_Sensor
2026-08-05T10:19:44.258256,0.0154,-0.0745,1.1526,0.0,EngineIQ_Sensor
2026-08-05T10:19:44.378919,0.0154,-0.0745,1.1526,0.0,EngineIQ_Sensor
2026-08-05T10:19:44.438302,0.0154,-0.0745,1.1526,0.0,EngineIQ_Sensor
2026-08-05T10:19:44.739608,0.0154,-0.0745,1.1526,0.0,EngineIQ_Sensor
2026-08-05T10:19:44.798875,0.0154,-0.0745,1.1526,0.0,EngineIQ_Sensor
2026-08-05T10:19:44.858301,0.0154,-0.0745,1.1526,0.0,EngineIQ_Sensor
2026-08-05T10:19:44.860301,0.0154,-0.0745,1.1526,0.0,EngineIQ_Sensor
2026-08-05T10:19:44.919578,0.0154,-0.0745,1.1526,0.0,EngineIQ_Sensor
2026-08-05T10:19:44.978991,0.0154,-0.0745,1.1526,0.0,EngineIQ_Sensor
2026-08-05T10:19:45.038357,0.0154,-0.0745,1.1526,0.0,EngineIQ_Sensor
2026-08-05T10:19:45.040211,0.0154,-0.0745,1.1526,0.0,EngineIQ_Sensor
2026-08-05T10:19:45.099608,0.0154,-0.0745,1.1526,0.0,EngineIQ_Sensor
2026-08-05T10:19:45.158912,0.0154,-0.0745,1.1526,0.0,EngineIQ_Sensor
2026-08-05T10:19:45.218426,0.0154,-0.0745,1.1526,0.0,EngineIQ_Sensor
2026-08-05T10:19:45.220505,0.0154,-0.0745,1.1526,0.0,EngineIQ_Sensor
2026-08-05T10:19:45.339014,0.0154,-0.0745,1.1526,0.0,EngineIQ_Sensor
2026-08-05T10:19:45.759522,0.0154,-0.0745,1.1526,0.0,EngineIQ_Sensor
2026-08-05T10:19:45.818880,0.0154,-0.0745,1.1526,0.0,EngineIQ_Sensor
2026-08-05T10:19:45.878479,0.0154,-0.0745,1.1526,0.0,EngineIQ_Sensor
2026-08-05T10:19:45.880136,0.0154,-0.0745,1.1526,0.0,EngineIQ_Sensor
2026-08-05T10:19:45.958033,0.0154,-0.0745,1.1526,0.0,EngineIQ_Sensor
2026-08-05T10:19:46.033957,0.0154,-0.0745,1.1526,0.0,EngineIQ_Sensor
2026-08-05T10:19:46.123971,0.0154,-0.0745,1.1526,0.0,EngineIQ_Sensor
2026-08-05T10:19:46.124241,0.0154,-0.0745,1.1526,0.0,EngineIQ_Sensor
2026-08-05T10:19:46.179636,0.0154,-0.0745,1.1526,0.0,EngineIQ_Sensor
2026-08-05T10:19:46.238785,0.0154,-0.0745,1.1526,0.0,EngineIQ_Sensor
2026-08-05T10:19:46.298327,0.0154,-0.0745,1.1526,0.0,EngineIQ_Sensor
2026-08-05T10:19:46.358918,0.0154,-0.0745,1.1526,0.0,EngineIQ_Sensor
2026-08-05T10:19:46.478410,0.0154,-0.0745,1.1526,0.0,EngineIQ_Sensor
2026-08-05T10:19:46.807505,0.0154,-0.0745,1.1526,0.0,EngineIQ_Sensor
2026-08-05T10:19:46.838176,0.0154,-0.0745,1.1526,0.0,EngineIQ_Sensor
2026-08-05T10:19:46.840241,0.0154,-0.0745,1.1526,0.0,EngineIQ_Sensor
2026-08-05T10:19:46.899588,0.0154,-0.0745,1.1526,0.0,EngineIQ_Sensor
2026-08-05T10:19:46.958750,0.0154,-0.0745,1.1526,0.0,EngineIQ_Sensor
2026-08-05T10:19:47.018087,0.0154,-0.0745,1.1526,0.0,EngineIQ_Sensor
2026-08-05T10:19:47.020063,0.0154,-0.0745,1.1526,0.0,EngineIQ_Sensor
2026-08-05T10:19:47.139569,0.0154,-0.0745,1.1526,0.0,EngineIQ_Sensor
2026-08-05T10:19:47.199238,0.0154,-0.0745,1.1526,0.0,EngineIQ_Sensor
2026-08-05T10:19:47.258255,0.0154,-0.0745,1.1526,0.0,EngineIQ_Sensor
2026-08-05T10:19:47.260242,0.0154,-0.0745,1.1526,0.0,EngineIQ_Sensor
2026-08-05T10:19:47.319562,0.0154,-0.0745,1.1526,0.0,EngineIQ_Sensor
2026-08-05T10:19:47.378873,0.0154,-0.0745,1.1526,0.0,EngineIQ_Sensor
2026-08-05T10:19:47.739583,0.0154,-0.0745,1.1526,0.0,EngineIQ_Sensor
2026-08-05T10:19:47.858161,0.0154,-0.0745,1.1526,0.0,EngineIQ_Sensor
2026-08-05T10:19:47.860097,0.0154,-0.0745,1.1526,0.0,EngineIQ_Sensor
2026-08-05T10:19:47.919641,0.0154,-0.0745,1.1526,0.0,EngineIQ_Sensor
2026-08-05T10:19:47.978934,0.0154,-0.0745,1.1526,0.0,EngineIQ_Sensor
2026-08-05T10:19:48.038194,0.0154,-0.0745,1.1526,0.0,EngineIQ_Sensor
2026-08-05T10:19:48.040392,0.0154,-0.0745,1.1526,0.0,EngineIQ_Sensor
2026-08-05T10:19:48.099563,0.0154,-0.0745,1.1526,0.0,EngineIQ_Sensor
2026-08-05T10:19:48.158952,0.0154,-0.0745,1.1526,0.0,EngineIQ_Sensor
2026-08-05T10:19:48.218149,0.0154,-0.0745,1.1526,0.0,EngineIQ_Sensor
2026-08-05T10:19:48.220152,0.0154,-0.0745,1.1526,0.0,EngineIQ_Sensor
2026-08-05T10:19:48.279572,0.0154,-0.0745,1.1526,0.0,EngineIQ_Sensor
2026-08-05T10:19:48.398404,0.0154,-0.0745,1.1526,0.0,EngineIQ_Sensor
2026-08-05T10:19:48.759566,0.0154,-0.0745,1.1526,0.0,EngineIQ_Sensor
2026-08-05T10:19:48.879015,0.0154,-0.0745,1.1526,0.0,EngineIQ_Sensor
2026-08-05T10:19:48.938001,0.0154,-0.0745,1.1526,0.0,EngineIQ_Sensor
2026-08-05T10:19:48.939985,0.0154,-0.0745,1.1526,0.0,EngineIQ_Sensor
2026-08-05T10:19:48.999566,0.0154,-0.0745,1.1526,0.0,EngineIQ_Sensor
2026-08-05T10:19:49.058896,0.0154,-0.0745,1.1526,0.0,EngineIQ_Sensor
2026-08-05T10:19:49.118150,0.0154,-0.0745,1.1526,0.0,EngineIQ_Sensor
2026-08-05T10:19:49.120025,0.0154,-0.0745,1.1526,0.0,EngineIQ_Sensor
2026-08-05T10:19:49.179594,0.0154,-0.0745,1.1526,0.0,EngineIQ_Sensor
2026-08-05T10:19:49.238903,0.0154,-0.0745,1.1526,0.0,EngineIQ_Sensor
2026-08-05T10:19:49.298138,0.0154,-0.0745,1.1526,0.0,EngineIQ_Sensor
2026-08-05T10:19:49.300086,0.0154,-0.0745,1.1526,0.0,EngineIQ_Sensor
2026-08-05T10:19:49.359987,0.0154,-0.0745,1.1526,0.0,EngineIQ_Sensor
2026-08-05T10:19:49.719722,0.0154,-0.0745,1.1526,0.0,EngineIQ_Sensor
2026-08-05T10:19:49.779529,0.0154,-0.0745,1.1526,0.0,EngineIQ_Sensor
2026-08-05T10:19:49.838776,0.0154,-0.0745,1.1526,0.0,EngineIQ_Sensor
2026-08-05T10:19:49.898210,0.0154,-0.0745,1.1526,0.0,EngineIQ_Sensor
2026-08-05T10:19:49.900162,0.0154,-0.0745,1.1526,0.0,EngineIQ_Sensor
2026-08-05T10:19:49.959602,0.0154,-0.0745,1.1526,0.0,EngineIQ_Sensor
2026-08-05T10:19:50.018785,0.0154,-0.0745,1.1526,0.0,EngineIQ_Sensor
2026-08-05T10:19:50.078194,0.0154,-0.0745,1.1526,0.0,EngineIQ_Sensor
2026-08-05T10:19:50.080057,0.0154,-0.0745,1.1526,0.0,EngineIQ_Sensor
2026-08-05T10:19:50.139547,0.0154,-0.0745,1.1526,0.0,EngineIQ_Sensor
2026-08-05T10:19:50.198691,0.0154,-0.0745,1.1526,0.0,EngineIQ_Sensor
2026-08-05T10:19:50.258150,0.0154,-0.0745,1.1526,0.0,EngineIQ_Sensor
2026-08-05T10:19:50.260161,0.0154,-0.0745,1.1526,0.0,EngineIQ_Sensor
2026-08-05T10:19:50.739604,0.0154,-0.0745,1.1526,0.0,EngineIQ_Sensor
2026-08-05T10:19:50.798752,0.0154,-0.0745,1.1526,0.0,EngineIQ_Sensor
2026-08-05T10:19:50.858110,0.0154,-0.0745,1.1526,0.0,EngineIQ_Sensor
2026-08-05T10:19:50.860181,0.0154,-0.0745,1.1526,0.0,EngineIQ_Sensor
2026-08-05T10:19:50.919543,0.0154,-0.0745,1.1526,0.0,EngineIQ_Sensor
2026-08-05T10:19:50.978741,0.0154,-0.0745,1.1526,0.0,EngineIQ_Sensor
2026-08-05T10:19:51.098138,0.0154,-0.0745,1.1526,0.0,EngineIQ_Sensor
2026-08-05T10:19:51.100146,0.0154,-0.0745,1.1526,0.0,EngineIQ_Sensor
2026-08-05T10:19:51.159477,0.0154,-0.0745,1.1526,0.0,EngineIQ_Sensor
2026-08-05T10:19:51.278747,0.0154,-0.0745,1.1526,0.0,EngineIQ_Sensor
2026-08-05T10:19:51.338022,0.0154,-0.0745,1.1526,0.0,EngineIQ_Sensor
2026-08-05T10:19:51.340120,0.0154,-0.0745,1.1526,0.0,EngineIQ_Sensor
2026-08-05T10:19:51.399503,0.0154,-0.0745,1.1526,0.0,EngineIQ_Sensor
2026-08-05T10:19:51.759465,0.0154,-0.0745,1.1526,0.0,EngineIQ_Sensor
2026-08-05T10:19:51.818803,0.0154,-0.0745,1.1526,0.0,EngineIQ_Sensor
2026-08-05T10:19:51.878215,0.0154,-0.0745,1.1526,0.0,EngineIQ_Sensor
2026-08-05T10:19:51.880155,0.0154,-0.0745,1.1526,0.0,EngineIQ_Sensor
2026-08-05T10:19:51.998104,0.0154,-0.0745,1.1526,0.0,EngineIQ_Sensor
2026-08-05T10:19:52.000058,0.0154,-0.0745,1.1526,0.0,EngineIQ_Sensor
2026-08-05T10:19:52.059471,0.0154,-0.0745,1.1526,0.0,EngineIQ_Sensor
2026-08-05T10:19:52.118769,0.0154,-0.0745,1.1526,0.0,EngineIQ_Sensor
2026-08-05T10:19:52.178191,0.0154,-0.0745,1.1526,0.0,EngineIQ_Sensor
2026-08-05T10:19:52.180038,0.0154,-0.0745,1.1526,0.0,EngineIQ_Sensor
2026-08-05T10:19:52.239389,0.0154,-0.0745,1.1526,0.0,EngineIQ_Sensor
2026-08-05T10:19:52.298759,0.0154,-0.0745,1.1526,0.0,EngineIQ_Sensor
2026-08-05T10:19:52.358132,0.0154,-0.0745,1.1526,0.0,EngineIQ_Sensor
2026-08-05T10:19:52.719465,0.0154,-0.0745,1.1526,0.0,EngineIQ_Sensor
2026-08-05T10:19:52.779311,0.0154,-0.0745,1.1526,0.0,EngineIQ_Sensor
2026-08-05T10:19:52.838754,0.0154,-0.0745,1.1526,0.0,EngineIQ_Sensor
2026-08-05T10:19:52.898174,0.0154,-0.0745,1.1526,0.0,EngineIQ_Sensor
2026-08-05T10:19:52.900052,0.0154,-0.0745,1.1526,0.0,EngineIQ_Sensor
2026-08-05T10:19:53.078068,0.0154,-0.0745,1.1526,0.0,EngineIQ_Sensor
2026-08-05T10:19:53.139429,0.0154,-0.0745,1.1526,0.0,EngineIQ_Sensor
2026-08-05T10:19:53.198741,0.0154,-0.0745,1.1526,0.0,EngineIQ_Sensor
2026-08-05T10:19:53.319502,0.0154,-0.0745,1.1526,0.0,EngineIQ_Sensor
2026-08-05T10:19:53.438769,0.0154,-0.0745,1.1526,0.0,EngineIQ_Sensor
2026-08-05T10:19:53.498274,0.0154,-0.0745,1.1526,0.0,EngineIQ_Sensor
2026-08-05T10:19:53.499915,0.0154,-0.0745,1.1526,0.0,EngineIQ_Sensor
2026-08-05T10:19:53.559614,0.0154,-0.0745,1.1526,0.0,EngineIQ_Sensor
2026-08-05T10:19:53.739452,0.0154,-0.0745,1.1526,0.0,EngineIQ_Sensor
2026-08-05T10:19:53.798701,0.0154,-0.0745,1.1526,0.0,EngineIQ_Sensor
2026-08-05T10:19:53.858081,0.0154,-0.0745,1.1526,0.0,EngineIQ_Sensor
2026-08-05T10:19:53.860048,0.0154,-0.0745,1.1526,0.0,EngineIQ_Sensor
2026-08-05T10:19:53.919400,0.0154,-0.0745,1.1526,0.0,EngineIQ_Sensor
2026-08-05T10:19:53.978750,0.0154,-0.0745,1.1526,0.0,EngineIQ_Sensor
2026-08-05T10:19:54.038154,0.0154,-0.0745,1.1526,0.0,EngineIQ_Sensor
2026-08-05T10:19:54.098204,0.0154,-0.0745,1.1526,0.0,EngineIQ_Sensor
2026-08-05T10:19:54.099967,0.0154,-0.0745,1.1526,0.0,EngineIQ_Sensor
2026-08-05T10:19:54.159234,0.0154,-0.0745,1.1526,0.0,EngineIQ_Sensor
2026-08-05T10:19:54.218754,0.0154,-0.0745,1.1526,0.0,EngineIQ_Sensor
2026-08-05T10:19:54.278254,0.0154,-0.0745,1.1526,0.0,EngineIQ_Sensor
2026-08-05T10:19:54.280268,0.0154,-0.0745,1.1526,0.0,EngineIQ_Sensor
2026-08-05T10:19:54.759245,0.0154,-0.0745,1.1526,0.0,EngineIQ_Sensor
2026-08-05T10:19:54.818564,0.0154,-0.0745,1.1526,0.0,EngineIQ_Sensor
2026-08-05T10:19:54.878002,0.0154,-0.0745,1.1526,0.0,EngineIQ_Sensor
2026-08-05T10:19:54.879885,0.0154,-0.0745,1.1526,0.0,EngineIQ_Sensor
2026-08-05T10:19:54.939411,0.0154,-0.0745,1.1526,0.0,EngineIQ_Sensor
2026-08-05T10:19:54.998728,0.0154,-0.0745,1.1526,0.0,EngineIQ_Sensor
2026-08-05T10:19:55.057902,0.0154,-0.0745,1.1526,0.0,EngineIQ_Sensor
2026-08-05T10:19:55.059694,0.0154,-0.0745,1.1526,0.0,EngineIQ_Sensor
2026-08-05T10:19:55.119394,0.0154,-0.0745,1.1526,0.0,EngineIQ_Sensor
2026-08-05T10:19:55.178653,0.0154,-0.0745,1.1526,0.0,EngineIQ_Sensor
2026-08-05T10:19:55.237850,0.0154,-0.0745,1.1526,0.0,EngineIQ_Sensor
2026-08-05T10:19:55.239878,0.0154,-0.0745,1.1526,0.0,EngineIQ_Sensor
2026-08-05T10:19:55.299502,0.0154,-0.0745,1.1526,0.0,EngineIQ_Sensor
2026-08-05T10:19:55.719827,0.0154,-0.0745,1.1526,0.0,EngineIQ_Sensor
2026-08-05T10:19:55.813389,0.0154,-0.0745,1.1526,0.0,EngineIQ_Sensor
2026-08-05T10:19:55.849494,0.0154,-0.0745,1.1526,0.0,EngineIQ_Sensor
2026-08-05T10:19:55.930466,0.0154,-0.0745,1.1526,0.0,EngineIQ_Sensor
2026-08-05T10:19:55.930776,0.0154,-0.0745,1.1526,0.0,EngineIQ_Sensor
2026-08-05T10:19:55.984522,0.0154,-0.0745,1.1526,0.0,EngineIQ_Sensor
2026-08-05T10:19:56.037307,0.0154,-0.0745,1.1526,0.0,EngineIQ_Sensor
2026-08-05T10:19:56.087552,0.0154,-0.0745,1.1526,0.0,EngineIQ_Sensor
2026-08-05T10:19:56.087862,0.0154,-0.0745,1.1526,0.0,EngineIQ_Sensor
2026-08-05T10:19:56.139168,0.0154,-0.0745,1.1526,0.0,EngineIQ_Sensor
2026-08-05T10:19:56.217996,0.0154,-0.0745,1.1526,0.0,EngineIQ_Sensor
2026-08-05T10:19:56.257837,0.0154,-0.0745,1.1526,0.0,EngineIQ_Sensor
2026-08-05T10:19:56.259921,0.0154,-0.0745,1.1526,0.0,EngineIQ_Sensor
2026-08-05T10:19:56.739677,0.0154,-0.0745,1.1526,0.0,EngineIQ_Sensor
2026-08-05T10:19:56.798593,0.0154,-0.0745,1.1526,0.0,EngineIQ_Sensor
2026-08-05T10:19:56.895423,0.0154,-0.0745,1.1526,0.0,EngineIQ_Sensor
2026-08-05T10:19:56.895727,0.0154,-0.0745,1.1526,0.0,EngineIQ_Sensor
2026-08-05T10:19:57.016104,0.0154,-0.0745,1.1526,0.0,EngineIQ_Sensor
2026-08-05T10:19:57.017702,0.0154,-0.0745,1.1526,0.0,EngineIQ_Sensor
2026-08-05T10:19:57.038002,0.0154,-0.0745,1.1526,0.0,EngineIQ_Sensor
2026-08-05T10:19:57.040391,0.0154,-0.0745,1.1526,0.0,EngineIQ_Sensor
2026-08-05T10:19:57.250586,0.0154,-0.0745,1.1526,0.0,EngineIQ_Sensor
2026-08-05T10:19:57.337887,0.0154,-0.0745,1.1526,0.0,EngineIQ_Sensor
2026-08-05T10:19:57.339976,0.0154,-0.0745,1.1526,0.0,EngineIQ_Sensor
2026-08-05T10:19:57.399346,0.0154,-0.0745,1.1526,0.0,EngineIQ_Sensor
2026-08-05T10:19:57.458751,0.0154,-0.0745,1.1526,0.0,EngineIQ_Sensor
2026-08-05T10:19:57.759167,0.0154,-0.0745,1.1526,0.0,EngineIQ_Sensor
2026-08-05T10:19:57.818793,0.0154,-0.0745,1.1526,0.0,EngineIQ_Sensor
2026-08-05T10:19:57.877857,0.0154,-0.0745,1.1526,0.0,EngineIQ_Sensor
2026-08-05T10:19:57.879916,0.0154,-0.0745,1.1526,0.0,EngineIQ_Sensor
2026-08-05T10:19:57.939415,0.0154,-0.0745,1.1526,0.0,EngineIQ_Sensor
2026-08-05T10:19:57.998450,0.0154,-0.0745,1.1526,0.0,EngineIQ_Sensor
2026-08-05T10:19:58.057792,0.0154,-0.0745,1.1526,0.0,EngineIQ_Sensor
2026-08-05T10:19:58.059786,0.0154,-0.0745,1.1526,0.0,EngineIQ_Sensor
2026-08-05T10:19:58.119341,0.0154,-0.0745,1.1526,0.0,EngineIQ_Sensor
2026-08-05T10:19:58.178403,0.0154,-0.0745,1.1526,0.0,EngineIQ_Sensor
2026-08-05T10:19:58.237969,0.0154,-0.0745,1.1526,0.0,EngineIQ_Sensor
2026-08-05T10:19:58.239944,0.0154,-0.0745,1.1526,0.0,EngineIQ_Sensor
2026-08-05T10:19:58.299380,0.0154,-0.0745,1.1526,0.0,EngineIQ_Sensor
2026-08-05T10:19:58.719376,0.0154,-0.0745,1.1526,0.0,EngineIQ_Sensor
2026-08-05T10:19:58.779134,0.0154,-0.0745,1.1526,0.0,EngineIQ_Sensor
2026-08-05T10:19:58.838605,0.0154,-0.0745,1.1526,0.0,EngineIQ_Sensor
2026-08-05T10:19:58.898056,0.0154,-0.0745,1.1526,0.0,EngineIQ_Sensor
2026-08-05T10:19:58.899889,0.0154,-0.0745,1.1526,0.0,EngineIQ_Sensor
2026-08-05T10:19:58.959453,0.0154,-0.0745,1.1526,0.0,EngineIQ_Sensor
2026-08-05T10:19:59.018582,0.0154,-0.0745,1.1526,0.0,EngineIQ_Sensor
2026-08-05T10:19:59.077970,0.0154,-0.0745,1.1526,0.0,EngineIQ_Sensor
2026-08-05T10:19:59.079974,0.0154,-0.0745,1.1526,0.0,EngineIQ_Sensor
2026-08-05T10:19:59.139114,0.0154,-0.0745,1.1526,0.0,EngineIQ_Sensor
2026-08-05T10:19:59.198596,0.0154,-0.0745,1.1526,0.0,EngineIQ_Sensor
2026-08-05T10:19:59.258627,0.0154,-0.0745,1.1526,0.0,EngineIQ_Sensor
2026-08-05T10:19:59.319580,0.0154,-0.0745,1.1526,0.0,EngineIQ_Sensor
2026-08-05T10:19:59.739107,0.0154,-0.0745,1.1526,0.0,EngineIQ_Sensor
2026-08-05T10:19:59.798601,0.0154,-0.0745,1.1526,0.0,EngineIQ_Sensor
2026-08-05T10:19:59.857937,0.0154,-0.0745,1.1526,0.0,EngineIQ_Sensor
2026-08-05T10:19:59.859878,0.0154,-0.0745,1.1526,0.0,EngineIQ_Sensor
2026-08-05T10:19:59.919173,0.0154,-0.0745,1.1526,0.0,EngineIQ_Sensor
2026-08-05T10:20:00.038003,0.0154,-0.0745,1.1526,0.0,EngineIQ_Sensor
2026-08-05T10:20:00.039890,0.0154,-0.0745,1.1526,0.0,EngineIQ_Sensor
2026-08-05T10:20:00.099119,0.0154,-0.0745,1.1526,0.0,EngineIQ_Sensor
2026-08-05T10:20:00.158620,0.0154,-0.0745,1.1526,0.0,EngineIQ_Sensor
2026-08-05T10:20:00.218083,0.0154,-0.0745,1.1526,0.0,EngineIQ_Sensor
2026-08-05T10:20:00.219872,0.0154,-0.0745,1.1526,0.0,EngineIQ_Sensor
2026-08-05T10:20:00.279261,0.0154,-0.0745,1.1526,0.0,EngineIQ_Sensor
2026-08-05T10:20:00.338691,0.0154,-0.0745,1.1526,0.0,EngineIQ_Sensor
2026-08-05T10:20:00.759301,0.0154,-0.0745,1.1526,0.0,EngineIQ_Sensor
2026-08-05T10:20:00.818581,0.0154,-0.0745,1.1526,0.0,EngineIQ_Sensor
2026-08-05T10:20:00.877998,0.0154,-0.0745,1.1526,0.0,EngineIQ_Sensor
2026-08-05T10:20:00.879971,0.0154,-0.0745,1.1526,0.0,EngineIQ_Sensor
2026-08-05T10:20:00.939235,0.0154,-0.0745,1.1526,0.0,EngineIQ_Sensor
2026-08-05T10:20:00.998513,0.0154,-0.0745,1.1526,0.0,EngineIQ_Sensor
2026-08-05T10:20:01.058007,0.0154,-0.0745,1.1526,0.0,EngineIQ_Sensor
2026-08-05T10:20:01.059865,0.0154,-0.0745,1.1526,0.0,EngineIQ_Sensor
2026-08-05T10:20:01.119216,0.0154,-0.0745,1.1526,0.0,EngineIQ_Sensor
2026-08-05T10:20:01.178524,0.0154,-0.0745,1.1526,0.0,EngineIQ_Sensor
2026-08-05T10:20:01.238349,0.0154,-0.0745,1.1526,0.0,EngineIQ_Sensor
2026-08-05T10:20:01.239754,0.0154,-0.0745,1.1526,0.0,EngineIQ_Sensor
2026-08-05T10:20:01.299258,0.0154,-0.0745,1.1526,0.0,EngineIQ_Sensor
2026-08-05T10:20:01.719334,0.0154,-0.0745,1.1526,0.0,EngineIQ_Sensor
2026-08-05T10:20:01.779325,0.0154,-0.0745,1.1526,0.0,EngineIQ_Sensor
2026-08-05T10:20:01.838638,0.0154,-0.0745,1.1526,0.0,EngineIQ_Sensor
2026-08-05T10:20:01.897991,0.0154,-0.0745,1.1526,0.0,EngineIQ_Sensor
2026-08-05T10:20:01.900081,0.0154,-0.0745,1.1526,0.0,EngineIQ_Sensor
2026-08-05T10:20:01.959199,0.0154,-0.0745,1.1526,0.0,EngineIQ_Sensor
2026-08-05T10:20:02.018481,0.0154,-0.0745,1.1526,0.0,EngineIQ_Sensor
2026-08-05T10:20:02.077934,0.0154,-0.0745,1.1526,0.0,EngineIQ_Sensor
2026-08-05T10:20:02.079828,0.0154,-0.0745,1.1526,0.0,EngineIQ_Sensor
2026-08-05T10:20:02.139370,0.0154,-0.0745,1.1526,0.0,EngineIQ_Sensor
2026-08-05T10:20:02.198505,0.0154,-0.0745,1.1526,0.0,EngineIQ_Sensor
2026-08-05T10:20:02.257873,0.0154,-0.0745,1.1526,0.0,EngineIQ_Sensor
2026-08-05T10:20:02.260121,0.0154,-0.0745,1.1526,0.0,EngineIQ_Sensor
2026-08-05T10:20:02.739261,0.0154,-0.0745,1.1526,0.0,EngineIQ_Sensor
2026-08-05T10:20:02.798548,0.0154,-0.0745,1.1526,0.0,EngineIQ_Sensor
2026-08-05T10:20:02.857831,0.0154,-0.0745,1.1526,0.0,EngineIQ_Sensor
2026-08-05T10:20:02.859987,0.0154,-0.0745,1.1526,0.0,EngineIQ_Sensor
2026-08-05T10:20:02.919187,0.0154,-0.0745,1.1526,0.0,EngineIQ_Sensor
2026-08-05T10:20:02.978454,0.0154,-0.0745,1.1526,0.0,EngineIQ_Sensor
2026-08-05T10:20:03.037627,0.0154,-0.0745,1.1526,0.0,EngineIQ_Sensor
2026-08-05T10:20:03.039763,0.0154,-0.0745,1.1526,0.0,EngineIQ_Sensor
2026-08-05T10:20:03.100156,0.0154,-0.0745,1.1526,0.0,EngineIQ_Sensor
2026-08-05T10:20:03.158437,0.0154,-0.0745,1.1526,0.0,EngineIQ_Sensor
2026-08-05T10:20:03.217806,0.0154,-0.0745,1.1526,0.0,EngineIQ_Sensor
2026-08-05T10:20:03.219728,0.0154,-0.0745,1.1526,0.0,EngineIQ_Sensor
2026-08-05T10:20:03.279266,0.0154,-0.0745,1.1526,0.0,EngineIQ_Sensor
2026-08-05T10:20:03.759209,0.0154,-0.0745,1.1526,0.0,EngineIQ_Sensor
2026-08-05T10:20:03.818426,0.0154,-0.0745,1.1526,0.0,EngineIQ_Sensor
2026-08-05T10:20:03.878036,0.0154,-0.0745,1.1526,0.0,EngineIQ_Sensor
2026-08-05T10:20:03.879885,0.0154,-0.0745,1.1526,0.0,EngineIQ_Sensor
2026-08-05T10:20:03.938924,0.0154,-0.0745,1.1526,0.0,EngineIQ_Sensor
2026-08-05T10:20:03.998211,0.0154,-0.0745,1.1526,0.0,EngineIQ_Sensor
2026-08-05T10:20:04.059145,0.0154,-0.0745,1.1526,0.0,EngineIQ_Sensor
2026-08-05T10:20:04.178391,0.0154,-0.0745,1.1526,0.0,EngineIQ_Sensor
2026-08-05T10:20:04.239003,0.0154,-0.0745,1.1526,0.0,EngineIQ_Sensor
2026-08-05T10:20:04.298399,0.0154,-0.0745,1.1526,0.0,EngineIQ_Sensor
2026-08-05T10:20:04.357830,0.0154,-0.0745,1.1526,0.0,EngineIQ_Sensor
2026-08-05T10:20:04.360124,0.0154,-0.0745,1.1526,0.0,EngineIQ_Sensor
2026-08-05T10:20:04.419443,0.0154,-0.0745,1.1526,0.0,EngineIQ_Sensor
2026-08-05T10:20:04.719225,0.0154,-0.0745,1.1526,0.0,EngineIQ_Sensor
2026-08-05T10:20:04.779164,0.0154,-0.0745,1.1526,0.0,EngineIQ_Sensor
2026-08-05T10:20:04.838226,0.0154,-0.0745,1.1526,0.0,EngineIQ_Sensor
2026-08-05T10:20:04.897958,0.0154,-0.0745,1.1526,0.0,EngineIQ_Sensor
2026-08-05T10:20:04.899719,0.0154,-0.0745,1.1526,0.0,EngineIQ_Sensor
2026-08-05T10:20:04.959194,0.0154,-0.0745,1.1526,0.0,EngineIQ_Sensor
2026-08-05T10:20:05.018419,0.0154,-0.0745,1.1526,0.0,EngineIQ_Sensor
2026-08-05T10:20:05.077772,0.0154,-0.0745,1.1526,0.0,EngineIQ_Sensor
2026-08-05T10:20:05.079936,0.0154,-0.0745,1.1526,0.0,EngineIQ_Sensor
2026-08-05T10:20:05.139657,0.0154,-0.0745,1.1526,0.0,EngineIQ_Sensor
2026-08-05T10:20:05.198484,0.0154,-0.0745,1.1526,0.0,EngineIQ_Sensor
2026-08-05T10:20:05.257744,0.0154,-0.0745,1.1526,0.0,EngineIQ_Sensor
2026-08-05T10:20:05.259758,0.0154,-0.0745,1.1526,0.0,EngineIQ_Sensor
2026-08-05T10:20:05.739195,0.0154,-0.0745,1.1526,0.0,EngineIQ_Sensor
2026-08-05T10:20:05.857750,0.0154,-0.0745,1.1526,0.0,EngineIQ_Sensor
2026-08-05T10:20:05.859702,0.0154,-0.0745,1.1526,0.0,EngineIQ_Sensor
2026-08-05T10:20:05.919039,0.0154,-0.0745,1.1526,0.0,EngineIQ_Sensor
2026-08-05T10:20:05.978319,0.0154,-0.0745,1.1526,0.0,EngineIQ_Sensor
2026-08-05T10:20:06.037867,0.0154,-0.0745,1.1526,0.0,EngineIQ_Sensor
2026-08-05T10:20:06.039746,0.0154,-0.0745,1.1526,0.0,EngineIQ_Sensor
2026-08-05T10:20:06.099195,0.0154,-0.0745,1.1526,0.0,EngineIQ_Sensor
2026-08-05T10:20:06.158308,0.0154,-0.0745,1.1526,0.0,EngineIQ_Sensor
2026-08-05T10:20:06.218106,0.0154,-0.0745,1.1526,0.0,EngineIQ_Sensor
2026-08-05T10:20:06.279391,0.0154,-0.0745,1.1526,0.0,EngineIQ_Sensor
2026-08-05T10:20:06.338226,0.0154,-0.0745,1.1526,0.0,EngineIQ_Sensor
2026-08-05T10:20:06.398002,0.0154,-0.0745,1.1526,0.0,EngineIQ_Sensor
2026-08-05T10:20:06.759148,0.0154,-0.0745,1.1526,0.0,EngineIQ_Sensor
2026-08-05T10:20:06.818367,0.0154,-0.0745,1.1526,0.0,EngineIQ_Sensor
2026-08-05T10:20:06.877829,0.0154,-0.0745,1.1526,0.0,EngineIQ_Sensor
2026-08-05T10:20:06.879705,0.0154,-0.0745,1.1526,0.0,EngineIQ_Sensor
2026-08-05T10:20:06.939194,0.0154,-0.0745,1.1526,0.0,EngineIQ_Sensor
2026-08-05T10:20:06.998445,0.0154,-0.0745,1.1526,0.0,EngineIQ_Sensor
2026-08-05T10:20:07.057925,0.0154,-0.0745,1.1526,0.0,EngineIQ_Sensor
2026-08-05T10:20:07.119191,0.0154,-0.0745,1.1526,0.0,EngineIQ_Sensor
2026-08-05T10:20:07.178393,0.0154,-0.0745,1.1526,0.0,EngineIQ_Sensor
2026-08-05T10:20:07.237732,0.0154,-0.0745,1.1526,0.0,EngineIQ_Sensor
2026-08-05T10:20:07.239692,0.0154,-0.0745,1.1526,0.0,EngineIQ_Sensor
2026-08-05T10:20:07.299074,0.0154,-0.0745,1.1526,0.0,EngineIQ_Sensor
2026-08-05T10:20:07.358631,0.0154,-0.0745,1.1526,0.0,EngineIQ_Sensor
2026-08-05T10:20:07.718974,0.0154,-0.0745,1.1526,0.0,EngineIQ_Sensor
2026-08-05T10:20:07.779104,0.0154,-0.0745,1.1526,0.0,EngineIQ_Sensor
2026-08-05T10:20:07.838446,0.0154,-0.0745,1.1526,0.0,EngineIQ_Sensor
2026-08-05T10:20:07.897870,0.0154,-0.0745,1.1526,0.0,EngineIQ_Sensor
2026-08-05T10:20:07.899784,0.0154,-0.0745,1.1526,0.0,EngineIQ_Sensor
2026-08-05T10:20:07.958859,0.0154,-0.0745,1.1526,0.0,EngineIQ_Sensor
2026-08-05T10:20:08.018333,0.0154,-0.0745,1.1526,0.0,EngineIQ_Sensor
2026-08-05T10:20:08.077838,0.0154,-0.0745,1.1526,0.0,EngineIQ_Sensor
2026-08-05T10:20:08.079696,0.0154,-0.0745,1.1526,0.0,EngineIQ_Sensor
2026-08-05T10:20:08.139081,0.0154,-0.0745,1.1526,0.0,EngineIQ_Sensor
2026-08-05T10:20:08.198330,0.0154,-0.0745,1.1526,0.0,EngineIQ_Sensor
2026-08-05T10:20:08.257806,0.0154,-0.0745,1.1526,0.0,EngineIQ_Sensor
2026-08-05T10:20:08.259804,0.0154,-0.0745,1.1526,0.0,EngineIQ_Sensor
2026-08-05T10:20:08.739117,0.0154,-0.0745,1.1526,0.0,EngineIQ_Sensor
2026-08-05T10:20:08.798372,0.0154,-0.0745,1.1526,0.0,EngineIQ_Sensor
2026-08-05T10:20:08.857797,0.0154,-0.0745,1.1526,0.0,EngineIQ_Sensor
2026-08-05T10:20:08.859558,0.0154,-0.0745,1.1526,0.0,EngineIQ_Sensor
2026-08-05T10:20:08.978304,0.0154,-0.0745,1.1526,0.0,EngineIQ_Sensor
2026-08-05T10:20:09.037680,0.0154,-0.0745,1.1526,0.0,EngineIQ_Sensor
2026-08-05T10:20:09.039580,0.0154,-0.0745,1.1526,0.0,EngineIQ_Sensor
2026-08-05T10:20:09.099050,0.0154,-0.0745,1.1526,0.0,EngineIQ_Sensor
2026-08-05T10:20:09.158384,0.0154,-0.0745,1.1526,0.0,EngineIQ_Sensor
2026-08-05T10:20:09.217826,0.0154,-0.0745,1.1526,0.0,EngineIQ_Sensor
2026-08-05T10:20:09.219518,0.0154,-0.0745,1.1526,0.0,EngineIQ_Sensor
2026-08-05T10:20:09.279018,0.0154,-0.0745,1.1526,0.0,EngineIQ_Sensor
2026-08-05T10:20:09.338501,0.0154,-0.0745,1.1526,0.0,EngineIQ_Sensor
2026-08-05T10:20:09.759022,0.0154,-0.0745,1.1526,0.0,EngineIQ_Sensor
2026-08-05T10:20:09.818447,0.0154,-0.0745,1.1526,0.0,EngineIQ_Sensor
2026-08-05T10:20:09.877804,0.0154,-0.0745,1.1526,0.0,EngineIQ_Sensor
2026-08-05T10:20:09.879527,0.0154,-0.0745,1.1526,0.0,EngineIQ_Sensor
2026-08-05T10:20:09.939012,0.0154,-0.0745,1.1526,0.0,EngineIQ_Sensor
2026-08-05T10:20:09.998424,0.0154,-0.0745,1.1526,0.0,EngineIQ_Sensor
2026-08-05T10:20:10.057923,0.0154,-0.0745,1.1526,0.0,EngineIQ_Sensor
2026-08-05T10:20:10.059506,0.0154,-0.0745,1.1526,0.0,EngineIQ_Sensor
2026-08-05T10:20:10.119081,0.0154,-0.0745,1.1526,0.0,EngineIQ_Sensor
2026-08-05T10:20:10.178466,0.0154,-0.0745,1.1526,0.0,EngineIQ_Sensor
2026-08-05T10:20:10.237815,0.0154,-0.0745,1.1526,0.0,EngineIQ_Sensor
2026-08-05T10:20:10.239808,0.0154,-0.0745,1.1526,0.0,EngineIQ_Sensor
2026-08-05T10:20:10.299150,0.0154,-0.0745,1.1526,0.0,EngineIQ_Sensor
2026-08-05T10:20:10.719272,0.0154,-0.0745,1.1526,0.0,EngineIQ_Sensor
2026-08-05T10:20:10.779198,0.0154,-0.0745,1.1526,0.0,EngineIQ_Sensor
2026-08-05T10:20:10.838360,0.0154,-0.0745,1.1526,0.0,EngineIQ_Sensor
2026-08-05T10:20:10.897723,0.0154,-0.0745,1.1526,0.0,EngineIQ_Sensor
2026-08-05T10:20:10.899605,0.0154,-0.0745,1.1526,0.0,EngineIQ_Sensor
2026-08-05T10:20:10.959055,0.0154,-0.0745,1.1526,0.0,EngineIQ_Sensor
2026-08-05T10:20:11.018292,0.0154,-0.0745,1.1526,0.0,EngineIQ_Sensor
2026-08-05T10:20:11.077860,0.0154,-0.0745,1.1526,0.0,EngineIQ_Sensor
2026-08-05T10:20:11.079827,0.0154,-0.0745,1.1526,0.0,EngineIQ_Sensor
2026-08-05T10:20:11.139008,0.0154,-0.0745,1.1526,0.0,EngineIQ_Sensor
2026-08-05T10:20:11.198266,0.0154,-0.0745,1.1526,0.0,EngineIQ_Sensor
2026-08-05T10:20:11.257647,0.0154,-0.0745,1.1526,0.0,EngineIQ_Sensor
2026-08-05T10:20:11.259506,0.0154,-0.0745,1.1526,0.0,EngineIQ_Sensor
2026-08-05T10:20:11.738833,0.0154,-0.0745,1.1526,0.0,EngineIQ_Sensor
2026-08-05T10:20:11.798218,0.0154,-0.0745,1.1526,0.0,EngineIQ_Sensor
2026-08-05T10:20:11.859478,0.0154,-0.0745,1.1526,0.0,EngineIQ_Sensor
2026-08-05T10:20:11.918945,0.0154,-0.0745,1.1526,0.0,EngineIQ_Sensor
2026-08-05T10:20:11.978185,0.0154,-0.0745,1.1526,0.0,EngineIQ_Sensor
2026-08-05T10:20:12.037821,0.0154,-0.0745,1.1526,0.0,EngineIQ_Sensor
2026-08-05T10:20:12.039553,0.0154,-0.0745,1.1526,0.0,EngineIQ_Sensor
2026-08-05T10:20:12.157645,0.0154,-0.0745,1.1526,0.0,EngineIQ_Sensor
2026-08-05T10:20:12.159513,0.0154,-0.0745,1.1526,0.0,EngineIQ_Sensor
2026-08-05T10:20:12.218827,0.0154,-0.0745,1.1526,0.0,EngineIQ_Sensor
2026-08-05T10:20:12.278228,0.0154,-0.0745,1.1526,0.0,EngineIQ_Sensor
2026-08-05T10:20:12.337631,0.0154,-0.0745,1.1526,0.0,EngineIQ_Sensor
2026-08-05T10:20:12.399203,0.0154,-0.0745,1.1526,0.0,EngineIQ_Sensor
2026-08-05T10:20:12.759065,0.0154,-0.0745,1.1526,0.0,EngineIQ_Sensor
2026-08-05T10:20:12.878251,0.0154,-0.0745,1.1526,0.0,EngineIQ_Sensor
2026-08-05T10:20:12.937613,0.0154,-0.0745,1.1526,0.0,EngineIQ_Sensor
2026-08-05T10:20:12.939663,0.0154,-0.0745,1.1526,0.0,EngineIQ_Sensor
2026-08-05T10:20:13.058999,0.0154,-0.0745,1.1526,0.0,EngineIQ_Sensor
2026-08-05T10:20:13.118411,0.0154,-0.0745,1.1526,0.0,EngineIQ_Sensor
2026-08-05T10:20:13.177591,0.0154,-0.0745,1.1526,0.0,EngineIQ_Sensor
2026-08-05T10:20:13.180339,0.0154,-0.0745,1.1526,0.0,EngineIQ_Sensor
2026-08-05T10:20:13.239376,0.0154,-0.0745,1.1526,0.0,EngineIQ_Sensor
2026-08-05T10:20:13.302013,0.0154,-0.0745,1.1526,0.0,EngineIQ_Sensor
2026-08-05T10:20:13.373542,0.0154,-0.0745,1.1526,0.0,EngineIQ_Sensor
2026-08-05T10:20:13.373899,0.0154,-0.0745,1.1526,0.0,EngineIQ_Sensor
2026-08-05T10:20:13.419288,0.0154,-0.0745,1.1526,0.0,EngineIQ_Sensor
2026-08-05T10:20:13.718922,0.0154,-0.0745,1.1526,0.0,EngineIQ_Sensor
2026-08-05T10:20:13.779101,0.0154,-0.0745,1.1526,0.0,EngineIQ_Sensor
2026-08-05T10:20:13.840578,0.0154,-0.0745,1.1526,0.0,EngineIQ_Sensor
2026-08-05T10:20:13.897620,0.0154,-0.0745,1.1526,0.0,EngineIQ_Sensor
2026-08-05T10:20:13.899575,0.0154,-0.0745,1.1526,0.0,EngineIQ_Sensor
2026-08-05T10:20:13.958987,0.0154,-0.0745,1.1526,0.0,EngineIQ_Sensor
2026-08-05T10:20:14.018231,0.0154,-0.0745,1.1526,0.0,EngineIQ_Sensor
2026-08-05T10:20:14.077634,0.0154,-0.0745,1.1526,0.0,EngineIQ_Sensor
2026-08-05T10:20:14.079443,0.0154,-0.0745,1.1526,0.0,EngineIQ_Sensor
2026-08-05T10:20:14.138857,0.0154,-0.0745,1.1526,0.0,EngineIQ_Sensor
2026-08-05T10:20:14.257787,0.0154,-0.0745,1.1526,0.0,EngineIQ_Sensor
2026-08-05T10:20:14.259593,0.0154,-0.0745,1.1526,0.0,EngineIQ_Sensor
2026-08-05T10:20:14.319057,0.0154,-0.0745,1.1526,0.0,EngineIQ_Sensor
2026-08-05T10:20:14.738699,0.0154,-0.0745,1.1526,0.0,EngineIQ_Sensor
2026-08-05T10:20:14.798144,0.0154,-0.0745,1.1526,0.0,EngineIQ_Sensor
2026-08-05T10:20:14.857494,0.0154,-0.0745,1.1526,0.0,EngineIQ_Sensor
2026-08-05T10:20:14.859619,0.0154,-0.0745,1.1526,0.0,EngineIQ_Sensor
2026-08-05T10:20:14.918654,0.0154,-0.0745,1.1526,0.0,EngineIQ_Sensor
2026-08-05T10:20:14.978081,0.0154,-0.0745,1.1526,0.0,EngineIQ_Sensor
2026-08-05T10:20:15.050035,0.0154,-0.0745,1.1526,0.0,EngineIQ_Sensor
2026-08-05T10:20:15.050370,0.0154,-0.0745,1.1526,0.0,EngineIQ_Sensor
2026-08-05T10:20:15.125040,0.0154,-0.0745,1.1526,0.0,EngineIQ_Sensor
2026-08-05T10:20:15.183289,0.0154,-0.0745,1.1526,0.0,EngineIQ_Sensor
2026-08-05T10:20:15.218735,0.0154,-0.0745,1.1526,0.0,EngineIQ_Sensor
2026-08-05T10:20:15.278066,0.0154,-0.0745,1.1526,0.0,EngineIQ_Sensor
2026-08-05T10:20:15.337798,0.0154,-0.0745,1.1526,0.0,EngineIQ_Sensor
2026-08-05T10:20:15.759243,0.0154,-0.0745,1.1526,0.0,EngineIQ_Sensor
2026-08-05T10:20:15.818377,0.0154,-0.0745,1.1526,0.0,EngineIQ_Sensor
2026-08-05T10:20:15.878680,0.0154,-0.0745,1.1526,0.0,EngineIQ_Sensor
2026-08-05T10:20:15.879955,0.0154,-0.0745,1.1526,0.0,EngineIQ_Sensor
2026-08-05T10:20:15.939460,0.0154,-0.0745,1.1526,0.0,EngineIQ_Sensor
2026-08-05T10:20:15.998165,0.0154,-0.0745,1.1526,0.0,EngineIQ_Sensor
2026-08-05T10:20:16.058493,0.0154,-0.0745,1.1526,0.0,EngineIQ_Sensor
2026-08-05T10:20:16.059706,0.0154,-0.0745,1.1526,0.0,EngineIQ_Sensor
2026-08-05T10:20:16.118616,0.0154,-0.0745,1.1526,0.0,EngineIQ_Sensor
2026-08-05T10:20:16.178389,0.0154,-0.0745,1.1526,0.0,EngineIQ_Sensor
2026-08-05T10:20:16.237543,0.0154,-0.0745,1.1526,0.0,EngineIQ_Sensor
2026-08-05T10:20:16.239553,0.0154,-0.0745,1.1526,0.0,EngineIQ_Sensor
2026-08-05T10:20:16.298963,0.0154,-0.0745,1.1526,0.0,EngineIQ_Sensor
2026-08-05T10:20:16.719236,0.0154,-0.0745,1.1526,0.0,EngineIQ_Sensor
2026-08-05T10:20:16.778870,0.0154,-0.0745,1.1526,0.0,EngineIQ_Sensor
2026-08-05T10:20:16.838350,0.0154,-0.0745,1.1526,0.0,EngineIQ_Sensor
2026-08-05T10:20:16.897558,0.0154,-0.0745,1.1526,0.0,EngineIQ_Sensor
2026-08-05T10:20:16.899525,0.0154,-0.0745,1.1526,0.0,EngineIQ_Sensor
2026-08-05T10:20:17.018163,0.0154,-0.0745,1.1526,0.0,EngineIQ_Sensor
2026-08-05T10:20:17.077627,0.0154,-0.0745,1.1526,0.0,EngineIQ_Sensor
2026-08-05T10:20:17.079486,0.0154,-0.0745,1.1526,0.0,EngineIQ_Sensor
2026-08-05T10:20:17.138808,0.0154,-0.0745,1.1526,0.0,EngineIQ_Sensor
2026-08-05T10:20:17.198202,0.0154,-0.0745,1.1526,0.0,EngineIQ_Sensor
2026-08-05T10:20:17.257881,0.0154,-0.0745,1.1526,0.0,EngineIQ_Sensor
2026-08-05T10:20:17.259554,0.0154,-0.0745,1.1526,0.0,EngineIQ_Sensor
2026-08-05T10:20:17.318940,0.0154,-0.0745,1.1526,0.0,EngineIQ_Sensor
2026-08-05T10:20:17.858269,0.0154,-0.0745,1.1526,0.0,EngineIQ_Sensor
2026-08-05T10:20:17.917403,0.0154,-0.0745,1.1526,0.0,EngineIQ_Sensor
2026-08-05T10:20:17.919493,0.0154,-0.0745,1.1526,0.0,EngineIQ_Sensor
2026-08-05T10:20:18.038299,0.0154,-0.0745,1.1526,0.0,EngineIQ_Sensor
2026-08-05T10:20:18.097474,0.0154,-0.0745,1.1526,0.0,EngineIQ_Sensor
2026-08-05T10:20:18.099765,0.0154,-0.0745,1.1526,0.0,EngineIQ_Sensor
2026-08-05T10:20:18.158890,0.0154,-0.0745,1.1526,0.0,EngineIQ_Sensor
2026-08-05T10:20:18.218108,0.0154,-0.0745,1.1526,0.0,EngineIQ_Sensor
2026-08-05T10:20:18.277382,0.0154,-0.0745,1.1526,0.0,EngineIQ_Sensor
2026-08-05T10:20:18.279630,0.0154,-0.0745,1.1526,0.0,EngineIQ_Sensor
2026-08-05T10:20:18.338791,0.0154,-0.0745,1.1526,0.0,EngineIQ_Sensor
2026-08-05T10:20:18.398311,0.0154,-0.0745,1.1526,0.0,EngineIQ_Sensor
2026-08-05T10:20:18.457604,0.0154,-0.0745,1.1526,0.0,EngineIQ_Sensor
2026-08-05T10:20:18.758891,0.0154,-0.0745,1.1526,0.0,EngineIQ_Sensor
2026-08-05T10:20:18.818088,0.0154,-0.0745,1.1526,0.0,EngineIQ_Sensor
2026-08-05T10:20:18.877540,0.0154,-0.0745,1.1526,0.0,EngineIQ_Sensor
2026-08-05T10:20:18.879734,0.0154,-0.0745,1.1526,0.0,EngineIQ_Sensor
2026-08-05T10:20:18.938701,0.0154,-0.0745,1.1526,0.0,EngineIQ_Sensor
2026-08-05T10:20:18.998085,0.0154,-0.0745,1.1526,0.0,EngineIQ_Sensor
2026-08-05T10:20:19.057390,0.0154,-0.0745,1.1526,0.0,EngineIQ_Sensor
2026-08-05T10:20:19.059598,0.0154,-0.0745,1.1526,0.0,EngineIQ_Sensor
2026-08-05T10:20:19.118758,0.0154,-0.0745,1.1526,0.0,EngineIQ_Sensor
2026-08-05T10:20:19.178115,0.0154,-0.0745,1.1526,0.0,EngineIQ_Sensor
2026-08-05T10:20:19.237433,0.0154,-0.0745,1.1526,0.0,EngineIQ_Sensor
2026-08-05T10:20:19.239321,0.0154,-0.0745,1.1526,0.0,EngineIQ_Sensor
2026-08-05T10:20:19.299125,0.0154,-0.0745,1.1526,0.0,EngineIQ_Sensor
2026-08-05T10:20:19.778739,0.0154,-0.0745,1.1526,0.0,EngineIQ_Sensor
2026-08-05T10:20:19.898199,0.0154,-0.0745,1.1526,0.0,EngineIQ_Sensor
2026-08-05T10:20:19.957386,0.0154,-0.0745,1.1526,0.0,EngineIQ_Sensor
2026-08-05T10:20:19.959332,0.0154,-0.0745,1.1526,0.0,EngineIQ_Sensor
2026-08-05T10:20:20.079004,0.0154,-0.0745,1.1526,0.0,EngineIQ_Sensor
2026-08-05T10:20:20.137952,0.0154,-0.0745,1.1526,0.0,EngineIQ_Sensor
2026-08-05T10:20:20.197317,0.0154,-0.0745,1.1526,0.0,EngineIQ_Sensor
2026-08-05T10:20:20.199137,0.0154,-0.0745,1.1526,0.0,EngineIQ_Sensor
2026-08-05T10:20:20.258856,0.0154,-0.0745,1.1526,0.0,EngineIQ_Sensor
2026-08-05T10:20:20.318073,0.0154,-0.0745,1.1526,0.0,EngineIQ_Sensor
2026-08-05T10:20:20.377351,0.0154,-0.0745,1.1526,0.0,EngineIQ_Sensor
2026-08-05T10:20:20.379363,0.0154,-0.0745,1.1526,0.0,EngineIQ_Sensor
2026-08-05T10:20:20.438990,0.0154,-0.0745,1.1526,0.0,EngineIQ_Sensor
2026-08-05T10:20:20.738688,0.0154,-0.0745,1.1526,0.0,EngineIQ_Sensor
2026-08-05T10:20:20.798092,0.0154,-0.0745,1.1526,0.0,EngineIQ_Sensor
2026-08-05T10:20:20.857447,0.0154,-0.0745,1.1526,0.0,EngineIQ_Sensor
2026-08-05T10:20:20.859375,0.0154,-0.0745,1.1526,0.0,EngineIQ_Sensor
2026-08-05T10:20:20.918812,0.0154,-0.0745,1.1526,0.0,EngineIQ_Sensor
2026-08-05T10:20:20.978047,0.0154,-0.0745,1.1526,0.0,EngineIQ_Sensor
2026-08-05T10:20:21.037456,0.0154,-0.0745,1.1526,0.0,EngineIQ_Sensor
2026-08-05T10:20:21.039461,0.0154,-0.0745,1.1526,0.0,EngineIQ_Sensor
2026-08-05T10:20:21.098726,0.0154,-0.0745,1.1526,0.0,EngineIQ_Sensor
2026-08-05T10:20:21.157955,0.0154,-0.0745,1.1526,0.0,EngineIQ_Sensor
2026-08-05T10:20:21.217445,0.0154,-0.0745,1.1526,0.0,EngineIQ_Sensor
2026-08-05T10:20:21.219873,0.0154,-0.0745,1.1526,0.0,EngineIQ_Sensor
2026-08-05T10:20:21.278998,0.0154,-0.0745,1.1526,0.0,EngineIQ_Sensor
2026-08-05T10:20:21.758913,0.0154,-0.0745,1.1526,0.0,EngineIQ_Sensor
2026-08-05T10:20:21.818048,0.0154,-0.0745,1.1526,0.0,EngineIQ_Sensor
2026-08-05T10:20:21.877485,0.0154,-0.0745,1.1526,0.0,EngineIQ_Sensor
2026-08-05T10:20:21.879590,0.0154,-0.0745,1.1526,0.0,EngineIQ_Sensor
2026-08-05T10:20:21.997487,0.0154,-0.0745,1.1526,0.0,EngineIQ_Sensor
2026-08-05T10:20:21.999606,0.0154,-0.0745,1.1526,0.0,EngineIQ_Sensor
2026-08-05T10:20:22.058812,0.0154,-0.0745,1.1526,0.0,EngineIQ_Sensor
2026-08-05T10:20:22.118135,0.0154,-0.0745,1.1526,0.0,EngineIQ_Sensor
2026-08-05T10:20:22.177897,0.0154,-0.0745,1.1526,0.0,EngineIQ_Sensor
2026-08-05T10:20:22.179475,0.0154,-0.0745,1.1526,0.0,EngineIQ_Sensor
2026-08-05T10:20:22.238805,0.0154,-0.0745,1.1526,0.0,EngineIQ_Sensor
2026-08-05T10:20:22.298116,0.0154,-0.0745,1.1526,0.0,EngineIQ_Sensor
2026-08-05T10:20:22.357643,0.0154,-0.0745,1.1526,0.0,EngineIQ_Sensor
2026-08-05T10:20:22.718693,0.0154,-0.0745,1.1526,0.0,EngineIQ_Sensor
2026-08-05T10:20:22.838075,0.0154,-0.0745,1.1526,0.0,EngineIQ_Sensor
2026-08-05T10:20:22.897452,0.0154,-0.0745,1.1526,0.0,EngineIQ_Sensor
2026-08-05T10:20:22.899597,0.0154,-0.0745,1.1526,0.0,EngineIQ_Sensor
2026-08-05T10:20:22.958583,0.0154,-0.0745,1.1526,0.0,EngineIQ_Sensor
2026-08-05T10:20:23.017988,0.0154,-0.0745,1.1526,0.0,EngineIQ_Sensor
2026-08-05T10:20:23.077392,0.0154,-0.0745,1.1526,0.0,EngineIQ_Sensor
2026-08-05T10:20:23.079404,0.0154,-0.0745,1.1526,0.0,EngineIQ_Sensor
2026-08-05T10:20:23.138532,0.0154,-0.0745,1.1526,0.0,EngineIQ_Sensor
2026-08-05T10:20:23.197963,0.0154,-0.0745,1.1526,0.0,EngineIQ_Sensor
2026-08-05T10:20:23.258400,0.0154,-0.0745,1.1526,0.0,EngineIQ_Sensor
2026-08-05T10:20:23.259602,0.0154,-0.0745,1.1526,0.0,EngineIQ_Sensor
2026-08-05T10:20:23.318582,0.0154,-0.0745,1.1526,0.0,EngineIQ_Sensor
2026-08-05T10:20:23.738641,0.0154,-0.0745,1.1526,0.0,EngineIQ_Sensor
2026-08-05T10:20:23.821720,0.0154,-0.0745,1.1526,0.0,EngineIQ_Sensor
2026-08-05T10:20:23.859384,0.0154,-0.0745,1.1526,0.0,EngineIQ_Sensor
2026-08-05T10:20:23.889961,0.0154,-0.0745,1.1526,0.0,EngineIQ_Sensor
2026-08-05T10:20:23.929810,0.0154,-0.0745,1.1526,0.0,EngineIQ_Sensor
2026-08-05T10:20:23.982967,0.0154,-0.0745,1.1526,0.0,EngineIQ_Sensor
2026-08-05T10:20:24.037490,0.0154,-0.0745,1.1526,0.0,EngineIQ_Sensor
2026-08-05T10:20:24.039291,0.0154,-0.0745,1.1526,0.0,EngineIQ_Sensor
2026-08-05T10:20:24.098726,0.0154,-0.0745,1.1526,0.0,EngineIQ_Sensor
2026-08-05T10:20:24.162978,0.0154,-0.0745,1.1526,0.0,EngineIQ_Sensor
2026-08-05T10:20:24.218216,0.0154,-0.0745,1.1526,0.0,EngineIQ_Sensor
2026-08-05T10:20:24.278148,0.0154,-0.0745,1.1526,0.0,EngineIQ_Sensor
2026-08-05T10:20:24.337712,0.0154,-0.0745,1.1526,0.0,EngineIQ_Sensor
2026-08-05T10:20:24.818149,0.0154,-0.0745,1.1526,0.0,EngineIQ_Sensor
2026-08-05T10:20:24.877909,0.0154,-0.0745,1.1526,0.0,EngineIQ_Sensor
2026-08-05T10:20:24.879267,0.0154,-0.0745,1.1526,0.0,EngineIQ_Sensor
2026-08-05T10:20:24.938789,0.0154,-0.0745,1.1526,0.0,EngineIQ_Sensor
2026-08-05T10:20:24.998151,0.0154,-0.0745,1.1526,0.0,EngineIQ_Sensor
2026-08-05T10:20:25.057503,0.0154,-0.0745,1.1526,0.0,EngineIQ_Sensor
2026-08-05T10:20:25.059495,0.0154,-0.0745,1.1526,0.0,EngineIQ_Sensor
2026-08-05T10:20:25.118669,0.0154,-0.0745,1.1526,0.0,EngineIQ_Sensor
2026-08-05T10:20:25.178113,0.0154,-0.0745,1.1526,0.0,EngineIQ_Sensor
2026-08-05T10:20:25.238228,0.0154,-0.0745,1.1526,0.0,EngineIQ_Sensor
2026-08-05T10:20:25.297671,0.0154,-0.0745,1.1526,0.0,EngineIQ_Sensor
2026-08-05T10:20:25.299553,0.0154,-0.0745,1.1526,0.0,EngineIQ_Sensor
2026-08-05T10:20:25.358989,0.0154,-0.0745,1.1526,0.0,EngineIQ_Sensor
2026-08-05T10:20:25.718882,0.0154,-0.0745,1.1526,0.0,EngineIQ_Sensor
2026-08-05T10:20:25.778796,0.0154,-0.0745,1.1526,0.0,EngineIQ_Sensor
2026-08-05T10:20:25.837987,0.0154,-0.0745,1.1526,0.0,EngineIQ_Sensor
2026-08-05T10:20:25.897345,0.0154,-0.0745,1.1526,0.0,EngineIQ_Sensor
2026-08-05T10:20:25.899209,0.0154,-0.0745,1.1526,0.0,EngineIQ_Sensor
2026-08-05T10:20:25.958739,0.0154,-0.0745,1.1526,0.0,EngineIQ_Sensor
2026-08-05T10:20:26.017981,0.0154,-0.0745,1.1526,0.0,EngineIQ_Sensor
2026-08-05T10:20:26.077483,0.0154,-0.0745,1.1526,0.0,EngineIQ_Sensor
2026-08-05T10:20:26.079316,0.0154,-0.0745,1.1526,0.0,EngineIQ_Sensor
2026-08-05T10:20:26.198115,0.0154,-0.0745,1.1526,0.0,EngineIQ_Sensor
2026-08-05T10:20:26.257467,0.0154,-0.0745,1.1526,0.0,EngineIQ_Sensor
2026-08-05T10:20:26.259497,0.0154,-0.0745,1.1526,0.0,EngineIQ_Sensor
2026-08-05T10:20:26.318872,0.0154,-0.0745,1.1526,0.0,EngineIQ_Sensor
2026-08-05T10:20:26.738685,0.0154,-0.0745,1.1526,0.0,EngineIQ_Sensor
2026-08-05T10:20:26.798746,0.0154,-0.0745,1.1526,0.0,EngineIQ_Sensor
2026-08-05T10:20:26.857378,0.0154,-0.0745,1.1526,0.0,EngineIQ_Sensor
2026-08-05T10:20:26.859284,0.0154,-0.0745,1.1526,0.0,EngineIQ_Sensor
2026-08-05T10:20:26.918730,0.0154,-0.0745,1.1526,0.0,EngineIQ_Sensor
2026-08-05T10:20:26.978099,0.0154,-0.0745,1.1526,0.0,EngineIQ_Sensor
2026-08-05T10:20:27.038743,0.0154,-0.0745,1.1526,0.0,EngineIQ_Sensor
2026-08-05T10:20:27.097961,0.0154,-0.0745,1.1526,0.0,EngineIQ_Sensor
2026-08-05T10:20:27.157327,0.0154,-0.0745,1.1526,0.0,EngineIQ_Sensor
2026-08-05T10:20:27.159661,0.0154,-0.0745,1.1526,0.0,EngineIQ_Sensor
2026-08-05T10:20:27.219157,0.0154,-0.0745,1.1526,0.0,EngineIQ_Sensor
2026-08-05T10:20:27.277773,0.0154,-0.0745,1.1526,0.0,EngineIQ_Sensor
2026-08-05T10:20:27.337554,0.0154,-0.0745,1.1526,0.0,EngineIQ_Sensor
2026-08-05T10:20:27.759270,0.0154,-0.0745,1.1526,0.0,EngineIQ_Sensor
2026-08-05T10:20:27.817805,0.0154,-0.0745,1.1526,0.0,EngineIQ_Sensor
2026-08-05T10:20:27.877272,0.0154,-0.0745,1.1526,0.0,EngineIQ_Sensor
2026-08-05T10:20:27.879359,0.0154,-0.0745,1.1526,0.0,EngineIQ_Sensor
2026-08-05T10:20:27.938680,0.0154,-0.0745,1.1526,0.0,EngineIQ_Sensor
2026-08-05T10:20:27.997944,0.0154,-0.0745,1.1526,0.0,EngineIQ_Sensor
2026-08-05T10:20:28.057342,0.0154,-0.0745,1.1526,0.0,EngineIQ_Sensor
2026-08-05T10:20:28.059225,0.0154,-0.0745,1.1526,0.0,EngineIQ_Sensor
2026-08-05T10:20:28.118804,0.0154,-0.0745,1.1526,0.0,EngineIQ_Sensor
2026-08-05T10:20:28.177940,0.0154,-0.0745,1.1526,0.0,EngineIQ_Sensor
2026-08-05T10:20:28.237479,0.0154,-0.0745,1.1526,0.0,EngineIQ_Sensor
2026-08-05T10:20:28.299300,0.0154,-0.0745,1.1526,0.0,EngineIQ_Sensor
2026-08-05T10:20:28.358259,0.0154,-0.0745,1.1526,0.0,EngineIQ_Sensor
2026-08-05T10:20:28.719082,0.0154,-0.0745,1.1526,0.0,EngineIQ_Sensor
2026-08-05T10:20:28.778748,0.0154,-0.0745,1.1526,0.0,EngineIQ_Sensor
2026-08-05T10:20:28.837933,0.0154,-0.0745,1.1526,0.0,EngineIQ_Sensor
2026-08-05T10:20:28.897356,0.0154,-0.0745,1.1526,0.0,EngineIQ_Sensor
2026-08-05T10:20:28.899222,0.0154,-0.0745,1.1526,0.0,EngineIQ_Sensor
2026-08-05T10:20:28.958675,0.0154,-0.0745,1.1526,0.0,EngineIQ_Sensor
2026-08-05T10:20:29.017939,0.0154,-0.0745,1.1526,0.0,EngineIQ_Sensor
2026-08-05T10:20:29.077343,0.0154,-0.0745,1.1526,0.0,EngineIQ_Sensor
2026-08-05T10:20:29.079244,0.0154,-0.0745,1.1526,0.0,EngineIQ_Sensor
2026-08-05T10:20:29.138743,0.0154,-0.0745,1.1526,0.0,EngineIQ_Sensor
2026-08-05T10:20:29.198275,0.0154,-0.0745,1.1526,0.0,EngineIQ_Sensor
2026-08-05T10:20:29.310747,0.0154,-0.0745,1.1526,0.0,EngineIQ_Sensor
2026-08-05T10:20:29.310981,0.0154,-0.0745,1.1526,0.0,EngineIQ_Sensor
2026-08-05T10:20:29.738800,0.0154,-0.0745,1.1526,0.0,EngineIQ_Sensor
2026-08-05T10:20:29.797750,0.0154,-0.0745,1.1526,0.0,EngineIQ_Sensor
2026-08-05T10:20:29.857205,0.0154,-0.0745,1.1526,0.0,EngineIQ_Sensor
2026-08-05T10:20:29.859102,0.0154,-0.0745,1.1526,0.0,EngineIQ_Sensor
2026-08-05T10:20:29.918512,0.0154,-0.0745,1.1526,0.0,EngineIQ_Sensor
2026-08-05T10:20:29.977881,0.0154,-0.0745,1.1526,0.0,EngineIQ_Sensor
2026-08-05T10:20:30.037259,0.0154,-0.0745,1.1526,0.0,EngineIQ_Sensor
2026-08-05T10:20:30.039392,0.0154,-0.0745,1.1526,0.0,EngineIQ_Sensor
2026-08-05T10:20:30.098715,0.0154,-0.0745,1.1526,0.0,EngineIQ_Sensor
2026-08-05T10:20:30.157968,0.0154,-0.0745,1.1526,0.0,EngineIQ_Sensor
2026-08-05T10:20:30.217378,0.0154,-0.0745,1.1526,0.0,EngineIQ_Sensor
2026-08-05T10:20:30.219542,0.0154,-0.0745,1.1526,0.0,EngineIQ_Sensor
2026-08-05T10:20:30.278831,0.0154,-0.0745,1.1526,0.0,EngineIQ_Sensor
2026-08-05T10:20:30.758553,0.0154,-0.0745,1.1526,0.0,EngineIQ_Sensor
2026-08-05T10:20:30.818461,0.0154,-0.0745,1.1526,0.0,EngineIQ_Sensor
2026-08-05T10:20:30.877493,0.0154,-0.0745,1.1526,0.0,EngineIQ_Sensor
2026-08-05T10:20:30.879358,0.0154,-0.0745,1.1526,0.0,EngineIQ_Sensor
2026-08-05T10:20:30.938740,0.0154,-0.0745,1.1526,0.0,EngineIQ_Sensor
2026-08-05T10:20:30.998120,0.0154,-0.0745,1.1526,0.0,EngineIQ_Sensor
2026-08-05T10:20:31.057382,0.0154,-0.0745,1.1526,0.0,EngineIQ_Sensor
2026-08-05T10:20:31.059584,0.0154,-0.0745,1.1526,0.0,EngineIQ_Sensor
2026-08-05T10:20:31.119025,0.0154,-0.0745,1.1526,0.0,EngineIQ_Sensor
2026-08-05T10:20:31.177892,0.0154,-0.0745,1.1526,0.0,EngineIQ_Sensor
2026-08-05T10:20:31.237327,0.0154,-0.0745,1.1526,0.0,EngineIQ_Sensor
2026-08-05T10:20:31.239500,0.0154,-0.0745,1.1526,0.0,EngineIQ_Sensor
2026-08-05T10:20:31.298786,0.0154,-0.0745,1.1526,0.0,EngineIQ_Sensor
2026-08-05T10:20:31.718692,0.0154,-0.0745,1.1526,0.0,EngineIQ_Sensor
2026-08-05T10:20:31.778721,0.0154,-0.0745,1.1526,0.0,EngineIQ_Sensor
2026-08-05T10:20:31.841116,0.0154,-0.0745,1.1526,0.0,EngineIQ_Sensor
2026-08-05T10:20:31.897035,0.0154,-0.0745,1.1526,0.0,EngineIQ_Sensor
2026-08-05T10:20:31.898965,0.0154,-0.0745,1.1526,0.0,EngineIQ_Sensor
2026-08-05T10:20:31.958608,0.0154,-0.0745,1.1526,0.0,EngineIQ_Sensor
2026-08-05T10:20:32.017933,0.0154,-0.0745,1.1526,0.0,EngineIQ_Sensor
2026-08-05T10:20:32.077263,0.0154,-0.0745,1.1526,0.0,EngineIQ_Sensor
2026-08-05T10:20:32.079086,0.0154,-0.0745,1.1526,0.0,EngineIQ_Sensor
2026-08-05T10:20:32.138660,0.0154,-0.0745,1.1526,0.0,EngineIQ_Sensor
2026-08-05T10:20:32.197975,0.0154,-0.0745,1.1526,0.0,EngineIQ_Sensor
2026-08-05T10:20:32.257911,0.0154,-0.0745,1.1526,0.0,EngineIQ_Sensor
2026-08-05T10:20:32.317237,0.0154,-0.0745,1.1526,0.0,EngineIQ_Sensor
2026-08-05T10:20:32.738541,0.0154,-0.0745,1.1526,0.0,EngineIQ_Sensor
2026-08-05T10:20:32.798048,0.0154,-0.0745,1.1526,0.0,EngineIQ_Sensor
2026-08-05T10:20:32.857281,0.0154,-0.0745,1.1526,0.0,EngineIQ_Sensor
2026-08-05T10:20:32.859197,0.0154,-0.0745,1.1526,0.0,EngineIQ_Sensor
2026-08-05T10:20:32.977965,0.0154,-0.0745,1.1526,0.0,EngineIQ_Sensor
2026-08-05T10:20:33.037370,0.0154,-0.0745,1.1526,0.0,EngineIQ_Sensor
2026-08-05T10:20:33.039336,0.0154,-0.0745,1.1526,0.0,EngineIQ_Sensor
2026-08-05T10:20:33.098518,0.0154,-0.0745,1.1526,0.0,EngineIQ_Sensor
2026-08-05T10:20:33.158535,0.0154,-0.0745,1.1526,0.0,EngineIQ_Sensor
2026-08-05T10:20:33.217931,0.0154,-0.0745,1.1526,0.0,EngineIQ_Sensor
2026-08-05T10:20:33.277242,0.0154,-0.0745,1.1526,0.0,EngineIQ_Sensor
2026-08-05T10:20:33.279318,0.0154,-0.0745,1.1526,0.0,EngineIQ_Sensor
2026-08-05T10:20:33.338691,0.0154,-0.0745,1.1526,0.0,EngineIQ_Sensor
2026-08-05T10:20:33.758620,0.0154,-0.0745,1.1526,0.0,EngineIQ_Sensor
2026-08-05T10:20:33.817950,0.0154,-0.0745,1.1526,0.0,EngineIQ_Sensor
2026-08-05T10:20:33.877177,0.0154,-0.0745,1.1526,0.0,EngineIQ_Sensor
2026-08-05T10:20:33.879335,0.0154,-0.0745,1.1526,0.0,EngineIQ_Sensor
2026-08-05T10:20:33.938592,0.0154,-0.0745,1.1526,0.0,EngineIQ_Sensor
2026-08-05T10:20:33.997708,0.0154,-0.0745,1.1526,0.0,EngineIQ_Sensor
2026-08-05T10:20:34.057475,0.0154,-0.0745,1.1526,0.0,EngineIQ_Sensor
2026-08-05T10:20:34.059550,0.0154,-0.0745,1.1526,0.0,EngineIQ_Sensor
2026-08-05T10:20:34.118370,0.0154,-0.0745,1.1526,0.0,EngineIQ_Sensor
2026-08-05T10:20:34.177801,0.0154,-0.0745,1.1526,0.0,EngineIQ_Sensor
2026-08-05T10:20:34.237036,0.0154,-0.0745,1.1526,0.0,EngineIQ_Sensor
2026-08-05T10:20:34.239040,0.0154,-0.0745,1.1526,0.0,EngineIQ_Sensor
2026-08-05T10:20:34.298553,0.0154,-0.0745,1.1526,0.0,EngineIQ_Sensor
2026-08-05T10:20:34.719827,0.0154,-0.0745,1.1526,0.0,EngineIQ_Sensor
2026-08-05T10:20:34.778807,0.0154,-0.0745,1.1526,0.0,EngineIQ_Sensor
2026-08-05T10:20:34.897602,0.0154,-0.0745,1.1526,0.0,EngineIQ_Sensor
2026-08-05T10:20:34.957600,0.0154,-0.0745,1.1526,0.0,EngineIQ_Sensor
2026-08-05T10:20:34.959156,0.0154,-0.0745,1.1526,0.0,EngineIQ_Sensor
2026-08-05T10:20:35.078937,0.0154,-0.0745,1.1526,0.0,EngineIQ_Sensor
2026-08-05T10:20:35.137185,0.0154,-0.0745,1.1526,0.0,EngineIQ_Sensor
2026-08-05T10:20:35.139210,0.0154,-0.0745,1.1526,0.0,EngineIQ_Sensor
2026-08-05T10:20:35.198657,0.0154,-0.0745,1.1526,0.0,EngineIQ_Sensor
2026-08-05T10:20:35.257763,0.0154,-0.0745,1.1526,0.0,EngineIQ_Sensor
2026-08-05T10:20:35.317193,0.0154,-0.0745,1.1526,0.0,EngineIQ_Sensor
2026-08-05T10:20:35.319190,0.0154,-0.0745,1.1526,0.0,EngineIQ_Sensor
2026-08-05T10:20:35.378520,0.0154,-0.0745,1.1526,0.0,EngineIQ_Sensor
2026-08-05T10:20:35.738622,0.0154,-0.0745,1.1526,0.0,EngineIQ_Sensor
2026-08-05T10:20:35.797680,0.0154,-0.0745,1.1526,0.0,EngineIQ_Sensor
2026-08-05T10:20:35.857154,0.0154,-0.0745,1.1526,0.0,EngineIQ_Sensor
2026-08-05T10:20:35.859306,0.0154,-0.0745,1.1526,0.0,EngineIQ_Sensor
2026-08-05T10:20:35.918487,0.0154,-0.0745,1.1526,0.0,EngineIQ_Sensor
2026-08-05T10:20:35.977764,0.0154,-0.0745,1.1526,0.0,EngineIQ_Sensor
2026-08-05T10:20:36.037196,0.0154,-0.0745,1.1526,0.0,EngineIQ_Sensor
2026-08-05T10:20:36.039402,0.0154,-0.0745,1.1526,0.0,EngineIQ_Sensor
2026-08-05T10:20:36.098428,0.0154,-0.0745,1.1526,0.0,EngineIQ_Sensor
2026-08-05T10:20:36.157751,0.0154,-0.0745,1.1526,0.0,EngineIQ_Sensor
2026-08-05T10:20:36.217090,0.0154,-0.0745,1.1526,0.0,EngineIQ_Sensor
2026-08-05T10:20:36.219407,0.0154,-0.0745,1.1526,0.0,EngineIQ_Sensor
2026-08-05T10:20:36.278580,0.0154,-0.0745,1.1526,0.0,EngineIQ_Sensor
2026-08-05T10:20:36.758548,0.0154,-0.0745,1.1526,0.0,EngineIQ_Sensor
2026-08-05T10:20:36.880200,0.0154,-0.0745,1.1526,0.0,EngineIQ_Sensor
2026-08-05T10:20:36.880794,0.0154,-0.0745,1.1526,0.0,EngineIQ_Sensor
2026-08-05T10:20:36.938502,0.0154,-0.0745,1.1526,0.0,EngineIQ_Sensor
2026-08-05T10:20:36.997648,0.0154,-0.0745,1.1526,0.0,EngineIQ_Sensor
2026-08-05T10:20:37.057622,0.0154,-0.0745,1.1526,0.0,EngineIQ_Sensor
2026-08-05T10:20:37.117178,0.0154,-0.0745,1.1526,0.0,EngineIQ_Sensor
2026-08-05T10:20:37.119559,0.0154,-0.0745,1.1526,0.0,EngineIQ_Sensor
2026-08-05T10:20:37.178470,0.0154,-0.0745,1.1526,0.0,EngineIQ_Sensor
2026-08-05T10:20:37.237787,0.0154,-0.0745,1.1526,0.0,EngineIQ_Sensor
2026-08-05T10:20:37.296943,0.0154,-0.0745,1.1526,0.0,EngineIQ_Sensor
2026-08-05T10:20:37.298887,0.0154,-0.0745,1.1526,0.0,EngineIQ_Sensor
2026-08-05T10:20:37.358789,0.0154,-0.0745,1.1526,0.0,EngineIQ_Sensor
2026-08-05T10:20:37.718693,0.0154,-0.0745,1.1526,0.0,EngineIQ_Sensor
2026-08-05T10:20:37.778621,0.0154,-0.0745,1.1526,0.0,EngineIQ_Sensor
2026-08-05T10:20:37.837779,0.0154,-0.0745,1.1526,0.0,EngineIQ_Sensor
2026-08-05T10:20:37.897174,0.0154,-0.0745,1.1526,0.0,EngineIQ_Sensor
2026-08-05T10:20:37.899206,0.0154,-0.0745,1.1526,0.0,EngineIQ_Sensor
2026-08-05T10:20:38.017819,0.0154,-0.0745,1.1526,0.0,EngineIQ_Sensor
2026-08-05T10:20:38.077187,0.0154,-0.0745,1.1526,0.0,EngineIQ_Sensor
2026-08-05T10:20:38.079050,0.0154,-0.0745,1.1526,0.0,EngineIQ_Sensor
2026-08-05T10:20:38.138548,0.0154,-0.0745,1.1526,0.0,EngineIQ_Sensor
2026-08-05T10:20:38.198533,0.0154,-0.0745,1.1526,0.0,EngineIQ_Sensor
2026-08-05T10:20:38.256992,0.0154,-0.0745,1.1526,0.0,EngineIQ_Sensor
2026-08-05T10:20:38.258991,0.0154,-0.0745,1.1526,0.0,EngineIQ_Sensor
2026-08-05T10:20:38.318635,0.0154,-0.0745,1.1526,0.0,EngineIQ_Sensor
2026-08-05T10:20:38.738205,0.0154,-0.0745,1.1526,0.0,EngineIQ_Sensor
2026-08-05T10:20:38.797793,0.0154,-0.0745,1.1526,0.0,EngineIQ_Sensor
2026-08-05T10:20:38.858436,0.0154,-0.0745,1.1526,0.0,EngineIQ_Sensor
2026-08-05T10:20:38.859266,0.0154,-0.0745,1.1526,0.0,EngineIQ_Sensor
2026-08-05T10:20:38.918831,0.0154,-0.0745,1.1526,0.0,EngineIQ_Sensor
2026-08-05T10:20:38.977722,0.0154,-0.0745,1.1526,0.0,EngineIQ_Sensor
2026-08-05T10:20:39.037187,0.0154,-0.0745,1.1526,0.0,EngineIQ_Sensor
2026-08-05T10:20:39.039154,0.0154,-0.0745,1.1526,0.0,EngineIQ_Sensor
2026-08-05T10:20:39.098422,0.0154,-0.0745,1.1526,0.0,EngineIQ_Sensor
2026-08-05T10:20:39.170722,0.0154,-0.0745,1.1526,0.0,EngineIQ_Sensor
2026-08-05T10:20:39.216916,0.0154,-0.0745,1.1526,0.0,EngineIQ_Sensor
2026-08-05T10:20:39.218916,0.0154,-0.0745,1.1526,0.0,EngineIQ_Sensor
2026-08-05T10:20:39.278735,0.0154,-0.0745,1.1526,0.0,EngineIQ_Sensor
2026-08-05T10:20:39.831210,0.0154,-0.0745,1.1526,0.0,EngineIQ_Sensor
2026-08-05T10:20:39.937584,0.0154,-0.0745,1.1526,0.0,EngineIQ_Sensor
2026-08-05T10:20:40.056888,0.0154,-0.0745,1.1526,0.0,EngineIQ_Sensor
2026-08-05T10:20:40.118349,0.0154,-0.0745,1.1526,0.0,EngineIQ_Sensor
2026-08-05T10:20:40.177779,0.0154,-0.0745,1.1526,0.0,EngineIQ_Sensor
2026-08-05T10:20:40.297217,0.0154,-0.0745,1.1526,0.0,EngineIQ_Sensor
2026-08-05T10:20:40.298971,0.0154,-0.0745,1.1526,0.0,EngineIQ_Sensor
2026-08-05T10:20:40.358502,0.0154,-0.0745,1.1526,0.0,EngineIQ_Sensor
2026-08-05T10:20:40.417829,0.0154,-0.0745,1.1526,0.0,EngineIQ_Sensor
2026-08-05T10:20:40.477111,0.0154,-0.0745,1.1526,0.0,EngineIQ_Sensor
2026-08-05T10:20:40.478944,0.0154,-0.0745,1.1526,0.0,EngineIQ_Sensor
2026-08-05T10:20:40.538380,0.0154,-0.0745,1.1526,0.0,EngineIQ_Sensor
2026-08-05T10:20:40.598555,0.0154,-0.0745,1.1526,0.0,EngineIQ_Sensor
2026-08-05T10:20:40.718520,0.0154,-0.0745,1.1526,0.0,EngineIQ_Sensor
2026-08-05T10:20:40.778427,0.0154,-0.0745,1.1526,0.0,EngineIQ_Sensor
2026-08-05T10:20:40.837644,0.0154,-0.0745,1.1526,0.0,EngineIQ_Sensor
2026-08-05T10:20:40.896945,0.0154,-0.0745,1.1526,0.0,EngineIQ_Sensor
2026-08-05T10:20:40.898877,0.0154,-0.0745,1.1526,0.0,EngineIQ_Sensor
2026-08-05T10:20:40.958881,0.0154,-0.0745,1.1526,0.0,EngineIQ_Sensor
2026-08-05T10:20:41.018694,0.0154,-0.0745,1.1526,0.0,EngineIQ_Sensor
2026-08-05T10:20:41.080679,0.0154,-0.0745,1.1526,0.0,EngineIQ_Sensor
2026-08-05T10:20:41.081031,0.0154,-0.0745,1.1526,0.0,EngineIQ_Sensor
2026-08-05T10:20:41.141978,0.0154,-0.0745,1.1526,0.0,EngineIQ_Sensor
2026-08-05T10:20:41.197790,0.0154,-0.0745,1.1526,0.0,EngineIQ_Sensor
2026-08-05T10:20:41.257015,0.0154,-0.0745,1.1526,0.0,EngineIQ_Sensor
2026-08-05T10:20:41.259221,0.0154,-0.0745,1.1526,0.0,EngineIQ_Sensor
2026-08-05T10:20:41.798751,0.0154,-0.0745,1.1526,0.0,EngineIQ_Sensor
2026-08-05T10:20:41.857521,0.0154,-0.0745,1.1526,0.0,EngineIQ_Sensor
2026-08-05T10:20:41.917272,0.0154,-0.0745,1.1526,0.0,EngineIQ_Sensor
2026-08-05T10:20:41.978240,0.0154,-0.0745,1.1526,0.0,EngineIQ_Sensor
2026-08-05T10:20:42.037478,0.0154,-0.0745,1.1526,0.0,EngineIQ_Sensor
2026-08-05T10:20:42.097365,0.0154,-0.0745,1.1526,0.0,EngineIQ_Sensor
2026-08-05T10:20:42.099211,0.0154,-0.0745,1.1526,0.0,EngineIQ_Sensor
2026-08-05T10:20:42.217555,0.0154,-0.0745,1.1526,0.0,EngineIQ_Sensor
2026-08-05T10:20:42.277001,0.0154,-0.0745,1.1526,0.0,EngineIQ_Sensor
2026-08-05T10:20:42.278949,0.0154,-0.0745,1.1526,0.0,EngineIQ_Sensor
2026-08-05T10:20:42.338371,0.0154,-0.0745,1.1526,0.0,EngineIQ_Sensor
2026-08-05T10:20:42.397677,0.0154,-0.0745,1.1526,0.0,EngineIQ_Sensor
2026-08-05T10:20:42.457206,0.0154,-0.0745,1.1526,0.0,EngineIQ_Sensor
2026-08-05T10:20:42.758139,0.0154,-0.0745,1.1526,0.0,EngineIQ_Sensor
2026-08-05T10:20:42.817510,0.0154,-0.0745,1.1526,0.0,EngineIQ_Sensor
2026-08-05T10:20:42.876919,0.0154,-0.0745,1.1526,0.0,EngineIQ_Sensor
2026-08-05T10:20:42.878926,0.0154,-0.0745,1.1526,0.0,EngineIQ_Sensor
2026-08-05T10:20:42.938313,0.0154,-0.0745,1.1526,0.0,EngineIQ_Sensor
2026-08-05T10:20:43.057053,0.0154,-0.0745,1.1526,0.0,EngineIQ_Sensor
2026-08-05T10:20:43.059028,0.0154,-0.0745,1.1526,0.0,EngineIQ_Sensor
2026-08-05T10:20:43.118318,0.0154,-0.0745,1.1526,0.0,EngineIQ_Sensor
2026-08-05T10:20:43.177566,0.0154,-0.0745,1.1526,0.0,EngineIQ_Sensor
2026-08-05T10:20:43.237182,0.0154,-0.0745,1.1526,0.0,EngineIQ_Sensor
2026-08-05T10:20:43.238884,0.0154,-0.0745,1.1526,0.0,EngineIQ_Sensor
2026-08-05T10:20:43.298240,0.0154,-0.0745,1.1526,0.0,EngineIQ_Sensor
2026-08-05T10:20:43.357792,0.0154,-0.0745,1.1526,0.0,EngineIQ_Sensor
2026-08-05T10:20:43.718596,0.0154,-0.0745,1.1526,0.0,EngineIQ_Sensor
2026-08-05T10:20:43.778312,0.0154,-0.0745,1.1526,0.0,EngineIQ_Sensor
2026-08-05T10:20:43.837721,0.0154,-0.0745,1.1526,0.0,EngineIQ_Sensor
2026-08-05T10:20:43.898442,0.0154,-0.0745,1.1526,0.0,EngineIQ_Sensor
2026-08-05T10:20:43.957550,0.0154,-0.0745,1.1526,0.0,EngineIQ_Sensor
2026-08-05T10:20:44.016997,0.0154,-0.0745,1.1526,0.0,EngineIQ_Sensor
2026-08-05T10:20:44.018941,0.0154,-0.0745,1.1526,0.0,EngineIQ_Sensor
2026-08-05T10:20:44.104172,0.0154,-0.0745,1.1526,0.0,EngineIQ_Sensor
2026-08-05T10:20:44.137616,0.0154,-0.0745,1.1526,0.0,EngineIQ_Sensor
2026-08-05T10:20:44.196987,0.0154,-0.0745,1.1526,0.0,EngineIQ_Sensor
2026-08-05T10:20:44.199440,0.0154,-0.0745,1.1526,0.0,EngineIQ_Sensor
2026-08-05T10:20:44.321184,0.0154,-0.0745,1.1526,0.0,EngineIQ_Sensor
2026-08-05T10:20:44.377888,0.0154,-0.0745,1.1526,0.0,EngineIQ_Sensor
2026-08-05T10:20:44.738125,0.0154,-0.0745,1.1526,0.0,EngineIQ_Sensor
2026-08-05T10:20:44.797466,0.0154,-0.0745,1.1526,0.0,EngineIQ_Sensor
2026-08-05T10:20:44.856805,0.0154,-0.0745,1.1526,0.0,EngineIQ_Sensor
2026-08-05T10:20:44.859144,0.0154,-0.0745,1.1526,0.0,EngineIQ_Sensor
2026-08-05T10:20:44.918427,0.0154,-0.0745,1.1526,0.0,EngineIQ_Sensor
2026-08-05T10:20:44.977390,0.0154,-0.0745,1.1526,0.0,EngineIQ_Sensor
2026-08-05T10:20:45.036979,0.0154,-0.0745,1.1526,0.0,EngineIQ_Sensor
2026-08-05T10:20:45.038936,0.0154,-0.0745,1.1526,0.0,EngineIQ_Sensor
2026-08-05T10:20:45.098596,0.0154,-0.0745,1.1526,0.0,EngineIQ_Sensor
2026-08-05T10:20:45.158363,0.0154,-0.0745,1.1526,0.0,EngineIQ_Sensor
2026-08-05T10:20:45.217589,0.0154,-0.0745,1.1526,0.0,EngineIQ_Sensor
2026-08-05T10:20:45.276925,0.0154,-0.0745,1.1526,0.0,EngineIQ_Sensor
2026-08-05T10:20:45.278731,0.0154,-0.0745,1.1526,0.0,EngineIQ_Sensor
2026-08-05T10:20:45.758323,0.0154,-0.0745,1.1526,0.0,EngineIQ_Sensor
2026-08-05T10:20:45.817396,0.0154,-0.0745,1.1526,0.0,EngineIQ_Sensor
2026-08-05T10:20:45.877126,0.0154,-0.0745,1.1526,0.0,EngineIQ_Sensor
2026-08-05T10:20:45.878849,0.0154,-0.0745,1.1526,0.0,EngineIQ_Sensor
2026-08-05T10:20:45.996934,0.0154,-0.0745,1.1526,0.0,EngineIQ_Sensor
2026-08-05T10:20:45.998769,0.0154,-0.0745,1.1526,0.0,EngineIQ_Sensor
2026-08-05T10:20:46.058168,0.0154,-0.0745,1.1526,0.0,EngineIQ_Sensor
2026-08-05T10:20:46.117602,0.0154,-0.0745,1.1526,0.0,EngineIQ_Sensor
2026-08-05T10:20:46.177134,0.0154,-0.0745,1.1526,0.0,EngineIQ_Sensor
2026-08-05T10:20:46.178907,0.0154,-0.0745,1.1526,0.0,EngineIQ_Sensor
2026-08-05T10:20:46.238260,0.0154,-0.0745,1.1526,0.0,EngineIQ_Sensor
2026-08-05T10:20:46.297528,0.0154,-0.0745,1.1526,0.0,EngineIQ_Sensor
2026-08-05T10:20:46.358642,0.0154,-0.0745,1.1526,0.0,EngineIQ_Sensor
2026-08-05T10:20:46.718302,0.0154,-0.0745,1.1526,0.0,EngineIQ_Sensor
2026-08-05T10:20:46.837385,0.0154,-0.0745,1.1526,0.0,EngineIQ_Sensor
2026-08-05T10:20:46.838878,0.0154,-0.0745,1.1526,0.0,EngineIQ_Sensor
2026-08-05T10:20:46.898291,0.0154,-0.0745,1.1526,0.0,EngineIQ_Sensor
2026-08-05T10:20:46.957569,0.0154,-0.0745,1.1526,0.0,EngineIQ_Sensor
2026-08-05T10:20:47.016907,0.0154,-0.0745,1.1526,0.0,EngineIQ_Sensor
2026-08-05T10:20:47.019049,0.0154,-0.0745,1.1526,0.0,EngineIQ_Sensor
2026-08-05T10:20:47.078190,0.0154,-0.0745,1.1526,0.0,EngineIQ_Sensor
2026-08-05T10:20:47.137570,0.0154,-0.0745,1.1526,0.0,EngineIQ_Sensor
2026-08-05T10:20:47.196859,0.0154,-0.0745,1.1526,0.0,EngineIQ_Sensor
2026-08-05T10:20:47.198849,0.0154,-0.0745,1.1526,0.0,EngineIQ_Sensor
2026-08-05T10:20:47.258269,0.0154,-0.0745,1.1526,0.0,EngineIQ_Sensor
2026-08-05T10:20:47.317473,0.0154,-0.0745,1.1526,0.0,EngineIQ_Sensor
2026-08-05T10:20:47.738224,0.0154,-0.0745,1.1526,0.0,EngineIQ_Sensor
2026-08-05T10:20:47.797381,0.0154,-0.0745,1.1526,0.0,EngineIQ_Sensor
2026-08-05T10:20:47.856975,0.0154,-0.0745,1.1526,0.0,EngineIQ_Sensor
2026-08-05T10:20:47.859360,0.0154,-0.0745,1.1526,0.0,EngineIQ_Sensor
2026-08-05T10:20:47.918169,0.0154,-0.0745,1.1526,0.0,EngineIQ_Sensor
2026-08-05T10:20:47.977528,0.0154,-0.0745,1.1526,0.0,EngineIQ_Sensor
2026-08-05T10:20:48.036885,0.0154,-0.0745,1.1526,0.0,EngineIQ_Sensor
2026-08-05T10:20:48.038754,0.0154,-0.0745,1.1526,0.0,EngineIQ_Sensor
2026-08-05T10:20:48.098210,0.0154,-0.0745,1.1526,0.0,EngineIQ_Sensor
2026-08-05T10:20:48.157665,0.0154,-0.0745,1.1526,0.0,EngineIQ_Sensor
2026-08-05T10:20:48.217115,0.0154,-0.0745,1.1526,0.0,EngineIQ_Sensor
2026-08-05T10:20:48.219065,0.0154,-0.0745,1.1526,0.0,EngineIQ_Sensor
2026-08-05T10:20:48.278270,0.0154,-0.0745,1.1526,0.0,EngineIQ_Sensor
2026-08-05T10:20:48.758017,0.0154,-0.0745,1.1526,0.0,EngineIQ_Sensor
2026-08-05T10:20:48.865628,0.0154,-0.0745,1.1526,0.0,EngineIQ_Sensor
2026-08-05T10:20:48.899371,0.0154,-0.0745,1.1526,0.0,EngineIQ_Sensor
2026-08-05T10:20:48.942794,0.0154,-0.0745,1.1526,0.0,EngineIQ_Sensor
2026-08-05T10:20:48.997326,0.0154,-0.0745,1.1526,0.0,EngineIQ_Sensor
2026-08-05T10:20:49.116853,0.0154,-0.0745,1.1526,0.0,EngineIQ_Sensor
2026-08-05T10:20:49.118616,0.0154,-0.0745,1.1526,0.0,EngineIQ_Sensor
2026-08-05T10:20:49.178107,0.0154,-0.0745,1.1526,0.0,EngineIQ_Sensor
2026-08-05T10:20:49.237599,0.0154,-0.0745,1.1526,0.0,EngineIQ_Sensor
2026-08-05T10:20:49.296739,0.0154,-0.0745,1.1526,0.0,EngineIQ_Sensor
2026-08-05T10:20:49.298665,0.0154,-0.0745,1.1526,0.0,EngineIQ_Sensor
2026-08-05T10:20:49.358183,0.0154,-0.0745,1.1526,0.0,EngineIQ_Sensor
2026-08-05T10:20:49.417339,0.0154,-0.0745,1.1526,0.0,EngineIQ_Sensor
2026-08-05T10:20:49.777467,0.0154,-0.0745,1.1526,0.0,EngineIQ_Sensor
2026-08-05T10:20:49.837491,0.0154,-0.0745,1.1526,0.0,EngineIQ_Sensor
2026-08-05T10:20:49.839442,0.0154,-0.0745,1.1526,0.0,EngineIQ_Sensor
2026-08-05T10:20:49.898110,0.0154,-0.0745,1.1526,0.0,EngineIQ_Sensor
2026-08-05T10:20:49.957385,0.0154,-0.0745,1.1526,0.0,EngineIQ_Sensor
2026-08-05T10:20:50.016772,0.0154,-0.0745,1.1526,0.0,EngineIQ_Sensor
2026-08-05T10:20:50.018654,0.0154,-0.0745,1.1526,0.0,EngineIQ_Sensor
2026-08-05T10:20:50.078216,0.0154,-0.0745,1.1526,0.0,EngineIQ_Sensor
2026-08-05T10:20:50.137490,0.0154,-0.0745,1.1526,0.0,EngineIQ_Sensor
2026-08-05T10:20:50.196738,0.0154,-0.0745,1.1526,0.0,EngineIQ_Sensor
2026-08-05T10:20:50.198923,0.0154,-0.0745,1.1526,0.0,EngineIQ_Sensor
2026-08-05T10:20:50.258180,0.0154,-0.0745,1.1526,0.0,EngineIQ_Sensor
2026-08-05T10:20:50.317627,0.0154,-0.0745,1.1526,0.0,EngineIQ_Sensor
2026-08-05T10:20:50.738143,0.0154,-0.0745,1.1526,0.0,EngineIQ_Sensor
2026-08-05T10:20:50.797531,0.0154,-0.0745,1.1526,0.0,EngineIQ_Sensor
2026-08-05T10:20:50.856748,0.0154,-0.0745,1.1526,0.0,EngineIQ_Sensor
2026-08-05T10:20:50.858656,0.0154,-0.0745,1.1526,0.0,EngineIQ_Sensor
2026-08-05T10:20:51.036900,0.0154,-0.0745,1.1526,0.0,EngineIQ_Sensor
2026-08-05T10:20:51.039218,0.0154,-0.0745,1.1526,0.0,EngineIQ_Sensor
2026-08-05T10:20:51.156806,0.0154,-0.0745,1.1526,0.0,EngineIQ_Sensor
2026-08-05T10:20:51.158697,0.0154,-0.0745,1.1526,0.0,EngineIQ_Sensor
2026-08-05T10:20:51.218142,0.0154,-0.0745,1.1526,0.0,EngineIQ_Sensor
2026-08-05T10:20:51.277487,0.0154,-0.0745,1.1526,0.0,EngineIQ_Sensor
2026-08-05T10:20:51.336750,0.0154,-0.0745,1.1526,0.0,EngineIQ_Sensor
2026-08-05T10:20:51.338679,0.0154,-0.0745,1.1526,0.0,EngineIQ_Sensor
2026-08-05T10:20:51.398544,0.0154,-0.0745,1.1526,0.0,EngineIQ_Sensor
2026-08-05T10:20:51.758480,0.0154,-0.0745,1.1526,0.0,EngineIQ_Sensor
2026-08-05T10:20:51.817353,0.0154,-0.0745,1.1526,0.0,EngineIQ_Sensor
2026-08-05T10:20:51.876986,0.0154,-0.0745,1.1526,0.0,EngineIQ_Sensor
2026-08-05T10:20:51.878924,0.0154,-0.0745,1.1526,0.0,EngineIQ_Sensor
2026-08-05T10:20:51.938169,0.0154,-0.0745,1.1526,0.0,EngineIQ_Sensor
2026-08-05T10:20:51.997364,0.0154,-0.0745,1.1526,0.0,EngineIQ_Sensor
2026-08-05T10:20:52.056733,0.0154,-0.0745,1.1526,0.0,EngineIQ_Sensor
2026-08-05T10:20:52.058668,0.0154,-0.0745,1.1526,0.0,EngineIQ_Sensor
2026-08-05T10:20:52.117934,0.0154,-0.0745,1.1526,0.0,EngineIQ_Sensor
2026-08-05T10:20:52.177301,0.0154,-0.0745,1.1526,0.0,EngineIQ_Sensor
2026-08-05T10:20:52.236811,0.0154,-0.0745,1.1526,0.0,EngineIQ_Sensor
2026-08-05T10:20:52.238607,0.0154,-0.0745,1.1526,0.0,EngineIQ_Sensor
2026-08-05T10:20:52.298306,0.0154,-0.0745,1.1526,0.0,EngineIQ_Sensor
2026-08-05T10:20:52.718251,0.0154,-0.0745,1.1526,0.0,EngineIQ_Sensor
2026-08-05T10:20:52.778001,0.0154,-0.0745,1.1526,0.0,EngineIQ_Sensor
2026-08-05T10:20:52.837380,0.0154,-0.0745,1.1526,0.0,EngineIQ_Sensor
2026-08-05T10:20:52.896754,0.0154,-0.0745,1.1526,0.0,EngineIQ_Sensor
2026-08-05T10:20:52.899478,0.0154,-0.0745,1.1526,0.0,EngineIQ_Sensor
2026-08-05T10:20:52.958160,0.0154,-0.0745,1.1526,0.0,EngineIQ_Sensor
2026-08-05T10:20:53.017397,0.0154,-0.0745,1.1526,0.0,EngineIQ_Sensor
2026-08-05T10:20:53.076719,0.0154,-0.0745,1.1526,0.0,EngineIQ_Sensor
2026-08-05T10:20:53.078678,0.0154,-0.0745,1.1526,0.0,EngineIQ_Sensor
2026-08-05T10:20:53.138261,0.0154,-0.0745,1.1526,0.0,EngineIQ_Sensor
2026-08-05T10:20:53.197459,0.0154,-0.0745,1.1526,0.0,EngineIQ_Sensor
2026-08-05T10:20:53.256785,0.0154,-0.0745,1.1526,0.0,EngineIQ_Sensor
2026-08-05T10:20:53.258793,0.0154,-0.0745,1.1526,0.0,EngineIQ_Sensor
2026-08-05T10:20:53.737833,0.0154,-0.0745,1.1526,0.0,EngineIQ_Sensor
2026-08-05T10:20:53.797377,0.0154,-0.0745,1.1526,0.0,EngineIQ_Sensor
2026-08-05T10:20:53.858097,0.0154,-0.0745,1.1526,0.0,EngineIQ_Sensor
2026-08-05T10:20:53.917330,0.0154,-0.0745,1.1526,0.0,EngineIQ_Sensor
2026-08-05T10:20:53.976792,0.0154,-0.0745,1.1526,0.0,EngineIQ_Sensor
2026-08-05T10:20:53.978777,0.0154,-0.0745,1.1526,0.0,EngineIQ_Sensor
2026-08-05T10:20:54.038016,0.0154,-0.0745,1.1526,0.0,EngineIQ_Sensor
2026-08-05T10:20:54.097332,0.0154,-0.0745,1.1526,0.0,EngineIQ_Sensor
2026-08-05T10:20:54.156779,0.0154,-0.0745,1.1526,0.0,EngineIQ_Sensor
2026-08-05T10:20:54.158642,0.0154,-0.0745,1.1526,0.0,EngineIQ_Sensor
2026-08-05T10:20:54.217976,0.0154,-0.0745,1.1526,0.0,EngineIQ_Sensor
2026-08-05T10:20:54.277426,0.0154,-0.0745,1.1526,0.0,EngineIQ_Sensor
2026-08-05T10:20:54.336771,0.0154,-0.0745,1.1526,0.0,EngineIQ_Sensor
2026-08-05T10:20:54.758103,0.0154,-0.0745,1.1526,0.0,EngineIQ_Sensor
2026-08-05T10:20:54.885241,0.0154,-0.0745,1.1526,0.0,EngineIQ_Sensor
2026-08-05T10:20:54.937362,0.0154,-0.0745,1.1526,0.0,EngineIQ_Sensor
2026-08-05T10:20:54.938826,0.0154,-0.0745,1.1526,0.0,EngineIQ_Sensor
2026-08-05T10:20:55.058295,0.0154,-0.0745,1.1526,0.0,EngineIQ_Sensor
2026-08-05T10:20:55.237445,0.0154,-0.0745,1.1526,0.0,EngineIQ_Sensor
2026-08-05T10:20:55.297034,0.0154,-0.0745,1.1526,0.0,EngineIQ_Sensor
2026-08-05T10:20:55.298593,0.0154,-0.0745,1.1526,0.0,EngineIQ_Sensor
2026-08-05T10:20:55.417926,0.0154,-0.0745,1.1526,0.0,EngineIQ_Sensor
2026-08-05T10:20:55.477900,0.0154,-0.0745,1.1526,0.0,EngineIQ_Sensor
2026-08-05T10:20:55.596987,0.0154,-0.0745,1.1526,0.0,EngineIQ_Sensor
2026-08-05T10:20:55.599294,0.0154,-0.0745,1.1526,0.0,EngineIQ_Sensor
2026-08-05T10:20:55.658198,0.0154,-0.0745,1.1526,0.0,EngineIQ_Sensor
2026-08-05T10:20:55.777844,0.0154,-0.0745,1.1526,0.0,EngineIQ_Sensor
2026-08-05T10:20:55.837475,0.0154,-0.0745,1.1526,0.0,EngineIQ_Sensor
2026-08-05T10:20:55.896811,0.0154,-0.0745,1.1526,0.0,EngineIQ_Sensor
2026-08-05T10:20:55.899048,0.0154,-0.0745,1.1526,0.0,EngineIQ_Sensor
2026-08-05T10:20:55.957878,0.0154,-0.0745,1.1526,0.0,EngineIQ_Sensor
2026-08-05T10:20:56.017442,0.0154,-0.0745,1.1526,0.0,EngineIQ_Sensor
2026-08-05T10:20:56.136770,0.0154,-0.0745,1.1526,0.0,EngineIQ_Sensor
2026-08-05T10:20:56.138685,0.0154,-0.0745,1.1526,0.0,EngineIQ_Sensor
2026-08-05T10:20:56.317227,0.0154,-0.0745,1.1526,0.0,EngineIQ_Sensor
2026-08-05T10:20:56.376820,0.0154,-0.0745,1.1526,0.0,EngineIQ_Sensor
2026-08-05T10:20:56.378518,0.0154,-0.0745,1.1526,0.0,EngineIQ_Sensor
2026-08-05T10:20:56.437974,0.0154,-0.0745,1.1526,0.0,EngineIQ_Sensor
2026-08-05T10:20:56.497346,0.0154,-0.0745,1.1526,0.0,EngineIQ_Sensor
2026-08-05T10:20:56.738089,0.0154,-0.0745,1.1526,0.0,EngineIQ_Sensor
2026-08-05T10:20:56.797311,0.0154,-0.0745,1.1526,0.0,EngineIQ_Sensor
2026-08-05T10:20:56.856677,0.0154,-0.0745,1.1526,0.0,EngineIQ_Sensor
2026-08-05T10:20:56.858866,0.0154,-0.0745,1.1526,0.0,EngineIQ_Sensor
2026-08-05T10:20:56.918312,0.0154,-0.0745,1.1526,0.0,EngineIQ_Sensor
2026-08-05T10:20:56.977403,0.0154,-0.0745,1.1526,0.0,EngineIQ_Sensor
2026-08-05T10:20:57.036723,0.0154,-0.0745,1.1526,0.0,EngineIQ_Sensor
2026-08-05T10:20:57.105583,0.0154,-0.0745,1.1526,0.0,EngineIQ_Sensor
2026-08-05T10:20:57.178397,0.0154,-0.0745,1.1526,0.0,EngineIQ_Sensor
2026-08-05T10:20:57.204317,0.0154,-0.0745,1.1526,0.0,EngineIQ_Sensor
2026-08-05T10:20:57.230972,0.0154,-0.0745,1.1526,0.0,EngineIQ_Sensor
2026-08-05T10:20:57.278643,0.0154,-0.0745,1.1526,0.0,EngineIQ_Sensor
2026-08-05T10:20:57.336507,0.0154,-0.0745,1.1526,0.0,EngineIQ_Sensor
2026-08-05T10:20:57.757889,0.0154,-0.0745,1.1526,0.0,EngineIQ_Sensor
2026-08-05T10:20:57.817190,0.0154,-0.0745,1.1526,0.0,EngineIQ_Sensor
2026-08-05T10:20:57.876574,0.0154,-0.0745,1.1526,0.0,EngineIQ_Sensor
2026-08-05T10:20:57.878400,0.0154,-0.0745,1.1526,0.0,EngineIQ_Sensor
2026-08-05T10:20:57.937962,0.0154,-0.0745,1.1526,0.0,EngineIQ_Sensor
2026-08-05T10:20:57.998060,0.0154,-0.0745,1.1526,0.0,EngineIQ_Sensor
2026-08-05T10:20:58.057085,0.0154,-0.0745,1.1526,0.0,EngineIQ_Sensor
2026-08-05T10:20:58.116649,0.0154,-0.0745,1.1526,0.0,EngineIQ_Sensor
2026-08-05T10:20:58.118577,0.0154,-0.0745,1.1526,0.0,EngineIQ_Sensor
2026-08-05T10:20:58.178071,0.0154,-0.0745,1.1526,0.0,EngineIQ_Sensor
2026-08-05T10:20:58.237186,0.0154,-0.0745,1.1526,0.0,EngineIQ_Sensor
2026-08-05T10:20:58.296924,0.0154,-0.0745,1.1526,0.0,EngineIQ_Sensor
2026-08-05T10:20:58.358043,0.0154,-0.0745,1.1526,0.0,EngineIQ_Sensor
2026-08-05T10:20:58.776548,0.0154,-0.0745,1.1526,0.0,EngineIQ_Sensor
2026-08-05T10:20:58.778725,0.0154,-0.0745,1.1526,0.0,EngineIQ_Sensor
2026-08-05T10:20:58.837912,0.0154,-0.0745,1.1526,0.0,EngineIQ_Sensor
2026-08-05T10:20:58.897248,0.0154,-0.0745,1.1526,0.0,EngineIQ_Sensor
2026-08-05T10:20:58.956750,0.0154,-0.0745,1.1526,0.0,EngineIQ_Sensor
2026-08-05T10:20:58.958515,0.0154,-0.0745,1.1526,0.0,EngineIQ_Sensor
2026-08-05T10:20:59.017833,0.0154,-0.0745,1.1526,0.0,EngineIQ_Sensor
2026-08-05T10:20:59.077068,0.0154,-0.0745,1.1526,0.0,EngineIQ_Sensor
2026-08-05T10:20:59.136672,0.0154,-0.0745,1.1526,0.0,EngineIQ_Sensor
2026-08-05T10:20:59.197231,0.0154,-0.0745,1.1526,0.0,EngineIQ_Sensor
2026-08-05T10:20:59.256858,0.0154,-0.0745,1.1526,0.0,EngineIQ_Sensor
2026-08-05T10:20:59.317215,0.0154,-0.0745,1.1526,0.0,EngineIQ_Sensor
2026-08-05T10:20:59.377518,0.0154,-0.0745,1.1526,0.0,EngineIQ_Sensor
2026-08-05T10:20:59.737958,0.0154,-0.0745,1.1526,0.0,EngineIQ_Sensor
2026-08-05T10:20:59.797569,0.0154,-0.0745,1.1526,0.0,EngineIQ_Sensor
2026-08-05T10:20:59.856686,0.0154,-0.0745,1.1526,0.0,EngineIQ_Sensor
2026-08-05T10:20:59.858657,0.0154,-0.0745,1.1526,0.0,EngineIQ_Sensor
2026-08-05T10:20:59.917923,0.0154,-0.0745,1.1526,0.0,EngineIQ_Sensor
2026-08-05T10:20:59.977177,0.0154,-0.0745,1.1526,0.0,EngineIQ_Sensor
2026-08-05T10:21:00.036508,0.0154,-0.0745,1.1526,0.0,EngineIQ_Sensor
2026-08-05T10:21:00.040337,0.0154,-0.0745,1.1526,0.0,EngineIQ_Sensor
2026-08-05T10:21:00.098007,0.0154,-0.0745,1.1526,0.0,EngineIQ_Sensor
2026-08-05T10:21:00.157230,0.0154,-0.0745,1.1526,0.0,EngineIQ_Sensor
2026-08-05T10:21:00.216728,0.0154,-0.0745,1.1526,0.0,EngineIQ_Sensor
2026-08-05T10:21:00.219061,0.0154,-0.0745,1.1526,0.0,EngineIQ_Sensor
2026-08-05T10:21:00.277969,0.0154,-0.0745,1.1526,0.0,EngineIQ_Sensor
2026-08-05T10:21:00.757929,0.0154,-0.0745,1.1526,0.0,EngineIQ_Sensor
2026-08-05T10:21:00.876674,0.0154,-0.0745,1.1526,0.0,EngineIQ_Sensor
2026-08-05T10:21:00.878582,0.0154,-0.0745,1.1526,0.0,EngineIQ_Sensor
2026-08-05T10:21:00.937982,0.0154,-0.0745,1.1526,0.0,EngineIQ_Sensor
2026-08-05T10:21:00.997080,0.0154,-0.0745,1.1526,0.0,EngineIQ_Sensor
2026-08-05T10:21:01.116580,0.0154,-0.0745,1.1526,0.0,EngineIQ_Sensor
2026-08-05T10:21:01.118629,0.0154,-0.0745,1.1526,0.0,EngineIQ_Sensor
2026-08-05T10:21:01.178242,0.0154,-0.0745,1.1526,0.0,EngineIQ_Sensor
2026-08-05T10:21:01.297071,0.0154,-0.0745,1.1526,0.0,EngineIQ_Sensor
2026-08-05T10:21:01.356762,0.0154,-0.0745,1.1526,0.0,EngineIQ_Sensor
2026-08-05T10:21:01.358824,0.0154,-0.0745,1.1526,0.0,EngineIQ_Sensor
2026-08-05T10:21:01.478141,0.0154,-0.0745,1.1526,0.0,EngineIQ_Sensor
2026-08-05T10:21:01.537409,0.0154,-0.0745,1.1526,0.0,EngineIQ_Sensor
2026-08-05T10:21:01.718219,0.0154,-0.0745,1.1526,0.0,EngineIQ_Sensor
2026-08-05T10:21:01.836623,0.0154,-0.0745,1.1526,0.0,EngineIQ_Sensor
2026-08-05T10:21:01.838581,0.0154,-0.0745,1.1526,0.0,EngineIQ_Sensor
2026-08-05T10:21:01.897852,0.0154,-0.0745,1.1526,0.0,EngineIQ_Sensor
2026-08-05T10:21:02.017386,0.0154,-0.0745,1.1526,0.0,EngineIQ_Sensor
2026-08-05T10:21:02.076719,0.0154,-0.0745,1.1526,0.0,EngineIQ_Sensor
2026-08-05T10:21:02.078703,0.0154,-0.0745,1.1526,0.0,EngineIQ_Sensor
2026-08-05T10:21:02.137884,0.0154,-0.0745,1.1526,0.0,EngineIQ_Sensor
2026-08-05T10:21:02.197260,0.0154,-0.0745,1.1526,0.0,EngineIQ_Sensor
2026-08-05T10:21:02.256712,0.0154,-0.0745,1.1526,0.0,EngineIQ_Sensor
2026-08-05T10:21:02.258578,0.0154,-0.0745,1.1526,0.0,EngineIQ_Sensor
2026-08-05T10:21:02.317875,0.0154,-0.0745,1.1526,0.0,EngineIQ_Sensor
2026-08-05T10:21:02.377354,0.0154,-0.0745,1.1526,0.0,EngineIQ_Sensor
2026-08-05T10:21:02.737891,0.0154,-0.0745,1.1526,0.0,EngineIQ_Sensor
2026-08-05T10:21:02.797214,0.0154,-0.0745,1.1526,0.0,EngineIQ_Sensor
2026-08-05T10:21:02.856487,0.0154,-0.0745,1.1526,0.0,EngineIQ_Sensor
2026-08-05T10:21:02.858450,0.0154,-0.0745,1.1526,0.0,EngineIQ_Sensor
2026-08-05T10:21:02.917758,0.0154,-0.0745,1.1526,0.0,EngineIQ_Sensor
2026-08-05T10:21:02.977453,0.0154,-0.0745,1.1526,0.0,EngineIQ_Sensor
2026-08-05T10:21:03.036569,0.0154,-0.0745,1.1526,0.0,EngineIQ_Sensor
2026-08-05T10:21:03.038659,0.0154,-0.0745,1.1526,0.0,EngineIQ_Sensor
2026-08-05T10:21:03.097799,0.0154,-0.0745,1.1526,0.0,EngineIQ_Sensor
2026-08-05T10:21:03.157405,0.0154,-0.0745,1.1526,0.0,EngineIQ_Sensor
2026-08-05T10:21:03.216611,0.0154,-0.0745,1.1526,0.0,EngineIQ_Sensor
2026-08-05T10:21:03.218399,0.0154,-0.0745,1.1526,0.0,EngineIQ_Sensor
2026-08-05T10:21:03.277878,0.0154,-0.0745,1.1526,0.0,EngineIQ_Sensor
2026-08-05T10:21:03.758085,0.0154,-0.0745,1.1526,0.0,EngineIQ_Sensor
2026-08-05T10:21:03.877971,0.0154,-0.0745,1.1526,0.0,EngineIQ_Sensor
2026-08-05T10:21:03.937287,0.0154,-0.0745,1.1526,0.0,EngineIQ_Sensor
2026-08-05T10:21:03.996630,0.0154,-0.0745,1.1526,0.0,EngineIQ_Sensor
2026-08-05T10:21:03.998444,0.0154,-0.0745,1.1526,0.0,EngineIQ_Sensor
2026-08-05T10:21:04.057950,0.0154,-0.0745,1.1526,0.0,EngineIQ_Sensor
2026-08-05T10:21:04.117286,0.0154,-0.0745,1.1526,0.0,EngineIQ_Sensor
2026-08-05T10:21:04.176543,0.0154,-0.0745,1.1526,0.0,EngineIQ_Sensor
2026-08-05T10:21:04.178739,0.0154,-0.0745,1.1526,0.0,EngineIQ_Sensor
2026-08-05T10:21:04.297917,0.0154,-0.0745,1.1526,0.0,EngineIQ_Sensor
2026-08-05T10:21:04.357177,0.0154,-0.0745,1.1526,0.0,EngineIQ_Sensor
2026-08-05T10:21:04.476725,0.0154,-0.0745,1.1526,0.0,EngineIQ_Sensor
2026-08-05T10:21:04.597610,0.0154,-0.0745,1.1526,0.0,EngineIQ_Sensor
2026-08-05T10:21:04.717947,0.0154,-0.0745,1.1526,0.0,EngineIQ_Sensor
2026-08-05T10:21:04.777885,0.0154,-0.0745,1.1526,0.0,EngineIQ_Sensor
2026-08-05T10:21:04.837266,0.0154,-0.0745,1.1526,0.0,EngineIQ_Sensor
2026-08-05T10:21:04.896502,0.0154,-0.0745,1.1526,0.0,EngineIQ_Sensor
2026-08-05T10:21:04.898706,0.0154,-0.0745,1.1526,0.0,EngineIQ_Sensor
2026-08-05T10:21:04.957954,0.0154,-0.0745,1.1526,0.0,EngineIQ_Sensor
2026-08-05T10:21:05.017237,0.0154,-0.0745,1.1526,0.0,EngineIQ_Sensor
2026-08-05T10:21:05.076575,0.0154,-0.0745,1.1526,0.0,EngineIQ_Sensor
2026-08-05T10:21:05.078579,0.0154,-0.0745,1.1526,0.0,EngineIQ_Sensor
2026-08-05T10:21:05.137806,0.0154,-0.0745,1.1526,0.0,EngineIQ_Sensor
2026-08-05T10:21:05.197082,0.0154,-0.0745,1.1526,0.0,EngineIQ_Sensor
2026-08-05T10:21:05.256504,0.0154,-0.0745,1.1526,0.0,EngineIQ_Sensor
2026-08-05T10:21:05.258331,0.0154,-0.0745,1.1526,0.0,EngineIQ_Sensor
2026-08-05T10:21:05.740905,0.0154,-0.0745,1.1526,0.0,EngineIQ_Sensor
2026-08-05T10:21:05.796914,0.0154,-0.0745,1.1526,0.0,EngineIQ_Sensor
2026-08-05T10:21:05.856706,0.0154,-0.0745,1.1526,0.0,EngineIQ_Sensor
2026-08-05T10:21:05.858732,0.0154,-0.0745,1.1526,0.0,EngineIQ_Sensor
2026-08-05T10:21:05.917780,0.0154,-0.0745,1.1526,0.0,EngineIQ_Sensor
2026-08-05T10:21:05.977119,0.0154,-0.0745,1.1526,0.0,EngineIQ_Sensor
2026-08-05T10:21:06.036506,0.0154,-0.0745,1.1526,0.0,EngineIQ_Sensor
2026-08-05T10:21:06.038911,0.0154,-0.0745,1.1526,0.0,EngineIQ_Sensor
2026-08-05T10:21:06.097974,0.0154,-0.0745,1.1526,0.0,EngineIQ_Sensor
2026-08-05T10:21:06.156906,0.0154,-0.0745,1.1526,0.0,EngineIQ_Sensor
2026-08-05T10:21:06.216474,0.0154,-0.0745,1.1526,0.0,EngineIQ_Sensor
2026-08-05T10:21:06.276895,0.0154,-0.0745,1.1526,0.0,EngineIQ_Sensor
2026-08-05T10:21:06.278431,0.0154,-0.0745,1.1526,0.0,EngineIQ_Sensor
2026-08-05T10:21:06.757838,0.0154,-0.0745,1.1526,0.0,EngineIQ_Sensor
2026-08-05T10:21:06.817036,0.0154,-0.0745,1.1526,0.0,EngineIQ_Sensor
2026-08-05T10:21:06.876462,0.0154,-0.0745,1.1526,0.0,EngineIQ_Sensor
2026-08-05T10:21:06.878595,0.0154,-0.0745,1.1526,0.0,EngineIQ_Sensor
2026-08-05T10:21:06.937831,0.0154,-0.0745,1.1526,0.0,EngineIQ_Sensor
2026-08-05T10:21:06.997102,0.0154,-0.0745,1.1526,0.0,EngineIQ_Sensor
2026-08-05T10:21:07.057020,0.0154,-0.0745,1.1526,0.0,EngineIQ_Sensor
2026-08-05T10:21:07.116456,0.0154,-0.0745,1.1526,0.0,EngineIQ_Sensor
2026-08-05T10:21:07.118541,0.0154,-0.0745,1.1526,0.0,EngineIQ_Sensor
2026-08-05T10:21:07.177995,0.0154,-0.0745,1.1526,0.0,EngineIQ_Sensor
2026-08-05T10:21:07.237086,0.0154,-0.0745,1.1526,0.0,EngineIQ_Sensor
2026-08-05T10:21:07.296433,0.0154,-0.0745,1.1526,0.0,EngineIQ_Sensor
2026-08-05T10:21:07.298315,0.0154,-0.0745,1.1526,0.0,EngineIQ_Sensor
2026-08-05T10:21:07.776472,0.0154,-0.0745,1.1526,0.0,EngineIQ_Sensor
2026-08-05T10:21:07.778305,0.0154,-0.0745,1.1526,0.0,EngineIQ_Sensor
2026-08-05T10:21:07.837779,0.0154,-0.0745,1.1526,0.0,EngineIQ_Sensor
2026-08-05T10:21:07.897078,0.0154,-0.0745,1.1526,0.0,EngineIQ_Sensor
2026-08-05T10:21:07.956284,0.0154,-0.0745,1.1526,0.0,EngineIQ_Sensor
2026-08-05T10:21:07.958343,0.0154,-0.0745,1.1526,0.0,EngineIQ_Sensor
2026-08-05T10:21:08.017792,0.0154,-0.0745,1.1526,0.0,EngineIQ_Sensor
2026-08-05T10:21:08.076835,0.0154,-0.0745,1.1526,0.0,EngineIQ_Sensor
2026-08-05T10:21:08.196634,0.0154,-0.0745,1.1526,0.0,EngineIQ_Sensor
2026-08-05T10:21:08.198730,0.0154,-0.0745,1.1526,0.0,EngineIQ_Sensor
2026-08-05T10:21:08.258297,0.0154,-0.0745,1.1526,0.0,EngineIQ_Sensor
2026-08-05T10:21:08.317258,0.0154,-0.0745,1.1526,0.0,EngineIQ_Sensor
2026-08-05T10:21:08.376909,0.0154,-0.0745,1.1526,0.0,EngineIQ_Sensor
2026-08-05T10:21:08.737691,0.0154,-0.0745,1.1526,0.0,EngineIQ_Sensor
2026-08-05T10:21:08.797028,0.0154,-0.0745,1.1526,0.0,EngineIQ_Sensor
2026-08-05T10:21:08.856354,0.0154,-0.0745,1.1526,0.0,EngineIQ_Sensor
2026-08-05T10:21:08.916583,0.0154,-0.0745,1.1526,0.0,EngineIQ_Sensor
2026-08-05T10:21:08.918473,0.0154,-0.0745,1.1526,0.0,EngineIQ_Sensor
2026-08-05T10:21:08.977778,0.0154,-0.0745,1.1526,0.0,EngineIQ_Sensor
2026-08-05T10:21:09.036981,0.0154,-0.0745,1.1526,0.0,EngineIQ_Sensor
2026-08-05T10:21:09.096442,0.0154,-0.0745,1.1526,0.0,EngineIQ_Sensor
2026-08-05T10:21:09.098256,0.0154,-0.0745,1.1526,0.0,EngineIQ_Sensor
2026-08-05T10:21:09.158657,0.0154,-0.0745,1.1526,0.0,EngineIQ_Sensor
2026-08-05T10:21:09.217043,0.0154,-0.0745,1.1526,0.0,EngineIQ_Sensor
2026-08-05T10:21:09.276498,0.0154,-0.0745,1.1526,0.0,EngineIQ_Sensor
2026-08-05T10:21:09.278316,0.0154,-0.0745,1.1526,0.0,EngineIQ_Sensor
2026-08-05T10:21:09.757700,0.0154,-0.0745,1.1526,0.0,EngineIQ_Sensor
2026-08-05T10:21:09.816946,0.0154,-0.0745,1.1526,0.0,EngineIQ_Sensor
2026-08-05T10:21:09.876471,0.0154,-0.0745,1.1526,0.0,EngineIQ_Sensor
2026-08-05T10:21:09.878339,0.0154,-0.0745,1.1526,0.0,EngineIQ_Sensor
2026-08-05T10:21:09.937633,0.0154,-0.0745,1.1526,0.0,EngineIQ_Sensor
2026-08-05T10:21:09.997072,0.0154,-0.0745,1.1526,0.0,EngineIQ_Sensor
2026-08-05T10:21:10.056521,0.0154,-0.0745,1.1526,0.0,EngineIQ_Sensor
2026-08-05T10:21:10.058405,0.0154,-0.0745,1.1526,0.0,EngineIQ_Sensor
2026-08-05T10:21:10.177206,0.0154,-0.0745,1.1526,0.0,EngineIQ_Sensor
2026-08-05T10:21:10.236876,0.0154,-0.0745,1.1526,0.0,EngineIQ_Sensor
2026-08-05T10:21:10.296582,0.0154,-0.0745,1.1526,0.0,EngineIQ_Sensor
2026-08-05T10:21:10.298824,0.0154,-0.0745,1.1526,0.0,EngineIQ_Sensor
2026-08-05T10:21:10.417730,0.0154,-0.0745,1.1526,0.0,EngineIQ_Sensor
2026-08-05T10:21:10.717767,0.0154,-0.0745,1.1526,0.0,EngineIQ_Sensor
2026-08-05T10:21:10.777701,0.0154,-0.0745,1.1526,0.0,EngineIQ_Sensor
2026-08-05T10:21:10.837208,0.0154,-0.0745,1.1526,0.0,EngineIQ_Sensor
2026-08-05T10:21:10.897037,0.0154,-0.0745,1.1526,0.0,EngineIQ_Sensor
2026-08-05T10:21:10.956394,0.0154,-0.0745,1.1526,0.0,EngineIQ_Sensor
2026-08-05T10:21:10.958203,0.0154,-0.0745,1.1526,0.0,EngineIQ_Sensor
2026-08-05T10:21:11.017697,0.0154,-0.0745,1.1526,0.0,EngineIQ_Sensor
2026-08-05T10:21:11.077038,0.0154,-0.0745,1.1526,0.0,EngineIQ_Sensor
2026-08-05T10:21:11.137046,0.0154,-0.0745,1.1526,0.0,EngineIQ_Sensor
2026-08-05T10:21:11.196418,0.0154,-0.0745,1.1526,0.0,EngineIQ_Sensor
2026-08-05T10:21:11.198535,0.0154,-0.0745,1.1526,0.0,EngineIQ_Sensor
2026-08-05T10:21:11.257692,0.0154,-0.0745,1.1526,0.0,EngineIQ_Sensor
2026-08-05T10:21:11.317166,0.0154,-0.0745,1.1526,0.0,EngineIQ_Sensor
2026-08-05T10:21:11.737843,0.0154,-0.0745,1.1526,0.0,EngineIQ_Sensor
2026-08-05T10:21:11.856479,0.0154,-0.0745,1.1526,0.0,EngineIQ_Sensor
2026-08-05T10:21:11.858174,0.0154,-0.0745,1.1526,0.0,EngineIQ_Sensor
2026-08-05T10:21:11.917625,0.0154,-0.0745,1.1526,0.0,EngineIQ_Sensor
2026-08-05T10:21:11.977506,0.0154,-0.0745,1.1526,0.0,EngineIQ_Sensor
2026-08-05T10:21:12.037140,0.0154,-0.0745,1.1526,0.0,EngineIQ_Sensor
2026-08-05T10:21:12.038450,0.0154,-0.0745,1.1526,0.0,EngineIQ_Sensor
2026-08-05T10:21:12.097811,0.0154,-0.0745,1.1526,0.0,EngineIQ_Sensor
2026-08-05T10:21:12.157207,0.0154,-0.0745,1.1526,0.0,EngineIQ_Sensor
2026-08-05T10:21:12.217576,0.0154,-0.0745,1.1526,0.0,EngineIQ_Sensor
2026-08-05T10:21:12.218501,0.0154,-0.0745,1.1526,0.0,EngineIQ_Sensor
2026-08-05T10:21:12.277993,0.0154,-0.0745,1.1526,0.0,EngineIQ_Sensor
2026-08-05T10:21:12.337160,0.0154,-0.0745,1.1526,0.0,EngineIQ_Sensor
2026-08-05T10:21:12.757641,0.0154,-0.0745,1.1526,0.0,EngineIQ_Sensor
2026-08-05T10:21:12.816961,0.0154,-0.0745,1.1526,0.0,EngineIQ_Sensor
2026-08-05T10:21:12.876470,0.0154,-0.0745,1.1526,0.0,EngineIQ_Sensor
2026-08-05T10:21:12.879133,0.0154,-0.0745,1.1526,0.0,EngineIQ_Sensor
2026-08-05T10:21:12.938649,0.0154,-0.0745,1.1526,0.0,EngineIQ_Sensor
2026-08-05T10:21:12.996824,0.0154,-0.0745,1.1526,0.0,EngineIQ_Sensor
2026-08-05T10:21:13.056729,0.0154,-0.0745,1.1526,0.0,EngineIQ_Sensor
2026-08-05T10:21:13.117720,0.0154,-0.0745,1.1526,0.0,EngineIQ_Sensor
2026-08-05T10:21:13.176905,0.0154,-0.0745,1.1526,0.0,EngineIQ_Sensor
2026-08-05T10:21:13.236418,0.0154,-0.0745,1.1526,0.0,EngineIQ_Sensor
2026-08-05T10:21:13.238380,0.0154,-0.0745,1.1526,0.0,EngineIQ_Sensor
2026-08-05T10:21:13.297604,0.0154,-0.0745,1.1526,0.0,EngineIQ_Sensor
2026-08-05T10:21:13.357046,0.0154,-0.0745,1.1526,0.0,EngineIQ_Sensor
2026-08-05T10:21:13.717721,0.0154,-0.0745,1.1526,0.0,EngineIQ_Sensor
2026-08-05T10:21:13.777589,0.0154,-0.0745,1.1526,0.0,EngineIQ_Sensor
2026-08-05T10:21:13.836733,0.0154,-0.0745,1.1526,0.0,EngineIQ_Sensor
2026-08-05T10:21:13.931006,0.0154,-0.0745,1.1526,0.0,EngineIQ_Sensor
2026-08-05T10:21:13.955556,0.0154,-0.0745,1.1526,0.0,EngineIQ_Sensor
2026-08-05T10:21:13.974476,0.0154,-0.0745,1.1526,0.0,EngineIQ_Sensor
2026-08-05T10:21:14.029394,0.0154,-0.0745,1.1526,0.0,EngineIQ_Sensor
2026-08-05T10:21:14.076676,0.0154,-0.0745,1.1526,0.0,EngineIQ_Sensor
2026-08-05T10:21:14.078364,0.0154,-0.0745,1.1526,0.0,EngineIQ_Sensor
2026-08-05T10:21:14.137422,0.0154,-0.0745,1.1526,0.0,EngineIQ_Sensor
2026-08-05T10:21:14.196865,0.0154,-0.0745,1.1526,0.0,EngineIQ_Sensor
2026-08-05T10:21:14.256398,0.0154,-0.0745,1.1526,0.0,EngineIQ_Sensor
2026-08-05T10:21:14.258136,0.0154,-0.0745,1.1526,0.0,EngineIQ_Sensor
2026-08-05T10:21:14.737718,0.0154,-0.0745,1.1526,0.0,EngineIQ_Sensor
2026-08-05T10:21:14.856624,0.0154,-0.0745,1.1526,0.0,EngineIQ_Sensor
2026-08-05T10:21:14.916209,0.0154,-0.0745,1.1526,0.0,EngineIQ_Sensor
2026-08-05T10:21:14.918226,0.0154,-0.0745,1.1526,0.0,EngineIQ_Sensor
2026-08-05T10:21:14.977553,0.0154,-0.0745,1.1526,0.0,EngineIQ_Sensor
2026-08-05T10:21:15.036734,0.0154,-0.0745,1.1526,0.0,EngineIQ_Sensor
2026-08-05T10:21:15.096196,0.0154,-0.0745,1.1526,0.0,EngineIQ_Sensor
2026-08-05T10:21:15.098394,0.0154,-0.0745,1.1526,0.0,EngineIQ_Sensor
2026-08-05T10:21:15.157578,0.0154,-0.0745,1.1526,0.0,EngineIQ_Sensor
2026-08-05T10:21:15.217417,0.0154,-0.0745,1.1526,0.0,EngineIQ_Sensor
2026-08-05T10:21:15.276258,0.0154,-0.0745,1.1526,0.0,EngineIQ_Sensor
2026-08-05T10:21:15.278065,0.0154,-0.0745,1.1526,0.0,EngineIQ_Sensor
2026-08-05T10:21:15.337651,0.0154,-0.0745,1.1526,0.0,EngineIQ_Sensor
2026-08-05T10:21:15.757707,0.0154,-0.0745,1.1526,0.0,EngineIQ_Sensor
2026-08-05T10:21:15.816869,0.0154,-0.0745,1.1526,0.0,EngineIQ_Sensor
2026-08-05T10:21:15.876243,0.0154,-0.0745,1.1526,0.0,EngineIQ_Sensor
2026-08-05T10:21:15.936990,0.0154,-0.0745,1.1526,0.0,EngineIQ_Sensor
2026-08-05T10:21:15.996491,0.0154,-0.0745,1.1526,0.0,EngineIQ_Sensor
2026-08-05T10:21:15.998380,0.0154,-0.0745,1.1526,0.0,EngineIQ_Sensor
2026-08-05T10:21:16.057718,0.0154,-0.0745,1.1526,0.0,EngineIQ_Sensor
2026-08-05T10:21:16.116861,0.0154,-0.0745,1.1526,0.0,EngineIQ_Sensor
2026-08-05T10:21:16.176499,0.0154,-0.0745,1.1526,0.0,EngineIQ_Sensor
2026-08-05T10:21:16.178655,0.0154,-0.0745,1.1526,0.0,EngineIQ_Sensor
2026-08-05T10:21:16.237663,0.0154,-0.0745,1.1526,0.0,EngineIQ_Sensor
2026-08-05T10:21:16.297365,0.0154,-0.0745,1.1526,0.0,EngineIQ_Sensor
2026-08-05T10:21:16.356677,0.0154,-0.0745,1.1526,0.0,EngineIQ_Sensor
2026-08-05T10:21:16.717835,0.0154,-0.0745,1.1526,0.0,EngineIQ_Sensor
2026-08-05T10:21:16.777407,0.0154,-0.0745,1.1526,0.0,EngineIQ_Sensor
2026-08-05T10:21:16.836755,0.0154,-0.0745,1.1526,0.0,EngineIQ_Sensor
2026-08-05T10:21:16.896038,0.0154,-0.0745,1.1526,0.0,EngineIQ_Sensor
2026-08-05T10:21:16.897988,0.0154,-0.0745,1.1526,0.0,EngineIQ_Sensor
2026-08-05T10:21:16.957546,0.0154,-0.0745,1.1526,0.0,EngineIQ_Sensor
2026-08-05T10:21:17.017155,0.0154,-0.0745,1.1526,0.0,EngineIQ_Sensor
2026-08-05T10:21:17.076327,0.0154,-0.0745,1.1526,0.0,EngineIQ_Sensor
2026-08-05T10:21:17.078044,0.0154,-0.0745,1.1526,0.0,EngineIQ_Sensor
2026-08-05T10:21:17.137725,0.0154,-0.0745,1.1526,0.0,EngineIQ_Sensor
2026-08-05T10:21:17.197028,0.0154,-0.0745,1.1526,0.0,EngineIQ_Sensor
2026-08-05T10:21:17.256607,0.0154,-0.0745,1.1526,0.0,EngineIQ_Sensor
2026-08-05T10:21:17.258177,0.0154,-0.0745,1.1526,0.0,EngineIQ_Sensor
2026-08-05T10:21:17.797581,0.0154,-0.0745,1.1526,0.0,EngineIQ_Sensor
2026-08-05T10:21:17.856909,0.0154,-0.0745,1.1526,0.0,EngineIQ_Sensor
2026-08-05T10:21:17.916213,0.0154,-0.0745,1.1526,0.0,EngineIQ_Sensor
2026-08-05T10:21:17.918249,0.0154,-0.0745,1.1526,0.0,EngineIQ_Sensor
2026-08-05T10:21:17.977742,0.0154,-0.0745,1.1526,0.0,EngineIQ_Sensor
2026-08-05T10:21:18.036937,0.0154,-0.0745,1.1526,0.0,EngineIQ_Sensor
2026-08-05T10:21:18.096246,0.0154,-0.0745,1.1526,0.0,EngineIQ_Sensor
2026-08-05T10:21:18.098026,0.0154,-0.0745,1.1526,0.0,EngineIQ_Sensor
2026-08-05T10:21:18.157339,0.0154,-0.0745,1.1526,0.0,EngineIQ_Sensor
2026-08-05T10:21:18.216621,0.0154,-0.0745,1.1526,0.0,EngineIQ_Sensor
2026-08-05T10:21:18.276460,0.0154,-0.0745,1.1526,0.0,EngineIQ_Sensor
2026-08-05T10:21:18.278260,0.0154,-0.0745,1.1526,0.0,EngineIQ_Sensor
2026-08-05T10:21:18.337399,0.0154,-0.0745,1.1526,0.0,EngineIQ_Sensor
2026-08-05T10:21:18.757562,0.0154,-0.0745,1.1526,0.0,EngineIQ_Sensor
2026-08-05T10:21:18.817027,0.0154,-0.0745,1.1526,0.0,EngineIQ_Sensor
2026-08-05T10:21:18.877005,0.0154,-0.0745,1.1526,0.0,EngineIQ_Sensor
2026-08-05T10:21:18.878672,0.0154,-0.0745,1.1526,0.0,EngineIQ_Sensor
2026-08-05T10:21:18.937446,0.0154,-0.0745,1.1526,0.0,EngineIQ_Sensor
2026-08-05T10:21:18.997258,0.0154,-0.0745,1.1526,0.0,EngineIQ_Sensor
2026-08-05T10:21:19.056602,0.0154,-0.0745,1.1526,0.0,EngineIQ_Sensor
2026-08-05T10:21:19.058239,0.0154,-0.0745,1.1526,0.0,EngineIQ_Sensor
2026-08-05T10:21:19.117331,0.0154,-0.0745,1.1526,0.0,EngineIQ_Sensor
2026-08-05T10:21:19.176806,0.0154,-0.0745,1.1526,0.0,EngineIQ_Sensor
2026-08-05T10:21:19.236804,0.0154,-0.0745,1.1526,0.0,EngineIQ_Sensor
2026-08-05T10:21:19.296275,0.0154,-0.0745,1.1526,0.0,EngineIQ_Sensor
2026-08-05T10:21:19.298140,0.0154,-0.0745,1.1526,0.0,EngineIQ_Sensor
2026-08-05T10:21:19.717557,0.0154,-0.0745,1.1526,0.0,EngineIQ_Sensor
2026-08-05T10:21:19.777510,0.0154,-0.0745,1.1526,0.0,EngineIQ_Sensor
2026-08-05T10:21:19.840796,0.0154,-0.0745,1.1526,0.0,EngineIQ_Sensor
2026-08-05T10:21:19.956167,0.0154,-0.0745,1.1526,0.0,EngineIQ_Sensor
2026-08-05T10:21:19.958103,0.0154,-0.0745,1.1526,0.0,EngineIQ_Sensor
2026-08-05T10:21:20.017464,0.0154,-0.0745,1.1526,0.0,EngineIQ_Sensor
2026-08-05T10:21:20.076715,0.0154,-0.0745,1.1526,0.0,EngineIQ_Sensor
2026-08-05T10:21:20.137071,0.0154,-0.0745,1.1526,0.0,EngineIQ_Sensor
2026-08-05T10:21:20.196383,0.0154,-0.0745,1.1526,0.0,EngineIQ_Sensor
2026-08-05T10:21:20.198348,0.0154,-0.0745,1.1526,0.0,EngineIQ_Sensor
2026-08-05T10:21:20.257596,0.0154,-0.0745,1.1526,0.0,EngineIQ_Sensor
2026-08-05T10:21:20.317480,0.0154,-0.0745,1.1526,0.0,EngineIQ_Sensor
2026-08-05T10:21:20.376219,0.0154,-0.0745,1.1526,0.0,EngineIQ_Sensor
2026-08-05T10:21:20.738405,0.0154,-0.0745,1.1526,0.0,EngineIQ_Sensor
2026-08-05T10:21:20.796877,0.0154,-0.0745,1.1526,0.0,EngineIQ_Sensor
2026-08-05T10:21:20.856421,0.0154,-0.0745,1.1526,0.0,EngineIQ_Sensor
2026-08-05T10:21:20.917496,0.0154,-0.0745,1.1526,0.0,EngineIQ_Sensor
2026-08-05T10:21:20.976670,0.0154,-0.0745,1.1526,0.0,EngineIQ_Sensor
2026-08-05T10:21:21.036096,0.0154,-0.0745,1.1526,0.0,EngineIQ_Sensor
2026-08-05T10:21:21.038141,0.0154,-0.0745,1.1526,0.0,EngineIQ_Sensor
2026-08-05T10:21:21.097473,0.0154,-0.0745,1.1526,0.0,EngineIQ_Sensor
2026-08-05T10:21:21.156616,0.0154,-0.0745,1.1526,0.0,EngineIQ_Sensor
2026-08-05T10:21:21.215942,0.0154,-0.0745,1.1526,0.0,EngineIQ_Sensor
2026-08-05T10:21:21.218198,0.0154,-0.0745,1.1526,0.0,EngineIQ_Sensor
2026-08-05T10:21:21.336535,0.0154,-0.0745,1.1526,0.0,EngineIQ_Sensor
2026-08-05T10:21:21.396256,0.0154,-0.0745,1.1526,0.0,EngineIQ_Sensor
2026-08-05T10:21:21.757453,0.0154,-0.0745,1.1526,0.0,EngineIQ_Sensor
2026-08-05T10:21:21.816774,0.0154,-0.0745,1.1526,0.0,EngineIQ_Sensor
2026-08-05T10:21:21.876122,0.0154,-0.0745,1.1526,0.0,EngineIQ_Sensor
2026-08-05T10:21:21.878028,0.0154,-0.0745,1.1526,0.0,EngineIQ_Sensor
2026-08-05T10:21:21.937446,0.0154,-0.0745,1.1526,0.0,EngineIQ_Sensor
2026-08-05T10:21:21.996714,0.0154,-0.0745,1.1526,0.0,EngineIQ_Sensor
2026-08-05T10:21:22.056105,0.0154,-0.0745,1.1526,0.0,EngineIQ_Sensor
2026-08-05T10:21:22.057979,0.0154,-0.0745,1.1526,0.0,EngineIQ_Sensor
2026-08-05T10:21:22.117856,0.0154,-0.0745,1.1526,0.0,EngineIQ_Sensor
2026-08-05T10:21:22.177479,0.0154,-0.0745,1.1526,0.0,EngineIQ_Sensor
2026-08-05T10:21:22.236766,0.0154,-0.0745,1.1526,0.0,EngineIQ_Sensor
2026-08-05T10:21:22.296091,0.0154,-0.0745,1.1526,0.0,EngineIQ_Sensor
2026-08-05T10:21:22.297957,0.0154,-0.0745,1.1526,0.0,EngineIQ_Sensor
2026-08-05T10:21:22.717582,0.0154,-0.0745,1.1526,0.0,EngineIQ_Sensor
2026-08-05T10:21:22.777476,0.0154,-0.0745,1.1526,0.0,EngineIQ_Sensor
2026-08-05T10:21:22.836654,0.0154,-0.0745,1.1526,0.0,EngineIQ_Sensor
2026-08-05T10:21:22.896101,0.0154,-0.0745,1.1526,0.0,EngineIQ_Sensor
2026-08-05T10:21:22.897936,0.0154,-0.0745,1.1526,0.0,EngineIQ_Sensor
2026-08-05T10:21:22.957405,0.0154,-0.0745,1.1526,0.0,EngineIQ_Sensor
2026-08-05T10:21:23.016673,0.0154,-0.0745,1.1526,0.0,EngineIQ_Sensor
2026-08-05T10:21:23.075978,0.0154,-0.0745,1.1526,0.0,EngineIQ_Sensor
2026-08-05T10:21:23.078042,0.0154,-0.0745,1.1526,0.0,EngineIQ_Sensor
2026-08-05T10:21:23.137465,0.0154,-0.0745,1.1526,0.0,EngineIQ_Sensor
2026-08-05T10:21:23.196648,0.0154,-0.0745,1.1526,0.0,EngineIQ_Sensor
2026-08-05T10:21:23.256024,0.0154,-0.0745,1.1526,0.0,EngineIQ_Sensor
2026-08-05T10:21:23.257970,0.0154,-0.0745,1.1526,0.0,EngineIQ_Sensor
2026-08-05T10:21:23.737366,0.0154,-0.0745,1.1526,0.0,EngineIQ_Sensor
2026-08-05T10:21:23.856682,0.0154,-0.0745,1.1526,0.0,EngineIQ_Sensor
2026-08-05T10:21:23.916073,0.0154,-0.0745,1.1526,0.0,EngineIQ_Sensor
2026-08-05T10:21:23.918075,0.0154,-0.0745,1.1526,0.0,EngineIQ_Sensor
2026-08-05T10:21:23.978343,0.0154,-0.0745,1.1526,0.0,EngineIQ_Sensor
2026-08-05T10:21:24.096708,0.0154,-0.0745,1.1526,0.0,EngineIQ_Sensor
2026-08-05T10:21:24.156085,0.0154,-0.0745,1.1526,0.0,EngineIQ_Sensor
2026-08-05T10:21:24.158078,0.0154,-0.0745,1.1526,0.0,EngineIQ_Sensor
2026-08-05T10:21:24.217413,0.0154,-0.0745,1.1526,0.0,EngineIQ_Sensor
2026-08-05T10:21:24.276692,0.0154,-0.0745,1.1526,0.0,EngineIQ_Sensor
2026-08-05T10:21:24.336177,0.0154,-0.0745,1.1526,0.0,EngineIQ_Sensor
2026-08-05T10:21:24.337899,0.0154,-0.0745,1.1526,0.0,EngineIQ_Sensor
2026-08-05T10:21:24.456950,0.0154,-0.0745,1.1526,0.0,EngineIQ_Sensor
2026-08-05T10:21:24.757417,0.0154,-0.0745,1.1526,0.0,EngineIQ_Sensor
2026-08-05T10:21:24.816932,0.0154,-0.0745,1.1526,0.0,EngineIQ_Sensor
2026-08-05T10:21:24.876175,0.0154,-0.0745,1.1526,0.0,EngineIQ_Sensor
2026-08-05T10:21:24.878074,0.0154,-0.0745,1.1526,0.0,EngineIQ_Sensor
2026-08-05T10:21:24.996541,0.0154,-0.0745,1.1526,0.0,EngineIQ_Sensor
2026-08-05T10:21:25.055972,0.0154,-0.0745,1.1526,0.0,EngineIQ_Sensor
2026-08-05T10:21:25.058243,0.0154,-0.0745,1.1526,0.0,EngineIQ_Sensor
2026-08-05T10:21:25.117280,0.0154,-0.0745,1.1526,0.0,EngineIQ_Sensor
2026-08-05T10:21:25.176762,0.0154,-0.0745,1.1526,0.0,EngineIQ_Sensor
2026-08-05T10:21:25.236117,0.0154,-0.0745,1.1526,0.0,EngineIQ_Sensor
2026-08-05T10:21:25.237973,0.0154,-0.0745,1.1526,0.0,EngineIQ_Sensor
2026-08-05T10:21:25.297310,0.0154,-0.0745,1.1526,0.0,EngineIQ_Sensor
2026-08-05T10:21:25.356690,0.0154,-0.0745,1.1526,0.0,EngineIQ_Sensor
2026-08-05T10:21:25.777088,0.0154,-0.0745,1.1526,0.0,EngineIQ_Sensor
2026-08-05T10:21:25.896018,0.0154,-0.0745,1.1526,0.0,EngineIQ_Sensor
2026-08-05T10:21:25.897887,0.0154,-0.0745,1.1526,0.0,EngineIQ_Sensor
2026-08-05T10:21:25.957304,0.0154,-0.0745,1.1526,0.0,EngineIQ_Sensor
2026-08-05T10:21:26.016726,0.0154,-0.0745,1.1526,0.0,EngineIQ_Sensor
2026-08-05T10:21:26.076075,0.0154,-0.0745,1.1526,0.0,EngineIQ_Sensor
2026-08-05T10:21:26.077948,0.0154,-0.0745,1.1526,0.0,EngineIQ_Sensor
2026-08-05T10:21:26.137394,0.0154,-0.0745,1.1526,0.0,EngineIQ_Sensor
2026-08-05T10:21:26.196506,0.0154,-0.0745,1.1526,0.0,EngineIQ_Sensor
2026-08-05T10:21:26.256027,0.0154,-0.0745,1.1526,0.0,EngineIQ_Sensor
2026-08-05T10:21:26.257891,0.0154,-0.0745,1.1526,0.0,EngineIQ_Sensor
2026-08-05T10:21:26.317352,0.0154,-0.0745,1.1526,0.0,EngineIQ_Sensor
2026-08-05T10:21:26.376795,0.0154,-0.0745,1.1526,0.0,EngineIQ_Sensor
2026-08-05T10:21:26.737202,0.0154,-0.0745,1.1526,0.0,EngineIQ_Sensor
2026-08-05T10:21:26.856781,0.0154,-0.0745,1.1526,0.0,EngineIQ_Sensor
2026-08-05T10:21:26.916119,0.0154,-0.0745,1.1526,0.0,EngineIQ_Sensor
2026-08-05T10:21:26.917758,0.0154,-0.0745,1.1526,0.0,EngineIQ_Sensor
2026-08-05T10:21:26.977420,0.0154,-0.0745,1.1526,0.0,EngineIQ_Sensor
2026-08-05T10:21:27.036698,0.0154,-0.0745,1.1526,0.0,EngineIQ_Sensor
2026-08-05T10:21:27.096397,0.0154,-0.0745,1.1526,0.0,EngineIQ_Sensor
2026-08-05T10:21:27.098531,0.0154,-0.0745,1.1526,0.0,EngineIQ_Sensor
2026-08-05T10:21:27.157257,0.0154,-0.0745,1.1526,0.0,EngineIQ_Sensor
2026-08-05T10:21:27.216581,0.0154,-0.0745,1.1526,0.0,EngineIQ_Sensor
2026-08-05T10:21:27.276201,0.0154,-0.0745,1.1526,0.0,EngineIQ_Sensor
2026-08-05T10:21:27.278078,0.0154,-0.0745,1.1526,0.0,EngineIQ_Sensor
2026-08-05T10:21:27.338246,0.0154,-0.0745,1.1526,0.0,EngineIQ_Sensor
2026-08-05T10:21:27.757359,0.0154,-0.0745,1.1526,0.0,EngineIQ_Sensor
2026-08-05T10:21:27.816699,0.0154,-0.0745,1.1526,0.0,EngineIQ_Sensor
2026-08-05T10:21:27.875844,0.0154,-0.0745,1.1526,0.0,EngineIQ_Sensor
2026-08-05T10:21:27.878118,0.0154,-0.0745,1.1526,0.0,EngineIQ_Sensor
2026-08-05T10:21:27.937137,0.0154,-0.0745,1.1526,0.0,EngineIQ_Sensor
2026-08-05T10:21:27.996896,0.0154,-0.0745,1.1526,0.0,EngineIQ_Sensor
2026-08-05T10:21:28.055884,0.0154,-0.0745,1.1526,0.0,EngineIQ_Sensor
2026-08-05T10:21:28.058177,0.0154,-0.0745,1.1526,0.0,EngineIQ_Sensor
2026-08-05T10:21:28.117264,0.0154,-0.0745,1.1526,0.0,EngineIQ_Sensor
2026-08-05T10:21:28.176676,0.0154,-0.0745,1.1526,0.0,EngineIQ_Sensor
2026-08-05T10:21:28.236037,0.0154,-0.0745,1.1526,0.0,EngineIQ_Sensor
2026-08-05T10:21:28.237772,0.0154,-0.0745,1.1526,0.0,EngineIQ_Sensor
2026-08-05T10:21:28.297345,0.0154,-0.0745,1.1526,0.0,EngineIQ_Sensor
2026-08-05T10:21:28.717434,0.0154,-0.0745,1.1526,0.0,EngineIQ_Sensor
2026-08-05T10:21:28.777996,0.0154,-0.0745,1.1526,0.0,EngineIQ_Sensor
2026-08-05T10:21:28.836982,0.0154,-0.0745,1.1526,0.0,EngineIQ_Sensor
2026-08-05T10:21:28.895980,0.0154,-0.0745,1.1526,0.0,EngineIQ_Sensor
2026-08-05T10:21:28.897879,0.0154,-0.0745,1.1526,0.0,EngineIQ_Sensor
2026-08-05T10:21:29.016554,0.0154,-0.0745,1.1526,0.0,EngineIQ_Sensor
2026-08-05T10:21:29.075919,0.0154,-0.0745,1.1526,0.0,EngineIQ_Sensor
2026-08-05T10:21:29.077959,0.0154,-0.0745,1.1526,0.0,EngineIQ_Sensor
2026-08-05T10:21:29.137237,0.0154,-0.0745,1.1526,0.0,EngineIQ_Sensor
2026-08-05T10:21:29.196556,0.0154,-0.0745,1.1526,0.0,EngineIQ_Sensor
2026-08-05T10:21:29.256038,0.0154,-0.0745,1.1526,0.0,EngineIQ_Sensor
2026-08-05T10:21:29.258140,0.0154,-0.0745,1.1526,0.0,EngineIQ_Sensor
2026-08-05T10:21:29.317677,0.0154,-0.0745,1.1526,0.0,EngineIQ_Sensor
2026-08-05T10:21:29.737327,0.0154,-0.0745,1.1526,0.0,EngineIQ_Sensor
2026-08-05T10:21:29.796826,0.0154,-0.0745,1.1526,0.0,EngineIQ_Sensor
2026-08-05T10:21:29.857220,0.0154,-0.0745,1.1526,0.0,EngineIQ_Sensor
2026-08-05T10:21:29.916446,0.0154,-0.0745,1.1526,0.0,EngineIQ_Sensor
2026-08-05T10:21:29.975986,0.0154,-0.0745,1.1526,0.0,EngineIQ_Sensor
2026-08-05T10:21:29.978153,0.0154,-0.0745,1.1526,0.0,EngineIQ_Sensor
2026-08-05T10:21:30.037116,0.0154,-0.0745,1.1526,0.0,EngineIQ_Sensor
2026-08-05T10:21:30.096632,0.0154,-0.0745,1.1526,0.0,EngineIQ_Sensor
2026-08-05T10:21:30.155863,0.0154,-0.0745,1.1526,0.0,EngineIQ_Sensor
2026-08-05T10:21:30.158042,0.0154,-0.0745,1.1526,0.0,EngineIQ_Sensor
2026-08-05T10:21:30.217156,0.0154,-0.0745,1.1526,0.0,EngineIQ_Sensor
2026-08-05T10:21:30.276406,0.0154,-0.0745,1.1526,0.0,EngineIQ_Sensor
2026-08-05T10:21:30.335781,0.0154,-0.0745,1.1526,0.0,EngineIQ_Sensor
2026-08-05T10:21:30.757281,0.0154,-0.0745,1.1526,0.0,EngineIQ_Sensor
2026-08-05T10:21:30.816532,0.0154,-0.0745,1.1526,0.0,EngineIQ_Sensor
2026-08-05T10:21:30.875887,0.0154,-0.0745,1.1526,0.0,EngineIQ_Sensor
2026-08-05T10:21:30.877767,0.0154,-0.0745,1.1526,0.0,EngineIQ_Sensor
2026-08-05T10:21:30.937309,0.0154,-0.0745,1.1526,0.0,EngineIQ_Sensor
2026-08-05T10:21:30.996568,0.0154,-0.0745,1.1526,0.0,EngineIQ_Sensor
2026-08-05T10:21:31.055953,0.0154,-0.0745,1.1526,0.0,EngineIQ_Sensor
2026-08-05T10:21:31.116574,0.0154,-0.0745,1.1526,0.0,EngineIQ_Sensor
2026-08-05T10:21:31.175971,0.0154,-0.0745,1.1526,0.0,EngineIQ_Sensor
2026-08-05T10:21:31.177881,0.0154,-0.0745,1.1526,0.0,EngineIQ_Sensor
2026-08-05T10:21:31.237167,0.0154,-0.0745,1.1526,0.0,EngineIQ_Sensor
2026-08-05T10:21:31.297291,0.0154,-0.0745,1.1526,0.0,EngineIQ_Sensor
2026-08-05T10:21:31.356588,0.0154,-0.0745,1.1526,0.0,EngineIQ_Sensor
2026-08-05T10:21:31.717541,0.0154,-0.0745,1.1526,0.0,EngineIQ_Sensor
2026-08-05T10:21:31.777303,0.0154,-0.0745,1.1526,0.0,EngineIQ_Sensor
2026-08-05T10:21:31.836688,0.0154,-0.0745,1.1526,0.0,EngineIQ_Sensor
2026-08-05T10:21:31.896037,0.0154,-0.0745,1.1526,0.0,EngineIQ_Sensor
2026-08-05T10:21:31.957318,0.0154,-0.0745,1.1526,0.0,EngineIQ_Sensor
2026-08-05T10:21:32.016558,0.0154,-0.0745,1.1526,0.0,EngineIQ_Sensor
2026-08-05T10:21:32.075942,0.0154,-0.0745,1.1526,0.0,EngineIQ_Sensor
2026-08-05T10:21:32.077775,0.0154,-0.0745,1.1526,0.0,EngineIQ_Sensor
2026-08-05T10:21:32.137277,0.0154,-0.0745,1.1526,0.0,EngineIQ_Sensor
2026-08-05T10:21:32.196546,0.0154,-0.0745,1.1526,0.0,EngineIQ_Sensor
2026-08-05T10:21:32.255988,0.0154,-0.0745,1.1526,0.0,EngineIQ_Sensor
2026-08-05T10:21:32.258193,0.0154,-0.0745,1.1526,0.0,EngineIQ_Sensor
2026-08-05T10:21:32.317353,0.0154,-0.0745,1.1526,0.0,EngineIQ_Sensor
2026-08-05T10:21:32.798201,0.0154,-0.0745,1.1526,0.0,EngineIQ_Sensor
2026-08-05T10:21:32.857055,0.0154,-0.0745,1.1526,0.0,EngineIQ_Sensor
2026-08-05T10:21:32.915944,0.0154,-0.0745,1.1526,0.0,EngineIQ_Sensor
2026-08-05T10:21:32.975809,0.0154,-0.0745,1.1526,0.0,EngineIQ_Sensor
2026-08-05T10:21:32.978146,0.0154,-0.0745,1.1526,0.0,EngineIQ_Sensor
2026-08-05T10:21:33.097361,0.0154,-0.0745,1.1526,0.0,EngineIQ_Sensor
2026-08-05T10:21:33.215966,0.0154,-0.0745,1.1526,0.0,EngineIQ_Sensor
2026-08-05T10:21:33.217914,0.0154,-0.0745,1.1526,0.0,EngineIQ_Sensor
2026-08-05T10:21:33.277642,0.0154,-0.0745,1.1526,0.0,EngineIQ_Sensor
2026-08-05T10:21:33.336522,0.0154,-0.0745,1.1526,0.0,EngineIQ_Sensor
2026-08-05T10:21:33.395941,0.0154,-0.0745,1.1526,0.0,EngineIQ_Sensor
2026-08-05T10:21:33.398131,0.0154,-0.0745,1.1526,0.0,EngineIQ_Sensor
2026-08-05T10:21:33.457271,0.0154,-0.0745,1.1526,0.0,EngineIQ_Sensor
2026-08-05T10:21:33.757115,0.0154,-0.0745,1.1526,0.0,EngineIQ_Sensor
2026-08-05T10:21:33.816287,0.0154,-0.0745,1.1526,0.0,EngineIQ_Sensor
2026-08-05T10:21:33.875763,0.0154,-0.0745,1.1526,0.0,EngineIQ_Sensor
2026-08-05T10:21:33.877799,0.0154,-0.0745,1.1526,0.0,EngineIQ_Sensor
2026-08-05T10:21:33.937265,0.0154,-0.0745,1.1526,0.0,EngineIQ_Sensor
2026-08-05T10:21:33.996526,0.0154,-0.0745,1.1526,0.0,EngineIQ_Sensor
2026-08-05T10:21:34.055969,0.0154,-0.0745,1.1526,0.0,EngineIQ_Sensor
2026-08-05T10:21:34.057780,0.0154,-0.0745,1.1526,0.0,EngineIQ_Sensor
2026-08-05T10:21:34.117254,0.0154,-0.0745,1.1526,0.0,EngineIQ_Sensor
2026-08-05T10:21:34.176541,0.0154,-0.0745,1.1526,0.0,EngineIQ_Sensor
2026-08-05T10:21:34.236342,0.0154,-0.0745,1.1526,0.0,EngineIQ_Sensor
2026-08-05T10:21:34.237841,0.0154,-0.0745,1.1526,0.0,EngineIQ_Sensor
2026-08-05T10:21:34.297285,0.0154,-0.0745,1.1526,0.0,EngineIQ_Sensor
2026-08-05T10:21:34.717103,0.0154,-0.0745,1.1526,0.0,EngineIQ_Sensor
2026-08-05T10:21:34.777251,0.0154,-0.0745,1.1526,0.0,EngineIQ_Sensor
2026-08-05T10:21:34.836516,0.0154,-0.0745,1.1526,0.0,EngineIQ_Sensor
2026-08-05T10:21:34.895826,0.0154,-0.0745,1.1526,0.0,EngineIQ_Sensor
2026-08-05T10:21:34.897667,0.0154,-0.0745,1.1526,0.0,EngineIQ_Sensor
2026-08-05T10:21:34.957084,0.0154,-0.0745,1.1526,0.0,EngineIQ_Sensor
2026-08-05T10:21:35.016338,0.0154,-0.0745,1.1526,0.0,EngineIQ_Sensor
2026-08-05T10:21:35.075760,0.0154,-0.0745,1.1526,0.0,EngineIQ_Sensor
2026-08-05T10:21:35.078032,0.0154,-0.0745,1.1526,0.0,EngineIQ_Sensor
2026-08-05T10:21:35.196404,0.0154,-0.0745,1.1526,0.0,EngineIQ_Sensor
2026-08-05T10:21:35.315932,0.0154,-0.0745,1.1526,0.0,EngineIQ_Sensor
2026-08-05T10:21:35.317918,0.0154,-0.0745,1.1526,0.0,EngineIQ_Sensor
2026-08-05T10:21:35.377239,0.0154,-0.0745,1.1526,0.0,EngineIQ_Sensor
2026-08-05T10:21:35.737226,0.0154,-0.0745,1.1526,0.0,EngineIQ_Sensor
2026-08-05T10:21:35.796776,0.0154,-0.0745,1.1526,0.0,EngineIQ_Sensor
2026-08-05T10:21:35.855757,0.0154,-0.0745,1.1526,0.0,EngineIQ_Sensor
2026-08-05T10:21:35.857563,0.0154,-0.0745,1.1526,0.0,EngineIQ_Sensor
2026-08-05T10:21:35.917195,0.0154,-0.0745,1.1526,0.0,EngineIQ_Sensor
2026-08-05T10:21:35.976475,0.0154,-0.0745,1.1526,0.0,EngineIQ_Sensor
2026-08-05T10:21:36.035773,0.0154,-0.0745,1.1526,0.0,EngineIQ_Sensor
2026-08-05T10:21:36.037687,0.0154,-0.0745,1.1526,0.0,EngineIQ_Sensor
2026-08-05T10:21:36.097079,0.0154,-0.0745,1.1526,0.0,EngineIQ_Sensor
2026-08-05T10:21:36.156317,0.0154,-0.0745,1.1526,0.0,EngineIQ_Sensor
2026-08-05T10:21:36.215750,0.0154,-0.0745,1.1526,0.0,EngineIQ_Sensor
2026-08-05T10:21:36.217603,0.0154,-0.0745,1.1526,0.0,EngineIQ_Sensor
2026-08-05T10:21:36.277262,0.0154,-0.0745,1.1526,0.0,EngineIQ_Sensor
2026-08-05T10:21:36.757031,0.0154,-0.0745,1.1526,0.0,EngineIQ_Sensor
2026-08-05T10:21:36.816322,0.0154,-0.0745,1.1526,0.0,EngineIQ_Sensor
2026-08-05T10:21:36.876345,0.0154,-0.0745,1.1526,0.0,EngineIQ_Sensor
2026-08-05T10:21:36.877743,0.0154,-0.0745,1.1526,0.0,EngineIQ_Sensor
2026-08-05T10:21:36.937268,0.0154,-0.0745,1.1526,0.0,EngineIQ_Sensor
2026-08-05T10:21:36.996301,0.0154,-0.0745,1.1526,0.0,EngineIQ_Sensor
2026-08-05T10:21:37.055693,0.0154,-0.0745,1.1526,0.0,EngineIQ_Sensor
2026-08-05T10:21:37.057819,0.0154,-0.0745,1.1526,0.0,EngineIQ_Sensor
2026-08-05T10:21:37.117200,0.0154,-0.0745,1.1526,0.0,EngineIQ_Sensor
2026-08-05T10:21:37.201458,0.0154,-0.0745,1.1526,0.0,EngineIQ_Sensor
2026-08-05T10:21:37.269769,0.0154,-0.0745,1.1526,0.0,EngineIQ_Sensor
2026-08-05T10:21:37.270109,0.0154,-0.0745,1.1526,0.0,EngineIQ_Sensor
2026-08-05T10:21:37.315518,0.0154,-0.0745,1.1526,0.0,EngineIQ_Sensor
2026-08-05T10:21:37.717311,0.0154,-0.0745,1.1526,0.0,EngineIQ_Sensor
2026-08-05T10:21:37.777375,0.0154,-0.0745,1.1526,0.0,EngineIQ_Sensor
2026-08-05T10:21:37.836163,0.0154,-0.0745,1.1526,0.0,EngineIQ_Sensor
2026-08-05T10:21:37.895774,0.0154,-0.0745,1.1526,0.0,EngineIQ_Sensor
2026-08-05T10:21:37.897901,0.0154,-0.0745,1.1526,0.0,EngineIQ_Sensor
2026-08-05T10:21:38.015537,0.0154,-0.0745,1.1526,0.0,EngineIQ_Sensor
2026-08-05T10:21:38.017890,0.0154,-0.0745,1.1526,0.0,EngineIQ_Sensor
2026-08-05T10:21:38.077827,0.0154,-0.0745,1.1526,0.0,EngineIQ_Sensor
2026-08-05T10:21:38.136524,0.0154,-0.0745,1.1526,0.0,EngineIQ_Sensor
2026-08-05T10:21:38.195566,0.0154,-0.0745,1.1526,0.0,EngineIQ_Sensor
2026-08-05T10:21:38.197924,0.0154,-0.0745,1.1526,0.0,EngineIQ_Sensor
2026-08-05T10:21:38.265834,0.0154,-0.0745,1.1526,0.0,EngineIQ_Sensor
2026-08-05T10:21:38.316573,0.0154,-0.0745,1.1526,0.0,EngineIQ_Sensor
2026-08-05T10:21:38.737284,0.0154,-0.0745,1.1526,0.0,EngineIQ_Sensor
2026-08-05T10:21:38.796311,0.0154,-0.0745,1.1526,0.0,EngineIQ_Sensor
2026-08-05T10:21:38.855649,0.0154,-0.0745,1.1526,0.0,EngineIQ_Sensor
2026-08-05T10:21:38.857827,0.0154,-0.0745,1.1526,0.0,EngineIQ_Sensor
2026-08-05T10:21:38.917168,0.0154,-0.0745,1.1526,0.0,EngineIQ_Sensor
2026-08-05T10:21:38.976087,0.0154,-0.0745,1.1526,0.0,EngineIQ_Sensor
2026-08-05T10:21:39.035804,0.0154,-0.0745,1.1526,0.0,EngineIQ_Sensor
2026-08-05T10:21:39.037524,0.0154,-0.0745,1.1526,0.0,EngineIQ_Sensor
2026-08-05T10:21:39.096957,0.0154,-0.0745,1.1526,0.0,EngineIQ_Sensor
2026-08-05T10:21:39.156131,0.0154,-0.0745,1.1526,0.0,EngineIQ_Sensor
2026-08-05T10:21:39.215541,0.0154,-0.0745,1.1526,0.0,EngineIQ_Sensor
2026-08-05T10:21:39.217538,0.0154,-0.0745,1.1526,0.0,EngineIQ_Sensor
2026-08-05T10:21:39.277177,0.0154,-0.0745,1.1526,0.0,EngineIQ_Sensor
2026-08-05T10:21:39.757263,0.0154,-0.0745,1.1526,0.0,EngineIQ_Sensor
2026-08-05T10:21:39.818724,0.0154,-0.0745,1.1526,0.0,EngineIQ_Sensor
2026-08-05T10:21:39.875575,0.0154,-0.0745,1.1526,0.0,EngineIQ_Sensor
2026-08-05T10:21:39.937060,0.0154,-0.0745,1.1526,0.0,EngineIQ_Sensor
2026-08-05T10:21:39.996323,0.0154,-0.0745,1.1526,0.0,EngineIQ_Sensor
2026-08-05T10:21:40.055770,0.0154,-0.0745,1.1526,0.0,EngineIQ_Sensor
2026-08-05T10:21:40.057729,0.0154,-0.0745,1.1526,0.0,EngineIQ_Sensor
2026-08-05T10:21:40.117023,0.0154,-0.0745,1.1526,0.0,EngineIQ_Sensor
2026-08-05T10:21:40.236952,0.0154,-0.0745,1.1526,0.0,EngineIQ_Sensor
2026-08-05T10:21:40.238034,0.0154,-0.0745,1.1526,0.0,EngineIQ_Sensor
2026-08-05T10:21:40.297043,0.0154,-0.0745,1.1526,0.0,EngineIQ_Sensor
2026-08-05T10:21:40.356270,0.0154,-0.0745,1.1526,0.0,EngineIQ_Sensor
2026-08-05T10:21:40.415685,0.0154,-0.0745,1.1526,0.0,EngineIQ_Sensor
2026-08-05T10:21:40.717196,0.0154,-0.0745,1.1526,0.0,EngineIQ_Sensor
2026-08-05T10:21:40.777027,0.0154,-0.0745,1.1526,0.0,EngineIQ_Sensor
2026-08-05T10:21:40.836295,0.0154,-0.0745,1.1526,0.0,EngineIQ_Sensor
2026-08-05T10:21:40.896110,0.0154,-0.0745,1.1526,0.0,EngineIQ_Sensor
2026-08-05T10:21:40.897806,0.0154,-0.0745,1.1526,0.0,EngineIQ_Sensor
2026-08-05T10:21:40.957234,0.0154,-0.0745,1.1526,0.0,EngineIQ_Sensor
2026-08-05T10:21:41.017100,0.0154,-0.0745,1.1526,0.0,EngineIQ_Sensor
2026-08-05T10:21:41.075872,0.0154,-0.0745,1.1526,0.0,EngineIQ_Sensor
2026-08-05T10:21:41.078445,0.0154,-0.0745,1.1526,0.0,EngineIQ_Sensor
2026-08-05T10:21:41.137592,0.0154,-0.0745,1.1526,0.0,EngineIQ_Sensor
2026-08-05T10:21:41.197767,0.0154,-0.0745,1.1526,0.0,EngineIQ_Sensor
2026-08-05T10:21:41.256663,0.0154,-0.0745,1.1526,0.0,EngineIQ_Sensor
2026-08-05T10:21:41.315996,0.0154,-0.0745,1.1526,0.0,EngineIQ_Sensor
2026-08-05T10:21:41.736994,0.0154,-0.0745,1.1526,0.0,EngineIQ_Sensor
2026-08-05T10:21:41.796241,0.0154,-0.0745,1.1526,0.0,EngineIQ_Sensor
2026-08-05T10:21:41.856963,0.0154,-0.0745,1.1526,0.0,EngineIQ_Sensor
2026-08-05T10:21:41.950692,0.0154,-0.0745,1.1526,0.0,EngineIQ_Sensor
2026-08-05T10:21:41.997388,0.0154,-0.0745,1.1526,0.0,EngineIQ_Sensor
2026-08-05T10:21:42.071284,0.0154,-0.0745,1.1526,0.0,EngineIQ_Sensor
2026-08-05T10:21:42.071757,0.0154,-0.0745,1.1526,0.0,EngineIQ_Sensor
2026-08-05T10:21:42.125161,0.0154,-0.0745,1.1526,0.0,EngineIQ_Sensor
2026-08-05T10:21:42.173815,0.0154,-0.0745,1.1526,0.0,EngineIQ_Sensor
2026-08-05T10:21:42.216120,0.0154,-0.0745,1.1526,0.0,EngineIQ_Sensor
2026-08-05T10:21:42.217847,0.0154,-0.0745,1.1526,0.0,EngineIQ_Sensor
2026-08-05T10:21:42.277286,0.0154,-0.0745,1.1526,0.0,EngineIQ_Sensor
2026-08-05T10:21:42.360758,0.0154,-0.0745,1.1526,0.0,EngineIQ_Sensor
2026-08-05T10:21:42.758538,0.0154,-0.0745,1.1526,0.0,EngineIQ_Sensor
2026-08-05T10:21:42.817066,0.0154,-0.0745,1.1526,0.0,EngineIQ_Sensor
2026-08-05T10:21:42.875774,0.0154,-0.0745,1.1526,0.0,EngineIQ_Sensor
2026-08-05T10:21:42.877697,0.0154,-0.0745,1.1526,0.0,EngineIQ_Sensor
2026-08-05T10:21:42.952019,0.0154,-0.0745,1.1526,0.0,EngineIQ_Sensor
2026-08-05T10:21:43.010137,0.0154,-0.0745,1.1526,0.0,EngineIQ_Sensor
2026-08-05T10:21:43.091527,0.0154,-0.0745,1.1526,0.0,EngineIQ_Sensor
2026-08-05T10:21:43.091890,0.0154,-0.0745,1.1526,0.0,EngineIQ_Sensor
2026-08-05T10:21:43.175954,0.0154,-0.0745,1.1526,0.0,EngineIQ_Sensor
2026-08-05T10:21:43.177710,0.0154,-0.0745,1.1526,0.0,EngineIQ_Sensor
2026-08-05T10:21:43.236682,0.0154,-0.0745,1.1526,0.0,EngineIQ_Sensor
2026-08-05T10:21:43.296223,0.0154,-0.0745,1.1526,0.0,EngineIQ_Sensor
2026-08-05T10:21:43.355725,0.0154,-0.0745,1.1526,0.0,EngineIQ_Sensor
2026-08-05T10:21:43.717091,0.0154,-0.0745,1.1526,0.0,EngineIQ_Sensor
2026-08-05T10:21:43.777029,0.0154,-0.0745,1.1526,0.0,EngineIQ_Sensor
2026-08-05T10:21:43.836375,0.0154,-0.0745,1.1526,0.0,EngineIQ_Sensor
2026-08-05T10:21:43.895564,0.0154,-0.0745,1.1526,0.0,EngineIQ_Sensor
2026-08-05T10:21:43.897722,0.0154,-0.0745,1.1526,0.0,EngineIQ_Sensor
2026-08-05T10:21:43.956962,0.0154,-0.0745,1.1526,0.0,EngineIQ_Sensor
2026-08-05T10:21:44.075706,0.0154,-0.0745,1.1526,0.0,EngineIQ_Sensor
2026-08-05T10:21:44.077423,0.0154,-0.0745,1.1526,0.0,EngineIQ_Sensor
2026-08-05T10:21:44.137188,0.0154,-0.0745,1.1526,0.0,EngineIQ_Sensor
2026-08-05T10:21:44.196243,0.0154,-0.0745,1.1526,0.0,EngineIQ_Sensor
2026-08-05T10:21:44.255535,0.0154,-0.0745,1.1526,0.0,EngineIQ_Sensor
2026-08-05T10:21:44.257660,0.0154,-0.0745,1.1526,0.0,EngineIQ_Sensor
2026-08-05T10:21:44.317021,0.0154,-0.0745,1.1526,0.0,EngineIQ_Sensor
2026-08-05T10:21:44.737205,0.0154,-0.0745,1.1526,0.0,EngineIQ_Sensor
2026-08-05T10:21:44.796119,0.0154,-0.0745,1.1526,0.0,EngineIQ_Sensor
2026-08-05T10:21:44.855477,0.0154,-0.0745,1.1526,0.0,EngineIQ_Sensor
2026-08-05T10:21:44.857692,0.0154,-0.0745,1.1526,0.0,EngineIQ_Sensor
2026-08-05T10:21:44.916883,0.0154,-0.0745,1.1526,0.0,EngineIQ_Sensor
2026-08-05T10:21:44.976018,0.0154,-0.0745,1.1526,0.0,EngineIQ_Sensor
2026-08-05T10:21:45.035605,0.0154,-0.0745,1.1526,0.0,EngineIQ_Sensor
2026-08-05T10:21:45.037624,0.0154,-0.0745,1.1526,0.0,EngineIQ_Sensor
2026-08-05T10:21:45.097349,0.0154,-0.0745,1.1526,0.0,EngineIQ_Sensor
2026-08-05T10:21:45.156916,0.0154,-0.0745,1.1526,0.0,EngineIQ_Sensor
2026-08-05T10:21:45.215835,0.0154,-0.0745,1.1526,0.0,EngineIQ_Sensor
2026-08-05T10:21:45.276862,0.0154,-0.0745,1.1526,0.0,EngineIQ_Sensor
2026-08-05T10:21:45.336423,0.0154,-0.0745,1.1526,0.0,EngineIQ_Sensor
2026-08-05T10:21:45.756954,0.0154,-0.0745,1.1526,0.0,EngineIQ_Sensor
2026-08-05T10:21:45.816174,0.0154,-0.0745,1.1526,0.0,EngineIQ_Sensor
2026-08-05T10:21:45.875582,0.0154,-0.0745,1.1526,0.0,EngineIQ_Sensor
2026-08-05T10:21:45.877506,0.0154,-0.0745,1.1526,0.0,EngineIQ_Sensor
2026-08-05T10:21:45.936857,0.0154,-0.0745,1.1526,0.0,EngineIQ_Sensor
2026-08-05T10:21:45.996196,0.0154,-0.0745,1.1526,0.0,EngineIQ_Sensor
2026-08-05T10:21:46.055666,0.0154,-0.0745,1.1526,0.0,EngineIQ_Sensor
2026-08-05T10:21:46.057420,0.0154,-0.0745,1.1526,0.0,EngineIQ_Sensor
2026-08-05T10:21:46.117000,0.0154,-0.0745,1.1526,0.0,EngineIQ_Sensor
2026-08-05T10:21:46.176055,0.0154,-0.0745,1.1526,0.0,EngineIQ_Sensor
2026-08-05T10:21:46.236028,0.0154,-0.0745,1.1526,0.0,EngineIQ_Sensor
2026-08-05T10:21:46.237656,0.0154,-0.0745,1.1526,0.0,EngineIQ_Sensor
2026-08-05T10:21:46.297059,0.0154,-0.0745,1.1526,0.0,EngineIQ_Sensor
2026-08-05T10:21:46.717022,0.0154,-0.0745,1.1526,0.0,EngineIQ_Sensor
2026-08-05T10:21:46.776616,0.0154,-0.0745,1.1526,0.0,EngineIQ_Sensor
2026-08-05T10:21:46.836014,0.0154,-0.0745,1.1526,0.0,EngineIQ_Sensor
2026-08-05T10:21:46.895658,0.0154,-0.0745,1.1526,0.0,EngineIQ_Sensor
2026-08-05T10:21:46.956786,0.0154,-0.0745,1.1526,0.0,EngineIQ_Sensor
2026-08-05T10:21:47.016506,0.0154,-0.0745,1.1526,0.0,EngineIQ_Sensor
2026-08-05T10:21:47.075506,0.0154,-0.0745,1.1526,0.0,EngineIQ_Sensor
2026-08-05T10:21:47.077768,0.0154,-0.0745,1.1526,0.0,EngineIQ_Sensor
2026-08-05T10:21:47.136861,0.0154,-0.0745,1.1526,0.0,EngineIQ_Sensor
2026-08-05T10:21:47.196089,0.0154,-0.0745,1.1526,0.0,EngineIQ_Sensor
2026-08-05T10:21:47.255396,0.0154,-0.0745,1.1526,0.0,EngineIQ_Sensor
2026-08-05T10:21:47.257417,0.0154,-0.0745,1.1526,0.0,EngineIQ_Sensor
2026-08-05T10:21:47.317096,0.0154,-0.0745,1.1526,0.0,EngineIQ_Sensor
2026-08-05T10:21:47.736881,0.0154,-0.0745,1.1526,0.0,EngineIQ_Sensor
2026-08-05T10:21:47.796193,0.0154,-0.0745,1.1526,0.0,EngineIQ_Sensor
2026-08-05T10:21:47.855578,0.0154,-0.0745,1.1526,0.0,EngineIQ_Sensor
2026-08-05T10:21:47.857736,0.0154,-0.0745,1.1526,0.0,EngineIQ_Sensor
2026-08-05T10:21:47.916864,0.0154,-0.0745,1.1526,0.0,EngineIQ_Sensor
2026-08-05T10:21:47.976008,0.0154,-0.0745,1.1526,0.0,EngineIQ_Sensor
2026-08-05T10:21:48.035473,0.0154,-0.0745,1.1526,0.0,EngineIQ_Sensor
2026-08-05T10:21:48.037376,0.0154,-0.0745,1.1526,0.0,EngineIQ_Sensor
2026-08-05T10:21:48.096939,0.0154,-0.0745,1.1526,0.0,EngineIQ_Sensor
2026-08-05T10:21:48.215573,0.0154,-0.0745,1.1526,0.0,EngineIQ_Sensor
2026-08-05T10:21:48.217445,0.0154,-0.0745,1.1526,0.0,EngineIQ_Sensor
2026-08-05T10:21:48.276969,0.0154,-0.0745,1.1526,0.0,EngineIQ_Sensor
2026-08-05T10:21:48.336300,0.0154,-0.0745,1.1526,0.0,EngineIQ_Sensor
2026-08-05T10:21:48.756795,0.0154,-0.0745,1.1526,0.0,EngineIQ_Sensor
2026-08-05T10:21:48.816168,0.0154,-0.0745,1.1526,0.0,EngineIQ_Sensor
2026-08-05T10:21:48.907385,0.0154,-0.0745,1.1526,0.0,EngineIQ_Sensor
2026-08-05T10:21:48.907799,0.0154,-0.0745,1.1526,0.0,EngineIQ_Sensor
2026-08-05T10:21:48.969115,0.0154,-0.0745,1.1526,0.0,EngineIQ_Sensor
2026-08-05T10:21:49.018033,0.0154,-0.0745,1.1526,0.0,EngineIQ_Sensor
2026-08-05T10:21:49.080119,0.0154,-0.0745,1.1526,0.0,EngineIQ_Sensor
2026-08-05T10:21:49.108274,0.0154,-0.0745,1.1526,0.0,EngineIQ_Sensor
2026-08-05T10:21:49.157419,0.0154,-0.0745,1.1526,0.0,EngineIQ_Sensor
2026-08-05T10:21:49.176281,0.0154,-0.0745,1.1526,0.0,EngineIQ_Sensor
2026-08-05T10:21:49.238229,0.0154,-0.0745,1.1526,0.0,EngineIQ_Sensor
2026-08-05T10:21:49.238771,0.0154,-0.0745,1.1526,0.0,EngineIQ_Sensor
2026-08-05T10:21:49.355453,0.0154,-0.0745,1.1526,0.0,EngineIQ_Sensor
2026-08-05T10:21:49.718988,0.0154,-0.0745,1.1526,0.0,EngineIQ_Sensor
2026-08-05T10:21:49.776954,0.0154,-0.0745,1.1526,0.0,EngineIQ_Sensor
2026-08-05T10:21:49.836178,0.0154,-0.0745,1.1526,0.0,EngineIQ_Sensor
2026-08-05T10:21:49.895523,0.0154,-0.0745,1.1526,0.0,EngineIQ_Sensor
2026-08-05T10:21:49.897929,0.0154,-0.0745,1.1526,0.0,EngineIQ_Sensor
2026-08-05T10:21:49.956688,0.0154,-0.0745,1.1526,0.0,EngineIQ_Sensor
2026-08-05T10:21:50.016680,0.0154,-0.0745,1.1526,0.0,EngineIQ_Sensor
2026-08-05T10:21:50.075855,0.0154,-0.0745,1.1526,0.0,EngineIQ_Sensor
2026-08-05T10:21:50.077892,0.0154,-0.0745,1.1526,0.0,EngineIQ_Sensor
2026-08-05T10:21:50.136702,0.0154,-0.0745,1.1526,0.0,EngineIQ_Sensor
2026-08-05T10:21:50.196126,0.0154,-0.0745,1.1526,0.0,EngineIQ_Sensor
2026-08-05T10:21:50.255728,0.0154,-0.0745,1.1526,0.0,EngineIQ_Sensor
2026-08-05T10:21:50.257751,0.0154,-0.0745,1.1526,0.0,EngineIQ_Sensor
2026-08-05T10:21:50.736751,0.0154,-0.0745,1.1526,0.0,EngineIQ_Sensor
2026-08-05T10:21:50.795966,0.0154,-0.0745,1.1526,0.0,EngineIQ_Sensor
2026-08-05T10:21:50.855815,0.0154,-0.0745,1.1526,0.0,EngineIQ_Sensor
2026-08-05T10:21:50.857385,0.0154,-0.0745,1.1526,0.0,EngineIQ_Sensor
2026-08-05T10:21:50.916790,0.0154,-0.0745,1.1526,0.0,EngineIQ_Sensor
2026-08-05T10:21:51.036116,0.0154,-0.0745,1.1526,0.0,EngineIQ_Sensor
2026-08-05T10:21:51.095587,0.0154,-0.0745,1.1526,0.0,EngineIQ_Sensor
2026-08-05T10:21:51.097261,0.0154,-0.0745,1.1526,0.0,EngineIQ_Sensor
2026-08-05T10:21:51.156705,0.0154,-0.0745,1.1526,0.0,EngineIQ_Sensor
2026-08-05T10:21:51.216174,0.0154,-0.0745,1.1526,0.0,EngineIQ_Sensor
2026-08-05T10:21:51.275454,0.0154,-0.0745,1.1526,0.0,EngineIQ_Sensor
2026-08-05T10:21:51.277365,0.0154,-0.0745,1.1526,0.0,EngineIQ_Sensor
2026-08-05T10:21:51.336773,0.0154,-0.0745,1.1526,0.0,EngineIQ_Sensor
2026-08-05T10:21:51.756830,0.0154,-0.0745,1.1526,0.0,EngineIQ_Sensor
2026-08-05T10:21:51.816370,0.0154,-0.0745,1.1526,0.0,EngineIQ_Sensor
2026-08-05T10:21:51.875441,0.0154,-0.0745,1.1526,0.0,EngineIQ_Sensor
2026-08-05T10:21:51.877653,0.0154,-0.0745,1.1526,0.0,EngineIQ_Sensor
2026-08-05T10:21:51.936817,0.0154,-0.0745,1.1526,0.0,EngineIQ_Sensor
2026-08-05T10:21:51.996050,0.0154,-0.0745,1.1526,0.0,EngineIQ_Sensor
2026-08-05T10:21:52.055419,0.0154,-0.0745,1.1526,0.0,EngineIQ_Sensor
2026-08-05T10:21:52.057285,0.0154,-0.0745,1.1526,0.0,EngineIQ_Sensor
2026-08-05T10:21:52.116873,0.0154,-0.0745,1.1526,0.0,EngineIQ_Sensor
2026-08-05T10:21:52.176169,0.0154,-0.0745,1.1526,0.0,EngineIQ_Sensor
2026-08-05T10:21:52.235725,0.0154,-0.0745,1.1526,0.0,EngineIQ_Sensor
2026-08-05T10:21:52.237630,0.0154,-0.0745,1.1526,0.0,EngineIQ_Sensor
2026-08-05T10:21:52.296899,0.0154,-0.0745,1.1526,0.0,EngineIQ_Sensor
2026-08-05T10:21:52.717098,0.0154,-0.0745,1.1526,0.0,EngineIQ_Sensor
2026-08-05T10:21:52.776715,0.0154,-0.0745,1.1526,0.0,EngineIQ_Sensor
2026-08-05T10:21:52.836123,0.0154,-0.0745,1.1526,0.0,EngineIQ_Sensor
2026-08-05T10:21:52.895350,0.0154,-0.0745,1.1526,0.0,EngineIQ_Sensor
2026-08-05T10:21:52.897260,0.0154,-0.0745,1.1526,0.0,EngineIQ_Sensor
2026-08-05T10:21:52.957232,0.0154,-0.0745,1.1526,0.0,EngineIQ_Sensor
2026-08-05T10:21:53.016179,0.0154,-0.0745,1.1526,0.0,EngineIQ_Sensor
2026-08-05T10:21:53.075240,0.0154,-0.0745,1.1526,0.0,EngineIQ_Sensor
2026-08-05T10:21:53.077190,0.0154,-0.0745,1.1526,0.0,EngineIQ_Sensor
2026-08-05T10:21:53.136722,0.0154,-0.0745,1.1526,0.0,EngineIQ_Sensor
2026-08-05T10:21:53.196135,0.0154,-0.0745,1.1526,0.0,EngineIQ_Sensor
2026-08-05T10:21:53.255405,0.0154,-0.0745,1.1526,0.0,EngineIQ_Sensor
2026-08-05T10:21:53.257279,0.0154,-0.0745,1.1526,0.0,EngineIQ_Sensor
2026-08-05T10:21:53.737243,0.0154,-0.0745,1.1526,0.0,EngineIQ_Sensor
2026-08-05T10:21:53.796408,0.0154,-0.0745,1.1526,0.0,EngineIQ_Sensor
2026-08-05T10:21:53.855292,0.0154,-0.0745,1.1526,0.0,EngineIQ_Sensor
2026-08-05T10:21:53.857297,0.0154,-0.0745,1.1526,0.0,EngineIQ_Sensor
2026-08-05T10:21:53.916620,0.0154,-0.0745,1.1526,0.0,EngineIQ_Sensor
2026-08-05T10:21:53.975870,0.0154,-0.0745,1.1526,0.0,EngineIQ_Sensor
2026-08-05T10:21:54.035352,0.0154,-0.0745,1.1526,0.0,EngineIQ_Sensor
2026-08-05T10:21:54.037999,0.0154,-0.0745,1.1526,0.0,EngineIQ_Sensor
2026-08-05T10:21:54.096704,0.0154,-0.0745,1.1526,0.0,EngineIQ_Sensor
2026-08-05T10:21:54.156162,0.0154,-0.0745,1.1526,0.0,EngineIQ_Sensor
2026-08-05T10:21:54.215359,0.0154,-0.0745,1.1526,0.0,EngineIQ_Sensor
2026-08-05T10:21:54.217244,0.0154,-0.0745,1.1526,0.0,EngineIQ_Sensor
2026-08-05T10:21:54.276747,0.0154,-0.0745,1.1526,0.0,EngineIQ_Sensor
2026-08-05T10:21:54.792192,0.0154,-0.0745,1.1526,0.0,EngineIQ_Sensor
2026-08-05T10:21:54.828016,0.0154,-0.0745,1.1526,0.0,EngineIQ_Sensor
2026-08-05T10:21:54.875587,0.0154,-0.0745,1.1526,0.0,EngineIQ_Sensor
2026-08-05T10:21:54.879343,0.0154,-0.0745,1.1526,0.0,EngineIQ_Sensor
2026-08-05T10:21:54.936518,0.0154,-0.0745,1.1526,0.0,EngineIQ_Sensor
2026-08-05T10:21:54.996009,0.0154,-0.0745,1.1526,0.0,EngineIQ_Sensor
2026-08-05T10:21:55.055233,0.0154,-0.0745,1.1526,0.0,EngineIQ_Sensor
2026-08-05T10:21:55.057300,0.0154,-0.0745,1.1526,0.0,EngineIQ_Sensor
2026-08-05T10:21:55.116674,0.0154,-0.0745,1.1526,0.0,EngineIQ_Sensor
2026-08-05T10:21:55.235238,0.0154,-0.0745,1.1526,0.0,EngineIQ_Sensor
2026-08-05T10:21:55.237291,0.0154,-0.0745,1.1526,0.0,EngineIQ_Sensor
2026-08-05T10:21:55.296715,0.0154,-0.0745,1.1526,0.0,EngineIQ_Sensor
2026-08-05T10:21:55.356013,0.0154,-0.0745,1.1526,0.0,EngineIQ_Sensor
2026-08-05T10:21:55.716688,0.0154,-0.0745,1.1526,0.0,EngineIQ_Sensor
2026-08-05T10:21:55.776695,0.0154,-0.0745,1.1526,0.0,EngineIQ_Sensor
2026-08-05T10:21:55.835801,0.0154,-0.0745,1.1526,0.0,EngineIQ_Sensor
2026-08-05T10:21:55.895448,0.0154,-0.0745,1.1526,0.0,EngineIQ_Sensor
2026-08-05T10:21:55.897320,0.0154,-0.0745,1.1526,0.0,EngineIQ_Sensor
2026-08-05T10:21:55.956612,0.0154,-0.0745,1.1526,0.0,EngineIQ_Sensor
2026-08-05T10:21:56.015878,0.0154,-0.0745,1.1526,0.0,EngineIQ_Sensor
2026-08-05T10:21:56.075587,0.0154,-0.0745,1.1526,0.0,EngineIQ_Sensor
2026-08-05T10:21:56.077255,0.0154,-0.0745,1.1526,0.0,EngineIQ_Sensor
2026-08-05T10:21:56.136662,0.0154,-0.0745,1.1526,0.0,EngineIQ_Sensor
2026-08-05T10:21:56.196013,0.0154,-0.0745,1.1526,0.0,EngineIQ_Sensor
2026-08-05T10:21:56.255384,0.0154,-0.0745,1.1526,0.0,EngineIQ_Sensor
2026-08-05T10:21:56.257242,0.0154,-0.0745,1.1526,0.0,EngineIQ_Sensor
2026-08-05T10:21:56.736677,0.0154,-0.0745,1.1526,0.0,EngineIQ_Sensor
2026-08-05T10:21:56.795972,0.0154,-0.0745,1.1526,0.0,EngineIQ_Sensor
2026-08-05T10:21:56.855310,0.0154,-0.0745,1.1526,0.0,EngineIQ_Sensor
2026-08-05T10:21:56.857460,0.0154,-0.0745,1.1526,0.0,EngineIQ_Sensor
2026-08-05T10:21:56.916571,0.0154,-0.0745,1.1526,0.0,EngineIQ_Sensor
2026-08-05T10:21:56.975940,0.0154,-0.0745,1.1526,0.0,EngineIQ_Sensor
2026-08-05T10:21:57.035339,0.0154,-0.0745,1.1526,0.0,EngineIQ_Sensor
2026-08-05T10:21:57.037312,0.0154,-0.0745,1.1526,0.0,EngineIQ_Sensor
2026-08-05T10:21:57.096546,0.0154,-0.0745,1.1526,0.0,EngineIQ_Sensor
2026-08-05T10:21:57.155907,0.0154,-0.0745,1.1526,0.0,EngineIQ_Sensor
2026-08-05T10:21:57.215360,0.0154,-0.0745,1.1526,0.0,EngineIQ_Sensor
2026-08-05T10:21:57.217362,0.0154,-0.0745,1.1526,0.0,EngineIQ_Sensor
2026-08-05T10:21:57.276649,0.0154,-0.0745,1.1526,0.0,EngineIQ_Sensor
2026-08-05T10:21:57.816315,0.0154,-0.0745,1.1526,0.0,EngineIQ_Sensor
2026-08-05T10:21:57.875426,0.0154,-0.0745,1.1526,0.0,EngineIQ_Sensor
2026-08-05T10:21:57.877449,0.0154,-0.0745,1.1526,0.0,EngineIQ_Sensor
2026-08-05T10:21:57.936570,0.0154,-0.0745,1.1526,0.0,EngineIQ_Sensor
2026-08-05T10:21:57.996051,0.0154,-0.0745,1.1526,0.0,EngineIQ_Sensor
2026-08-05T10:21:58.058863,0.0154,-0.0745,1.1526,0.0,EngineIQ_Sensor
2026-08-05T10:21:58.059261,0.0154,-0.0745,1.1526,0.0,EngineIQ_Sensor
2026-08-05T10:21:58.116364,0.0154,-0.0745,1.1526,0.0,EngineIQ_Sensor
2026-08-05T10:21:58.175700,0.0154,-0.0745,1.1526,0.0,EngineIQ_Sensor
2026-08-05T10:21:58.305166,0.0154,-0.0745,1.1526,0.0,EngineIQ_Sensor
2026-08-05T10:21:58.305453,0.0154,-0.0745,1.1526,0.0,EngineIQ_Sensor
2026-08-05T10:21:58.305687,0.0154,-0.0745,1.1526,0.0,EngineIQ_Sensor
2026-08-05T10:21:58.356133,0.0154,-0.0745,1.1526,0.0,EngineIQ_Sensor
2026-08-05T10:21:58.716631,0.0154,-0.0745,1.1526,0.0,EngineIQ_Sensor
2026-08-05T10:21:58.776520,0.0154,-0.0745,1.1526,0.0,EngineIQ_Sensor
2026-08-05T10:21:58.835939,0.0154,-0.0745,1.1526,0.0,EngineIQ_Sensor
2026-08-05T10:21:58.895405,0.0154,-0.0745,1.1526,0.0,EngineIQ_Sensor
2026-08-05T10:21:58.897037,0.0154,-0.0745,1.1526,0.0,EngineIQ_Sensor
2026-08-05T10:21:58.956443,0.0154,-0.0745,1.1526,0.0,EngineIQ_Sensor
2026-08-05T10:21:59.015941,0.0154,-0.0745,1.1526,0.0,EngineIQ_Sensor
2026-08-05T10:21:59.075363,0.0154,-0.0745,1.1526,0.0,EngineIQ_Sensor
2026-08-05T10:21:59.077137,0.0154,-0.0745,1.1526,0.0,EngineIQ_Sensor
2026-08-05T10:21:59.136645,0.0154,-0.0745,1.1526,0.0,EngineIQ_Sensor
2026-08-05T10:21:59.196542,0.0154,-0.0745,1.1526,0.0,EngineIQ_Sensor
2026-08-05T10:21:59.255362,0.0154,-0.0745,1.1526,0.0,EngineIQ_Sensor
2026-08-05T10:21:59.257117,0.0154,-0.0745,1.1526,0.0,EngineIQ_Sensor
2026-08-05T10:21:59.736577,0.0154,-0.0745,1.1526,0.0,EngineIQ_Sensor
2026-08-05T10:21:59.795858,0.0154,-0.0745,1.1526,0.0,EngineIQ_Sensor
2026-08-05T10:21:59.895127,0.0154,-0.0745,1.1526,0.0,EngineIQ_Sensor
2026-08-05T10:21:59.895564,0.0154,-0.0745,1.1526,0.0,EngineIQ_Sensor
2026-08-05T10:21:59.916477,0.0154,-0.0745,1.1526,0.0,EngineIQ_Sensor
2026-08-05T10:21:59.975892,0.0154,-0.0745,1.1526,0.0,EngineIQ_Sensor
2026-08-05T10:22:00.095177,0.0154,-0.0745,1.1526,0.0,EngineIQ_Sensor
2026-08-05T10:22:00.097133,0.0154,-0.0745,1.1526,0.0,EngineIQ_Sensor
2026-08-05T10:22:00.156566,0.0154,-0.0745,1.1526,0.0,EngineIQ_Sensor
2026-08-05T10:22:00.215721,0.0154,-0.0745,1.1526,0.0,EngineIQ_Sensor
2026-08-05T10:22:00.276935,0.0154,-0.0745,1.1526,0.0,EngineIQ_Sensor
2026-08-05T10:22:00.336552,0.0154,-0.0745,1.1526,0.0,EngineIQ_Sensor
2026-08-05T10:22:00.395867,0.0154,-0.0745,1.1526,0.0,EngineIQ_Sensor
2026-08-05T10:22:00.756631,0.0154,-0.0745,1.1526,0.0,EngineIQ_Sensor
2026-08-05T10:22:00.815806,0.0154,-0.0745,1.1526,0.0,EngineIQ_Sensor
2026-08-05T10:22:00.875107,0.0154,-0.0745,1.1526,0.0,EngineIQ_Sensor
2026-08-05T10:22:00.877120,0.0154,-0.0745,1.1526,0.0,EngineIQ_Sensor
2026-08-05T10:22:00.936584,0.0154,-0.0745,1.1526,0.0,EngineIQ_Sensor
2026-08-05T10:22:00.996053,0.0154,-0.0745,1.1526,0.0,EngineIQ_Sensor
2026-08-05T10:22:01.056642,0.0154,-0.0745,1.1526,0.0,EngineIQ_Sensor
2026-08-05T10:22:01.115775,0.0154,-0.0745,1.1526,0.0,EngineIQ_Sensor
2026-08-05T10:22:01.175103,0.0154,-0.0745,1.1526,0.0,EngineIQ_Sensor
2026-08-05T10:22:01.177448,0.0154,-0.0745,1.1526,0.0,EngineIQ_Sensor
2026-08-05T10:22:01.236559,0.0154,-0.0745,1.1526,0.0,EngineIQ_Sensor
2026-08-05T10:22:01.295812,0.0154,-0.0745,1.1526,0.0,EngineIQ_Sensor
2026-08-05T10:22:01.355330,0.0154,-0.0745,1.1526,0.0,EngineIQ_Sensor
2026-08-05T10:22:01.776661,0.0154,-0.0745,1.1526,0.0,EngineIQ_Sensor
2026-08-05T10:22:01.835777,0.0154,-0.0745,1.1526,0.0,EngineIQ_Sensor
2026-08-05T10:22:01.895203,0.0154,-0.0745,1.1526,0.0,EngineIQ_Sensor
2026-08-05T10:22:01.897219,0.0154,-0.0745,1.1526,0.0,EngineIQ_Sensor
2026-08-05T10:22:01.956592,0.0154,-0.0745,1.1526,0.0,EngineIQ_Sensor
2026-08-05T10:22:02.015888,0.0154,-0.0745,1.1526,0.0,EngineIQ_Sensor
2026-08-05T10:22:02.075162,0.0154,-0.0745,1.1526,0.0,EngineIQ_Sensor
2026-08-05T10:22:02.077149,0.0154,-0.0745,1.1526,0.0,EngineIQ_Sensor
2026-08-05T10:22:02.136540,0.0154,-0.0745,1.1526,0.0,EngineIQ_Sensor
2026-08-05T10:22:02.195724,0.0154,-0.0745,1.1526,0.0,EngineIQ_Sensor
2026-08-05T10:22:02.255168,0.0154,-0.0745,1.1526,0.0,EngineIQ_Sensor
2026-08-05T10:22:02.257267,0.0154,-0.0745,1.1526,0.0,EngineIQ_Sensor
2026-08-05T10:22:02.316643,0.0154,-0.0745,1.1526,0.0,EngineIQ_Sensor
2026-08-05T10:22:02.736526,0.0154,-0.0745,1.1526,0.0,EngineIQ_Sensor
2026-08-05T10:22:02.795738,0.0154,-0.0745,1.1526,0.0,EngineIQ_Sensor
2026-08-05T10:22:02.855155,0.0154,-0.0745,1.1526,0.0,EngineIQ_Sensor
2026-08-05T10:22:02.857103,0.0154,-0.0745,1.1526,0.0,EngineIQ_Sensor
2026-08-05T10:22:02.916625,0.0154,-0.0745,1.1526,0.0,EngineIQ_Sensor
2026-08-05T10:22:02.975726,0.0154,-0.0745,1.1526,0.0,EngineIQ_Sensor
2026-08-05T10:22:03.035192,0.0154,-0.0745,1.1526,0.0,EngineIQ_Sensor
2026-08-05T10:22:03.037174,0.0154,-0.0745,1.1526,0.0,EngineIQ_Sensor
2026-08-05T10:22:03.096518,0.0154,-0.0745,1.1526,0.0,EngineIQ_Sensor
2026-08-05T10:22:03.155697,0.0154,-0.0745,1.1526,0.0,EngineIQ_Sensor
2026-08-05T10:22:03.215201,0.0154,-0.0745,1.1526,0.0,EngineIQ_Sensor
2026-08-05T10:22:03.217180,0.0154,-0.0745,1.1526,0.0,EngineIQ_Sensor
2026-08-05T10:22:03.276748,0.0154,-0.0745,1.1526,0.0,EngineIQ_Sensor
2026-08-05T10:22:03.756626,0.0154,-0.0745,1.1526,0.0,EngineIQ_Sensor
2026-08-05T10:22:03.815798,0.0154,-0.0745,1.1526,0.0,EngineIQ_Sensor
2026-08-05T10:22:03.875173,0.0154,-0.0745,1.1526,0.0,EngineIQ_Sensor
2026-08-05T10:22:03.877149,0.0154,-0.0745,1.1526,0.0,EngineIQ_Sensor
2026-08-05T10:22:03.997335,0.0154,-0.0745,1.1526,0.0,EngineIQ_Sensor
2026-08-05T10:22:04.055834,0.0154,-0.0745,1.1526,0.0,EngineIQ_Sensor
2026-08-05T10:22:04.115615,0.0154,-0.0745,1.1526,0.0,EngineIQ_Sensor
2026-08-05T10:22:04.176540,0.0154,-0.0745,1.1526,0.0,EngineIQ_Sensor
2026-08-05T10:22:04.295381,0.0154,-0.0745,1.1526,0.0,EngineIQ_Sensor
2026-08-05T10:22:04.297716,0.0154,-0.0745,1.1526,0.0,EngineIQ_Sensor
2026-08-05T10:22:04.356659,0.0154,-0.0745,1.1526,0.0,EngineIQ_Sensor
2026-08-05T10:22:04.415795,0.0154,-0.0745,1.1526,0.0,EngineIQ_Sensor
2026-08-05T10:22:04.475162,0.0154,-0.0745,1.1526,0.0,EngineIQ_Sensor
2026-08-05T10:22:04.716547,0.0154,-0.0745,1.1526,0.0,EngineIQ_Sensor
2026-08-05T10:22:04.776226,0.0154,-0.0745,1.1526,0.0,EngineIQ_Sensor
2026-08-05T10:22:04.835815,0.0154,-0.0745,1.1526,0.0,EngineIQ_Sensor
2026-08-05T10:22:04.895158,0.0154,-0.0745,1.1526,0.0,EngineIQ_Sensor
2026-08-05T10:22:04.896996,0.0154,-0.0745,1.1526,0.0,EngineIQ_Sensor
2026-08-05T10:22:04.956190,0.0154,-0.0745,1.1526,0.0,EngineIQ_Sensor
2026-08-05T10:22:05.015567,0.0154,-0.0745,1.1526,0.0,EngineIQ_Sensor
2026-08-05T10:22:05.075233,0.0154,-0.0745,1.1526,0.0,EngineIQ_Sensor
2026-08-05T10:22:05.136476,0.0154,-0.0745,1.1526,0.0,EngineIQ_Sensor
2026-08-05T10:22:05.195819,0.0154,-0.0745,1.1526,0.0,EngineIQ_Sensor
2026-08-05T10:22:05.255497,0.0154,-0.0745,1.1526,0.0,EngineIQ_Sensor
2026-08-05T10:22:05.257250,0.0154,-0.0745,1.1526,0.0,EngineIQ_Sensor
2026-08-05T10:22:05.316585,0.0154,-0.0745,1.1526,0.0,EngineIQ_Sensor
2026-08-05T10:22:05.736348,0.0154,-0.0745,1.1526,0.0,EngineIQ_Sensor
2026-08-05T10:22:05.795761,0.0154,-0.0745,1.1526,0.0,EngineIQ_Sensor
2026-08-05T10:22:05.855241,0.0154,-0.0745,1.1526,0.0,EngineIQ_Sensor
2026-08-05T10:22:05.857097,0.0154,-0.0745,1.1526,0.0,EngineIQ_Sensor
2026-08-05T10:22:05.916713,0.0154,-0.0745,1.1526,0.0,EngineIQ_Sensor
2026-08-05T10:22:06.036383,0.0154,-0.0745,1.1526,0.0,EngineIQ_Sensor
2026-08-05T10:22:06.095820,0.0154,-0.0745,1.1526,0.0,EngineIQ_Sensor
2026-08-05T10:22:06.155186,0.0154,-0.0745,1.1526,0.0,EngineIQ_Sensor
2026-08-05T10:22:06.156976,0.0154,-0.0745,1.1526,0.0,EngineIQ_Sensor
2026-08-05T10:22:06.216265,0.0154,-0.0745,1.1526,0.0,EngineIQ_Sensor
2026-08-05T10:22:06.275745,0.0154,-0.0745,1.1526,0.0,EngineIQ_Sensor
2026-08-05T10:22:06.334956,0.0154,-0.0745,1.1526,0.0,EngineIQ_Sensor
2026-08-05T10:22:06.396607,0.0154,-0.0745,1.1526,0.0,EngineIQ_Sensor
2026-08-05T10:22:06.798735,0.0154,-0.0745,1.1526,0.0,EngineIQ_Sensor
2026-08-05T10:22:06.833368,0.0154,-0.0745,1.1526,0.0,EngineIQ_Sensor
2026-08-05T10:22:06.888101,0.0154,-0.0745,1.1526,0.0,EngineIQ_Sensor
2026-08-05T10:22:06.892773,0.0154,-0.0745,1.1526,0.0,EngineIQ_Sensor
2026-08-05T10:22:06.936429,0.0154,-0.0745,1.1526,0.0,EngineIQ_Sensor
2026-08-05T10:22:06.995610,0.0154,-0.0745,1.1526,0.0,EngineIQ_Sensor
2026-08-05T10:22:07.054955,0.0154,-0.0745,1.1526,0.0,EngineIQ_Sensor
2026-08-05T10:22:07.057204,0.0154,-0.0745,1.1526,0.0,EngineIQ_Sensor
2026-08-05T10:22:07.116226,0.0154,-0.0745,1.1526,0.0,EngineIQ_Sensor
2026-08-05T10:22:07.175887,0.0154,-0.0745,1.1526,0.0,EngineIQ_Sensor
2026-08-05T10:22:07.234969,0.0154,-0.0745,1.1526,0.0,EngineIQ_Sensor
2026-08-05T10:22:07.236852,0.0154,-0.0745,1.1526,0.0,EngineIQ_Sensor
2026-08-05T10:22:07.296541,0.0154,-0.0745,1.1526,0.0,EngineIQ_Sensor
2026-08-05T10:22:07.716530,0.0154,-0.0745,1.1526,0.0,EngineIQ_Sensor
2026-08-05T10:22:07.835604,0.0154,-0.0745,1.1526,0.0,EngineIQ_Sensor
2026-08-05T10:22:07.894830,0.0154,-0.0745,1.1526,0.0,EngineIQ_Sensor
2026-08-05T10:22:07.896816,0.0154,-0.0745,1.1526,0.0,EngineIQ_Sensor
2026-08-05T10:22:07.956599,0.0154,-0.0745,1.1526,0.0,EngineIQ_Sensor
2026-08-05T10:22:08.015573,0.0154,-0.0745,1.1526,0.0,EngineIQ_Sensor
2026-08-05T10:22:08.074968,0.0154,-0.0745,1.1526,0.0,EngineIQ_Sensor
2026-08-05T10:22:08.077128,0.0154,-0.0745,1.1526,0.0,EngineIQ_Sensor
2026-08-05T10:22:08.136363,0.0154,-0.0745,1.1526,0.0,EngineIQ_Sensor
2026-08-05T10:22:08.255584,0.0154,-0.0745,1.1526,0.0,EngineIQ_Sensor
2026-08-05T10:22:08.315114,0.0154,-0.0745,1.1526,0.0,EngineIQ_Sensor
2026-08-05T10:22:08.316877,0.0154,-0.0745,1.1526,0.0,EngineIQ_Sensor
2026-08-05T10:22:08.376456,0.0154,-0.0745,1.1526,0.0,EngineIQ_Sensor
2026-08-05T10:22:08.736401,0.0154,-0.0745,1.1526,0.0,EngineIQ_Sensor
2026-08-05T10:22:08.795559,0.0154,-0.0745,1.1526,0.0,EngineIQ_Sensor
2026-08-05T10:22:08.854821,0.0154,-0.0745,1.1526,0.0,EngineIQ_Sensor
2026-08-05T10:22:08.857231,0.0154,-0.0745,1.1526,0.0,EngineIQ_Sensor
2026-08-05T10:22:08.916403,0.0154,-0.0745,1.1526,0.0,EngineIQ_Sensor
2026-08-05T10:22:08.975573,0.0154,-0.0745,1.1526,0.0,EngineIQ_Sensor
2026-08-05T10:22:09.034943,0.0154,-0.0745,1.1526,0.0,EngineIQ_Sensor
2026-08-05T10:22:09.037123,0.0154,-0.0745,1.1526,0.0,EngineIQ_Sensor
2026-08-05T10:22:09.096359,0.0154,-0.0745,1.1526,0.0,EngineIQ_Sensor
2026-08-05T10:22:09.155582,0.0154,-0.0745,1.1526,0.0,EngineIQ_Sensor
2026-08-05T10:22:09.214804,0.0154,-0.0745,1.1526,0.0,EngineIQ_Sensor
2026-08-05T10:22:09.217058,0.0154,-0.0745,1.1526,0.0,EngineIQ_Sensor
2026-08-05T10:22:09.276482,0.0154,-0.0745,1.1526,0.0,EngineIQ_Sensor
2026-08-05T10:22:09.815573,0.0154,-0.0745,1.1526,0.0,EngineIQ_Sensor
2026-08-05T10:22:09.874992,0.0154,-0.0745,1.1526,0.0,EngineIQ_Sensor
2026-08-05T10:22:09.935007,0.0154,-0.0745,1.1526,0.0,EngineIQ_Sensor
2026-08-05T10:22:09.936836,0.0154,-0.0745,1.1526,0.0,EngineIQ_Sensor
2026-08-05T10:22:09.996345,0.0154,-0.0745,1.1526,0.0,EngineIQ_Sensor
2026-08-05T10:22:10.055529,0.0154,-0.0745,1.1526,0.0,EngineIQ_Sensor
2026-08-05T10:22:10.115029,0.0154,-0.0745,1.1526,0.0,EngineIQ_Sensor
2026-08-05T10:22:10.117126,0.0154,-0.0745,1.1526,0.0,EngineIQ_Sensor
2026-08-05T10:22:10.176351,0.0154,-0.0745,1.1526,0.0,EngineIQ_Sensor
2026-08-05T10:22:10.235554,0.0154,-0.0745,1.1526,0.0,EngineIQ_Sensor
2026-08-05T10:22:10.294853,0.0154,-0.0745,1.1526,0.0,EngineIQ_Sensor
2026-08-05T10:22:10.296871,0.0154,-0.0745,1.1526,0.0,EngineIQ_Sensor
2026-08-05T10:22:10.357064,0.0154,-0.0745,1.1526,0.0,EngineIQ_Sensor
2026-08-05T10:22:10.716398,0.0154,-0.0745,1.1526,0.0,EngineIQ_Sensor
2026-08-05T10:22:10.776174,0.0154,-0.0745,1.1526,0.0,EngineIQ_Sensor
2026-08-05T10:22:10.835623,0.0154,-0.0745,1.1526,0.0,EngineIQ_Sensor
2026-08-05T10:22:10.895060,0.0154,-0.0745,1.1526,0.0,EngineIQ_Sensor
2026-08-05T10:22:10.896932,0.0154,-0.0745,1.1526,0.0,EngineIQ_Sensor
2026-08-05T10:22:11.016340,0.0154,-0.0745,1.1526,0.0,EngineIQ_Sensor
2026-08-05T10:22:11.075540,0.0154,-0.0745,1.1526,0.0,EngineIQ_Sensor
2026-08-05T10:22:11.134921,0.0154,-0.0745,1.1526,0.0,EngineIQ_Sensor
2026-08-05T10:22:11.136866,0.0154,-0.0745,1.1526,0.0,EngineIQ_Sensor
2026-08-05T10:22:11.196291,0.0154,-0.0745,1.1526,0.0,EngineIQ_Sensor
2026-08-05T10:22:11.255810,0.0154,-0.0745,1.1526,0.0,EngineIQ_Sensor
2026-08-05T10:22:11.315282,0.0154,-0.0745,1.1526,0.0,EngineIQ_Sensor
2026-08-05T10:22:11.316811,0.0154,-0.0745,1.1526,0.0,EngineIQ_Sensor
2026-08-05T10:22:11.795227,0.0154,-0.0745,1.1526,0.0,EngineIQ_Sensor
2026-08-05T10:22:11.796966,0.0154,-0.0745,1.1526,0.0,EngineIQ_Sensor
2026-08-05T10:22:11.856483,0.0154,-0.0745,1.1526,0.0,EngineIQ_Sensor
2026-08-05T10:22:11.915622,0.0154,-0.0745,1.1526,0.0,EngineIQ_Sensor
2026-08-05T10:22:11.974821,0.0154,-0.0745,1.1526,0.0,EngineIQ_Sensor
2026-08-05T10:22:11.976937,0.0154,-0.0745,1.1526,0.0,EngineIQ_Sensor
2026-08-05T10:22:12.036265,0.0154,-0.0745,1.1526,0.0,EngineIQ_Sensor
2026-08-05T10:22:12.136933,0.0154,-0.0745,1.1526,0.0,EngineIQ_Sensor
2026-08-05T10:22:12.186866,0.0154,-0.0745,1.1526,0.0,EngineIQ_Sensor
2026-08-05T10:22:12.201124,0.0154,-0.0745,1.1526,0.0,EngineIQ_Sensor
2026-08-05T10:22:12.229152,0.0154,-0.0745,1.1526,0.0,EngineIQ_Sensor
2026-08-05T10:22:12.275418,0.0154,-0.0745,1.1526,0.0,EngineIQ_Sensor
2026-08-05T10:22:12.335085,0.0154,-0.0745,1.1526,0.0,EngineIQ_Sensor
2026-08-05T10:22:12.756425,0.0154,-0.0745,1.1526,0.0,EngineIQ_Sensor
2026-08-05T10:22:12.815440,0.0154,-0.0745,1.1526,0.0,EngineIQ_Sensor
2026-08-05T10:22:12.874807,0.0154,-0.0745,1.1526,0.0,EngineIQ_Sensor
2026-08-05T10:22:12.876852,0.0154,-0.0745,1.1526,0.0,EngineIQ_Sensor
2026-08-05T10:22:12.936310,0.0154,-0.0745,1.1526,0.0,EngineIQ_Sensor
2026-08-05T10:22:12.995653,0.0154,-0.0745,1.1526,0.0,EngineIQ_Sensor
2026-08-05T10:22:13.054875,0.0154,-0.0745,1.1526,0.0,EngineIQ_Sensor
2026-08-05T10:22:13.056806,0.0154,-0.0745,1.1526,0.0,EngineIQ_Sensor
2026-08-05T10:22:13.116264,0.0154,-0.0745,1.1526,0.0,EngineIQ_Sensor
2026-08-05T10:22:13.175494,0.0154,-0.0745,1.1526,0.0,EngineIQ_Sensor
2026-08-05T10:22:13.236265,0.0154,-0.0745,1.1526,0.0,EngineIQ_Sensor
2026-08-05T10:22:13.295415,0.0154,-0.0745,1.1526,0.0,EngineIQ_Sensor
2026-08-05T10:22:13.355012,0.0154,-0.0745,1.1526,0.0,EngineIQ_Sensor
2026-08-05T10:22:13.716186,0.0154,-0.0745,1.1526,0.0,EngineIQ_Sensor
2026-08-05T10:22:13.776216,0.0154,-0.0745,1.1526,0.0,EngineIQ_Sensor
2026-08-05T10:22:13.835561,0.0154,-0.0745,1.1526,0.0,EngineIQ_Sensor
2026-08-05T10:22:13.896200,0.0154,-0.0745,1.1526,0.0,EngineIQ_Sensor
2026-08-05T10:22:13.955520,0.0154,-0.0745,1.1526,0.0,EngineIQ_Sensor
2026-08-05T10:22:14.014978,0.0154,-0.0745,1.1526,0.0,EngineIQ_Sensor
2026-08-05T10:22:14.016718,0.0154,-0.0745,1.1526,0.0,EngineIQ_Sensor
2026-08-05T10:22:14.076204,0.0154,-0.0745,1.1526,0.0,EngineIQ_Sensor
2026-08-05T10:22:14.135546,0.0154,-0.0745,1.1526,0.0,EngineIQ_Sensor
2026-08-05T10:22:14.194752,0.0154,-0.0745,1.1526,0.0,EngineIQ_Sensor
2026-08-05T10:22:14.196618,0.0154,-0.0745,1.1526,0.0,EngineIQ_Sensor
2026-08-05T10:22:14.256348,0.0154,-0.0745,1.1526,0.0,EngineIQ_Sensor
2026-08-05T10:22:14.315629,0.0154,-0.0745,1.1526,0.0,EngineIQ_Sensor
2026-08-05T10:22:14.736246,0.0154,-0.0745,1.1526,0.0,EngineIQ_Sensor
2026-08-05T10:22:14.795541,0.0154,-0.0745,1.1526,0.0,EngineIQ_Sensor
2026-08-05T10:22:14.854938,0.0154,-0.0745,1.1526,0.0,EngineIQ_Sensor
2026-08-05T10:22:14.914957,0.0154,-0.0745,1.1526,0.0,EngineIQ_Sensor
2026-08-05T10:22:14.916945,0.0154,-0.0745,1.1526,0.0,EngineIQ_Sensor
2026-08-05T10:22:14.976207,0.0154,-0.0745,1.1526,0.0,EngineIQ_Sensor
2026-08-05T10:22:15.035499,0.0154,-0.0745,1.1526,0.0,EngineIQ_Sensor
2026-08-05T10:22:15.094897,0.0154,-0.0745,1.1526,0.0,EngineIQ_Sensor
2026-08-05T10:22:15.096658,0.0154,-0.0745,1.1526,0.0,EngineIQ_Sensor
2026-08-05T10:22:15.156299,0.0154,-0.0745,1.1526,0.0,EngineIQ_Sensor
2026-08-05T10:22:15.215454,0.0154,-0.0745,1.1526,0.0,EngineIQ_Sensor
2026-08-05T10:22:15.274888,0.0154,-0.0745,1.1526,0.0,EngineIQ_Sensor
2026-08-05T10:22:15.277130,0.0154,-0.0745,1.1526,0.0,EngineIQ_Sensor
2026-08-05T10:22:15.756277,0.0154,-0.0745,1.1526,0.0,EngineIQ_Sensor
2026-08-05T10:22:15.815267,0.0154,-0.0745,1.1526,0.0,EngineIQ_Sensor
2026-08-05T10:22:15.875108,0.0154,-0.0745,1.1526,0.0,EngineIQ_Sensor
2026-08-05T10:22:15.876942,0.0154,-0.0745,1.1526,0.0,EngineIQ_Sensor
2026-08-05T10:22:15.936215,0.0154,-0.0745,1.1526,0.0,EngineIQ_Sensor
2026-08-05T10:22:15.995573,0.0154,-0.0745,1.1526,0.0,EngineIQ_Sensor
2026-08-05T10:22:16.054905,0.0154,-0.0745,1.1526,0.0,EngineIQ_Sensor
2026-08-05T10:22:16.056697,0.0154,-0.0745,1.1526,0.0,EngineIQ_Sensor
2026-08-05T10:22:16.175367,0.0154,-0.0745,1.1526,0.0,EngineIQ_Sensor
2026-08-05T10:22:16.234954,0.0154,-0.0745,1.1526,0.0,EngineIQ_Sensor
2026-08-05T10:22:16.236678,0.0154,-0.0745,1.1526,0.0,EngineIQ_Sensor
2026-08-05T10:22:16.296183,0.0154,-0.0745,1.1526,0.0,EngineIQ_Sensor
2026-08-05T10:22:16.355528,0.0154,-0.0745,1.1526,0.0,EngineIQ_Sensor
2026-08-05T10:22:16.776822,0.0154,-0.0745,1.1526,0.0,EngineIQ_Sensor
2026-08-05T10:22:16.836179,0.0154,-0.0745,1.1526,0.0,EngineIQ_Sensor
2026-08-05T10:22:16.895353,0.0154,-0.0745,1.1526,0.0,EngineIQ_Sensor
2026-08-05T10:22:16.954895,0.0154,-0.0745,1.1526,0.0,EngineIQ_Sensor
2026-08-05T10:22:16.956681,0.0154,-0.0745,1.1526,0.0,EngineIQ_Sensor
2026-08-05T10:22:17.016201,0.0154,-0.0745,1.1526,0.0,EngineIQ_Sensor
2026-08-05T10:22:17.075398,0.0154,-0.0745,1.1526,0.0,EngineIQ_Sensor
2026-08-05T10:22:17.134851,0.0154,-0.0745,1.1526,0.0,EngineIQ_Sensor
2026-08-05T10:22:17.136988,0.0154,-0.0745,1.1526,0.0,EngineIQ_Sensor
2026-08-05T10:22:17.196205,0.0154,-0.0745,1.1526,0.0,EngineIQ_Sensor
2026-08-05T10:22:17.255649,0.0154,-0.0745,1.1526,0.0,EngineIQ_Sensor
2026-08-05T10:22:17.314741,0.0154,-0.0745,1.1526,0.0,EngineIQ_Sensor
2026-08-05T10:22:17.316668,0.0154,-0.0745,1.1526,0.0,EngineIQ_Sensor
2026-08-05T10:22:17.736266,0.0154,-0.0745,1.1526,0.0,EngineIQ_Sensor
2026-08-05T10:22:17.795345,0.0154,-0.0745,1.1526,0.0,EngineIQ_Sensor
2026-08-05T10:22:17.854644,0.0154,-0.0745,1.1526,0.0,EngineIQ_Sensor
2026-08-05T10:22:17.856848,0.0154,-0.0745,1.1526,0.0,EngineIQ_Sensor
2026-08-05T10:22:17.919686,0.0154,-0.0745,1.1526,0.0,EngineIQ_Sensor
2026-08-05T10:22:17.983433,0.0154,-0.0745,1.1526,0.0,EngineIQ_Sensor
2026-08-05T10:22:18.042451,0.0154,-0.0745,1.1526,0.0,EngineIQ_Sensor
2026-08-05T10:22:18.042839,0.0154,-0.0745,1.1526,0.0,EngineIQ_Sensor
2026-08-05T10:22:18.095909,0.0154,-0.0745,1.1526,0.0,EngineIQ_Sensor
2026-08-05T10:22:18.155587,0.0154,-0.0745,1.1526,0.0,EngineIQ_Sensor
2026-08-05T10:22:18.214723,0.0154,-0.0745,1.1526,0.0,EngineIQ_Sensor
2026-08-05T10:22:18.216647,0.0154,-0.0745,1.1526,0.0,EngineIQ_Sensor
2026-08-05T10:22:18.276167,0.0154,-0.0745,1.1526,0.0,EngineIQ_Sensor
2026-08-05T10:22:18.815403,0.0154,-0.0745,1.1526,0.0,EngineIQ_Sensor
2026-08-05T10:22:18.874614,0.0154,-0.0745,1.1526,0.0,EngineIQ_Sensor
2026-08-05T10:22:18.876872,0.0154,-0.0745,1.1526,0.0,EngineIQ_Sensor
2026-08-05T10:22:18.996042,0.0154,-0.0745,1.1526,0.0,EngineIQ_Sensor
2026-08-05T10:22:19.055272,0.0154,-0.0745,1.1526,0.0,EngineIQ_Sensor
2026-08-05T10:22:19.174885,0.0154,-0.0745,1.1526,0.0,EngineIQ_Sensor
2026-08-05T10:22:19.176796,0.0154,-0.0745,1.1526,0.0,EngineIQ_Sensor
2026-08-05T10:22:19.236046,0.0154,-0.0745,1.1526,0.0,EngineIQ_Sensor
2026-08-05T10:22:19.355612,0.0154,-0.0745,1.1526,0.0,EngineIQ_Sensor
2026-08-05T10:22:19.414736,0.0154,-0.0745,1.1526,0.0,EngineIQ_Sensor
2026-08-05T10:22:19.416733,0.0154,-0.0745,1.1526,0.0,EngineIQ_Sensor
2026-08-05T10:22:19.476070,0.0154,-0.0745,1.1526,0.0,EngineIQ_Sensor
2026-08-05T10:22:19.535444,0.0154,-0.0745,1.1526,0.0,EngineIQ_Sensor
2026-08-05T10:22:19.716522,0.0154,-0.0745,1.1526,0.0,EngineIQ_Sensor
2026-08-05T10:22:19.776143,0.0154,-0.0745,1.1526,0.0,EngineIQ_Sensor
2026-08-05T10:22:19.835238,0.0154,-0.0745,1.1526,0.0,EngineIQ_Sensor
2026-08-05T10:22:19.894760,0.0154,-0.0745,1.1526,0.0,EngineIQ_Sensor
2026-08-05T10:22:19.896871,0.0154,-0.0745,1.1526,0.0,EngineIQ_Sensor
2026-08-05T10:22:19.957700,0.0154,-0.0745,1.1526,0.0,EngineIQ_Sensor
2026-08-05T10:22:20.015301,0.0154,-0.0745,1.1526,0.0,EngineIQ_Sensor
2026-08-05T10:22:20.074778,0.0154,-0.0745,1.1526,0.0,EngineIQ_Sensor
2026-08-05T10:22:20.076758,0.0154,-0.0745,1.1526,0.0,EngineIQ_Sensor
2026-08-05T10:22:20.136053,0.0154,-0.0745,1.1526,0.0,EngineIQ_Sensor
2026-08-05T10:22:20.195373,0.0154,-0.0745,1.1526,0.0,EngineIQ_Sensor
2026-08-05T10:22:20.255510,0.0154,-0.0745,1.1526,0.0,EngineIQ_Sensor
2026-08-05T10:22:20.256792,0.0154,-0.0745,1.1526,0.0,EngineIQ_Sensor
2026-08-05T10:22:20.736050,0.0154,-0.0745,1.1526,0.0,EngineIQ_Sensor
2026-08-05T10:22:20.795415,0.0154,-0.0745,1.1526,0.0,EngineIQ_Sensor
2026-08-05T10:22:20.854773,0.0154,-0.0745,1.1526,0.0,EngineIQ_Sensor
2026-08-05T10:22:20.856663,0.0154,-0.0745,1.1526,0.0,EngineIQ_Sensor
2026-08-05T10:22:21.035421,0.0154,-0.0745,1.1526,0.0,EngineIQ_Sensor
2026-08-05T10:22:21.094727,0.0154,-0.0745,1.1526,0.0,EngineIQ_Sensor
2026-08-05T10:22:21.096666,0.0154,-0.0745,1.1526,0.0,EngineIQ_Sensor
2026-08-05T10:22:21.216103,0.0154,-0.0745,1.1526,0.0,EngineIQ_Sensor
2026-08-05T10:22:21.275380,0.0154,-0.0745,1.1526,0.0,EngineIQ_Sensor
2026-08-05T10:22:21.394764,0.0154,-0.0745,1.1526,0.0,EngineIQ_Sensor
2026-08-05T10:22:21.396667,0.0154,-0.0745,1.1526,0.0,EngineIQ_Sensor
2026-08-05T10:22:21.456025,0.0154,-0.0745,1.1526,0.0,EngineIQ_Sensor
2026-08-05T10:22:21.575472,0.0154,-0.0745,1.1526,0.0,EngineIQ_Sensor
2026-08-05T10:22:21.756021,0.0154,-0.0745,1.1526,0.0,EngineIQ_Sensor
2026-08-05T10:22:21.815339,0.0154,-0.0745,1.1526,0.0,EngineIQ_Sensor
2026-08-05T10:22:21.874741,0.0154,-0.0745,1.1526,0.0,EngineIQ_Sensor
2026-08-05T10:22:21.876657,0.0154,-0.0745,1.1526,0.0,EngineIQ_Sensor
2026-08-05T10:22:21.935926,0.0154,-0.0745,1.1526,0.0,EngineIQ_Sensor
2026-08-05T10:22:21.995317,0.0154,-0.0745,1.1526,0.0,EngineIQ_Sensor
2026-08-05T10:22:22.114778,0.0154,-0.0745,1.1526,0.0,EngineIQ_Sensor
2026-08-05T10:22:22.116651,0.0154,-0.0745,1.1526,0.0,EngineIQ_Sensor
2026-08-05T10:22:22.176040,0.0154,-0.0745,1.1526,0.0,EngineIQ_Sensor
2026-08-05T10:22:22.235388,0.0154,-0.0745,1.1526,0.0,EngineIQ_Sensor
2026-08-05T10:22:22.294775,0.0154,-0.0745,1.1526,0.0,EngineIQ_Sensor
2026-08-05T10:22:22.296661,0.0154,-0.0745,1.1526,0.0,EngineIQ_Sensor
2026-08-05T10:22:22.356134,0.0154,-0.0745,1.1526,0.0,EngineIQ_Sensor
2026-08-05T10:22:22.716118,0.0154,-0.0745,1.1526,0.0,EngineIQ_Sensor
2026-08-05T10:22:22.775896,0.0154,-0.0745,1.1526,0.0,EngineIQ_Sensor
2026-08-05T10:22:22.835357,0.0154,-0.0745,1.1526,0.0,EngineIQ_Sensor
2026-08-05T10:22:22.894700,0.0154,-0.0745,1.1526,0.0,EngineIQ_Sensor
2026-08-05T10:22:22.896951,0.0154,-0.0745,1.1526,0.0,EngineIQ_Sensor
2026-08-05T10:22:22.955983,0.0154,-0.0745,1.1526,0.0,EngineIQ_Sensor
2026-08-05T10:22:23.015207,0.0154,-0.0745,1.1526,0.0,EngineIQ_Sensor
2026-08-05T10:22:23.074636,0.0154,-0.0745,1.1526,0.0,EngineIQ_Sensor
2026-08-05T10:22:23.076947,0.0154,-0.0745,1.1526,0.0,EngineIQ_Sensor
2026-08-05T10:22:23.210515,0.0154,-0.0745,1.1526,0.0,EngineIQ_Sensor
2026-08-05T10:22:23.259399,0.0154,-0.0745,1.1526,0.0,EngineIQ_Sensor
2026-08-05T10:22:23.282626,0.0154,-0.0745,1.1526,0.0,EngineIQ_Sensor
2026-08-05T10:22:23.317039,0.0154,-0.0745,1.1526,0.0,EngineIQ_Sensor
2026-08-05T10:22:23.736059,0.0154,-0.0745,1.1526,0.0,EngineIQ_Sensor
2026-08-05T10:22:23.795338,0.0154,-0.0745,1.1526,0.0,EngineIQ_Sensor
2026-08-05T10:22:23.854613,0.0154,-0.0745,1.1526,0.0,EngineIQ_Sensor
2026-08-05T10:22:23.856795,0.0154,-0.0745,1.1526,0.0,EngineIQ_Sensor
2026-08-05T10:22:23.916002,0.0154,-0.0745,1.1526,0.0,EngineIQ_Sensor
2026-08-05T10:22:23.975223,0.0154,-0.0745,1.1526,0.0,EngineIQ_Sensor
2026-08-05T10:22:24.034593,0.0154,-0.0745,1.1526,0.0,EngineIQ_Sensor
2026-08-05T10:22:24.036491,0.0154,-0.0745,1.1526,0.0,EngineIQ_Sensor
2026-08-05T10:22:24.096004,0.0154,-0.0745,1.1526,0.0,EngineIQ_Sensor
2026-08-05T10:22:24.155072,0.0154,-0.0745,1.1526,0.0,EngineIQ_Sensor
2026-08-05T10:22:24.214675,0.0154,-0.0745,1.1526,0.0,EngineIQ_Sensor
2026-08-05T10:22:24.216683,0.0154,-0.0745,1.1526,0.0,EngineIQ_Sensor
2026-08-05T10:22:24.276110,0.0154,-0.0745,1.1526,0.0,EngineIQ_Sensor
2026-08-05T10:22:24.755978,0.0154,-0.0745,1.1526,0.0,EngineIQ_Sensor
2026-08-05T10:22:24.815185,0.0154,-0.0745,1.1526,0.0,EngineIQ_Sensor
2026-08-05T10:22:24.874414,0.0154,-0.0745,1.1526,0.0,EngineIQ_Sensor
2026-08-05T10:22:24.876380,0.0154,-0.0745,1.1526,0.0,EngineIQ_Sensor
2026-08-05T10:22:24.935948,0.0154,-0.0745,1.1526,0.0,EngineIQ_Sensor
2026-08-05T10:22:24.995207,0.0154,-0.0745,1.1526,0.0,EngineIQ_Sensor
2026-08-05T10:22:25.054597,0.0154,-0.0745,1.1526,0.0,EngineIQ_Sensor
2026-08-05T10:22:25.056481,0.0154,-0.0745,1.1526,0.0,EngineIQ_Sensor
2026-08-05T10:22:25.115993,0.0154,-0.0745,1.1526,0.0,EngineIQ_Sensor
2026-08-05T10:22:25.175161,0.0154,-0.0745,1.1526,0.0,EngineIQ_Sensor
2026-08-05T10:22:25.234576,0.0154,-0.0745,1.1526,0.0,EngineIQ_Sensor
2026-08-05T10:22:25.236497,0.0154,-0.0745,1.1526,0.0,EngineIQ_Sensor
2026-08-05T10:22:25.296198,0.0154,-0.0745,1.1526,0.0,EngineIQ_Sensor
2026-08-05T10:22:25.716197,0.0154,-0.0745,1.1526,0.0,EngineIQ_Sensor
2026-08-05T10:22:25.775989,0.0154,-0.0745,1.1526,0.0,EngineIQ_Sensor
2026-08-05T10:22:25.835202,0.0154,-0.0745,1.1526,0.0,EngineIQ_Sensor
2026-08-05T10:22:25.894586,0.0154,-0.0745,1.1526,0.0,EngineIQ_Sensor
2026-08-05T10:22:25.896508,0.0154,-0.0745,1.1526,0.0,EngineIQ_Sensor
2026-08-05T10:22:25.956013,0.0154,-0.0745,1.1526,0.0,EngineIQ_Sensor
2026-08-05T10:22:26.015224,0.0154,-0.0745,1.1526,0.0,EngineIQ_Sensor
2026-08-05T10:22:26.074686,0.0154,-0.0745,1.1526,0.0,EngineIQ_Sensor
2026-08-05T10:22:26.076744,0.0154,-0.0745,1.1526,0.0,EngineIQ_Sensor
2026-08-05T10:22:26.136001,0.0154,-0.0745,1.1526,0.0,EngineIQ_Sensor
2026-08-05T10:22:26.195213,0.0154,-0.0745,1.1526,0.0,EngineIQ_Sensor
2026-08-05T10:22:26.254622,0.0154,-0.0745,1.1526,0.0,EngineIQ_Sensor
2026-08-05T10:22:26.256632,0.0154,-0.0745,1.1526,0.0,EngineIQ_Sensor
2026-08-05T10:22:26.735951,0.0154,-0.0745,1.1526,0.0,EngineIQ_Sensor
2026-08-05T10:22:26.795179,0.0154,-0.0745,1.1526,0.0,EngineIQ_Sensor
2026-08-05T10:22:26.854625,0.0154,-0.0745,1.1526,0.0,EngineIQ_Sensor
2026-08-05T10:22:26.856605,0.0154,-0.0745,1.1526,0.0,EngineIQ_Sensor
2026-08-05T10:22:26.915999,0.0154,-0.0745,1.1526,0.0,EngineIQ_Sensor
2026-08-05T10:22:26.975326,0.0154,-0.0745,1.1526,0.0,EngineIQ_Sensor
2026-08-05T10:22:27.036013,0.0154,-0.0745,1.1526,0.0,EngineIQ_Sensor
2026-08-05T10:22:27.095342,0.0154,-0.0745,1.1526,0.0,EngineIQ_Sensor
2026-08-05T10:22:27.154555,0.0154,-0.0745,1.1526,0.0,EngineIQ_Sensor
2026-08-05T10:22:27.215450,0.0154,-0.0745,1.1526,0.0,EngineIQ_Sensor
2026-08-05T10:22:27.394552,0.0154,-0.0745,1.1526,0.0,EngineIQ_Sensor
2026-08-05T10:22:27.396576,0.0154,-0.0745,1.1526,0.0,EngineIQ_Sensor
2026-08-05T10:22:27.575844,0.0154,-0.0745,1.1526,0.0,EngineIQ_Sensor
2026-08-05T10:22:27.755956,0.0154,-0.0745,1.1526,0.0,EngineIQ_Sensor
2026-08-05T10:22:27.875281,0.0154,-0.0745,1.1526,0.0,EngineIQ_Sensor
2026-08-05T10:22:27.934647,0.0154,-0.0745,1.1526,0.0,EngineIQ_Sensor
2026-08-05T10:22:27.936562,0.0154,-0.0745,1.1526,0.0,EngineIQ_Sensor
2026-08-05T10:22:27.995833,0.0154,-0.0745,1.1526,0.0,EngineIQ_Sensor
2026-08-05T10:22:28.055908,0.0154,-0.0745,1.1526,0.0,EngineIQ_Sensor
2026-08-05T10:22:28.114985,0.0154,-0.0745,1.1526,0.0,EngineIQ_Sensor
2026-08-05T10:22:28.234732,0.0154,-0.0745,1.1526,0.0,EngineIQ_Sensor
2026-08-05T10:22:28.236483,0.0154,-0.0745,1.1526,0.0,EngineIQ_Sensor
2026-08-05T10:22:28.295674,0.0154,-0.0745,1.1526,0.0,EngineIQ_Sensor
2026-08-05T10:22:28.415193,0.0154,-0.0745,1.1526,0.0,EngineIQ_Sensor
2026-08-05T10:22:28.474650,0.0154,-0.0745,1.1526,0.0,EngineIQ_Sensor
2026-08-05T10:22:28.476484,0.0154,-0.0745,1.1526,0.0,EngineIQ_Sensor
2026-08-05T10:22:28.715946,0.0154,-0.0745,1.1526,0.0,EngineIQ_Sensor
2026-08-05T10:22:28.775896,0.0154,-0.0745,1.1526,0.0,EngineIQ_Sensor
2026-08-05T10:22:28.835194,0.0154,-0.0745,1.1526,0.0,EngineIQ_Sensor
2026-08-05T10:22:28.894629,0.0154,-0.0745,1.1526,0.0,EngineIQ_Sensor
2026-08-05T10:22:28.896603,0.0154,-0.0745,1.1526,0.0,EngineIQ_Sensor
2026-08-05T10:22:28.955986,0.0154,-0.0745,1.1526,0.0,EngineIQ_Sensor
2026-08-05T10:22:29.015223,0.0154,-0.0745,1.1526,0.0,EngineIQ_Sensor
2026-08-05T10:22:29.074601,0.0154,-0.0745,1.1526,0.0,EngineIQ_Sensor
2026-08-05T10:22:29.076509,0.0154,-0.0745,1.1526,0.0,EngineIQ_Sensor
2026-08-05T10:22:29.135818,0.0154,-0.0745,1.1526,0.0,EngineIQ_Sensor
2026-08-05T10:22:29.195184,0.0154,-0.0745,1.1526,0.0,EngineIQ_Sensor
2026-08-05T10:22:29.254572,0.0154,-0.0745,1.1526,0.0,EngineIQ_Sensor
2026-08-05T10:22:29.256773,0.0154,-0.0745,1.1526,0.0,EngineIQ_Sensor
2026-08-05T10:22:29.735882,0.0154,-0.0745,1.1526,0.0,EngineIQ_Sensor
2026-08-05T10:22:29.795157,0.0154,-0.0745,1.1526,0.0,EngineIQ_Sensor
2026-08-05T10:22:29.854482,0.0154,-0.0745,1.1526,0.0,EngineIQ_Sensor
2026-08-05T10:22:29.856359,0.0154,-0.0745,1.1526,0.0,EngineIQ_Sensor
2026-08-05T10:22:29.915843,0.0154,-0.0745,1.1526,0.0,EngineIQ_Sensor
2026-08-05T10:22:29.975018,0.0154,-0.0745,1.1526,0.0,EngineIQ_Sensor
2026-08-05T10:22:30.034585,0.0154,-0.0745,1.1526,0.0,EngineIQ_Sensor
2026-08-05T10:22:30.036352,0.0154,-0.0745,1.1526,0.0,EngineIQ_Sensor
2026-08-05T10:22:30.095883,0.0154,-0.0745,1.1526,0.0,EngineIQ_Sensor
2026-08-05T10:22:30.155219,0.0154,-0.0745,1.1526,0.0,EngineIQ_Sensor
2026-08-05T10:22:30.214691,0.0154,-0.0745,1.1526,0.0,EngineIQ_Sensor
2026-08-05T10:22:30.275871,0.0154,-0.0745,1.1526,0.0,EngineIQ_Sensor
2026-08-05T10:22:30.335317,0.0154,-0.0745,1.1526,0.0,EngineIQ_Sensor
2026-08-05T10:22:30.875138,0.0154,-0.0745,1.1526,0.0,EngineIQ_Sensor
2026-08-05T10:22:30.934444,0.0154,-0.0745,1.1526,0.0,EngineIQ_Sensor
2026-08-05T10:22:30.936391,0.0154,-0.0745,1.1526,0.0,EngineIQ_Sensor
2026-08-05T10:22:30.995878,0.0154,-0.0745,1.1526,0.0,EngineIQ_Sensor
2026-08-05T10:22:31.114586,0.0154,-0.0745,1.1526,0.0,EngineIQ_Sensor
2026-08-05T10:22:31.116387,0.0154,-0.0745,1.1526,0.0,EngineIQ_Sensor
2026-08-05T10:22:31.176048,0.0154,-0.0745,1.1526,0.0,EngineIQ_Sensor
2026-08-05T10:22:31.235174,0.0154,-0.0745,1.1526,0.0,EngineIQ_Sensor
2026-08-05T10:22:31.294623,0.0154,-0.0745,1.1526,0.0,EngineIQ_Sensor
2026-08-05T10:22:31.296399,0.0154,-0.0745,1.1526,0.0,EngineIQ_Sensor
2026-08-05T10:22:31.355892,0.0154,-0.0745,1.1526,0.0,EngineIQ_Sensor
2026-08-05T10:22:31.414927,0.0154,-0.0745,1.1526,0.0,EngineIQ_Sensor
2026-08-05T10:22:31.513558,0.0154,-0.0745,1.1526,0.0,EngineIQ_Sensor
2026-08-05T10:22:31.716936,0.0154,-0.0745,1.1526,0.0,EngineIQ_Sensor
2026-08-05T10:22:31.775643,0.0154,-0.0745,1.1526,0.0,EngineIQ_Sensor
2026-08-05T10:22:31.834925,0.0154,-0.0745,1.1526,0.0,EngineIQ_Sensor
2026-08-05T10:22:31.894619,0.0154,-0.0745,1.1526,0.0,EngineIQ_Sensor
2026-08-05T10:22:31.896281,0.0154,-0.0745,1.1526,0.0,EngineIQ_Sensor
2026-08-05T10:22:31.955890,0.0154,-0.0745,1.1526,0.0,EngineIQ_Sensor
2026-08-05T10:22:32.015133,0.0154,-0.0745,1.1526,0.0,EngineIQ_Sensor
2026-08-05T10:22:32.075220,0.0154,-0.0745,1.1526,0.0,EngineIQ_Sensor
2026-08-05T10:22:32.135120,0.0154,-0.0745,1.1526,0.0,EngineIQ_Sensor
2026-08-05T10:22:32.194521,0.0154,-0.0745,1.1526,0.0,EngineIQ_Sensor
2026-08-05T10:22:32.196745,0.0154,-0.0745,1.1526,0.0,EngineIQ_Sensor
2026-08-05T10:22:32.375367,0.0154,-0.0745,1.1526,0.0,EngineIQ_Sensor
2026-08-05T10:22:32.376864,0.0154,-0.0745,1.1526,0.0,EngineIQ_Sensor
2026-08-05T10:22:32.735688,0.0154,-0.0745,1.1526,0.0,EngineIQ_Sensor
2026-08-05T10:22:32.854906,0.0154,-0.0745,1.1526,0.0,EngineIQ_Sensor
2026-08-05T10:22:32.914628,0.0154,-0.0745,1.1526,0.0,EngineIQ_Sensor
2026-08-05T10:22:32.916596,0.0154,-0.0745,1.1526,0.0,EngineIQ_Sensor
2026-08-05T10:22:32.975825,0.0154,-0.0745,1.1526,0.0,EngineIQ_Sensor
2026-08-05T10:22:33.035270,0.0154,-0.0745,1.1526,0.0,EngineIQ_Sensor
2026-08-05T10:22:33.094468,0.0154,-0.0745,1.1526,0.0,EngineIQ_Sensor
2026-08-05T10:22:33.096330,0.0154,-0.0745,1.1526,0.0,EngineIQ_Sensor
2026-08-05T10:22:33.155813,0.0154,-0.0745,1.1526,0.0,EngineIQ_Sensor
2026-08-05T10:22:33.215018,0.0154,-0.0745,1.1526,0.0,EngineIQ_Sensor
2026-08-05T10:22:33.274446,0.0154,-0.0745,1.1526,0.0,EngineIQ_Sensor
2026-08-05T10:22:33.276252,0.0154,-0.0745,1.1526,0.0,EngineIQ_Sensor
2026-08-05T10:22:33.335919,0.0154,-0.0745,1.1526,0.0,EngineIQ_Sensor
2026-08-05T10:22:33.755757,0.0154,-0.0745,1.1526,0.0,EngineIQ_Sensor
2026-08-05T10:22:33.815038,0.0154,-0.0745,1.1526,0.0,EngineIQ_Sensor
2026-08-05T10:22:33.874851,0.0154,-0.0745,1.1526,0.0,EngineIQ_Sensor
2026-08-05T10:22:33.934223,0.0154,-0.0745,1.1526,0.0,EngineIQ_Sensor
2026-08-05T10:22:33.995922,0.0154,-0.0745,1.1526,0.0,EngineIQ_Sensor
2026-08-05T10:22:34.055010,0.0154,-0.0745,1.1526,0.0,EngineIQ_Sensor
2026-08-05T10:22:34.114434,0.0154,-0.0745,1.1526,0.0,EngineIQ_Sensor
2026-08-05T10:22:34.116320,0.0154,-0.0745,1.1526,0.0,EngineIQ_Sensor
2026-08-05T10:22:34.175854,0.0154,-0.0745,1.1526,0.0,EngineIQ_Sensor
2026-08-05T10:22:34.235132,0.0154,-0.0745,1.1526,0.0,EngineIQ_Sensor
2026-08-05T10:22:34.294402,0.0154,-0.0745,1.1526,0.0,EngineIQ_Sensor
2026-08-05T10:22:34.296576,0.0154,-0.0745,1.1526,0.0,EngineIQ_Sensor
2026-08-05T10:22:34.355925,0.0154,-0.0745,1.1526,0.0,EngineIQ_Sensor
2026-08-05T10:22:34.775878,0.0154,-0.0745,1.1526,0.0,EngineIQ_Sensor
2026-08-05T10:22:34.835008,0.0154,-0.0745,1.1526,0.0,EngineIQ_Sensor
2026-08-05T10:22:34.894420,0.0154,-0.0745,1.1526,0.0,EngineIQ_Sensor
2026-08-05T10:22:34.896592,0.0154,-0.0745,1.1526,0.0,EngineIQ_Sensor
2026-08-05T10:22:34.955791,0.0154,-0.0745,1.1526,0.0,EngineIQ_Sensor
2026-08-05T10:22:35.015066,0.0154,-0.0745,1.1526,0.0,EngineIQ_Sensor
2026-08-05T10:22:35.135102,0.0154,-0.0745,1.1526,0.0,EngineIQ_Sensor
2026-08-05T10:22:35.194423,0.0154,-0.0745,1.1526,0.0,EngineIQ_Sensor
2026-08-05T10:22:35.196391,0.0154,-0.0745,1.1526,0.0,EngineIQ_Sensor
2026-08-05T10:22:35.315809,0.0154,-0.0745,1.1526,0.0,EngineIQ_Sensor
2026-08-05T10:22:35.375403,0.0154,-0.0745,1.1526,0.0,EngineIQ_Sensor
2026-08-05T10:22:35.457661,0.0154,-0.0745,1.1526,0.0,EngineIQ_Sensor
2026-08-05T10:22:35.477961,0.0154,-0.0745,1.1526,0.0,EngineIQ_Sensor
2026-08-05T10:22:35.735897,0.0154,-0.0745,1.1526,0.0,EngineIQ_Sensor
2026-08-05T10:22:35.795053,0.0154,-0.0745,1.1526,0.0,EngineIQ_Sensor
2026-08-05T10:22:35.854476,0.0154,-0.0745,1.1526,0.0,EngineIQ_Sensor
2026-08-05T10:22:35.856529,0.0154,-0.0745,1.1526,0.0,EngineIQ_Sensor
2026-08-05T10:22:35.915787,0.0154,-0.0745,1.1526,0.0,EngineIQ_Sensor
2026-08-05T10:22:35.974937,0.0154,-0.0745,1.1526,0.0,EngineIQ_Sensor
2026-08-05T10:22:36.034386,0.0154,-0.0745,1.1526,0.0,EngineIQ_Sensor
2026-08-05T10:22:36.036339,0.0154,-0.0745,1.1526,0.0,EngineIQ_Sensor
2026-08-05T10:22:36.096003,0.0154,-0.0745,1.1526,0.0,EngineIQ_Sensor
2026-08-05T10:22:36.154942,0.0154,-0.0745,1.1526,0.0,EngineIQ_Sensor
2026-08-05T10:22:36.215791,0.0154,-0.0745,1.1526,0.0,EngineIQ_Sensor
2026-08-05T10:22:36.275454,0.0154,-0.0745,1.1526,0.0,EngineIQ_Sensor
2026-08-05T10:22:36.334432,0.0154,-0.0745,1.1526,0.0,EngineIQ_Sensor
2026-08-05T10:22:36.815652,0.0154,-0.0745,1.1526,0.0,EngineIQ_Sensor
2026-08-05T10:22:36.935039,0.0154,-0.0745,1.1526,0.0,EngineIQ_Sensor
2026-08-05T10:22:36.994457,0.0154,-0.0745,1.1526,0.0,EngineIQ_Sensor
2026-08-05T10:22:37.054431,0.0154,-0.0745,1.1526,0.0,EngineIQ_Sensor
2026-08-05T10:22:37.056303,0.0154,-0.0745,1.1526,0.0,EngineIQ_Sensor
2026-08-05T10:22:37.115865,0.0154,-0.0745,1.1526,0.0,EngineIQ_Sensor
2026-08-05T10:22:37.175005,0.0154,-0.0745,1.1526,0.0,EngineIQ_Sensor
2026-08-05T10:22:37.234428,0.0154,-0.0745,1.1526,0.0,EngineIQ_Sensor
2026-08-05T10:22:37.236419,0.0154,-0.0745,1.1526,0.0,EngineIQ_Sensor
2026-08-05T10:22:37.295743,0.0154,-0.0745,1.1526,0.0,EngineIQ_Sensor
2026-08-05T10:22:37.355076,0.0154,-0.0745,1.1526,0.0,EngineIQ_Sensor
2026-08-05T10:22:37.414444,0.0154,-0.0745,1.1526,0.0,EngineIQ_Sensor
2026-08-05T10:22:37.416275,0.0154,-0.0745,1.1526,0.0,EngineIQ_Sensor
2026-08-05T10:22:37.723269,0.0154,-0.0745,1.1526,0.0,EngineIQ_Sensor
2026-08-05T10:22:37.775556,0.0154,-0.0745,1.1526,0.0,EngineIQ_Sensor
2026-08-05T10:22:37.834798,0.0154,-0.0745,1.1526,0.0,EngineIQ_Sensor
2026-08-05T10:22:37.894440,0.0154,-0.0745,1.1526,0.0,EngineIQ_Sensor
2026-08-05T10:22:37.896317,0.0154,-0.0745,1.1526,0.0,EngineIQ_Sensor
2026-08-05T10:22:37.955486,0.0154,-0.0745,1.1526,0.0,EngineIQ_Sensor
2026-08-05T10:22:38.015003,0.0154,-0.0745,1.1526,0.0,EngineIQ_Sensor
2026-08-05T10:22:38.074442,0.0154,-0.0745,1.1526,0.0,EngineIQ_Sensor
2026-08-05T10:22:38.076390,0.0154,-0.0745,1.1526,0.0,EngineIQ_Sensor
2026-08-05T10:22:38.135816,0.0154,-0.0745,1.1526,0.0,EngineIQ_Sensor
2026-08-05T10:22:38.314996,0.0154,-0.0745,1.1526,0.0,EngineIQ_Sensor
2026-08-05T10:22:38.374367,0.0154,-0.0745,1.1526,0.0,EngineIQ_Sensor
2026-08-05T10:22:38.435625,0.0154,-0.0745,1.1526,0.0,EngineIQ_Sensor
2026-08-05T10:22:38.735647,0.0154,-0.0745,1.1526,0.0,EngineIQ_Sensor
2026-08-05T10:22:38.854248,0.0154,-0.0745,1.1526,0.0,EngineIQ_Sensor
2026-08-05T10:22:38.856144,0.0154,-0.0745,1.1526,0.0,EngineIQ_Sensor
2026-08-05T10:22:38.915849,0.0154,-0.0745,1.1526,0.0,EngineIQ_Sensor
2026-08-05T10:22:38.974865,0.0154,-0.0745,1.1526,0.0,EngineIQ_Sensor
2026-08-05T10:22:39.034153,0.0154,-0.0745,1.1526,0.0,EngineIQ_Sensor
2026-08-05T10:22:39.036154,0.0154,-0.0745,1.1526,0.0,EngineIQ_Sensor
2026-08-05T10:22:39.095607,0.0154,-0.0745,1.1526,0.0,EngineIQ_Sensor
2026-08-05T10:22:39.154827,0.0154,-0.0745,1.1526,0.0,EngineIQ_Sensor
2026-08-05T10:22:39.214346,0.0154,-0.0745,1.1526,0.0,EngineIQ_Sensor
2026-08-05T10:22:39.216181,0.0154,-0.0745,1.1526,0.0,EngineIQ_Sensor
2026-08-05T10:22:39.275725,0.0154,-0.0745,1.1526,0.0,EngineIQ_Sensor
2026-08-05T10:22:39.335043,0.0154,-0.0745,1.1526,0.0,EngineIQ_Sensor
2026-08-05T10:22:39.766956,0.0154,-0.0745,1.1526,0.0,EngineIQ_Sensor
2026-08-05T10:22:39.814841,0.0154,-0.0745,1.1526,0.0,EngineIQ_Sensor
2026-08-05T10:22:39.874134,0.0154,-0.0745,1.1526,0.0,EngineIQ_Sensor
2026-08-05T10:22:39.876106,0.0154,-0.0745,1.1526,0.0,EngineIQ_Sensor
2026-08-05T10:22:39.936002,0.0154,-0.0745,1.1526,0.0,EngineIQ_Sensor
2026-08-05T10:22:39.995428,0.0154,-0.0745,1.1526,0.0,EngineIQ_Sensor
2026-08-05T10:22:40.054816,0.0154,-0.0745,1.1526,0.0,EngineIQ_Sensor
2026-08-05T10:22:40.174278,0.0154,-0.0745,1.1526,0.0,EngineIQ_Sensor
2026-08-05T10:22:40.176436,0.0154,-0.0745,1.1526,0.0,EngineIQ_Sensor
2026-08-05T10:22:40.235575,0.0154,-0.0745,1.1526,0.0,EngineIQ_Sensor
2026-08-05T10:22:40.354830,0.0154,-0.0745,1.1526,0.0,EngineIQ_Sensor
2026-08-05T10:22:40.414232,0.0154,-0.0745,1.1526,0.0,EngineIQ_Sensor
2026-08-05T10:22:40.416416,0.0154,-0.0745,1.1526,0.0,EngineIQ_Sensor
2026-08-05T10:22:40.715760,0.0154,-0.0745,1.1526,0.0,EngineIQ_Sensor
2026-08-05T10:22:40.775511,0.0154,-0.0745,1.1526,0.0,EngineIQ_Sensor
2026-08-05T10:22:40.834864,0.0154,-0.0745,1.1526,0.0,EngineIQ_Sensor
2026-08-05T10:22:40.894305,0.0154,-0.0745,1.1526,0.0,EngineIQ_Sensor
2026-08-05T10:22:40.896390,0.0154,-0.0745,1.1526,0.0,EngineIQ_Sensor
2026-08-05T10:22:40.955636,0.0154,-0.0745,1.1526,0.0,EngineIQ_Sensor
2026-08-05T10:22:41.014846,0.0154,-0.0745,1.1526,0.0,EngineIQ_Sensor
2026-08-05T10:22:41.074219,0.0154,-0.0745,1.1526,0.0,EngineIQ_Sensor
2026-08-05T10:22:41.076146,0.0154,-0.0745,1.1526,0.0,EngineIQ_Sensor
2026-08-05T10:22:41.135638,0.0154,-0.0745,1.1526,0.0,EngineIQ_Sensor
2026-08-05T10:22:41.194802,0.0154,-0.0745,1.1526,0.0,EngineIQ_Sensor
2026-08-05T10:22:41.254209,0.0154,-0.0745,1.1526,0.0,EngineIQ_Sensor
2026-08-05T10:22:41.256135,0.0154,-0.0745,1.1526,0.0,EngineIQ_Sensor
2026-08-05T10:22:41.736095,0.0154,-0.0745,1.1526,0.0,EngineIQ_Sensor
2026-08-05T10:22:41.794803,0.0154,-0.0745,1.1526,0.0,EngineIQ_Sensor
2026-08-05T10:22:41.854237,0.0154,-0.0745,1.1526,0.0,EngineIQ_Sensor
2026-08-05T10:22:41.856217,0.0154,-0.0745,1.1526,0.0,EngineIQ_Sensor
2026-08-05T10:22:41.915627,0.0154,-0.0745,1.1526,0.0,EngineIQ_Sensor
2026-08-05T10:22:41.974908,0.0154,-0.0745,1.1526,0.0,EngineIQ_Sensor
2026-08-05T10:22:42.035623,0.0154,-0.0745,1.1526,0.0,EngineIQ_Sensor
2026-08-05T10:22:42.094828,0.0154,-0.0745,1.1526,0.0,EngineIQ_Sensor
2026-08-05T10:22:42.154149,0.0154,-0.0745,1.1526,0.0,EngineIQ_Sensor
2026-08-05T10:22:42.156138,0.0154,-0.0745,1.1526,0.0,EngineIQ_Sensor
2026-08-05T10:22:42.215627,0.0154,-0.0745,1.1526,0.0,EngineIQ_Sensor
2026-08-05T10:22:42.274890,0.0154,-0.0745,1.1526,0.0,EngineIQ_Sensor
2026-08-05T10:22:42.394368,0.0154,-0.0745,1.1526,0.0,EngineIQ_Sensor
2026-08-05T10:22:42.755800,0.0154,-0.0745,1.1526,0.0,EngineIQ_Sensor
2026-08-05T10:22:42.814735,0.0154,-0.0745,1.1526,0.0,EngineIQ_Sensor
2026-08-05T10:22:42.874110,0.0154,-0.0745,1.1526,0.0,EngineIQ_Sensor
2026-08-05T10:22:42.876268,0.0154,-0.0745,1.1526,0.0,EngineIQ_Sensor
2026-08-05T10:22:42.935625,0.0154,-0.0745,1.1526,0.0,EngineIQ_Sensor
2026-08-05T10:22:42.994864,0.0154,-0.0745,1.1526,0.0,EngineIQ_Sensor
2026-08-05T10:22:43.054234,0.0154,-0.0745,1.1526,0.0,EngineIQ_Sensor
2026-08-05T10:22:43.056137,0.0154,-0.0745,1.1526,0.0,EngineIQ_Sensor
2026-08-05T10:22:43.115634,0.0154,-0.0745,1.1526,0.0,EngineIQ_Sensor
2026-08-05T10:22:43.234341,0.0154,-0.0745,1.1526,0.0,EngineIQ_Sensor
2026-08-05T10:22:43.236360,0.0154,-0.0745,1.1526,0.0,EngineIQ_Sensor
2026-08-05T10:22:43.295560,0.0154,-0.0745,1.1526,0.0,EngineIQ_Sensor
2026-08-05T10:22:43.355006,0.0154,-0.0745,1.1526,0.0,EngineIQ_Sensor
2026-08-05T10:22:43.715719,0.0154,-0.0745,1.1526,0.0,EngineIQ_Sensor
2026-08-05T10:22:43.775589,0.0154,-0.0745,1.1526,0.0,EngineIQ_Sensor
2026-08-05T10:22:43.834890,0.0154,-0.0745,1.1526,0.0,EngineIQ_Sensor
2026-08-05T10:22:43.894234,0.0154,-0.0745,1.1526,0.0,EngineIQ_Sensor
2026-08-05T10:22:43.896302,0.0154,-0.0745,1.1526,0.0,EngineIQ_Sensor
2026-08-05T10:22:43.955400,0.0154,-0.0745,1.1526,0.0,EngineIQ_Sensor
2026-08-05T10:22:44.014847,0.0154,-0.0745,1.1526,0.0,EngineIQ_Sensor
2026-08-05T10:22:44.074366,0.0154,-0.0745,1.1526,0.0,EngineIQ_Sensor
2026-08-05T10:22:44.076311,0.0154,-0.0745,1.1526,0.0,EngineIQ_Sensor
2026-08-05T10:22:44.135561,0.0154,-0.0745,1.1526,0.0,EngineIQ_Sensor
2026-08-05T10:22:44.194879,0.0154,-0.0745,1.1526,0.0,EngineIQ_Sensor
2026-08-05T10:22:44.254280,0.0154,-0.0745,1.1526,0.0,EngineIQ_Sensor
2026-08-05T10:22:44.256116,0.0154,-0.0745,1.1526,0.0,EngineIQ_Sensor
2026-08-05T10:22:44.735490,0.0154,-0.0745,1.1526,0.0,EngineIQ_Sensor
2026-08-05T10:22:44.794837,0.0154,-0.0745,1.1526,0.0,EngineIQ_Sensor
2026-08-05T10:22:44.854218,0.0154,-0.0745,1.1526,0.0,EngineIQ_Sensor
2026-08-05T10:22:44.856122,0.0154,-0.0745,1.1526,0.0,EngineIQ_Sensor
2026-08-05T10:22:44.915445,0.0154,-0.0745,1.1526,0.0,EngineIQ_Sensor
2026-08-05T10:22:44.974745,0.0154,-0.0745,1.1526,0.0,EngineIQ_Sensor
2026-08-05T10:22:45.034295,0.0154,-0.0745,1.1526,0.0,EngineIQ_Sensor
2026-08-05T10:22:45.038404,0.0154,-0.0745,1.1526,0.0,EngineIQ_Sensor
2026-08-05T10:22:45.095438,0.0154,-0.0745,1.1526,0.0,EngineIQ_Sensor
2026-08-05T10:22:45.154921,0.0154,-0.0745,1.1526,0.0,EngineIQ_Sensor
2026-08-05T10:22:45.214284,0.0154,-0.0745,1.1526,0.0,EngineIQ_Sensor
2026-08-05T10:22:45.215974,0.0154,-0.0745,1.1526,0.0,EngineIQ_Sensor
2026-08-05T10:22:45.275735,0.0154,-0.0745,1.1526,0.0,EngineIQ_Sensor
2026-08-05T10:22:45.829084,0.0154,-0.0745,1.1526,0.0,EngineIQ_Sensor
2026-08-05T10:22:45.914326,0.0154,-0.0745,1.1526,0.0,EngineIQ_Sensor
2026-08-05T10:22:45.938369,0.0154,-0.0745,1.1526,0.0,EngineIQ_Sensor
2026-08-05T10:22:45.938854,0.0154,-0.0745,1.1526,0.0,EngineIQ_Sensor
2026-08-05T10:22:45.995269,0.0154,-0.0745,1.1526,0.0,EngineIQ_Sensor
2026-08-05T10:22:46.054742,0.0154,-0.0745,1.1526,0.0,EngineIQ_Sensor
2026-08-05T10:22:46.174150,0.0154,-0.0745,1.1526,0.0,EngineIQ_Sensor
2026-08-05T10:22:46.176265,0.0154,-0.0745,1.1526,0.0,EngineIQ_Sensor
2026-08-05T10:22:46.235476,0.0154,-0.0745,1.1526,0.0,EngineIQ_Sensor
2026-08-05T10:22:46.354776,0.0154,-0.0745,1.1526,0.0,EngineIQ_Sensor
2026-08-05T10:22:46.414155,0.0154,-0.0745,1.1526,0.0,EngineIQ_Sensor
2026-08-05T10:22:46.416221,0.0154,-0.0745,1.1526,0.0,EngineIQ_Sensor
2026-08-05T10:22:46.475577,0.0154,-0.0745,1.1526,0.0,EngineIQ_Sensor
2026-08-05T10:22:46.715548,0.0154,-0.0745,1.1526,0.0,EngineIQ_Sensor
2026-08-05T10:22:46.775444,0.0154,-0.0745,1.1526,0.0,EngineIQ_Sensor
2026-08-05T10:22:46.834813,0.0154,-0.0745,1.1526,0.0,EngineIQ_Sensor
2026-08-05T10:22:46.894086,0.0154,-0.0745,1.1526,0.0,EngineIQ_Sensor
2026-08-05T10:22:46.895979,0.0154,-0.0745,1.1526,0.0,EngineIQ_Sensor
2026-08-05T10:22:47.015498,0.0154,-0.0745,1.1526,0.0,EngineIQ_Sensor
2026-08-05T10:22:47.074693,0.0154,-0.0745,1.1526,0.0,EngineIQ_Sensor
2026-08-05T10:22:47.134048,0.0154,-0.0745,1.1526,0.0,EngineIQ_Sensor
2026-08-05T10:22:47.135922,0.0154,-0.0745,1.1526,0.0,EngineIQ_Sensor
2026-08-05T10:22:47.195451,0.0154,-0.0745,1.1526,0.0,EngineIQ_Sensor
2026-08-05T10:22:47.254825,0.0154,-0.0745,1.1526,0.0,EngineIQ_Sensor
2026-08-05T10:22:47.313987,0.0154,-0.0745,1.1526,0.0,EngineIQ_Sensor
2026-08-05T10:22:47.316027,0.0154,-0.0745,1.1526,0.0,EngineIQ_Sensor
2026-08-05T10:22:47.735801,0.0154,-0.0745,1.1526,0.0,EngineIQ_Sensor
2026-08-05T10:22:47.794677,0.0154,-0.0745,1.1526,0.0,EngineIQ_Sensor
2026-08-05T10:22:47.854003,0.0154,-0.0745,1.1526,0.0,EngineIQ_Sensor
2026-08-05T10:22:47.856241,0.0154,-0.0745,1.1526,0.0,EngineIQ_Sensor
2026-08-05T10:22:47.915545,0.0154,-0.0745,1.1526,0.0,EngineIQ_Sensor
2026-08-05T10:22:47.974659,0.0154,-0.0745,1.1526,0.0,EngineIQ_Sensor
2026-08-05T10:22:48.034109,0.0154,-0.0745,1.1526,0.0,EngineIQ_Sensor
2026-08-05T10:22:48.035958,0.0154,-0.0745,1.1526,0.0,EngineIQ_Sensor
2026-08-05T10:22:48.154054,0.0154,-0.0745,1.1526,0.0,EngineIQ_Sensor
2026-08-05T10:22:48.156227,0.0154,-0.0745,1.1526,0.0,EngineIQ_Sensor
2026-08-05T10:22:48.215464,0.0154,-0.0745,1.1526,0.0,EngineIQ_Sensor
2026-08-05T10:22:48.274655,0.0154,-0.0745,1.1526,0.0,EngineIQ_Sensor
2026-08-05T10:22:48.394442,0.0154,-0.0745,1.1526,0.0,EngineIQ_Sensor
2026-08-05T10:22:48.755544,0.0154,-0.0745,1.1526,0.0,EngineIQ_Sensor
2026-08-05T10:22:48.814673,0.0154,-0.0745,1.1526,0.0,EngineIQ_Sensor
2026-08-05T10:22:48.874041,0.0154,-0.0745,1.1526,0.0,EngineIQ_Sensor
2026-08-05T10:22:48.876214,0.0154,-0.0745,1.1526,0.0,EngineIQ_Sensor
2026-08-05T10:22:48.935453,0.0154,-0.0745,1.1526,0.0,EngineIQ_Sensor
2026-08-05T10:22:48.994661,0.0154,-0.0745,1.1526,0.0,EngineIQ_Sensor
2026-08-05T10:22:49.053942,0.0154,-0.0745,1.1526,0.0,EngineIQ_Sensor
2026-08-05T10:22:49.055915,0.0154,-0.0745,1.1526,0.0,EngineIQ_Sensor
2026-08-05T10:22:49.115512,0.0154,-0.0745,1.1526,0.0,EngineIQ_Sensor
2026-08-05T10:22:49.174670,0.0154,-0.0745,1.1526,0.0,EngineIQ_Sensor
2026-08-05T10:22:49.234120,0.0154,-0.0745,1.1526,0.0,EngineIQ_Sensor
2026-08-05T10:22:49.236001,0.0154,-0.0745,1.1526,0.0,EngineIQ_Sensor
2026-08-05T10:22:49.295572,0.0154,-0.0745,1.1526,0.0,EngineIQ_Sensor
2026-08-05T10:22:49.715606,0.0154,-0.0745,1.1526,0.0,EngineIQ_Sensor
2026-08-05T10:22:49.834686,0.0154,-0.0745,1.1526,0.0,EngineIQ_Sensor
2026-08-05T10:22:49.894087,0.0154,-0.0745,1.1526,0.0,EngineIQ_Sensor
2026-08-05T10:22:49.895961,0.0154,-0.0745,1.1526,0.0,EngineIQ_Sensor
2026-08-05T10:22:49.955529,0.0154,-0.0745,1.1526,0.0,EngineIQ_Sensor
2026-08-05T10:22:50.014572,0.0154,-0.0745,1.1526,0.0,EngineIQ_Sensor
2026-08-05T10:22:50.074056,0.0154,-0.0745,1.1526,0.0,EngineIQ_Sensor
2026-08-05T10:22:50.075950,0.0154,-0.0745,1.1526,0.0,EngineIQ_Sensor
2026-08-05T10:22:50.135442,0.0154,-0.0745,1.1526,0.0,EngineIQ_Sensor
2026-08-05T10:22:50.194742,0.0154,-0.0745,1.1526,0.0,EngineIQ_Sensor
2026-08-05T10:22:50.254065,0.0154,-0.0745,1.1526,0.0,EngineIQ_Sensor
2026-08-05T10:22:50.255940,0.0154,-0.0745,1.1526,0.0,EngineIQ_Sensor
2026-08-05T10:22:50.315566,0.0154,-0.0745,1.1526,0.0,EngineIQ_Sensor
2026-08-05T10:22:50.735356,0.0154,-0.0745,1.1526,0.0,EngineIQ_Sensor
2026-08-05T10:22:50.794677,0.0154,-0.0745,1.1526,0.0,EngineIQ_Sensor
2026-08-05T10:22:50.854188,0.0154,-0.0745,1.1526,0.0,EngineIQ_Sensor
2026-08-05T10:22:50.855996,0.0154,-0.0745,1.1526,0.0,EngineIQ_Sensor
2026-08-05T10:22:50.915443,0.0154,-0.0745,1.1526,0.0,EngineIQ_Sensor
2026-08-05T10:22:50.974736,0.0154,-0.0745,1.1526,0.0,EngineIQ_Sensor
2026-08-05T10:22:51.034178,0.0154,-0.0745,1.1526,0.0,EngineIQ_Sensor
2026-08-05T10:22:51.036018,0.0154,-0.0745,1.1526,0.0,EngineIQ_Sensor
2026-08-05T10:22:51.095521,0.0154,-0.0745,1.1526,0.0,EngineIQ_Sensor
2026-08-05T10:22:51.154736,0.0154,-0.0745,1.1526,0.0,EngineIQ_Sensor
2026-08-05T10:22:51.327826,0.0154,-0.0745,1.1526,0.0,EngineIQ_Sensor
2026-08-05T10:22:51.328162,0.0154,-0.0745,1.1526,0.0,EngineIQ_Sensor
2026-08-05T10:22:51.409959,0.0154,-0.0745,1.1526,0.0,EngineIQ_Sensor
2026-08-05T10:22:51.755670,0.0154,-0.0745,1.1526,0.0,EngineIQ_Sensor
2026-08-05T10:22:51.814878,0.0154,-0.0745,1.1526,0.0,EngineIQ_Sensor
2026-08-05T10:22:51.874071,0.0154,-0.0745,1.1526,0.0,EngineIQ_Sensor
2026-08-05T10:22:51.876474,0.0154,-0.0745,1.1526,0.0,EngineIQ_Sensor
2026-08-05T10:22:51.935234,0.0154,-0.0745,1.1526,0.0,EngineIQ_Sensor
2026-08-05T10:22:51.994709,0.0154,-0.0745,1.1526,0.0,EngineIQ_Sensor
2026-08-05T10:22:52.054186,0.0154,-0.0745,1.1526,0.0,EngineIQ_Sensor
2026-08-05T10:22:52.115437,0.0154,-0.0745,1.1526,0.0,EngineIQ_Sensor
2026-08-05T10:22:52.174750,0.0154,-0.0745,1.1526,0.0,EngineIQ_Sensor
2026-08-05T10:22:52.234129,0.0154,-0.0745,1.1526,0.0,EngineIQ_Sensor
2026-08-05T10:22:52.236046,0.0154,-0.0745,1.1526,0.0,EngineIQ_Sensor
2026-08-05T10:22:52.295290,0.0154,-0.0745,1.1526,0.0,EngineIQ_Sensor
2026-08-05T10:22:52.354752,0.0154,-0.0745,1.1526,0.0,EngineIQ_Sensor
2026-08-05T10:22:52.715399,0.0154,-0.0745,1.1526,0.0,EngineIQ_Sensor
2026-08-05T10:22:52.835468,0.0154,-0.0745,1.1526,0.0,EngineIQ_Sensor
2026-08-05T10:22:53.014627,0.0154,-0.0745,1.1526,0.0,EngineIQ_Sensor
2026-08-05T10:22:53.074081,0.0154,-0.0745,1.1526,0.0,EngineIQ_Sensor
2026-08-05T10:22:53.075937,0.0154,-0.0745,1.1526,0.0,EngineIQ_Sensor
2026-08-05T10:22:53.135347,0.0154,-0.0745,1.1526,0.0,EngineIQ_Sensor
2026-08-05T10:22:53.194688,0.0154,-0.0745,1.1526,0.0,EngineIQ_Sensor
2026-08-05T10:22:53.254050,0.0154,-0.0745,1.1526,0.0,EngineIQ_Sensor
2026-08-05T10:22:53.255866,0.0154,-0.0745,1.1526,0.0,EngineIQ_Sensor
2026-08-05T10:22:53.315210,0.0154,-0.0745,1.1526,0.0,EngineIQ_Sensor
2026-08-05T10:22:53.374566,0.0154,-0.0745,1.1526,0.0,EngineIQ_Sensor
2026-08-05T10:22:53.494050,0.0154,-0.0745,1.1526,0.0,EngineIQ_Sensor
2026-08-05T10:22:53.554014,0.0154,-0.0745,1.1526,0.0,EngineIQ_Sensor
2026-08-05T10:22:53.735297,0.0154,-0.0745,1.1526,0.0,EngineIQ_Sensor
2026-08-05T10:22:53.854821,0.0154,-0.0745,1.1526,0.0,EngineIQ_Sensor
2026-08-05T10:22:53.973898,0.0154,-0.0745,1.1526,0.0,EngineIQ_Sensor
2026-08-05T10:22:53.976148,0.0154,-0.0745,1.1526,0.0,EngineIQ_Sensor
2026-08-05T10:22:54.035322,0.0154,-0.0745,1.1526,0.0,EngineIQ_Sensor
2026-08-05T10:22:54.154629,0.0154,-0.0745,1.1526,0.0,EngineIQ_Sensor
2026-08-05T10:22:54.213916,0.0154,-0.0745,1.1526,0.0,EngineIQ_Sensor
2026-08-05T10:22:54.215822,0.0154,-0.0745,1.1526,0.0,EngineIQ_Sensor
2026-08-05T10:22:54.275265,0.0154,-0.0745,1.1526,0.0,EngineIQ_Sensor
2026-08-05T10:22:54.334644,0.0154,-0.0745,1.1526,0.0,EngineIQ_Sensor
2026-08-05T10:22:54.394038,0.0154,-0.0745,1.1526,0.0,EngineIQ_Sensor
2026-08-05T10:22:54.396067,0.0154,-0.0745,1.1526,0.0,EngineIQ_Sensor
2026-08-05T10:22:54.455252,0.0154,-0.0745,1.1526,0.0,EngineIQ_Sensor
2026-08-05T10:22:54.755123,0.0154,-0.0745,1.1526,0.0,EngineIQ_Sensor
2026-08-05T10:22:54.814555,0.0154,-0.0745,1.1526,0.0,EngineIQ_Sensor
2026-08-05T10:22:54.873933,0.0154,-0.0745,1.1526,0.0,EngineIQ_Sensor
2026-08-05T10:22:54.876074,0.0154,-0.0745,1.1526,0.0,EngineIQ_Sensor
2026-08-05T10:22:54.935328,0.0154,-0.0745,1.1526,0.0,EngineIQ_Sensor
2026-08-05T10:22:55.054645,0.0154,-0.0745,1.1526,0.0,EngineIQ_Sensor
2026-08-05T10:22:55.113853,0.0154,-0.0745,1.1526,0.0,EngineIQ_Sensor
2026-08-05T10:22:55.115688,0.0154,-0.0745,1.1526,0.0,EngineIQ_Sensor
2026-08-05T10:22:55.235290,0.0154,-0.0745,1.1526,0.0,EngineIQ_Sensor
2026-08-05T10:22:55.294561,0.0154,-0.0745,1.1526,0.0,EngineIQ_Sensor
2026-08-05T10:22:55.353898,0.0154,-0.0745,1.1526,0.0,EngineIQ_Sensor
2026-08-05T10:22:55.414629,0.0154,-0.0745,1.1526,0.0,EngineIQ_Sensor
2026-08-05T10:22:55.474063,0.0154,-0.0745,1.1526,0.0,EngineIQ_Sensor
2026-08-05T10:22:55.715394,0.0154,-0.0745,1.1526,0.0,EngineIQ_Sensor
2026-08-05T10:22:55.775283,0.0154,-0.0745,1.1526,0.0,EngineIQ_Sensor
2026-08-05T10:22:55.894744,0.0154,-0.0745,1.1526,0.0,EngineIQ_Sensor
2026-08-05T10:22:55.953890,0.0154,-0.0745,1.1526,0.0,EngineIQ_Sensor
2026-08-05T10:22:55.955904,0.0154,-0.0745,1.1526,0.0,EngineIQ_Sensor
2026-08-05T10:22:56.015474,0.0154,-0.0745,1.1526,0.0,EngineIQ_Sensor
2026-08-05T10:22:56.074590,0.0154,-0.0745,1.1526,0.0,EngineIQ_Sensor
2026-08-05T10:22:56.193798,0.0154,-0.0745,1.1526,0.0,EngineIQ_Sensor
2026-08-05T10:22:56.196227,0.0154,-0.0745,1.1526,0.0,EngineIQ_Sensor
2026-08-05T10:22:56.255401,0.0154,-0.0745,1.1526,0.0,EngineIQ_Sensor
2026-08-05T10:22:56.374621,0.0154,-0.0745,1.1526,0.0,EngineIQ_Sensor
2026-08-05T10:22:56.433975,0.0154,-0.0745,1.1526,0.0,EngineIQ_Sensor
2026-08-05T10:22:56.435777,0.0154,-0.0745,1.1526,0.0,EngineIQ_Sensor
2026-08-05T10:22:56.765049,0.0154,-0.0745,1.1526,0.0,EngineIQ_Sensor
2026-08-05T10:22:56.812848,0.0154,-0.0745,1.1526,0.0,EngineIQ_Sensor
2026-08-05T10:22:56.856716,0.0154,-0.0745,1.1526,0.0,EngineIQ_Sensor
2026-08-05T10:22:56.857718,0.0154,-0.0745,1.1526,0.0,EngineIQ_Sensor
2026-08-05T10:22:56.915060,0.0154,-0.0745,1.1526,0.0,EngineIQ_Sensor
2026-08-05T10:22:56.974624,0.0154,-0.0745,1.1526,0.0,EngineIQ_Sensor
2026-08-05T10:22:57.033896,0.0154,-0.0745,1.1526,0.0,EngineIQ_Sensor
2026-08-05T10:22:57.035788,0.0154,-0.0745,1.1526,0.0,EngineIQ_Sensor
2026-08-05T10:22:57.095371,0.0154,-0.0745,1.1526,0.0,EngineIQ_Sensor
2026-08-05T10:22:57.154720,0.0154,-0.0745,1.1526,0.0,EngineIQ_Sensor
2026-08-05T10:22:57.273896,0.0154,-0.0745,1.1526,0.0,EngineIQ_Sensor
2026-08-05T10:22:57.275902,0.0154,-0.0745,1.1526,0.0,EngineIQ_Sensor
2026-08-05T10:22:57.335644,0.0154,-0.0745,1.1526,0.0,EngineIQ_Sensor
2026-08-05T10:22:57.755265,0.0154,-0.0745,1.1526,0.0,EngineIQ_Sensor
2026-08-05T10:22:57.814466,0.0154,-0.0745,1.1526,0.0,EngineIQ_Sensor
2026-08-05T10:22:57.933974,0.0154,-0.0745,1.1526,0.0,EngineIQ_Sensor
2026-08-05T10:22:57.935926,0.0154,-0.0745,1.1526,0.0,EngineIQ_Sensor
2026-08-05T10:22:57.995270,0.0154,-0.0745,1.1526,0.0,EngineIQ_Sensor
2026-08-05T10:22:58.054379,0.0154,-0.0745,1.1526,0.0,EngineIQ_Sensor
2026-08-05T10:22:58.113904,0.0154,-0.0745,1.1526,0.0,EngineIQ_Sensor
2026-08-05T10:22:58.115981,0.0154,-0.0745,1.1526,0.0,EngineIQ_Sensor
2026-08-05T10:22:58.175261,0.0154,-0.0745,1.1526,0.0,EngineIQ_Sensor
2026-08-05T10:22:58.234401,0.0154,-0.0745,1.1526,0.0,EngineIQ_Sensor
2026-08-05T10:22:58.293680,0.0154,-0.0745,1.1526,0.0,EngineIQ_Sensor
2026-08-05T10:22:58.295703,0.0154,-0.0745,1.1526,0.0,EngineIQ_Sensor
2026-08-05T10:22:58.415395,0.0154,-0.0745,1.1526,0.0,EngineIQ_Sensor
2026-08-05T10:22:58.715382,0.0154,-0.0745,1.1526,0.0,EngineIQ_Sensor
2026-08-05T10:22:58.775085,0.0154,-0.0745,1.1526,0.0,EngineIQ_Sensor
2026-08-05T10:22:58.834488,0.0154,-0.0745,1.1526,0.0,EngineIQ_Sensor
2026-08-05T10:22:58.893928,0.0154,-0.0745,1.1526,0.0,EngineIQ_Sensor
2026-08-05T10:22:58.895773,0.0154,-0.0745,1.1526,0.0,EngineIQ_Sensor
2026-08-05T10:22:58.955251,0.0154,-0.0745,1.1526,0.0,EngineIQ_Sensor
2026-08-05T10:22:59.014386,0.0154,-0.0745,1.1526,0.0,EngineIQ_Sensor
2026-08-05T10:22:59.073931,0.0154,-0.0745,1.1526,0.0,EngineIQ_Sensor
2026-08-05T10:22:59.075742,0.0154,-0.0745,1.1526,0.0,EngineIQ_Sensor
2026-08-05T10:22:59.194517,0.0154,-0.0745,1.1526,0.0,EngineIQ_Sensor
2026-08-05T10:22:59.253918,0.0154,-0.0745,1.1526,0.0,EngineIQ_Sensor
2026-08-05T10:22:59.255775,0.0154,-0.0745,1.1526,0.0,EngineIQ_Sensor
2026-08-05T10:22:59.315220,0.0154,-0.0745,1.1526,0.0,EngineIQ_Sensor
2026-08-05T10:22:59.735109,0.0154,-0.0745,1.1526,0.0,EngineIQ_Sensor
2026-08-05T10:22:59.794319,0.0154,-0.0745,1.1526,0.0,EngineIQ_Sensor
2026-08-05T10:22:59.853948,0.0154,-0.0745,1.1526,0.0,EngineIQ_Sensor
2026-08-05T10:22:59.855794,0.0154,-0.0745,1.1526,0.0,EngineIQ_Sensor
2026-08-05T10:22:59.915056,0.0154,-0.0745,1.1526,0.0,EngineIQ_Sensor
2026-08-05T10:23:00.033754,0.0154,-0.0745,1.1526,0.0,EngineIQ_Sensor
2026-08-05T10:23:00.036056,0.0154,-0.0745,1.1526,0.0,EngineIQ_Sensor
2026-08-05T10:23:00.095105,0.0154,-0.0745,1.1526,0.0,EngineIQ_Sensor
2026-08-05T10:23:00.154781,0.0154,-0.0745,1.1526,0.0,EngineIQ_Sensor
2026-08-05T10:23:00.213869,0.0154,-0.0745,1.1526,0.0,EngineIQ_Sensor
2026-08-05T10:23:00.215831,0.0154,-0.0745,1.1526,0.0,EngineIQ_Sensor
2026-08-05T10:23:00.274932,0.0154,-0.0745,1.1526,0.0,EngineIQ_Sensor
2026-08-05T10:23:00.335208,0.0154,-0.0745,1.1526,0.0,EngineIQ_Sensor
2026-08-05T10:23:00.755254,0.0154,-0.0745,1.1526,0.0,EngineIQ_Sensor
2026-08-05T10:23:00.814485,0.0154,-0.0745,1.1526,0.0,EngineIQ_Sensor
2026-08-05T10:23:00.873925,0.0154,-0.0745,1.1526,0.0,EngineIQ_Sensor
2026-08-05T10:23:00.875975,0.0154,-0.0745,1.1526,0.0,EngineIQ_Sensor
2026-08-05T10:23:00.995213,0.0154,-0.0745,1.1526,0.0,EngineIQ_Sensor
2026-08-05T10:23:01.054458,0.0154,-0.0745,1.1526,0.0,EngineIQ_Sensor
2026-08-05T10:23:01.113890,0.0154,-0.0745,1.1526,0.0,EngineIQ_Sensor
2026-08-05T10:23:01.115693,0.0154,-0.0745,1.1526,0.0,EngineIQ_Sensor
2026-08-05T10:23:01.175123,0.0154,-0.0745,1.1526,0.0,EngineIQ_Sensor
2026-08-05T10:23:01.234451,0.0154,-0.0745,1.1526,0.0,EngineIQ_Sensor
2026-08-05T10:23:01.293750,0.0154,-0.0745,1.1526,0.0,EngineIQ_Sensor
2026-08-05T10:23:01.295614,0.0154,-0.0745,1.1526,0.0,EngineIQ_Sensor
2026-08-05T10:23:01.355212,0.0154,-0.0745,1.1526,0.0,EngineIQ_Sensor
2026-08-05T10:23:01.715237,0.0154,-0.0745,1.1526,0.0,EngineIQ_Sensor
2026-08-05T10:23:01.775117,0.0154,-0.0745,1.1526,0.0,EngineIQ_Sensor
2026-08-05T10:23:01.834478,0.0154,-0.0745,1.1526,0.0,EngineIQ_Sensor
2026-08-05T10:23:01.894445,0.0154,-0.0745,1.1526,0.0,EngineIQ_Sensor
2026-08-05T10:23:02.013868,0.0154,-0.0745,1.1526,0.0,EngineIQ_Sensor
2026-08-05T10:23:02.015839,0.0154,-0.0745,1.1526,0.0,EngineIQ_Sensor
2026-08-05T10:23:02.075061,0.0154,-0.0745,1.1526,0.0,EngineIQ_Sensor
2026-08-05T10:23:02.134329,0.0154,-0.0745,1.1526,0.0,EngineIQ_Sensor
2026-08-05T10:23:02.193991,0.0154,-0.0745,1.1526,0.0,EngineIQ_Sensor
2026-08-05T10:23:02.255196,0.0154,-0.0745,1.1526,0.0,EngineIQ_Sensor
2026-08-05T10:23:02.314462,0.0154,-0.0745,1.1526,0.0,EngineIQ_Sensor
2026-08-05T10:23:02.373791,0.0154,-0.0745,1.1526,0.0,EngineIQ_Sensor
2026-08-05T10:23:02.375963,0.0154,-0.0745,1.1526,0.0,EngineIQ_Sensor
2026-08-05T10:23:02.734925,0.0154,-0.0745,1.1526,0.0,EngineIQ_Sensor
2026-08-05T10:23:02.794326,0.0154,-0.0745,1.1526,0.0,EngineIQ_Sensor
2026-08-05T10:23:02.853648,0.0154,-0.0745,1.1526,0.0,EngineIQ_Sensor
2026-08-05T10:23:02.856052,0.0154,-0.0745,1.1526,0.0,EngineIQ_Sensor
2026-08-05T10:23:02.916960,0.0154,-0.0745,1.1526,0.0,EngineIQ_Sensor
2026-08-05T10:23:02.991249,0.0154,-0.0745,1.1526,0.0,EngineIQ_Sensor
2026-08-05T10:23:03.039236,0.0154,-0.0745,1.1526,0.0,EngineIQ_Sensor
2026-08-05T10:23:03.039577,0.0154,-0.0745,1.1526,0.0,EngineIQ_Sensor
2026-08-05T10:23:03.094892,0.0154,-0.0745,1.1526,0.0,EngineIQ_Sensor
2026-08-05T10:23:03.154262,0.0154,-0.0745,1.1526,0.0,EngineIQ_Sensor
2026-08-05T10:23:03.213726,0.0154,-0.0745,1.1526,0.0,EngineIQ_Sensor
2026-08-05T10:23:03.215890,0.0154,-0.0745,1.1526,0.0,EngineIQ_Sensor
2026-08-05T10:23:03.275220,0.0154,-0.0745,1.1526,0.0,EngineIQ_Sensor
2026-08-05T10:23:03.755108,0.0154,-0.0745,1.1526,0.0,EngineIQ_Sensor
2026-08-05T10:23:03.814324,0.0154,-0.0745,1.1526,0.0,EngineIQ_Sensor
2026-08-05T10:23:03.873661,0.0154,-0.0745,1.1526,0.0,EngineIQ_Sensor
2026-08-05T10:23:03.875871,0.0154,-0.0745,1.1526,0.0,EngineIQ_Sensor
2026-08-05T10:23:03.935102,0.0154,-0.0745,1.1526,0.0,EngineIQ_Sensor
2026-08-05T10:23:03.994228,0.0154,-0.0745,1.1526,0.0,EngineIQ_Sensor
2026-08-05T10:23:04.054153,0.0154,-0.0745,1.1526,0.0,EngineIQ_Sensor
2026-08-05T10:23:04.114921,0.0154,-0.0745,1.1526,0.0,EngineIQ_Sensor
2026-08-05T10:23:04.174537,0.0154,-0.0745,1.1526,0.0,EngineIQ_Sensor
2026-08-05T10:23:04.233716,0.0154,-0.0745,1.1526,0.0,EngineIQ_Sensor
2026-08-05T10:23:04.235679,0.0154,-0.0745,1.1526,0.0,EngineIQ_Sensor
2026-08-05T10:23:04.295053,0.0154,-0.0745,1.1526,0.0,EngineIQ_Sensor
2026-08-05T10:23:04.355185,0.0154,-0.0745,1.1526,0.0,EngineIQ_Sensor
2026-08-05T10:23:04.715204,0.0154,-0.0745,1.1526,0.0,EngineIQ_Sensor
2026-08-05T10:23:04.774886,0.0154,-0.0745,1.1526,0.0,EngineIQ_Sensor
2026-08-05T10:23:04.834234,0.0154,-0.0745,1.1526,0.0,EngineIQ_Sensor
2026-08-05T10:23:04.893613,0.0154,-0.0745,1.1526,0.0,EngineIQ_Sensor
2026-08-05T10:23:04.954223,0.0154,-0.0745,1.1526,0.0,EngineIQ_Sensor
2026-08-05T10:23:05.073684,0.0154,-0.0745,1.1526,0.0,EngineIQ_Sensor
2026-08-05T10:23:05.075888,0.0154,-0.0745,1.1526,0.0,EngineIQ_Sensor
2026-08-05T10:23:05.135092,0.0154,-0.0745,1.1526,0.0,EngineIQ_Sensor
2026-08-05T10:23:05.194267,0.0154,-0.0745,1.1526,0.0,EngineIQ_Sensor
2026-08-05T10:23:05.253730,0.0154,-0.0745,1.1526,0.0,EngineIQ_Sensor
2026-08-05T10:23:05.255624,0.0154,-0.0745,1.1526,0.0,EngineIQ_Sensor
2026-08-05T10:23:05.315093,0.0154,-0.0745,1.1526,0.0,EngineIQ_Sensor
2026-08-05T10:23:05.374306,0.0154,-0.0745,1.1526,0.0,EngineIQ_Sensor
2026-08-05T10:23:05.735104,0.0154,-0.0745,1.1526,0.0,EngineIQ_Sensor
2026-08-05T10:23:05.794342,0.0154,-0.0745,1.1526,0.0,EngineIQ_Sensor
2026-08-05T10:23:05.853563,0.0154,-0.0745,1.1526,0.0,EngineIQ_Sensor
2026-08-05T10:23:05.855676,0.0154,-0.0745,1.1526,0.0,EngineIQ_Sensor
2026-08-05T10:23:05.915194,0.0154,-0.0745,1.1526,0.0,EngineIQ_Sensor
2026-08-05T10:23:05.974306,0.0154,-0.0745,1.1526,0.0,EngineIQ_Sensor
2026-08-05T10:23:06.033692,0.0154,-0.0745,1.1526,0.0,EngineIQ_Sensor
2026-08-05T10:23:06.035698,0.0154,-0.0745,1.1526,0.0,EngineIQ_Sensor
2026-08-05T10:23:06.155107,0.0154,-0.0745,1.1526,0.0,EngineIQ_Sensor
2026-08-05T10:23:06.214336,0.0154,-0.0745,1.1526,0.0,EngineIQ_Sensor
2026-08-05T10:23:06.273715,0.0154,-0.0745,1.1526,0.0,EngineIQ_Sensor
2026-08-05T10:23:06.275607,0.0154,-0.0745,1.1526,0.0,EngineIQ_Sensor
2026-08-05T10:23:06.335297,0.0154,-0.0745,1.1526,0.0,EngineIQ_Sensor
2026-08-05T10:23:06.755092,0.0154,-0.0745,1.1526,0.0,EngineIQ_Sensor
2026-08-05T10:23:06.814300,0.0154,-0.0745,1.1526,0.0,EngineIQ_Sensor
2026-08-05T10:23:06.873680,0.0154,-0.0745,1.1526,0.0,EngineIQ_Sensor
2026-08-05T10:23:06.876121,0.0154,-0.0745,1.1526,0.0,EngineIQ_Sensor
2026-08-05T10:23:06.934961,0.0154,-0.0745,1.1526,0.0,EngineIQ_Sensor
2026-08-05T10:23:07.053700,0.0154,-0.0745,1.1526,0.0,EngineIQ_Sensor
2026-08-05T10:23:07.055536,0.0154,-0.0745,1.1526,0.0,EngineIQ_Sensor
2026-08-05T10:23:07.115024,0.0154,-0.0745,1.1526,0.0,EngineIQ_Sensor
2026-08-05T10:23:07.174067,0.0154,-0.0745,1.1526,0.0,EngineIQ_Sensor
2026-08-05T10:23:07.233688,0.0154,-0.0745,1.1526,0.0,EngineIQ_Sensor
2026-08-05T10:23:07.235595,0.0154,-0.0745,1.1526,0.0,EngineIQ_Sensor
2026-08-05T10:23:07.295645,0.0154,-0.0745,1.1526,0.0,EngineIQ_Sensor
2026-08-05T10:23:07.354431,0.0154,-0.0745,1.1526,0.0,EngineIQ_Sensor
2026-08-05T10:23:07.715289,0.0154,-0.0745,1.1526,0.0,EngineIQ_Sensor
2026-08-05T10:23:07.774925,0.0154,-0.0745,1.1526,0.0,EngineIQ_Sensor
2026-08-05T10:23:07.834290,0.0154,-0.0745,1.1526,0.0,EngineIQ_Sensor
2026-08-05T10:23:07.893538,0.0154,-0.0745,1.1526,0.0,EngineIQ_Sensor
2026-08-05T10:23:07.895807,0.0154,-0.0745,1.1526,0.0,EngineIQ_Sensor
2026-08-05T10:23:08.014327,0.0154,-0.0745,1.1526,0.0,EngineIQ_Sensor
2026-08-05T10:23:08.073690,0.0154,-0.0745,1.1526,0.0,EngineIQ_Sensor
2026-08-05T10:23:08.075590,0.0154,-0.0745,1.1526,0.0,EngineIQ_Sensor
2026-08-05T10:23:08.134913,0.0154,-0.0745,1.1526,0.0,EngineIQ_Sensor
2026-08-05T10:23:08.194243,0.0154,-0.0745,1.1526,0.0,EngineIQ_Sensor
2026-08-05T10:23:08.253717,0.0154,-0.0745,1.1526,0.0,EngineIQ_Sensor
2026-08-05T10:23:08.255775,0.0154,-0.0745,1.1526,0.0,EngineIQ_Sensor
2026-08-05T10:23:08.433713,0.0154,-0.0745,1.1526,0.0,EngineIQ_Sensor
2026-08-05T10:23:08.734799,0.0154,-0.0745,1.1526,0.0,EngineIQ_Sensor
2026-08-05T10:23:08.794297,0.0154,-0.0745,1.1526,0.0,EngineIQ_Sensor
2026-08-05T10:23:08.884482,0.0154,-0.0745,1.1526,0.0,EngineIQ_Sensor
2026-08-05T10:23:08.884907,0.0154,-0.0745,1.1526,0.0,EngineIQ_Sensor
2026-08-05T10:23:08.915030,0.0154,-0.0745,1.1526,0.0,EngineIQ_Sensor
2026-08-05T10:23:09.000264,0.0154,-0.0745,1.1526,0.0,EngineIQ_Sensor
2026-08-05T10:23:09.033702,0.0154,-0.0745,1.1526,0.0,EngineIQ_Sensor
2026-08-05T10:23:09.035640,0.0154,-0.0745,1.1526,0.0,EngineIQ_Sensor
2026-08-05T10:23:09.094693,0.0154,-0.0745,1.1526,0.0,EngineIQ_Sensor
2026-08-05T10:23:09.154291,0.0154,-0.0745,1.1526,0.0,EngineIQ_Sensor
2026-08-05T10:23:09.213806,0.0154,-0.0745,1.1526,0.0,EngineIQ_Sensor
2026-08-05T10:23:09.274757,0.0154,-0.0745,1.1526,0.0,EngineIQ_Sensor
2026-08-05T10:23:09.334312,0.0154,-0.0745,1.1526,0.0,EngineIQ_Sensor
2026-08-05T10:23:09.754941,0.0154,-0.0745,1.1526,0.0,EngineIQ_Sensor
2026-08-05T10:23:09.814331,0.0154,-0.0745,1.1526,0.0,EngineIQ_Sensor
2026-08-05T10:23:09.873655,0.0154,-0.0745,1.1526,0.0,EngineIQ_Sensor
2026-08-05T10:23:09.875478,0.0154,-0.0745,1.1526,0.0,EngineIQ_Sensor
2026-08-05T10:23:09.934939,0.0154,-0.0745,1.1526,0.0,EngineIQ_Sensor
2026-08-05T10:23:09.994384,0.0154,-0.0745,1.1526,0.0,EngineIQ_Sensor
2026-08-05T10:23:10.053502,0.0154,-0.0745,1.1526,0.0,EngineIQ_Sensor
2026-08-05T10:23:10.055301,0.0154,-0.0745,1.1526,0.0,EngineIQ_Sensor
2026-08-05T10:23:10.114934,0.0154,-0.0745,1.1526,0.0,EngineIQ_Sensor
2026-08-05T10:23:10.174315,0.0154,-0.0745,1.1526,0.0,EngineIQ_Sensor
2026-08-05T10:23:10.233559,0.0154,-0.0745,1.1526,0.0,EngineIQ_Sensor
2026-08-05T10:23:10.235512,0.0154,-0.0745,1.1526,0.0,EngineIQ_Sensor
2026-08-05T10:23:10.295312,0.0154,-0.0745,1.1526,0.0,EngineIQ_Sensor
2026-08-05T10:23:10.715315,0.0154,-0.0745,1.1526,0.0,EngineIQ_Sensor
2026-08-05T10:23:10.774808,0.0154,-0.0745,1.1526,0.0,EngineIQ_Sensor
2026-08-05T10:23:10.834117,0.0154,-0.0745,1.1526,0.0,EngineIQ_Sensor
2026-08-05T10:23:10.953552,0.0154,-0.0745,1.1526,0.0,EngineIQ_Sensor
2026-08-05T10:23:10.955718,0.0154,-0.0745,1.1526,0.0,EngineIQ_Sensor
2026-08-05T10:23:11.014942,0.0154,-0.0745,1.1526,0.0,EngineIQ_Sensor
2026-08-05T10:23:11.074193,0.0154,-0.0745,1.1526,0.0,EngineIQ_Sensor
2026-08-05T10:23:11.133528,0.0154,-0.0745,1.1526,0.0,EngineIQ_Sensor
2026-08-05T10:23:11.135404,0.0154,-0.0745,1.1526,0.0,EngineIQ_Sensor
2026-08-05T10:23:11.194944,0.0154,-0.0745,1.1526,0.0,EngineIQ_Sensor
2026-08-05T10:23:11.254226,0.0154,-0.0745,1.1526,0.0,EngineIQ_Sensor
2026-08-05T10:23:11.313632,0.0154,-0.0745,1.1526,0.0,EngineIQ_Sensor
2026-08-05T10:23:11.315735,0.0154,-0.0745,1.1526,0.0,EngineIQ_Sensor
2026-08-05T10:23:11.734923,0.0154,-0.0745,1.1526,0.0,EngineIQ_Sensor
2026-08-05T10:23:11.794390,0.0154,-0.0745,1.1526,0.0,EngineIQ_Sensor
2026-08-05T10:23:11.853606,0.0154,-0.0745,1.1526,0.0,EngineIQ_Sensor
2026-08-05T10:23:11.855446,0.0154,-0.0745,1.1526,0.0,EngineIQ_Sensor
2026-08-05T10:23:11.914926,0.0154,-0.0745,1.1526,0.0,EngineIQ_Sensor
2026-08-05T10:23:11.974142,0.0154,-0.0745,1.1526,0.0,EngineIQ_Sensor
2026-08-05T10:23:12.033471,0.0154,-0.0745,1.1526,0.0,EngineIQ_Sensor
2026-08-05T10:23:12.035431,0.0154,-0.0745,1.1526,0.0,EngineIQ_Sensor
2026-08-05T10:23:12.094927,0.0154,-0.0745,1.1526,0.0,EngineIQ_Sensor
2026-08-05T10:23:12.154050,0.0154,-0.0745,1.1526,0.0,EngineIQ_Sensor
2026-08-05T10:23:12.213553,0.0154,-0.0745,1.1526,0.0,EngineIQ_Sensor
2026-08-05T10:23:12.215438,0.0154,-0.0745,1.1526,0.0,EngineIQ_Sensor
2026-08-05T10:23:12.275050,0.0154,-0.0745,1.1526,0.0,EngineIQ_Sensor
2026-08-05T10:23:12.754937,0.0154,-0.0745,1.1526,0.0,EngineIQ_Sensor
2026-08-05T10:23:12.814151,0.0154,-0.0745,1.1526,0.0,EngineIQ_Sensor
2026-08-05T10:23:12.873527,0.0154,-0.0745,1.1526,0.0,EngineIQ_Sensor
2026-08-05T10:23:12.875713,0.0154,-0.0745,1.1526,0.0,EngineIQ_Sensor
2026-08-05T10:23:12.934918,0.0154,-0.0745,1.1526,0.0,EngineIQ_Sensor
2026-08-05T10:23:12.994121,0.0154,-0.0745,1.1526,0.0,EngineIQ_Sensor
2026-08-05T10:23:13.053668,0.0154,-0.0745,1.1526,0.0,EngineIQ_Sensor
2026-08-05T10:23:13.114914,0.0154,-0.0745,1.1526,0.0,EngineIQ_Sensor
2026-08-05T10:23:13.174024,0.0154,-0.0745,1.1526,0.0,EngineIQ_Sensor
2026-08-05T10:23:13.233556,0.0154,-0.0745,1.1526,0.0,EngineIQ_Sensor
2026-08-05T10:23:13.235455,0.0154,-0.0745,1.1526,0.0,EngineIQ_Sensor
2026-08-05T10:23:13.294912,0.0154,-0.0745,1.1526,0.0,EngineIQ_Sensor
2026-08-05T10:23:13.354222,0.0154,-0.0745,1.1526,0.0,EngineIQ_Sensor
2026-08-05T10:23:13.715003,0.0154,-0.0745,1.1526,0.0,EngineIQ_Sensor
2026-08-05T10:23:13.774839,0.0154,-0.0745,1.1526,0.0,EngineIQ_Sensor
2026-08-05T10:23:13.834020,0.0154,-0.0745,1.1526,0.0,EngineIQ_Sensor
2026-08-05T10:23:13.893532,0.0154,-0.0745,1.1526,0.0,EngineIQ_Sensor
2026-08-05T10:23:13.895742,0.0154,-0.0745,1.1526,0.0,EngineIQ_Sensor
2026-08-05T10:23:13.954921,0.0154,-0.0745,1.1526,0.0,EngineIQ_Sensor
2026-08-05T10:23:14.014102,0.0154,-0.0745,1.1526,0.0,EngineIQ_Sensor
2026-08-05T10:23:14.073507,0.0154,-0.0745,1.1526,0.0,EngineIQ_Sensor
2026-08-05T10:23:14.075404,0.0154,-0.0745,1.1526,0.0,EngineIQ_Sensor
2026-08-05T10:23:14.134946,0.0154,-0.0745,1.1526,0.0,EngineIQ_Sensor
2026-08-05T10:23:14.194100,0.0154,-0.0745,1.1526,0.0,EngineIQ_Sensor
2026-08-05T10:23:14.253558,0.0154,-0.0745,1.1526,0.0,EngineIQ_Sensor
2026-08-05T10:23:14.255518,0.0154,-0.0745,1.1526,0.0,EngineIQ_Sensor
2026-08-05T10:23:14.734916,0.0154,-0.0745,1.1526,0.0,EngineIQ_Sensor
2026-08-05T10:23:14.794036,0.0154,-0.0745,1.1526,0.0,EngineIQ_Sensor
2026-08-05T10:23:14.853505,0.0154,-0.0745,1.1526,0.0,EngineIQ_Sensor
2026-08-05T10:23:14.855419,0.0154,-0.0745,1.1526,0.0,EngineIQ_Sensor
2026-08-05T10:23:14.974914,0.0154,-0.0745,1.1526,0.0,EngineIQ_Sensor
2026-08-05T10:23:15.101849,0.0154,-0.0745,1.1526,0.0,EngineIQ_Sensor
2026-08-05T10:23:15.141446,0.0154,-0.0745,1.1526,0.0,EngineIQ_Sensor
2026-08-05T10:23:15.141778,0.0154,-0.0745,1.1526,0.0,EngineIQ_Sensor
2026-08-05T10:23:15.169431,0.0154,-0.0745,1.1526,0.0,EngineIQ_Sensor
2026-08-05T10:23:15.214138,0.0154,-0.0745,1.1526,0.0,EngineIQ_Sensor
2026-08-05T10:23:15.273452,0.0154,-0.0745,1.1526,0.0,EngineIQ_Sensor
2026-08-05T10:23:15.334849,0.0154,-0.0745,1.1526,0.0,EngineIQ_Sensor
2026-08-05T10:23:15.394237,0.0154,-0.0745,1.1526,0.0,EngineIQ_Sensor
2026-08-05T10:23:15.754603,0.0154,-0.0745,1.1526,0.0,EngineIQ_Sensor
2026-08-05T10:23:15.814122,0.0154,-0.0745,1.1526,0.0,EngineIQ_Sensor
2026-08-05T10:23:15.873562,0.0154,-0.0745,1.1526,0.0,EngineIQ_Sensor
2026-08-05T10:23:15.875402,0.0154,-0.0745,1.1526,0.0,EngineIQ_Sensor
2026-08-05T10:23:15.934653,0.0154,-0.0745,1.1526,0.0,EngineIQ_Sensor
2026-08-05T10:23:15.994079,0.0154,-0.0745,1.1526,0.0,EngineIQ_Sensor
2026-08-05T10:23:16.053521,0.0154,-0.0745,1.1526,0.0,EngineIQ_Sensor
2026-08-05T10:23:16.055450,0.0154,-0.0745,1.1526,0.0,EngineIQ_Sensor
2026-08-05T10:23:16.114829,0.0154,-0.0745,1.1526,0.0,EngineIQ_Sensor
2026-08-05T10:23:16.174135,0.0154,-0.0745,1.1526,0.0,EngineIQ_Sensor
2026-08-05T10:23:16.233541,0.0154,-0.0745,1.1526,0.0,EngineIQ_Sensor
2026-08-05T10:23:16.235377,0.0154,-0.0745,1.1526,0.0,EngineIQ_Sensor
2026-08-05T10:23:16.294783,0.0154,-0.0745,1.1526,0.0,EngineIQ_Sensor
2026-08-05T10:23:16.715101,0.0154,-0.0745,1.1526,0.0,EngineIQ_Sensor
2026-08-05T10:23:16.774685,0.0154,-0.0745,1.1526,0.0,EngineIQ_Sensor
2026-08-05T10:23:16.894068,0.0154,-0.0745,1.1526,0.0,EngineIQ_Sensor
2026-08-05T10:23:16.953584,0.0154,-0.0745,1.1526,0.0,EngineIQ_Sensor
2026-08-05T10:23:16.955743,0.0154,-0.0745,1.1526,0.0,EngineIQ_Sensor
2026-08-05T10:23:17.014776,0.0154,-0.0745,1.1526,0.0,EngineIQ_Sensor
2026-08-05T10:23:17.133502,0.0154,-0.0745,1.1526,0.0,EngineIQ_Sensor
2026-08-05T10:23:17.135263,0.0154,-0.0745,1.1526,0.0,EngineIQ_Sensor
2026-08-05T10:23:17.194786,0.0154,-0.0745,1.1526,0.0,EngineIQ_Sensor
2026-08-05T10:23:17.254094,0.0154,-0.0745,1.1526,0.0,EngineIQ_Sensor
2026-08-05T10:23:17.313500,0.0154,-0.0745,1.1526,0.0,EngineIQ_Sensor
2026-08-05T10:23:17.315489,0.0154,-0.0745,1.1526,0.0,EngineIQ_Sensor
2026-08-05T10:23:17.374837,0.0154,-0.0745,1.1526,0.0,EngineIQ_Sensor
2026-08-05T10:23:17.734768,0.0154,-0.0745,1.1526,0.0,EngineIQ_Sensor
2026-08-05T10:23:17.794128,0.0154,-0.0745,1.1526,0.0,EngineIQ_Sensor
2026-08-05T10:23:17.853522,0.0154,-0.0745,1.1526,0.0,EngineIQ_Sensor
2026-08-05T10:23:17.855267,0.0154,-0.0745,1.1526,0.0,EngineIQ_Sensor
2026-08-05T10:23:17.914827,0.0154,-0.0745,1.1526,0.0,EngineIQ_Sensor
2026-08-05T10:23:17.974091,0.0154,-0.0745,1.1526,0.0,EngineIQ_Sensor
2026-08-05T10:23:18.033486,0.0154,-0.0745,1.1526,0.0,EngineIQ_Sensor
2026-08-05T10:23:18.035289,0.0154,-0.0745,1.1526,0.0,EngineIQ_Sensor
2026-08-05T10:23:18.094785,0.0154,-0.0745,1.1526,0.0,EngineIQ_Sensor
2026-08-05T10:23:18.154131,0.0154,-0.0745,1.1526,0.0,EngineIQ_Sensor
2026-08-05T10:23:18.213647,0.0154,-0.0745,1.1526,0.0,EngineIQ_Sensor
2026-08-05T10:23:18.215345,0.0154,-0.0745,1.1526,0.0,EngineIQ_Sensor
2026-08-05T10:23:18.274665,0.0154,-0.0745,1.1526,0.0,EngineIQ_Sensor
2026-08-05T10:23:18.754758,0.0154,-0.0745,1.1526,0.0,EngineIQ_Sensor
2026-08-05T10:23:18.814127,0.0154,-0.0745,1.1526,0.0,EngineIQ_Sensor
2026-08-05T10:23:18.873569,0.0154,-0.0745,1.1526,0.0,EngineIQ_Sensor
2026-08-05T10:23:18.875251,0.0154,-0.0745,1.1526,0.0,EngineIQ_Sensor
2026-08-05T10:23:18.934839,0.0154,-0.0745,1.1526,0.0,EngineIQ_Sensor
2026-08-05T10:23:18.994031,0.0154,-0.0745,1.1526,0.0,EngineIQ_Sensor
2026-08-05T10:23:19.053511,0.0154,-0.0745,1.1526,0.0,EngineIQ_Sensor
2026-08-05T10:23:19.055230,0.0154,-0.0745,1.1526,0.0,EngineIQ_Sensor
2026-08-05T10:23:19.114740,0.0154,-0.0745,1.1526,0.0,EngineIQ_Sensor
2026-08-05T10:23:19.174009,0.0154,-0.0745,1.1526,0.0,EngineIQ_Sensor
2026-08-05T10:23:19.293573,0.0154,-0.0745,1.1526,0.0,EngineIQ_Sensor
2026-08-05T10:23:19.295542,0.0154,-0.0745,1.1526,0.0,EngineIQ_Sensor
2026-08-05T10:23:19.354926,0.0154,-0.0745,1.1526,0.0,EngineIQ_Sensor
2026-08-05T10:23:19.714869,0.0154,-0.0745,1.1526,0.0,EngineIQ_Sensor
2026-08-05T10:23:19.774592,0.0154,-0.0745,1.1526,0.0,EngineIQ_Sensor
2026-08-05T10:23:19.833935,0.0154,-0.0745,1.1526,0.0,EngineIQ_Sensor
2026-08-05T10:23:19.893494,0.0154,-0.0745,1.1526,0.0,EngineIQ_Sensor
2026-08-05T10:23:19.895570,0.0154,-0.0745,1.1526,0.0,EngineIQ_Sensor
2026-08-05T10:23:19.954731,0.0154,-0.0745,1.1526,0.0,EngineIQ_Sensor
2026-08-05T10:23:20.014047,0.0154,-0.0745,1.1526,0.0,EngineIQ_Sensor
2026-08-05T10:23:20.073430,0.0154,-0.0745,1.1526,0.0,EngineIQ_Sensor
2026-08-05T10:23:20.075208,0.0154,-0.0745,1.1526,0.0,EngineIQ_Sensor
2026-08-05T10:23:20.134611,0.0154,-0.0745,1.1526,0.0,EngineIQ_Sensor
2026-08-05T10:23:20.193864,0.0154,-0.0745,1.1526,0.0,EngineIQ_Sensor
2026-08-05T10:23:20.253367,0.0154,-0.0745,1.1526,0.0,EngineIQ_Sensor
2026-08-05T10:23:20.255251,0.0154,-0.0745,1.1526,0.0,EngineIQ_Sensor
2026-08-05T10:23:20.734896,0.0154,-0.0745,1.1526,0.0,EngineIQ_Sensor
2026-08-05T10:23:20.793939,0.0154,-0.0745,1.1526,0.0,EngineIQ_Sensor
2026-08-05T10:23:20.853215,0.0154,-0.0745,1.1526,0.0,EngineIQ_Sensor
2026-08-05T10:23:20.855260,0.0154,-0.0745,1.1526,0.0,EngineIQ_Sensor
2026-08-05T10:23:20.915486,0.0154,-0.0745,1.1526,0.0,EngineIQ_Sensor
2026-08-05T10:23:20.974795,0.0154,-0.0745,1.1526,0.0,EngineIQ_Sensor
2026-08-05T10:23:21.033840,0.0154,-0.0745,1.1526,0.0,EngineIQ_Sensor
2026-08-05T10:23:21.093351,0.0154,-0.0745,1.1526,0.0,EngineIQ_Sensor
2026-08-05T10:23:21.154808,0.0154,-0.0745,1.1526,0.0,EngineIQ_Sensor
2026-08-05T10:23:21.213944,0.0154,-0.0745,1.1526,0.0,EngineIQ_Sensor
2026-08-05T10:23:21.273392,0.0154,-0.0745,1.1526,0.0,EngineIQ_Sensor
2026-08-05T10:23:21.275214,0.0154,-0.0745,1.1526,0.0,EngineIQ_Sensor
2026-08-05T10:23:21.334763,0.0154,-0.0745,1.1526,0.0,EngineIQ_Sensor
2026-08-05T10:23:21.754734,0.0154,-0.0745,1.1526,0.0,EngineIQ_Sensor
2026-08-05T10:23:21.814017,0.0154,-0.0745,1.1526,0.0,EngineIQ_Sensor
2026-08-05T10:23:21.873420,0.0154,-0.0745,1.1526,0.0,EngineIQ_Sensor
2026-08-05T10:23:21.875313,0.0154,-0.0745,1.1526,0.0,EngineIQ_Sensor
2026-08-05T10:23:21.963801,0.0154,-0.0745,1.1526,0.0,EngineIQ_Sensor
2026-08-05T10:23:21.998633,0.0154,-0.0745,1.1526,0.0,EngineIQ_Sensor
2026-08-05T10:23:22.092372,0.0154,-0.0745,1.1526,0.0,EngineIQ_Sensor
2026-08-05T10:23:22.092691,0.0154,-0.0745,1.1526,0.0,EngineIQ_Sensor
2026-08-05T10:23:22.135033,0.0154,-0.0745,1.1526,0.0,EngineIQ_Sensor
2026-08-05T10:23:22.176709,0.0154,-0.0745,1.1526,0.0,EngineIQ_Sensor
2026-08-05T10:23:22.233214,0.0154,-0.0745,1.1526,0.0,EngineIQ_Sensor
2026-08-05T10:23:22.235156,0.0154,-0.0745,1.1526,0.0,EngineIQ_Sensor
2026-08-05T10:23:22.294848,0.0154,-0.0745,1.1526,0.0,EngineIQ_Sensor
2026-08-05T10:23:22.714931,0.0154,-0.0745,1.1526,0.0,EngineIQ_Sensor
2026-08-05T10:23:22.774719,0.0154,-0.0745,1.1526,0.0,EngineIQ_Sensor
2026-08-05T10:23:22.893469,0.0154,-0.0745,1.1526,0.0,EngineIQ_Sensor
2026-08-05T10:23:22.895350,0.0154,-0.0745,1.1526,0.0,EngineIQ_Sensor
2026-08-05T10:23:22.954839,0.0154,-0.0745,1.1526,0.0,EngineIQ_Sensor
2026-08-05T10:23:23.014051,0.0154,-0.0745,1.1526,0.0,EngineIQ_Sensor
2026-08-05T10:23:23.073562,0.0154,-0.0745,1.1526,0.0,EngineIQ_Sensor
2026-08-05T10:23:23.075446,0.0154,-0.0745,1.1526,0.0,EngineIQ_Sensor
2026-08-05T10:23:23.194695,0.0154,-0.0745,1.1526,0.0,EngineIQ_Sensor
2026-08-05T10:23:23.254007,0.0154,-0.0745,1.1526,0.0,EngineIQ_Sensor
2026-08-05T10:23:23.373398,0.0154,-0.0745,1.1526,0.0,EngineIQ_Sensor
2026-08-05T10:23:23.375289,0.0154,-0.0745,1.1526,0.0,EngineIQ_Sensor
2026-08-05T10:23:23.434737,0.0154,-0.0745,1.1526,0.0,EngineIQ_Sensor
2026-08-05T10:23:23.734634,0.0154,-0.0745,1.1526,0.0,EngineIQ_Sensor
2026-08-05T10:23:23.794025,0.0154,-0.0745,1.1526,0.0,EngineIQ_Sensor
2026-08-05T10:23:23.913385,0.0154,-0.0745,1.1526,0.0,EngineIQ_Sensor
2026-08-05T10:23:23.915205,0.0154,-0.0745,1.1526,0.0,EngineIQ_Sensor
2026-08-05T10:23:23.974436,0.0154,-0.0745,1.1526,0.0,EngineIQ_Sensor
2026-08-05T10:23:24.033902,0.0154,-0.0745,1.1526,0.0,EngineIQ_Sensor
2026-08-05T10:23:24.093366,0.0154,-0.0745,1.1526,0.0,EngineIQ_Sensor
2026-08-05T10:23:24.095232,0.0154,-0.0745,1.1526,0.0,EngineIQ_Sensor
2026-08-05T10:23:24.154597,0.0154,-0.0745,1.1526,0.0,EngineIQ_Sensor
2026-08-05T10:23:24.273330,0.0154,-0.0745,1.1526,0.0,EngineIQ_Sensor
2026-08-05T10:23:24.275214,0.0154,-0.0745,1.1526,0.0,EngineIQ_Sensor
2026-08-05T10:23:24.334588,0.0154,-0.0745,1.1526,0.0,EngineIQ_Sensor
2026-08-05T10:23:24.394103,0.0154,-0.0745,1.1526,0.0,EngineIQ_Sensor
2026-08-05T10:23:24.754666,0.0154,-0.0745,1.1526,0.0,EngineIQ_Sensor
2026-08-05T10:23:24.814308,0.0154,-0.0745,1.1526,0.0,EngineIQ_Sensor
2026-08-05T10:23:24.873228,0.0154,-0.0745,1.1526,0.0,EngineIQ_Sensor
2026-08-05T10:23:24.875291,0.0154,-0.0745,1.1526,0.0,EngineIQ_Sensor
2026-08-05T10:23:24.934671,0.0154,-0.0745,1.1526,0.0,EngineIQ_Sensor
2026-08-05T10:23:25.054203,0.0154,-0.0745,1.1526,0.0,EngineIQ_Sensor
2026-08-05T10:23:25.113340,0.0154,-0.0745,1.1526,0.0,EngineIQ_Sensor
2026-08-05T10:23:25.115423,0.0154,-0.0745,1.1526,0.0,EngineIQ_Sensor
2026-08-05T10:23:25.174603,0.0154,-0.0745,1.1526,0.0,EngineIQ_Sensor
2026-08-05T10:23:25.233917,0.0154,-0.0745,1.1526,0.0,EngineIQ_Sensor
2026-08-05T10:23:25.293343,0.0154,-0.0745,1.1526,0.0,EngineIQ_Sensor
2026-08-05T10:23:25.295398,0.0154,-0.0745,1.1526,0.0,EngineIQ_Sensor
2026-08-05T10:23:25.415036,0.0154,-0.0745,1.1526,0.0,EngineIQ_Sensor
2026-08-05T10:23:25.714705,0.0154,-0.0745,1.1526,0.0,EngineIQ_Sensor
2026-08-05T10:23:25.774716,0.0154,-0.0745,1.1526,0.0,EngineIQ_Sensor
2026-08-05T10:23:25.834010,0.0154,-0.0745,1.1526,0.0,EngineIQ_Sensor
2026-08-05T10:23:25.953228,0.0154,-0.0745,1.1526,0.0,EngineIQ_Sensor
2026-08-05T10:23:25.955330,0.0154,-0.0745,1.1526,0.0,EngineIQ_Sensor
2026-08-05T10:23:26.014608,0.0154,-0.0745,1.1526,0.0,EngineIQ_Sensor
2026-08-05T10:23:26.073806,0.0154,-0.0745,1.1526,0.0,EngineIQ_Sensor
2026-08-05T10:23:26.133921,0.0154,-0.0745,1.1526,0.0,EngineIQ_Sensor
2026-08-05T10:23:26.193176,0.0154,-0.0745,1.1526,0.0,EngineIQ_Sensor
2026-08-05T10:23:26.195212,0.0154,-0.0745,1.1526,0.0,EngineIQ_Sensor
2026-08-05T10:23:26.314592,0.0154,-0.0745,1.1526,0.0,EngineIQ_Sensor
2026-08-05T10:23:26.374021,0.0154,-0.0745,1.1526,0.0,EngineIQ_Sensor
2026-08-05T10:23:26.434680,0.0154,-0.0745,1.1526,0.0,EngineIQ_Sensor
2026-08-05T10:23:26.734583,0.0154,-0.0745,1.1526,0.0,EngineIQ_Sensor
2026-08-05T10:23:26.793783,0.0154,-0.0745,1.1526,0.0,EngineIQ_Sensor
2026-08-05T10:23:26.853240,0.0154,-0.0745,1.1526,0.0,EngineIQ_Sensor
2026-08-05T10:23:26.855311,0.0154,-0.0745,1.1526,0.0,EngineIQ_Sensor
2026-08-05T10:23:26.914622,0.0154,-0.0745,1.1526,0.0,EngineIQ_Sensor
2026-08-05T10:23:26.973879,0.0154,-0.0745,1.1526,0.0,EngineIQ_Sensor
2026-08-05T10:23:27.033073,0.0154,-0.0745,1.1526,0.0,EngineIQ_Sensor
2026-08-05T10:23:27.035645,0.0154,-0.0745,1.1526,0.0,EngineIQ_Sensor
2026-08-05T10:23:27.094803,0.0154,-0.0745,1.1526,0.0,EngineIQ_Sensor
2026-08-05T10:23:27.154376,0.0154,-0.0745,1.1526,0.0,EngineIQ_Sensor
2026-08-05T10:23:27.213720,0.0154,-0.0745,1.1526,0.0,EngineIQ_Sensor
2026-08-05T10:23:27.273156,0.0154,-0.0745,1.1526,0.0,EngineIQ_Sensor
2026-08-05T10:23:27.275224,0.0154,-0.0745,1.1526,0.0,EngineIQ_Sensor
2026-08-05T10:23:27.754645,0.0154,-0.0745,1.1526,0.0,EngineIQ_Sensor
2026-08-05T10:23:27.813756,0.0154,-0.0745,1.1526,0.0,EngineIQ_Sensor
2026-08-05T10:23:27.873146,0.0154,-0.0745,1.1526,0.0,EngineIQ_Sensor
2026-08-05T10:23:27.875271,0.0154,-0.0745,1.1526,0.0,EngineIQ_Sensor
2026-08-05T10:23:27.998915,0.0154,-0.0745,1.1526,0.0,EngineIQ_Sensor
2026-08-05T10:23:28.058321,0.0154,-0.0745,1.1526,0.0,EngineIQ_Sensor
2026-08-05T10:23:28.073052,0.0154,-0.0745,1.1526,0.0,EngineIQ_Sensor
2026-08-05T10:23:28.114683,0.0154,-0.0745,1.1526,0.0,EngineIQ_Sensor
2026-08-05T10:23:28.173611,0.0154,-0.0745,1.1526,0.0,EngineIQ_Sensor
2026-08-05T10:23:28.233196,0.0154,-0.0745,1.1526,0.0,EngineIQ_Sensor
2026-08-05T10:23:28.235297,0.0154,-0.0745,1.1526,0.0,EngineIQ_Sensor
2026-08-05T10:23:28.294574,0.0154,-0.0745,1.1526,0.0,EngineIQ_Sensor
2026-08-05T10:23:28.354288,0.0154,-0.0745,1.1526,0.0,EngineIQ_Sensor
2026-08-05T10:23:28.714733,0.0154,-0.0745,1.1526,0.0,EngineIQ_Sensor
2026-08-05T10:23:28.774564,0.0154,-0.0745,1.1526,0.0,EngineIQ_Sensor
2026-08-05T10:23:28.893741,0.0154,-0.0745,1.1526,0.0,EngineIQ_Sensor
2026-08-05T10:23:28.953158,0.0154,-0.0745,1.1526,0.0,EngineIQ_Sensor
2026-08-05T10:23:28.955170,0.0154,-0.0745,1.1526,0.0,EngineIQ_Sensor
2026-08-05T10:23:29.014528,0.0154,-0.0745,1.1526,0.0,EngineIQ_Sensor
2026-08-05T10:23:29.073619,0.0154,-0.0745,1.1526,0.0,EngineIQ_Sensor
2026-08-05T10:23:29.133157,0.0154,-0.0745,1.1526,0.0,EngineIQ_Sensor
2026-08-05T10:23:29.135368,0.0154,-0.0745,1.1526,0.0,EngineIQ_Sensor
2026-08-05T10:23:29.194818,0.0154,-0.0745,1.1526,0.0,EngineIQ_Sensor
2026-08-05T10:23:29.254699,0.0154,-0.0745,1.1526,0.0,EngineIQ_Sensor
2026-08-05T10:23:29.313012,0.0154,-0.0745,1.1526,0.0,EngineIQ_Sensor
2026-08-05T10:23:29.315998,0.0154,-0.0745,1.1526,0.0,EngineIQ_Sensor
2026-08-05T10:23:29.734986,0.0154,-0.0745,1.1526,0.0,EngineIQ_Sensor
2026-08-05T10:23:29.793700,0.0154,-0.0745,1.1526,0.0,EngineIQ_Sensor
2026-08-05T10:23:29.853300,0.0154,-0.0745,1.1526,0.0,EngineIQ_Sensor
2026-08-05T10:23:29.855209,0.0154,-0.0745,1.1526,0.0,EngineIQ_Sensor
2026-08-05T10:23:29.914527,0.0154,-0.0745,1.1526,0.0,EngineIQ_Sensor
2026-08-05T10:23:29.973698,0.0154,-0.0745,1.1526,0.0,EngineIQ_Sensor
2026-08-05T10:23:30.033270,0.0154,-0.0745,1.1526,0.0,EngineIQ_Sensor
2026-08-05T10:23:30.035281,0.0154,-0.0745,1.1526,0.0,EngineIQ_Sensor
2026-08-05T10:23:30.213186,0.0154,-0.0745,1.1526,0.0,EngineIQ_Sensor
2026-08-05T10:23:30.215155,0.0154,-0.0745,1.1526,0.0,EngineIQ_Sensor
2026-08-05T10:23:30.274520,0.0154,-0.0745,1.1526,0.0,EngineIQ_Sensor
2026-08-05T10:23:30.333701,0.0154,-0.0745,1.1526,0.0,EngineIQ_Sensor
2026-08-05T10:23:30.393353,0.0154,-0.0745,1.1526,0.0,EngineIQ_Sensor
2026-08-05T10:23:30.754367,0.0154,-0.0745,1.1526,0.0,EngineIQ_Sensor
2026-08-05T10:23:30.873114,0.0154,-0.0745,1.1526,0.0,EngineIQ_Sensor
2026-08-05T10:23:30.875099,0.0154,-0.0745,1.1526,0.0,EngineIQ_Sensor
2026-08-05T10:23:30.934661,0.0154,-0.0745,1.1526,0.0,EngineIQ_Sensor
2026-08-05T10:23:30.993732,0.0154,-0.0745,1.1526,0.0,EngineIQ_Sensor
2026-08-05T10:23:31.053251,0.0154,-0.0745,1.1526,0.0,EngineIQ_Sensor
2026-08-05T10:23:31.055195,0.0154,-0.0745,1.1526,0.0,EngineIQ_Sensor
2026-08-05T10:23:31.114481,0.0154,-0.0745,1.1526,0.0,EngineIQ_Sensor
2026-08-05T10:23:31.173857,0.0154,-0.0745,1.1526,0.0,EngineIQ_Sensor
2026-08-05T10:23:31.233253,0.0154,-0.0745,1.1526,0.0,EngineIQ_Sensor
2026-08-05T10:23:31.235116,0.0154,-0.0745,1.1526,0.0,EngineIQ_Sensor
2026-08-05T10:23:31.294417,0.0154,-0.0745,1.1526,0.0,EngineIQ_Sensor
2026-08-05T10:23:31.354011,0.0154,-0.0745,1.1526,0.0,EngineIQ_Sensor
2026-08-05T10:23:31.714531,0.0154,-0.0745,1.1526,0.0,EngineIQ_Sensor
2026-08-05T10:23:31.774466,0.0154,-0.0745,1.1526,0.0,EngineIQ_Sensor
2026-08-05T10:23:31.833846,0.0154,-0.0745,1.1526,0.0,EngineIQ_Sensor
2026-08-05T10:23:31.893249,0.0154,-0.0745,1.1526,0.0,EngineIQ_Sensor
2026-08-05T10:23:31.895134,0.0154,-0.0745,1.1526,0.0,EngineIQ_Sensor
2026-08-05T10:23:31.954521,0.0154,-0.0745,1.1526,0.0,EngineIQ_Sensor
2026-08-05T10:23:32.013837,0.0154,-0.0745,1.1526,0.0,EngineIQ_Sensor
2026-08-05T10:23:32.073197,0.0154,-0.0745,1.1526,0.0,EngineIQ_Sensor
2026-08-05T10:23:32.075132,0.0154,-0.0745,1.1526,0.0,EngineIQ_Sensor
2026-08-05T10:23:32.134477,0.0154,-0.0745,1.1526,0.0,EngineIQ_Sensor
2026-08-05T10:23:32.193834,0.0154,-0.0745,1.1526,0.0,EngineIQ_Sensor
2026-08-05T10:23:32.254306,0.0154,-0.0745,1.1526,0.0,EngineIQ_Sensor
2026-08-05T10:23:32.313870,0.0154,-0.0745,1.1526,0.0,EngineIQ_Sensor
2026-08-05T10:23:32.734269,0.0154,-0.0745,1.1526,0.0,EngineIQ_Sensor
2026-08-05T10:23:32.853790,0.0154,-0.0745,1.1526,0.0,EngineIQ_Sensor
2026-08-05T10:23:32.913250,0.0154,-0.0745,1.1526,0.0,EngineIQ_Sensor
2026-08-05T10:23:32.914966,0.0154,-0.0745,1.1526,0.0,EngineIQ_Sensor
2026-08-05T10:23:32.974418,0.0154,-0.0745,1.1526,0.0,EngineIQ_Sensor
2026-08-05T10:23:33.093231,0.0154,-0.0745,1.1526,0.0,EngineIQ_Sensor
2026-08-05T10:23:33.095105,0.0154,-0.0745,1.1526,0.0,EngineIQ_Sensor
2026-08-05T10:23:33.154198,0.0154,-0.0745,1.1526,0.0,EngineIQ_Sensor
2026-08-05T10:23:33.213712,0.0154,-0.0745,1.1526,0.0,EngineIQ_Sensor
2026-08-05T10:23:33.273144,0.0154,-0.0745,1.1526,0.0,EngineIQ_Sensor
2026-08-05T10:23:33.275204,0.0154,-0.0745,1.1526,0.0,EngineIQ_Sensor
2026-08-05T10:23:33.334350,0.0154,-0.0745,1.1526,0.0,EngineIQ_Sensor
2026-08-05T10:23:33.393725,0.0154,-0.0745,1.1526,0.0,EngineIQ_Sensor
2026-08-05T10:23:33.754291,0.0154,-0.0745,1.1526,0.0,EngineIQ_Sensor
2026-08-05T10:23:33.813540,0.0154,-0.0745,1.1526,0.0,EngineIQ_Sensor
2026-08-05T10:23:33.873309,0.0154,-0.0745,1.1526,0.0,EngineIQ_Sensor
2026-08-05T10:23:33.934464,0.0154,-0.0745,1.1526,0.0,EngineIQ_Sensor
2026-08-05T10:23:33.993753,0.0154,-0.0745,1.1526,0.0,EngineIQ_Sensor
2026-08-05T10:23:34.053077,0.0154,-0.0745,1.1526,0.0,EngineIQ_Sensor
2026-08-05T10:23:34.054896,0.0154,-0.0745,1.1526,0.0,EngineIQ_Sensor
2026-08-05T10:23:34.114484,0.0154,-0.0745,1.1526,0.0,EngineIQ_Sensor
2026-08-05T10:23:34.173791,0.0154,-0.0745,1.1526,0.0,EngineIQ_Sensor
2026-08-05T10:23:34.232994,0.0154,-0.0745,1.1526,0.0,EngineIQ_Sensor
2026-08-05T10:23:34.234840,0.0154,-0.0745,1.1526,0.0,EngineIQ_Sensor
2026-08-05T10:23:34.294439,0.0154,-0.0745,1.1526,0.0,EngineIQ_Sensor
2026-08-05T10:23:34.353988,0.0154,-0.0745,1.1526,0.0,EngineIQ_Sensor
2026-08-05T10:23:34.714531,0.0154,-0.0745,1.1526,0.0,EngineIQ_Sensor
2026-08-05T10:23:34.774333,0.0154,-0.0745,1.1526,0.0,EngineIQ_Sensor
2026-08-05T10:23:34.833850,0.0154,-0.0745,1.1526,0.0,EngineIQ_Sensor
2026-08-05T10:23:34.893085,0.0154,-0.0745,1.1526,0.0,EngineIQ_Sensor
2026-08-05T10:23:34.894862,0.0154,-0.0745,1.1526,0.0,EngineIQ_Sensor
2026-08-05T10:23:34.954349,0.0154,-0.0745,1.1526,0.0,EngineIQ_Sensor
2026-08-05T10:23:35.013618,0.0154,-0.0745,1.1526,0.0,EngineIQ_Sensor
2026-08-05T10:23:35.072896,0.0154,-0.0745,1.1526,0.0,EngineIQ_Sensor
2026-08-05T10:23:35.074837,0.0154,-0.0745,1.1526,0.0,EngineIQ_Sensor
2026-08-05T10:23:35.134382,0.0154,-0.0745,1.1526,0.0,EngineIQ_Sensor
2026-08-05T10:23:35.193482,0.0154,-0.0745,1.1526,0.0,EngineIQ_Sensor
2026-08-05T10:23:35.252901,0.0154,-0.0745,1.1526,0.0,EngineIQ_Sensor
2026-08-05T10:23:35.254905,0.0154,-0.0745,1.1526,0.0,EngineIQ_Sensor
2026-08-05T10:23:35.734341,0.0154,-0.0745,1.1526,0.0,EngineIQ_Sensor
2026-08-05T10:23:35.793612,0.0154,-0.0745,1.1526,0.0,EngineIQ_Sensor
2026-08-05T10:23:35.853002,0.0154,-0.0745,1.1526,0.0,EngineIQ_Sensor
2026-08-05T10:23:35.854868,0.0154,-0.0745,1.1526,0.0,EngineIQ_Sensor
2026-08-05T10:23:35.914417,0.0154,-0.0745,1.1526,0.0,EngineIQ_Sensor
2026-08-05T10:23:35.973584,0.0154,-0.0745,1.1526,0.0,EngineIQ_Sensor
2026-08-05T10:23:36.032983,0.0154,-0.0745,1.1526,0.0,EngineIQ_Sensor
2026-08-05T10:23:36.034909,0.0154,-0.0745,1.1526,0.0,EngineIQ_Sensor
2026-08-05T10:23:36.094470,0.0154,-0.0745,1.1526,0.0,EngineIQ_Sensor
2026-08-05T10:23:36.153563,0.0154,-0.0745,1.1526,0.0,EngineIQ_Sensor
2026-08-05T10:23:36.214286,0.0154,-0.0745,1.1526,0.0,EngineIQ_Sensor
2026-08-05T10:23:36.273709,0.0154,-0.0745,1.1526,0.0,EngineIQ_Sensor
2026-08-05T10:23:36.334480,0.0154,-0.0745,1.1526,0.0,EngineIQ_Sensor
2026-08-05T10:23:36.754378,0.0154,-0.0745,1.1526,0.0,EngineIQ_Sensor
2026-08-05T10:23:36.835694,0.0154,-0.0745,1.1526,0.0,EngineIQ_Sensor
2026-08-05T10:23:36.885174,0.0154,-0.0745,1.1526,0.0,EngineIQ_Sensor
2026-08-05T10:23:36.907455,0.0154,-0.0745,1.1526,0.0,EngineIQ_Sensor
2026-08-05T10:23:36.946993,0.0154,-0.0745,1.1526,0.0,EngineIQ_Sensor
2026-08-05T10:23:36.993484,0.0154,-0.0745,1.1526,0.0,EngineIQ_Sensor
2026-08-05T10:23:37.052782,0.0154,-0.0745,1.1526,0.0,EngineIQ_Sensor
2026-08-05T10:23:37.054650,0.0154,-0.0745,1.1526,0.0,EngineIQ_Sensor
2026-08-05T10:23:37.114377,0.0154,-0.0745,1.1526,0.0,EngineIQ_Sensor
2026-08-05T10:23:37.173616,0.0154,-0.0745,1.1526,0.0,EngineIQ_Sensor
2026-08-05T10:23:37.233065,0.0154,-0.0745,1.1526,0.0,EngineIQ_Sensor
2026-08-05T10:23:37.234968,0.0154,-0.0745,1.1526,0.0,EngineIQ_Sensor
2026-08-05T10:23:37.294544,0.0154,-0.0745,1.1526,0.0,EngineIQ_Sensor
2026-08-05T10:23:37.774359,0.0154,-0.0745,1.1526,0.0,EngineIQ_Sensor
2026-08-05T10:23:37.833571,0.0154,-0.0745,1.1526,0.0,EngineIQ_Sensor
2026-08-05T10:23:37.892964,0.0154,-0.0745,1.1526,0.0,EngineIQ_Sensor
2026-08-05T10:23:37.894944,0.0154,-0.0745,1.1526,0.0,EngineIQ_Sensor
2026-08-05T10:23:37.954513,0.0154,-0.0745,1.1526,0.0,EngineIQ_Sensor
2026-08-05T10:23:38.013712,0.0154,-0.0745,1.1526,0.0,EngineIQ_Sensor
2026-08-05T10:23:38.073077,0.0154,-0.0745,1.1526,0.0,EngineIQ_Sensor
2026-08-05T10:23:38.075003,0.0154,-0.0745,1.1526,0.0,EngineIQ_Sensor
2026-08-05T10:23:38.134422,0.0154,-0.0745,1.1526,0.0,EngineIQ_Sensor
2026-08-05T10:23:38.253932,0.0154,-0.0745,1.1526,0.0,EngineIQ_Sensor
2026-08-05T10:23:38.312965,0.0154,-0.0745,1.1526,0.0,EngineIQ_Sensor
2026-08-05T10:23:38.314898,0.0154,-0.0745,1.1526,0.0,EngineIQ_Sensor
2026-08-05T10:23:38.374453,0.0154,-0.0745,1.1526,0.0,EngineIQ_Sensor
2026-08-05T10:23:38.734351,0.0154,-0.0745,1.1526,0.0,EngineIQ_Sensor
2026-08-05T10:23:38.793591,0.0154,-0.0745,1.1526,0.0,EngineIQ_Sensor
2026-08-05T10:23:38.852925,0.0154,-0.0745,1.1526,0.0,EngineIQ_Sensor
2026-08-05T10:23:38.914455,0.0154,-0.0745,1.1526,0.0,EngineIQ_Sensor
2026-08-05T10:23:38.973464,0.0154,-0.0745,1.1526,0.0,EngineIQ_Sensor
2026-08-05T10:23:39.033026,0.0154,-0.0745,1.1526,0.0,EngineIQ_Sensor
2026-08-05T10:23:39.035155,0.0154,-0.0745,1.1526,0.0,EngineIQ_Sensor
2026-08-05T10:23:39.094370,0.0154,-0.0745,1.1526,0.0,EngineIQ_Sensor
2026-08-05T10:23:39.153649,0.0154,-0.0745,1.1526,0.0,EngineIQ_Sensor
2026-08-05T10:23:39.214228,0.0154,-0.0745,1.1526,0.0,EngineIQ_Sensor
2026-08-05T10:23:39.273585,0.0154,-0.0745,1.1526,0.0,EngineIQ_Sensor
2026-08-05T10:23:39.335340,0.0154,-0.0745,1.1526,0.0,EngineIQ_Sensor
2026-08-05T10:23:39.335655,0.0154,-0.0745,1.1526,0.0,EngineIQ_Sensor
2026-08-05T10:23:39.754213,0.0154,-0.0745,1.1526,0.0,EngineIQ_Sensor
2026-08-05T10:23:39.813635,0.0154,-0.0745,1.1526,0.0,EngineIQ_Sensor
2026-08-05T10:23:39.873028,0.0154,-0.0745,1.1526,0.0,EngineIQ_Sensor
2026-08-05T10:23:39.875001,0.0154,-0.0745,1.1526,0.0,EngineIQ_Sensor
2026-08-05T10:23:39.934338,0.0154,-0.0745,1.1526,0.0,EngineIQ_Sensor
2026-08-05T10:23:39.993664,0.0154,-0.0745,1.1526,0.0,EngineIQ_Sensor
2026-08-05T10:23:40.053049,0.0154,-0.0745,1.1526,0.0,EngineIQ_Sensor
2026-08-05T10:23:40.054895,0.0154,-0.0745,1.1526,0.0,EngineIQ_Sensor
2026-08-05T10:23:40.173578,0.0154,-0.0745,1.1526,0.0,EngineIQ_Sensor
2026-08-05T10:23:40.233058,0.0154,-0.0745,1.1526,0.0,EngineIQ_Sensor
2026-08-05T10:23:40.235052,0.0154,-0.0745,1.1526,0.0,EngineIQ_Sensor
2026-08-05T10:23:40.294361,0.0154,-0.0745,1.1526,0.0,EngineIQ_Sensor
2026-08-05T10:23:40.353809,0.0154,-0.0745,1.1526,0.0,EngineIQ_Sensor
2026-08-05T10:23:40.714317,0.0154,-0.0745,1.1526,0.0,EngineIQ_Sensor
2026-08-05T10:23:40.774352,0.0154,-0.0745,1.1526,0.0,EngineIQ_Sensor
2026-08-05T10:23:40.833623,0.0154,-0.0745,1.1526,0.0,EngineIQ_Sensor
2026-08-05T10:23:40.893022,0.0154,-0.0745,1.1526,0.0,EngineIQ_Sensor
2026-08-05T10:23:40.894734,0.0154,-0.0745,1.1526,0.0,EngineIQ_Sensor
2026-08-05T10:23:40.954363,0.0154,-0.0745,1.1526,0.0,EngineIQ_Sensor
2026-08-05T10:23:41.013522,0.0154,-0.0745,1.1526,0.0,EngineIQ_Sensor
2026-08-05T10:23:41.073116,0.0154,-0.0745,1.1526,0.0,EngineIQ_Sensor
2026-08-05T10:23:41.074962,0.0154,-0.0745,1.1526,0.0,EngineIQ_Sensor
2026-08-05T10:23:41.134236,0.0154,-0.0745,1.1526,0.0,EngineIQ_Sensor
2026-08-05T10:23:41.193493,0.0154,-0.0745,1.1526,0.0,EngineIQ_Sensor
2026-08-05T10:23:41.252996,0.0154,-0.0745,1.1526,0.0,EngineIQ_Sensor
2026-08-05T10:23:41.314277,0.0154,-0.0745,1.1526,0.0,EngineIQ_Sensor
2026-08-05T10:23:41.734161,0.0154,-0.0745,1.1526,0.0,EngineIQ_Sensor
2026-08-05T10:23:41.793527,0.0154,-0.0745,1.1526,0.0,EngineIQ_Sensor
2026-08-05T10:23:41.853568,0.0154,-0.0745,1.1526,0.0,EngineIQ_Sensor
2026-08-05T10:23:41.912725,0.0154,-0.0745,1.1526,0.0,EngineIQ_Sensor
2026-08-05T10:23:41.914629,0.0154,-0.0745,1.1526,0.0,EngineIQ_Sensor
2026-08-05T10:23:42.034168,0.0154,-0.0745,1.1526,0.0,EngineIQ_Sensor
2026-08-05T10:23:42.093579,0.0154,-0.0745,1.1526,0.0,EngineIQ_Sensor
2026-08-05T10:23:42.152887,0.0154,-0.0745,1.1526,0.0,EngineIQ_Sensor
2026-08-05T10:23:42.154737,0.0154,-0.0745,1.1526,0.0,EngineIQ_Sensor
2026-08-05T10:23:42.214240,0.0154,-0.0745,1.1526,0.0,EngineIQ_Sensor
2026-08-05T10:23:42.273916,0.0154,-0.0745,1.1526,0.0,EngineIQ_Sensor
2026-08-05T10:23:42.332874,0.0154,-0.0745,1.1526,0.0,EngineIQ_Sensor
2026-08-05T10:23:42.335042,0.0154,-0.0745,1.1526,0.0,EngineIQ_Sensor
2026-08-05T10:23:42.754004,0.0154,-0.0745,1.1526,0.0,EngineIQ_Sensor
2026-08-05T10:23:42.813342,0.0154,-0.0745,1.1526,0.0,EngineIQ_Sensor
2026-08-05T10:23:42.873558,0.0154,-0.0745,1.1526,0.0,EngineIQ_Sensor
2026-08-05T10:23:42.932830,0.0154,-0.0745,1.1526,0.0,EngineIQ_Sensor
2026-08-05T10:23:42.934983,0.0154,-0.0745,1.1526,0.0,EngineIQ_Sensor
2026-08-05T10:23:42.994215,0.0154,-0.0745,1.1526,0.0,EngineIQ_Sensor
2026-08-05T10:23:43.053747,0.0154,-0.0745,1.1526,0.0,EngineIQ_Sensor
2026-08-05T10:23:43.114208,0.0154,-0.0745,1.1526,0.0,EngineIQ_Sensor
2026-08-05T10:23:43.173460,0.0154,-0.0745,1.1526,0.0,EngineIQ_Sensor
2026-08-05T10:23:43.232893,0.0154,-0.0745,1.1526,0.0,EngineIQ_Sensor
2026-08-05T10:23:43.234701,0.0154,-0.0745,1.1526,0.0,EngineIQ_Sensor
2026-08-05T10:23:43.352874,0.0154,-0.0745,1.1526,0.0,EngineIQ_Sensor
2026-08-05T10:23:43.354715,0.0154,-0.0745,1.1526,0.0,EngineIQ_Sensor
2026-08-05T10:23:43.714280,0.0154,-0.0745,1.1526,0.0,EngineIQ_Sensor
2026-08-05T10:23:43.774187,0.0154,-0.0745,1.1526,0.0,EngineIQ_Sensor
2026-08-05T10:23:43.833371,0.0154,-0.0745,1.1526,0.0,EngineIQ_Sensor
2026-08-05T10:23:43.893173,0.0154,-0.0745,1.1526,0.0,EngineIQ_Sensor
2026-08-05T10:23:43.954185,0.0154,-0.0745,1.1526,0.0,EngineIQ_Sensor
2026-08-05T10:23:44.013399,0.0154,-0.0745,1.1526,0.0,EngineIQ_Sensor
2026-08-05T10:23:44.072918,0.0154,-0.0745,1.1526,0.0,EngineIQ_Sensor
2026-08-05T10:23:44.074699,0.0154,-0.0745,1.1526,0.0,EngineIQ_Sensor
2026-08-05T10:23:44.134206,0.0154,-0.0745,1.1526,0.0,EngineIQ_Sensor
2026-08-05T10:23:44.193428,0.0154,-0.0745,1.1526,0.0,EngineIQ_Sensor
2026-08-05T10:23:44.252812,0.0154,-0.0745,1.1526,0.0,EngineIQ_Sensor
2026-08-05T10:23:44.254715,0.0154,-0.0745,1.1526,0.0,EngineIQ_Sensor
2026-08-05T10:23:44.314334,0.0154,-0.0745,1.1526,0.0,EngineIQ_Sensor
2026-08-05T10:23:44.853407,0.0154,-0.0745,1.1526,0.0,EngineIQ_Sensor
2026-08-05T10:23:44.913018,0.0154,-0.0745,1.1526,0.0,EngineIQ_Sensor
2026-08-05T10:23:44.915437,0.0154,-0.0745,1.1526,0.0,EngineIQ_Sensor
2026-08-05T10:23:44.974034,0.0154,-0.0745,1.1526,0.0,EngineIQ_Sensor
2026-08-05T10:23:45.033432,0.0154,-0.0745,1.1526,0.0,EngineIQ_Sensor
2026-08-05T10:23:45.092863,0.0154,-0.0745,1.1526,0.0,EngineIQ_Sensor
2026-08-05T10:23:45.154235,0.0154,-0.0745,1.1526,0.0,EngineIQ_Sensor
2026-08-05T10:23:45.213707,0.0154,-0.0745,1.1526,0.0,EngineIQ_Sensor
2026-08-05T10:23:45.272919,0.0154,-0.0745,1.1526,0.0,EngineIQ_Sensor
2026-08-05T10:23:45.274967,0.0154,-0.0745,1.1526,0.0,EngineIQ_Sensor
2026-08-05T10:23:45.334195,0.0154,-0.0745,1.1526,0.0,EngineIQ_Sensor
2026-08-05T10:23:45.393388,0.0154,-0.0745,1.1526,0.0,EngineIQ_Sensor
2026-08-05T10:23:45.513033,0.0154,-0.0745,1.1526,0.0,EngineIQ_Sensor
2026-08-05T10:23:45.754285,0.0154,-0.0745,1.1526,0.0,EngineIQ_Sensor
2026-08-05T10:23:45.813215,0.0154,-0.0745,1.1526,0.0,EngineIQ_Sensor
2026-08-05T10:23:45.932821,0.0154,-0.0745,1.1526,0.0,EngineIQ_Sensor
2026-08-05T10:23:45.934829,0.0154,-0.0745,1.1526,0.0,EngineIQ_Sensor
2026-08-05T10:23:45.994296,0.0154,-0.0745,1.1526,0.0,EngineIQ_Sensor
2026-08-05T10:23:46.113486,0.0154,-0.0745,1.1526,0.0,EngineIQ_Sensor
2026-08-05T10:23:46.172891,0.0154,-0.0745,1.1526,0.0,EngineIQ_Sensor
2026-08-05T10:23:46.174747,0.0154,-0.0745,1.1526,0.0,EngineIQ_Sensor
2026-08-05T10:23:46.234290,0.0154,-0.0745,1.1526,0.0,EngineIQ_Sensor
2026-08-05T10:23:46.293478,0.0154,-0.0745,1.1526,0.0,EngineIQ_Sensor
2026-08-05T10:23:46.353934,0.0154,-0.0745,1.1526,0.0,EngineIQ_Sensor
2026-08-05T10:23:46.354965,0.0154,-0.0745,1.1526,0.0,EngineIQ_Sensor
2026-08-05T10:23:46.414289,0.0154,-0.0745,1.1526,0.0,EngineIQ_Sensor
2026-08-05T10:23:46.714347,0.0154,-0.0745,1.1526,0.0,EngineIQ_Sensor
2026-08-05T10:23:46.774147,0.0154,-0.0745,1.1526,0.0,EngineIQ_Sensor
2026-08-05T10:23:46.833449,0.0154,-0.0745,1.1526,0.0,EngineIQ_Sensor
2026-08-05T10:23:46.892950,0.0154,-0.0745,1.1526,0.0,EngineIQ_Sensor
2026-08-05T10:23:46.894828,0.0154,-0.0745,1.1526,0.0,EngineIQ_Sensor
2026-08-05T10:23:46.954095,0.0154,-0.0745,1.1526,0.0,EngineIQ_Sensor
2026-08-05T10:23:47.013258,0.0154,-0.0745,1.1526,0.0,EngineIQ_Sensor
2026-08-05T10:23:47.072837,0.0154,-0.0745,1.1526,0.0,EngineIQ_Sensor
2026-08-05T10:23:47.074670,0.0154,-0.0745,1.1526,0.0,EngineIQ_Sensor
2026-08-05T10:23:47.193228,0.0154,-0.0745,1.1526,0.0,EngineIQ_Sensor
2026-08-05T10:23:47.253037,0.0154,-0.0745,1.1526,0.0,EngineIQ_Sensor
2026-08-05T10:23:47.254794,0.0154,-0.0745,1.1526,0.0,EngineIQ_Sensor
2026-08-05T10:23:47.314306,0.0154,-0.0745,1.1526,0.0,EngineIQ_Sensor
2026-08-05T10:23:47.794034,0.0154,-0.0745,1.1526,0.0,EngineIQ_Sensor
2026-08-05T10:23:47.853249,0.0154,-0.0745,1.1526,0.0,EngineIQ_Sensor
2026-08-05T10:23:47.913486,0.0154,-0.0745,1.1526,0.0,EngineIQ_Sensor
2026-08-05T10:23:47.972938,0.0154,-0.0745,1.1526,0.0,EngineIQ_Sensor
2026-08-05T10:23:47.974789,0.0154,-0.0745,1.1526,0.0,EngineIQ_Sensor
2026-08-05T10:23:48.034099,0.0154,-0.0745,1.1526,0.0,EngineIQ_Sensor
2026-08-05T10:23:48.093451,0.0154,-0.0745,1.1526,0.0,EngineIQ_Sensor
2026-08-05T10:23:48.154735,0.0154,-0.0745,1.1526,0.0,EngineIQ_Sensor
2026-08-05T10:23:48.155352,0.0154,-0.0745,1.1526,0.0,EngineIQ_Sensor
2026-08-05T10:23:48.214138,0.0154,-0.0745,1.1526,0.0,EngineIQ_Sensor
2026-08-05T10:23:48.273256,0.0154,-0.0745,1.1526,0.0,EngineIQ_Sensor
2026-08-05T10:23:48.345405,0.0154,-0.0745,1.1526,0.0,EngineIQ_Sensor
2026-08-05T10:23:48.382643,0.0154,-0.0745,1.1526,0.0,EngineIQ_Sensor
2026-08-05T10:23:48.754025,0.0154,-0.0745,1.1526,0.0,EngineIQ_Sensor
2026-08-05T10:23:48.813338,0.0154,-0.0745,1.1526,0.0,EngineIQ_Sensor
2026-08-05T10:23:48.872804,0.0154,-0.0745,1.1526,0.0,EngineIQ_Sensor
2026-08-05T10:23:48.874486,0.0154,-0.0745,1.1526,0.0,EngineIQ_Sensor
2026-08-05T10:23:48.934199,0.0154,-0.0745,1.1526,0.0,EngineIQ_Sensor
2026-08-05T10:23:48.993396,0.0154,-0.0745,1.1526,0.0,EngineIQ_Sensor
2026-08-05T10:23:49.052858,0.0154,-0.0745,1.1526,0.0,EngineIQ_Sensor
2026-08-05T10:23:49.054589,0.0154,-0.0745,1.1526,0.0,EngineIQ_Sensor
2026-08-05T10:23:49.114120,0.0154,-0.0745,1.1526,0.0,EngineIQ_Sensor
2026-08-05T10:23:49.173876,0.0154,-0.0745,1.1526,0.0,EngineIQ_Sensor
2026-08-05T10:23:49.232862,0.0154,-0.0745,1.1526,0.0,EngineIQ_Sensor
2026-08-05T10:23:49.234701,0.0154,-0.0745,1.1526,0.0,EngineIQ_Sensor
2026-08-05T10:23:49.294571,0.0154,-0.0745,1.1526,0.0,EngineIQ_Sensor
2026-08-05T10:23:49.714200,0.0154,-0.0745,1.1526,0.0,EngineIQ_Sensor
2026-08-05T10:23:49.774095,0.0154,-0.0745,1.1526,0.0,EngineIQ_Sensor
2026-08-05T10:23:49.892607,0.0154,-0.0745,1.1526,0.0,EngineIQ_Sensor
2026-08-05T10:23:49.894547,0.0154,-0.0745,1.1526,0.0,EngineIQ_Sensor
2026-08-05T10:23:49.954069,0.0154,-0.0745,1.1526,0.0,EngineIQ_Sensor
2026-08-05T10:23:50.013384,0.0154,-0.0745,1.1526,0.0,EngineIQ_Sensor
2026-08-05T10:23:50.072728,0.0154,-0.0745,1.1526,0.0,EngineIQ_Sensor
2026-08-05T10:23:50.074583,0.0154,-0.0745,1.1526,0.0,EngineIQ_Sensor
2026-08-05T10:23:50.134102,0.0154,-0.0745,1.1526,0.0,EngineIQ_Sensor
2026-08-05T10:23:50.193977,0.0154,-0.0745,1.1526,0.0,EngineIQ_Sensor
2026-08-05T10:23:50.254013,0.0154,-0.0745,1.1526,0.0,EngineIQ_Sensor
2026-08-05T10:23:50.312693,0.0154,-0.0745,1.1526,0.0,EngineIQ_Sensor
2026-08-05T10:23:50.314830,0.0154,-0.0745,1.1526,0.0,EngineIQ_Sensor
2026-08-05T10:23:50.734032,0.0154,-0.0745,1.1526,0.0,EngineIQ_Sensor
2026-08-05T10:23:50.793229,0.0154,-0.0745,1.1526,0.0,EngineIQ_Sensor
2026-08-05T10:23:50.852551,0.0154,-0.0745,1.1526,0.0,EngineIQ_Sensor
2026-08-05T10:23:50.854485,0.0154,-0.0745,1.1526,0.0,EngineIQ_Sensor
2026-08-05T10:23:50.914095,0.0154,-0.0745,1.1526,0.0,EngineIQ_Sensor
2026-08-05T10:23:50.973312,0.0154,-0.0745,1.1526,0.0,EngineIQ_Sensor
2026-08-05T10:23:51.032674,0.0154,-0.0745,1.1526,0.0,EngineIQ_Sensor
2026-08-05T10:23:51.034846,0.0154,-0.0745,1.1526,0.0,EngineIQ_Sensor
2026-08-05T10:23:51.094035,0.0154,-0.0745,1.1526,0.0,EngineIQ_Sensor
2026-08-05T10:23:51.153332,0.0154,-0.0745,1.1526,0.0,EngineIQ_Sensor
2026-08-05T10:23:51.272681,0.0154,-0.0745,1.1526,0.0,EngineIQ_Sensor
2026-08-05T10:23:51.274582,0.0154,-0.0745,1.1526,0.0,EngineIQ_Sensor
2026-08-05T10:23:51.334154,0.0154,-0.0745,1.1526,0.0,EngineIQ_Sensor
2026-08-05T10:23:51.753979,0.0154,-0.0745,1.1526,0.0,EngineIQ_Sensor
2026-08-05T10:23:51.813190,0.0154,-0.0745,1.1526,0.0,EngineIQ_Sensor
2026-08-05T10:23:51.872780,0.0154,-0.0745,1.1526,0.0,EngineIQ_Sensor
2026-08-05T10:23:51.874915,0.0154,-0.0745,1.1526,0.0,EngineIQ_Sensor
2026-08-05T10:23:51.934134,0.0154,-0.0745,1.1526,0.0,EngineIQ_Sensor
2026-08-05T10:23:51.993198,0.0154,-0.0745,1.1526,0.0,EngineIQ_Sensor
2026-08-05T10:23:52.052736,0.0154,-0.0745,1.1526,0.0,EngineIQ_Sensor
2026-08-05T10:23:52.054473,0.0154,-0.0745,1.1526,0.0,EngineIQ_Sensor
2026-08-05T10:23:52.173149,0.0154,-0.0745,1.1526,0.0,EngineIQ_Sensor
2026-08-05T10:23:52.232628,0.0154,-0.0745,1.1526,0.0,EngineIQ_Sensor
2026-08-05T10:23:52.234465,0.0154,-0.0745,1.1526,0.0,EngineIQ_Sensor
2026-08-05T10:23:52.294083,0.0154,-0.0745,1.1526,0.0,EngineIQ_Sensor
2026-08-05T10:23:52.353368,0.0154,-0.0745,1.1526,0.0,EngineIQ_Sensor
2026-08-05T10:23:52.713981,0.0154,-0.0745,1.1526,0.0,EngineIQ_Sensor
2026-08-05T10:23:52.773924,0.0154,-0.0745,1.1526,0.0,EngineIQ_Sensor
2026-08-05T10:23:52.893273,0.0154,-0.0745,1.1526,0.0,EngineIQ_Sensor
2026-08-05T10:23:52.952654,0.0154,-0.0745,1.1526,0.0,EngineIQ_Sensor
2026-08-05T10:23:52.954579,0.0154,-0.0745,1.1526,0.0,EngineIQ_Sensor
2026-08-05T10:23:53.014129,0.0154,-0.0745,1.1526,0.0,EngineIQ_Sensor
2026-08-05T10:23:53.073201,0.0154,-0.0745,1.1526,0.0,EngineIQ_Sensor
2026-08-05T10:23:53.132671,0.0154,-0.0745,1.1526,0.0,EngineIQ_Sensor
2026-08-05T10:23:53.134675,0.0154,-0.0745,1.1526,0.0,EngineIQ_Sensor
2026-08-05T10:23:53.194014,0.0154,-0.0745,1.1526,0.0,EngineIQ_Sensor
2026-08-05T10:23:53.253267,0.0154,-0.0745,1.1526,0.0,EngineIQ_Sensor
2026-08-05T10:23:53.312783,0.0154,-0.0745,1.1526,0.0,EngineIQ_Sensor
2026-08-05T10:23:53.314507,0.0154,-0.0745,1.1526,0.0,EngineIQ_Sensor
2026-08-05T10:23:53.734081,0.0154,-0.0745,1.1526,0.0,EngineIQ_Sensor
2026-08-05T10:23:53.793610,0.0154,-0.0745,1.1526,0.0,EngineIQ_Sensor
2026-08-05T10:23:53.852674,0.0154,-0.0745,1.1526,0.0,EngineIQ_Sensor
2026-08-05T10:23:53.854746,0.0154,-0.0745,1.1526,0.0,EngineIQ_Sensor
2026-08-05T10:23:53.914032,0.0154,-0.0745,1.1526,0.0,EngineIQ_Sensor
2026-08-05T10:23:53.973364,0.0154,-0.0745,1.1526,0.0,EngineIQ_Sensor
2026-08-05T10:23:54.033412,0.0154,-0.0745,1.1526,0.0,EngineIQ_Sensor
2026-08-05T10:23:54.035050,0.0154,-0.0745,1.1526,0.0,EngineIQ_Sensor
2026-08-05T10:23:54.093995,0.0154,-0.0745,1.1526,0.0,EngineIQ_Sensor
2026-08-05T10:23:54.153214,0.0154,-0.0745,1.1526,0.0,EngineIQ_Sensor
2026-08-05T10:23:54.212604,0.0154,-0.0745,1.1526,0.0,EngineIQ_Sensor
2026-08-05T10:23:54.214613,0.0154,-0.0745,1.1526,0.0,EngineIQ_Sensor
2026-08-05T10:23:54.273939,0.0154,-0.0745,1.1526,0.0,EngineIQ_Sensor
2026-08-05T10:23:54.755393,0.0154,-0.0745,1.1526,0.0,EngineIQ_Sensor
2026-08-05T10:23:54.852464,0.0154,-0.0745,1.1526,0.0,EngineIQ_Sensor
2026-08-05T10:23:54.879840,0.0154,-0.0745,1.1526,0.0,EngineIQ_Sensor
2026-08-05T10:23:54.880130,0.0154,-0.0745,1.1526,0.0,EngineIQ_Sensor
2026-08-05T10:23:54.933662,0.0154,-0.0745,1.1526,0.0,EngineIQ_Sensor
2026-08-05T10:23:54.993047,0.0154,-0.0745,1.1526,0.0,EngineIQ_Sensor
2026-08-05T10:23:55.112448,0.0154,-0.0745,1.1526,0.0,EngineIQ_Sensor
2026-08-05T10:23:55.114471,0.0154,-0.0745,1.1526,0.0,EngineIQ_Sensor
2026-08-05T10:23:55.174297,0.0154,-0.0745,1.1526,0.0,EngineIQ_Sensor
2026-08-05T10:23:55.233217,0.0154,-0.0745,1.1526,0.0,EngineIQ_Sensor
2026-08-05T10:23:55.292593,0.0154,-0.0745,1.1526,0.0,EngineIQ_Sensor
2026-08-05T10:23:55.294577,0.0154,-0.0745,1.1526,0.0,EngineIQ_Sensor
2026-08-05T10:23:55.354143,0.0154,-0.0745,1.1526,0.0,EngineIQ_Sensor
2026-08-05T10:23:55.714265,0.0154,-0.0745,1.1526,0.0,EngineIQ_Sensor
2026-08-05T10:23:55.833872,0.0154,-0.0745,1.1526,0.0,EngineIQ_Sensor
2026-08-05T10:23:55.893124,0.0154,-0.0745,1.1526,0.0,EngineIQ_Sensor
2026-08-05T10:23:55.952759,0.0154,-0.0745,1.1526,0.0,EngineIQ_Sensor
2026-08-05T10:23:55.955509,0.0154,-0.0745,1.1526,0.0,EngineIQ_Sensor
2026-08-05T10:23:56.013723,0.0154,-0.0745,1.1526,0.0,EngineIQ_Sensor
2026-08-05T10:23:56.073142,0.0154,-0.0745,1.1526,0.0,EngineIQ_Sensor
2026-08-05T10:23:56.132739,0.0154,-0.0745,1.1526,0.0,EngineIQ_Sensor
2026-08-05T10:23:56.134628,0.0154,-0.0745,1.1526,0.0,EngineIQ_Sensor
2026-08-05T10:23:56.253263,0.0154,-0.0745,1.1526,0.0,EngineIQ_Sensor
2026-08-05T10:23:56.312695,0.0154,-0.0745,1.1526,0.0,EngineIQ_Sensor
2026-08-05T10:23:56.314638,0.0154,-0.0745,1.1526,0.0,EngineIQ_Sensor
2026-08-05T10:23:56.373947,0.0154,-0.0745,1.1526,0.0,EngineIQ_Sensor
2026-08-05T10:23:56.733877,0.0154,-0.0745,1.1526,0.0,EngineIQ_Sensor
2026-08-05T10:23:56.793250,0.0154,-0.0745,1.1526,0.0,EngineIQ_Sensor
2026-08-05T10:23:56.852654,0.0154,-0.0745,1.1526,0.0,EngineIQ_Sensor
2026-08-05T10:23:56.854418,0.0154,-0.0745,1.1526,0.0,EngineIQ_Sensor
2026-08-05T10:23:56.913863,0.0154,-0.0745,1.1526,0.0,EngineIQ_Sensor
2026-08-05T10:23:57.033202,0.0154,-0.0745,1.1526,0.0,EngineIQ_Sensor
2026-08-05T10:23:57.092611,0.0154,-0.0745,1.1526,0.0,EngineIQ_Sensor
2026-08-05T10:23:57.094359,0.0154,-0.0745,1.1526,0.0,EngineIQ_Sensor
2026-08-05T10:23:57.154089,0.0154,-0.0745,1.1526,0.0,EngineIQ_Sensor
2026-08-05T10:23:57.213183,0.0154,-0.0745,1.1526,0.0,EngineIQ_Sensor
2026-08-05T10:23:57.272463,0.0154,-0.0745,1.1526,0.0,EngineIQ_Sensor
2026-08-05T10:23:57.274382,0.0154,-0.0745,1.1526,0.0,EngineIQ_Sensor
2026-08-05T10:23:57.334015,0.0154,-0.0745,1.1526,0.0,EngineIQ_Sensor
2026-08-05T10:23:57.814922,0.0154,-0.0745,1.1526,0.0,EngineIQ_Sensor
2026-08-05T10:23:57.872926,0.0154,-0.0745,1.1526,0.0,EngineIQ_Sensor
2026-08-05T10:23:57.874436,0.0154,-0.0745,1.1526,0.0,EngineIQ_Sensor
2026-08-05T10:23:57.933773,0.0154,-0.0745,1.1526,0.0,EngineIQ_Sensor
2026-08-05T10:23:57.993538,0.0154,-0.0745,1.1526,0.0,EngineIQ_Sensor
2026-08-05T10:23:58.052521,0.0154,-0.0745,1.1526,0.0,EngineIQ_Sensor
2026-08-05T10:23:58.054425,0.0154,-0.0745,1.1526,0.0,EngineIQ_Sensor
2026-08-05T10:23:58.113866,0.0154,-0.0745,1.1526,0.0,EngineIQ_Sensor
2026-08-05T10:23:58.173188,0.0154,-0.0745,1.1526,0.0,EngineIQ_Sensor
2026-08-05T10:23:58.232432,0.0154,-0.0745,1.1526,0.0,EngineIQ_Sensor
2026-08-05T10:23:58.234851,0.0154,-0.0745,1.1526,0.0,EngineIQ_Sensor
2026-08-05T10:23:58.293821,0.0154,-0.0745,1.1526,0.0,EngineIQ_Sensor
2026-08-05T10:23:58.353144,0.0154,-0.0745,1.1526,0.0,EngineIQ_Sensor
2026-08-05T10:23:58.713890,0.0154,-0.0745,1.1526,0.0,EngineIQ_Sensor
2026-08-05T10:23:58.773915,0.0154,-0.0745,1.1526,0.0,EngineIQ_Sensor
2026-08-05T10:23:58.833168,0.0154,-0.0745,1.1526,0.0,EngineIQ_Sensor
2026-08-05T10:23:58.892716,0.0154,-0.0745,1.1526,0.0,EngineIQ_Sensor
2026-08-05T10:23:58.953887,0.0154,-0.0745,1.1526,0.0,EngineIQ_Sensor
2026-08-05T10:23:59.013256,0.0154,-0.0745,1.1526,0.0,EngineIQ_Sensor
2026-08-05T10:23:59.072460,0.0154,-0.0745,1.1526,0.0,EngineIQ_Sensor
2026-08-05T10:23:59.074329,0.0154,-0.0745,1.1526,0.0,EngineIQ_Sensor
2026-08-05T10:23:59.133877,0.0154,-0.0745,1.1526,0.0,EngineIQ_Sensor
2026-08-05T10:23:59.193231,0.0154,-0.0745,1.1526,0.0,EngineIQ_Sensor
2026-08-05T10:23:59.252566,0.0154,-0.0745,1.1526,0.0,EngineIQ_Sensor
2026-08-05T10:23:59.254801,0.0154,-0.0745,1.1526,0.0,EngineIQ_Sensor
2026-08-05T10:23:59.313960,0.0154,-0.0745,1.1526,0.0,EngineIQ_Sensor
2026-08-05T10:23:59.733902,0.0154,-0.0745,1.1526,0.0,EngineIQ_Sensor
2026-08-05T10:23:59.793289,0.0154,-0.0745,1.1526,0.0,EngineIQ_Sensor
2026-08-05T10:23:59.852395,0.0154,-0.0745,1.1526,0.0,EngineIQ_Sensor
2026-08-05T10:23:59.854619,0.0154,-0.0745,1.1526,0.0,EngineIQ_Sensor
2026-08-05T10:23:59.913913,0.0154,-0.0745,1.1526,0.0,EngineIQ_Sensor
2026-08-05T10:23:59.973185,0.0154,-0.0745,1.1526,0.0,EngineIQ_Sensor
2026-08-05T10:24:00.032465,0.0154,-0.0745,1.1526,0.0,EngineIQ_Sensor
2026-08-05T10:24:00.034754,0.0154,-0.0745,1.1526,0.0,EngineIQ_Sensor
2026-08-05T10:24:00.093866,0.0154,-0.0745,1.1526,0.0,EngineIQ_Sensor
2026-08-05T10:24:00.153020,0.0154,-0.0745,1.1526,0.0,EngineIQ_Sensor
2026-08-05T10:24:00.213922,0.0154,-0.0745,1.1526,0.0,EngineIQ_Sensor
2026-08-05T10:24:00.273249,0.0154,-0.0745,1.1526,0.0,EngineIQ_Sensor
2026-08-05T10:24:00.332606,0.0154,-0.0745,1.1526,0.0,EngineIQ_Sensor
2026-08-05T10:24:00.775465,0.0154,-0.0745,1.1526,0.0,EngineIQ_Sensor
2026-08-05T10:24:00.813535,0.0154,-0.0745,1.1526,0.0,EngineIQ_Sensor
2026-08-05T10:24:00.872310,0.0154,-0.0745,1.1526,0.0,EngineIQ_Sensor
2026-08-05T10:24:00.874349,0.0154,-0.0745,1.1526,0.0,EngineIQ_Sensor
2026-08-05T10:24:00.933665,0.0154,-0.0745,1.1526,0.0,EngineIQ_Sensor
2026-08-05T10:24:00.993043,0.0154,-0.0745,1.1526,0.0,EngineIQ_Sensor
2026-08-05T10:24:01.052525,0.0154,-0.0745,1.1526,0.0,EngineIQ_Sensor
2026-08-05T10:24:01.054355,0.0154,-0.0745,1.1526,0.0,EngineIQ_Sensor
2026-08-05T10:24:01.113800,0.0154,-0.0745,1.1526,0.0,EngineIQ_Sensor
2026-08-05T10:24:01.173077,0.0154,-0.0745,1.1526,0.0,EngineIQ_Sensor
2026-08-05T10:24:01.232502,0.0154,-0.0745,1.1526,0.0,EngineIQ_Sensor
2026-08-05T10:24:01.234381,0.0154,-0.0745,1.1526,0.0,EngineIQ_Sensor
2026-08-05T10:24:01.293973,0.0154,-0.0745,1.1526,0.0,EngineIQ_Sensor
2026-08-05T10:24:01.714218,0.0154,-0.0745,1.1526,0.0,EngineIQ_Sensor
2026-08-05T10:24:01.773836,0.0154,-0.0745,1.1526,0.0,EngineIQ_Sensor
2026-08-05T10:24:01.832979,0.0154,-0.0745,1.1526,0.0,EngineIQ_Sensor
2026-08-05T10:24:01.892438,0.0154,-0.0745,1.1526,0.0,EngineIQ_Sensor
2026-08-05T10:24:01.894377,0.0154,-0.0745,1.1526,0.0,EngineIQ_Sensor
2026-08-05T10:24:01.953831,0.0154,-0.0745,1.1526,0.0,EngineIQ_Sensor
2026-08-05T10:24:02.013208,0.0154,-0.0745,1.1526,0.0,EngineIQ_Sensor
2026-08-05T10:24:02.072601,0.0154,-0.0745,1.1526,0.0,EngineIQ_Sensor
2026-08-05T10:24:02.074518,0.0154,-0.0745,1.1526,0.0,EngineIQ_Sensor
2026-08-05T10:24:02.133809,0.0154,-0.0745,1.1526,0.0,EngineIQ_Sensor
2026-08-05T10:24:02.192928,0.0154,-0.0745,1.1526,0.0,EngineIQ_Sensor
2026-08-05T10:24:02.252465,0.0154,-0.0745,1.1526,0.0,EngineIQ_Sensor
2026-08-05T10:24:02.254404,0.0154,-0.0745,1.1526,0.0,EngineIQ_Sensor
2026-08-05T10:24:02.733839,0.0154,-0.0745,1.1526,0.0,EngineIQ_Sensor
2026-08-05T10:24:02.793076,0.0154,-0.0745,1.1526,0.0,EngineIQ_Sensor
2026-08-05T10:24:02.852377,0.0154,-0.0745,1.1526,0.0,EngineIQ_Sensor
2026-08-05T10:24:02.854649,0.0154,-0.0745,1.1526,0.0,EngineIQ_Sensor
2026-08-05T10:24:02.913768,0.0154,-0.0745,1.1526,0.0,EngineIQ_Sensor
2026-08-05T10:24:02.972949,0.0154,-0.0745,1.1526,0.0,EngineIQ_Sensor
2026-08-05T10:24:03.032508,0.0154,-0.0745,1.1526,0.0,EngineIQ_Sensor
2026-08-05T10:24:03.034577,0.0154,-0.0745,1.1526,0.0,EngineIQ_Sensor
2026-08-05T10:24:03.093711,0.0154,-0.0745,1.1526,0.0,EngineIQ_Sensor
2026-08-05T10:24:03.153157,0.0154,-0.0745,1.1526,0.0,EngineIQ_Sensor
2026-08-05T10:24:03.212452,0.0154,-0.0745,1.1526,0.0,EngineIQ_Sensor
2026-08-05T10:24:03.214364,0.0154,-0.0745,1.1526,0.0,EngineIQ_Sensor
2026-08-05T10:24:03.332490,0.0154,-0.0745,1.1526,0.0,EngineIQ_Sensor
2026-08-05T10:24:03.753733,0.0154,-0.0745,1.1526,0.0,EngineIQ_Sensor
2026-08-05T10:24:03.813042,0.0154,-0.0745,1.1526,0.0,EngineIQ_Sensor
2026-08-05T10:24:03.872427,0.0154,-0.0745,1.1526,0.0,EngineIQ_Sensor
2026-08-05T10:24:03.874310,0.0154,-0.0745,1.1526,0.0,EngineIQ_Sensor
2026-08-05T10:24:03.933789,0.0154,-0.0745,1.1526,0.0,EngineIQ_Sensor
2026-08-05T10:24:03.993170,0.0154,-0.0745,1.1526,0.0,EngineIQ_Sensor
2026-08-05T10:24:04.052498,0.0154,-0.0745,1.1526,0.0,EngineIQ_Sensor
2026-08-05T10:24:04.054388,0.0154,-0.0745,1.1526,0.0,EngineIQ_Sensor
2026-08-05T10:24:04.113691,0.0154,-0.0745,1.1526,0.0,EngineIQ_Sensor
2026-08-05T10:24:04.173035,0.0154,-0.0745,1.1526,0.0,EngineIQ_Sensor
2026-08-05T10:24:04.233067,0.0154,-0.0745,1.1526,0.0,EngineIQ_Sensor
2026-08-05T10:24:04.234506,0.0154,-0.0745,1.1526,0.0,EngineIQ_Sensor
2026-08-05T10:24:04.294020,0.0154,-0.0745,1.1526,0.0,EngineIQ_Sensor
2026-08-05T10:24:04.713735,0.0154,-0.0745,1.1526,0.0,EngineIQ_Sensor
2026-08-05T10:24:04.773661,0.0154,-0.0745,1.1526,0.0,EngineIQ_Sensor
2026-08-05T10:24:04.833226,0.0154,-0.0745,1.1526,0.0,EngineIQ_Sensor
2026-08-05T10:24:04.892324,0.0154,-0.0745,1.1526,0.0,EngineIQ_Sensor
2026-08-05T10:24:04.894741,0.0154,-0.0745,1.1526,0.0,EngineIQ_Sensor
2026-08-05T10:24:04.953454,0.0154,-0.0745,1.1526,0.0,EngineIQ_Sensor
2026-08-05T10:24:05.012940,0.0154,-0.0745,1.1526,0.0,EngineIQ_Sensor
2026-08-05T10:24:05.072469,0.0154,-0.0745,1.1526,0.0,EngineIQ_Sensor
2026-08-05T10:24:05.074122,0.0154,-0.0745,1.1526,0.0,EngineIQ_Sensor
2026-08-05T10:24:05.133680,0.0154,-0.0745,1.1526,0.0,EngineIQ_Sensor
2026-08-05T10:24:05.193086,0.0154,-0.0745,1.1526,0.0,EngineIQ_Sensor
2026-08-05T10:24:05.252478,0.0154,-0.0745,1.1526,0.0,EngineIQ_Sensor
2026-08-05T10:24:05.254420,0.0154,-0.0745,1.1526,0.0,EngineIQ_Sensor
2026-08-05T10:24:05.733629,0.0154,-0.0745,1.1526,0.0,EngineIQ_Sensor
2026-08-05T10:24:05.792937,0.0154,-0.0745,1.1526,0.0,EngineIQ_Sensor
2026-08-05T10:24:05.852275,0.0154,-0.0745,1.1526,0.0,EngineIQ_Sensor
2026-08-05T10:24:05.854115,0.0154,-0.0745,1.1526,0.0,EngineIQ_Sensor
2026-08-05T10:24:05.913545,0.0154,-0.0745,1.1526,0.0,EngineIQ_Sensor
2026-08-05T10:24:05.972934,0.0154,-0.0745,1.1526,0.0,EngineIQ_Sensor
2026-08-05T10:24:06.032332,0.0154,-0.0745,1.1526,0.0,EngineIQ_Sensor
2026-08-05T10:24:06.034198,0.0154,-0.0745,1.1526,0.0,EngineIQ_Sensor
2026-08-05T10:24:06.093613,0.0154,-0.0745,1.1526,0.0,EngineIQ_Sensor
2026-08-05T10:24:06.152930,0.0154,-0.0745,1.1526,0.0,EngineIQ_Sensor
2026-08-05T10:24:06.212351,0.0154,-0.0745,1.1526,0.0,EngineIQ_Sensor
2026-08-05T10:24:06.214240,0.0154,-0.0745,1.1526,0.0,EngineIQ_Sensor
2026-08-05T10:24:06.273765,0.0154,-0.0745,1.1526,0.0,EngineIQ_Sensor
2026-08-05T10:24:06.762335,0.0154,-0.0745,1.1526,0.0,EngineIQ_Sensor
2026-08-05T10:24:06.812723,0.0154,-0.0745,1.1526,0.0,EngineIQ_Sensor
2026-08-05T10:24:06.872154,0.0154,-0.0745,1.1526,0.0,EngineIQ_Sensor
2026-08-05T10:24:06.933648,0.0154,-0.0745,1.1526,0.0,EngineIQ_Sensor
2026-08-05T10:24:06.992814,0.0154,-0.0745,1.1526,0.0,EngineIQ_Sensor
2026-08-05T10:24:07.052236,0.0154,-0.0745,1.1526,0.0,EngineIQ_Sensor
2026-08-05T10:24:07.054330,0.0154,-0.0745,1.1526,0.0,EngineIQ_Sensor
2026-08-05T10:24:07.113491,0.0154,-0.0745,1.1526,0.0,EngineIQ_Sensor
2026-08-05T10:24:07.172922,0.0154,-0.0745,1.1526,0.0,EngineIQ_Sensor
2026-08-05T10:24:07.232551,0.0154,-0.0745,1.1526,0.0,EngineIQ_Sensor
2026-08-05T10:24:07.234628,0.0154,-0.0745,1.1526,0.0,EngineIQ_Sensor
2026-08-05T10:24:07.293628,0.0154,-0.0745,1.1526,0.0,EngineIQ_Sensor
2026-08-05T10:24:07.413143,0.0154,-0.0745,1.1526,0.0,EngineIQ_Sensor
2026-08-05T10:24:07.714405,0.0154,-0.0745,1.1526,0.0,EngineIQ_Sensor
2026-08-05T10:24:07.773605,0.0154,-0.0745,1.1526,0.0,EngineIQ_Sensor
2026-08-05T10:24:07.833001,0.0154,-0.0745,1.1526,0.0,EngineIQ_Sensor
2026-08-05T10:24:07.952121,0.0154,-0.0745,1.1526,0.0,EngineIQ_Sensor
2026-08-05T10:24:07.954426,0.0154,-0.0745,1.1526,0.0,EngineIQ_Sensor
2026-08-05T10:24:08.014212,0.0154,-0.0745,1.1526,0.0,EngineIQ_Sensor
2026-08-05T10:24:08.073074,0.0154,-0.0745,1.1526,0.0,EngineIQ_Sensor
2026-08-05T10:24:08.132299,0.0154,-0.0745,1.1526,0.0,EngineIQ_Sensor
2026-08-05T10:24:08.134429,0.0154,-0.0745,1.1526,0.0,EngineIQ_Sensor
2026-08-05T10:24:08.193536,0.0154,-0.0745,1.1526,0.0,EngineIQ_Sensor
2026-08-05T10:24:08.252867,0.0154,-0.0745,1.1526,0.0,EngineIQ_Sensor
2026-08-05T10:24:08.312292,0.0154,-0.0745,1.1526,0.0,EngineIQ_Sensor
2026-08-05T10:24:08.314394,0.0154,-0.0745,1.1526,0.0,EngineIQ_Sensor
2026-08-05T10:24:08.792649,0.0154,-0.0745,1.1526,0.0,EngineIQ_Sensor
2026-08-05T10:24:08.852333,0.0154,-0.0745,1.1526,0.0,EngineIQ_Sensor
2026-08-05T10:24:08.854234,0.0154,-0.0745,1.1526,0.0,EngineIQ_Sensor
2026-08-05T10:24:08.913856,0.0154,-0.0745,1.1526,0.0,EngineIQ_Sensor
2026-08-05T10:24:08.972829,0.0154,-0.0745,1.1526,0.0,EngineIQ_Sensor
2026-08-05T10:24:09.032255,0.0154,-0.0745,1.1526,0.0,EngineIQ_Sensor
2026-08-05T10:24:09.034268,0.0154,-0.0745,1.1526,0.0,EngineIQ_Sensor
2026-08-05T10:24:09.093696,0.0154,-0.0745,1.1526,0.0,EngineIQ_Sensor
2026-08-05T10:24:09.152873,0.0154,-0.0745,1.1526,0.0,EngineIQ_Sensor
2026-08-05T10:24:09.212218,0.0154,-0.0745,1.1526,0.0,EngineIQ_Sensor
2026-08-05T10:24:09.214114,0.0154,-0.0745,1.1526,0.0,EngineIQ_Sensor
2026-08-05T10:24:09.333452,0.0154,-0.0745,1.1526,0.0,EngineIQ_Sensor
2026-08-05T10:24:09.392870,0.0154,-0.0745,1.1526,0.0,EngineIQ_Sensor
2026-08-05T10:24:09.754079,0.0154,-0.0745,1.1526,0.0,EngineIQ_Sensor
2026-08-05T10:24:09.812797,0.0154,-0.0745,1.1526,0.0,EngineIQ_Sensor
2026-08-05T10:24:09.872263,0.0154,-0.0745,1.1526,0.0,EngineIQ_Sensor
2026-08-05T10:24:09.874095,0.0154,-0.0745,1.1526,0.0,EngineIQ_Sensor
2026-08-05T10:24:09.933694,0.0154,-0.0745,1.1526,0.0,EngineIQ_Sensor
2026-08-05T10:24:09.992907,0.0154,-0.0745,1.1526,0.0,EngineIQ_Sensor
2026-08-05T10:24:10.052144,0.0154,-0.0745,1.1526,0.0,EngineIQ_Sensor
2026-08-05T10:24:10.054234,0.0154,-0.0745,1.1526,0.0,EngineIQ_Sensor
2026-08-05T10:24:10.113496,0.0154,-0.0745,1.1526,0.0,EngineIQ_Sensor
2026-08-05T10:24:10.172753,0.0154,-0.0745,1.1526,0.0,EngineIQ_Sensor
2026-08-05T10:24:10.232276,0.0154,-0.0745,1.1526,0.0,EngineIQ_Sensor
2026-08-05T10:24:10.234233,0.0154,-0.0745,1.1526,0.0,EngineIQ_Sensor
2026-08-05T10:24:10.293879,0.0154,-0.0745,1.1526,0.0,EngineIQ_Sensor
2026-08-05T10:24:10.713653,0.0154,-0.0745,1.1526,0.0,EngineIQ_Sensor
2026-08-05T10:24:10.773363,0.0154,-0.0745,1.1526,0.0,EngineIQ_Sensor
2026-08-05T10:24:10.892298,0.0154,-0.0745,1.1526,0.0,EngineIQ_Sensor
2026-08-05T10:24:10.894164,0.0154,-0.0745,1.1526,0.0,EngineIQ_Sensor
2026-08-05T10:24:10.953497,0.0154,-0.0745,1.1526,0.0,EngineIQ_Sensor
2026-08-05T10:24:11.013398,0.0154,-0.0745,1.1526,0.0,EngineIQ_Sensor
2026-08-05T10:24:11.073049,0.0154,-0.0745,1.1526,0.0,EngineIQ_Sensor
2026-08-05T10:24:11.132271,0.0154,-0.0745,1.1526,0.0,EngineIQ_Sensor
2026-08-05T10:24:11.134222,0.0154,-0.0745,1.1526,0.0,EngineIQ_Sensor
2026-08-05T10:24:11.193298,0.0154,-0.0745,1.1526,0.0,EngineIQ_Sensor
2026-08-05T10:24:11.252908,0.0154,-0.0745,1.1526,0.0,EngineIQ_Sensor
2026-08-05T10:24:11.312135,0.0154,-0.0745,1.1526,0.0,EngineIQ_Sensor
2026-08-05T10:24:11.314032,0.0154,-0.0745,1.1526,0.0,EngineIQ_Sensor
2026-08-05T10:24:11.734132,0.0154,-0.0745,1.1526,0.0,EngineIQ_Sensor
2026-08-05T10:24:11.793420,0.0154,-0.0745,1.1526,0.0,EngineIQ_Sensor
2026-08-05T10:24:11.859719,0.0154,-0.0745,1.1526,0.0,EngineIQ_Sensor
2026-08-05T10:24:11.921451,0.0154,-0.0745,1.1526,0.0,EngineIQ_Sensor
2026-08-05T10:24:11.935732,0.0154,-0.0745,1.1526,0.0,EngineIQ_Sensor
2026-08-05T10:24:11.975582,0.0154,-0.0745,1.1526,0.0,EngineIQ_Sensor
2026-08-05T10:24:12.032664,0.0154,-0.0745,1.1526,0.0,EngineIQ_Sensor
2026-08-05T10:24:12.092160,0.0154,-0.0745,1.1526,0.0,EngineIQ_Sensor
2026-08-05T10:24:12.093930,0.0154,-0.0745,1.1526,0.0,EngineIQ_Sensor
2026-08-05T10:24:12.153716,0.0154,-0.0745,1.1526,0.0,EngineIQ_Sensor
2026-08-05T10:24:12.212917,0.0154,-0.0745,1.1526,0.0,EngineIQ_Sensor
2026-08-05T10:24:12.272918,0.0154,-0.0745,1.1526,0.0,EngineIQ_Sensor
2026-08-05T10:24:12.332180,0.0154,-0.0745,1.1526,0.0,EngineIQ_Sensor
2026-08-05T10:24:12.753549,0.0154,-0.0745,1.1526,0.0,EngineIQ_Sensor
2026-08-05T10:24:12.812949,0.0154,-0.0745,1.1526,0.0,EngineIQ_Sensor
2026-08-05T10:24:12.872302,0.0154,-0.0745,1.1526,0.0,EngineIQ_Sensor
2026-08-05T10:24:12.874576,0.0154,-0.0745,1.1526,0.0,EngineIQ_Sensor
2026-08-05T10:24:13.052134,0.0154,-0.0745,1.1526,0.0,EngineIQ_Sensor
2026-08-05T10:24:13.054006,0.0154,-0.0745,1.1526,0.0,EngineIQ_Sensor
2026-08-05T10:24:13.113693,0.0154,-0.0745,1.1526,0.0,EngineIQ_Sensor
2026-08-05T10:24:13.173393,0.0154,-0.0745,1.1526,0.0,EngineIQ_Sensor
2026-08-05T10:24:13.232362,0.0154,-0.0745,1.1526,0.0,EngineIQ_Sensor
2026-08-05T10:24:13.234229,0.0154,-0.0745,1.1526,0.0,EngineIQ_Sensor
2026-08-05T10:24:13.293448,0.0154,-0.0745,1.1526,0.0,EngineIQ_Sensor
2026-08-05T10:24:13.352752,0.0154,-0.0745,1.1526,0.0,EngineIQ_Sensor
2026-08-05T10:24:13.412239,0.0154,-0.0745,1.1526,0.0,EngineIQ_Sensor
2026-08-05T10:24:13.714026,0.0154,-0.0745,1.1526,0.0,EngineIQ_Sensor
2026-08-05T10:24:13.832667,0.0154,-0.0745,1.1526,0.0,EngineIQ_Sensor
2026-08-05T10:24:13.891984,0.0154,-0.0745,1.1526,0.0,EngineIQ_Sensor
2026-08-05T10:24:13.894176,0.0154,-0.0745,1.1526,0.0,EngineIQ_Sensor
2026-08-05T10:24:13.953637,0.0154,-0.0745,1.1526,0.0,EngineIQ_Sensor
2026-08-05T10:24:14.012524,0.0154,-0.0745,1.1526,0.0,EngineIQ_Sensor
2026-08-05T10:24:14.072018,0.0154,-0.0745,1.1526,0.0,EngineIQ_Sensor
2026-08-05T10:24:14.073927,0.0154,-0.0745,1.1526,0.0,EngineIQ_Sensor
2026-08-05T10:24:14.133496,0.0154,-0.0745,1.1526,0.0,EngineIQ_Sensor
2026-08-05T10:24:14.192720,0.0154,-0.0745,1.1526,0.0,EngineIQ_Sensor
2026-08-05T10:24:14.252230,0.0154,-0.0745,1.1526,0.0,EngineIQ_Sensor
2026-08-05T10:24:14.254148,0.0154,-0.0745,1.1526,0.0,EngineIQ_Sensor
2026-08-05T10:24:14.313512,0.0154,-0.0745,1.1526,0.0,EngineIQ_Sensor
2026-08-05T10:24:14.733629,0.0154,-0.0745,1.1526,0.0,EngineIQ_Sensor
2026-08-05T10:24:14.792712,0.0154,-0.0745,1.1526,0.0,EngineIQ_Sensor
2026-08-05T10:24:14.852077,0.0154,-0.0745,1.1526,0.0,EngineIQ_Sensor
2026-08-05T10:24:14.853993,0.0154,-0.0745,1.1526,0.0,EngineIQ_Sensor
2026-08-05T10:24:14.972772,0.0154,-0.0745,1.1526,0.0,EngineIQ_Sensor
2026-08-05T10:24:15.032137,0.0154,-0.0745,1.1526,0.0,EngineIQ_Sensor
2026-08-05T10:24:15.034166,0.0154,-0.0745,1.1526,0.0,EngineIQ_Sensor
2026-08-05T10:24:15.093493,0.0154,-0.0745,1.1526,0.0,EngineIQ_Sensor
2026-08-05T10:24:15.152637,0.0154,-0.0745,1.1526,0.0,EngineIQ_Sensor
2026-08-05T10:24:15.212029,0.0154,-0.0745,1.1526,0.0,EngineIQ_Sensor
2026-08-05T10:24:15.213898,0.0154,-0.0745,1.1526,0.0,EngineIQ_Sensor
2026-08-05T10:24:15.273853,0.0154,-0.0745,1.1526,0.0,EngineIQ_Sensor
2026-08-05T10:24:15.332808,0.0154,-0.0745,1.1526,0.0,EngineIQ_Sensor
2026-08-05T10:24:15.753495,0.0154,-0.0745,1.1526,0.0,EngineIQ_Sensor
2026-08-05T10:24:15.812739,0.0154,-0.0745,1.1526,0.0,EngineIQ_Sensor
2026-08-05T10:24:15.872129,0.0154,-0.0745,1.1526,0.0,EngineIQ_Sensor
2026-08-05T10:24:15.874002,0.0154,-0.0745,1.1526,0.0,EngineIQ_Sensor
2026-08-05T10:24:15.933405,0.0154,-0.0745,1.1526,0.0,EngineIQ_Sensor
2026-08-05T10:24:15.992584,0.0154,-0.0745,1.1526,0.0,EngineIQ_Sensor
2026-08-05T10:24:16.052005,0.0154,-0.0745,1.1526,0.0,EngineIQ_Sensor
2026-08-05T10:24:16.054314,0.0154,-0.0745,1.1526,0.0,EngineIQ_Sensor
2026-08-05T10:24:16.113487,0.0154,-0.0745,1.1526,0.0,EngineIQ_Sensor
2026-08-05T10:24:16.175948,0.0154,-0.0745,1.1526,0.0,EngineIQ_Sensor
2026-08-05T10:24:16.232527,0.0154,-0.0745,1.1526,0.0,EngineIQ_Sensor
2026-08-05T10:24:16.292025,0.0154,-0.0745,1.1526,0.0,EngineIQ_Sensor
2026-08-05T10:24:16.294133,0.0154,-0.0745,1.1526,0.0,EngineIQ_Sensor
2026-08-05T10:24:16.713544,0.0154,-0.0745,1.1526,0.0,EngineIQ_Sensor
2026-08-05T10:24:16.773344,0.0154,-0.0745,1.1526,0.0,EngineIQ_Sensor
2026-08-05T10:24:16.832566,0.0154,-0.0745,1.1526,0.0,EngineIQ_Sensor
2026-08-05T10:24:16.892052,0.0154,-0.0745,1.1526,0.0,EngineIQ_Sensor
2026-08-05T10:24:16.894208,0.0154,-0.0745,1.1526,0.0,EngineIQ_Sensor
2026-08-05T10:24:16.953354,0.0154,-0.0745,1.1526,0.0,EngineIQ_Sensor
2026-08-05T10:24:17.012606,0.0154,-0.0745,1.1526,0.0,EngineIQ_Sensor
2026-08-05T10:24:17.072175,0.0154,-0.0745,1.1526,0.0,EngineIQ_Sensor
2026-08-05T10:24:17.074046,0.0154,-0.0745,1.1526,0.0,EngineIQ_Sensor
2026-08-05T10:24:17.133843,0.0154,-0.0745,1.1526,0.0,EngineIQ_Sensor
2026-08-05T10:24:17.235993,0.0154,-0.0745,1.1526,0.0,EngineIQ_Sensor
2026-08-05T10:24:17.286581,0.0154,-0.0745,1.1526,0.0,EngineIQ_Sensor
2026-08-05T10:24:17.309187,0.0154,-0.0745,1.1526,0.0,EngineIQ_Sensor
2026-08-05T10:24:17.733375,0.0154,-0.0745,1.1526,0.0,EngineIQ_Sensor
2026-08-05T10:24:17.792600,0.0154,-0.0745,1.1526,0.0,EngineIQ_Sensor
2026-08-05T10:24:17.851935,0.0154,-0.0745,1.1526,0.0,EngineIQ_Sensor
2026-08-05T10:24:17.853905,0.0154,-0.0745,1.1526,0.0,EngineIQ_Sensor
2026-08-05T10:24:17.913470,0.0154,-0.0745,1.1526,0.0,EngineIQ_Sensor
2026-08-05T10:24:17.972565,0.0154,-0.0745,1.1526,0.0,EngineIQ_Sensor
2026-08-05T10:24:18.032243,0.0154,-0.0745,1.1526,0.0,EngineIQ_Sensor
2026-08-05T10:24:18.034140,0.0154,-0.0745,1.1526,0.0,EngineIQ_Sensor
2026-08-05T10:24:18.093165,0.0154,-0.0745,1.1526,0.0,EngineIQ_Sensor
2026-08-05T10:24:18.152740,0.0154,-0.0745,1.1526,0.0,EngineIQ_Sensor
2026-08-05T10:24:18.212139,0.0154,-0.0745,1.1526,0.0,EngineIQ_Sensor
2026-08-05T10:24:18.214017,0.0154,-0.0745,1.1526,0.0,EngineIQ_Sensor
2026-08-05T10:24:18.273315,0.0154,-0.0745,1.1526,0.0,EngineIQ_Sensor
2026-08-05T10:24:18.753318,0.0154,-0.0745,1.1526,0.0,EngineIQ_Sensor
2026-08-05T10:24:18.812825,0.0154,-0.0745,1.1526,0.0,EngineIQ_Sensor
2026-08-05T10:24:18.872233,0.0154,-0.0745,1.1526,0.0,EngineIQ_Sensor
2026-08-05T10:24:18.933263,0.0154,-0.0745,1.1526,0.0,EngineIQ_Sensor
2026-08-05T10:24:18.992619,0.0154,-0.0745,1.1526,0.0,EngineIQ_Sensor
2026-08-05T10:24:19.052012,0.0154,-0.0745,1.1526,0.0,EngineIQ_Sensor
2026-08-05T10:24:19.054341,0.0154,-0.0745,1.1526,0.0,EngineIQ_Sensor
2026-08-05T10:24:19.113246,0.0154,-0.0745,1.1526,0.0,EngineIQ_Sensor
2026-08-05T10:24:19.172896,0.0154,-0.0745,1.1526,0.0,EngineIQ_Sensor
2026-08-05T10:24:19.232476,0.0154,-0.0745,1.1526,0.0,EngineIQ_Sensor
2026-08-05T10:24:19.234088,0.0154,-0.0745,1.1526,0.0,EngineIQ_Sensor
2026-08-05T10:24:19.293240,0.0154,-0.0745,1.1526,0.0,EngineIQ_Sensor
2026-08-05T10:24:19.352660,0.0154,-0.0745,1.1526,0.0,EngineIQ_Sensor
2026-08-05T10:24:19.713325,0.0154,-0.0745,1.1526,0.0,EngineIQ_Sensor
2026-08-05T10:24:19.773393,0.0154,-0.0745,1.1526,0.0,EngineIQ_Sensor
2026-08-05T10:24:19.832627,0.0154,-0.0745,1.1526,0.0,EngineIQ_Sensor
2026-08-05T10:24:19.892026,0.0154,-0.0745,1.1526,0.0,EngineIQ_Sensor
2026-08-05T10:24:19.894013,0.0154,-0.0745,1.1526,0.0,EngineIQ_Sensor
2026-08-05T10:24:19.953302,0.0154,-0.0745,1.1526,0.0,EngineIQ_Sensor
2026-08-05T10:24:20.012582,0.0154,-0.0745,1.1526,0.0,EngineIQ_Sensor
2026-08-05T10:24:20.072012,0.0154,-0.0745,1.1526,0.0,EngineIQ_Sensor
2026-08-05T10:24:20.073908,0.0154,-0.0745,1.1526,0.0,EngineIQ_Sensor
2026-08-05T10:24:20.133270,0.0154,-0.0745,1.1526,0.0,EngineIQ_Sensor
2026-08-05T10:24:20.192630,0.0154,-0.0745,1.1526,0.0,EngineIQ_Sensor
2026-08-05T10:24:20.252049,0.0154,-0.0745,1.1526,0.0,EngineIQ_Sensor
2026-08-05T10:24:20.254008,0.0154,-0.0745,1.1526,0.0,EngineIQ_Sensor
2026-08-05T10:24:20.792613,0.0154,-0.0745,1.1526,0.0,EngineIQ_Sensor
2026-08-05T10:24:20.851968,0.0154,-0.0745,1.1526,0.0,EngineIQ_Sensor
2026-08-05T10:24:20.854722,0.0154,-0.0745,1.1526,0.0,EngineIQ_Sensor
2026-08-05T10:24:20.913939,0.0154,-0.0745,1.1526,0.0,EngineIQ_Sensor
2026-08-05T10:24:20.972798,0.0154,-0.0745,1.1526,0.0,EngineIQ_Sensor
2026-08-05T10:24:21.031901,0.0154,-0.0745,1.1526,0.0,EngineIQ_Sensor
2026-08-05T10:24:21.033594,0.0154,-0.0745,1.1526,0.0,EngineIQ_Sensor
2026-08-05T10:24:21.093423,0.0154,-0.0745,1.1526,0.0,EngineIQ_Sensor
2026-08-05T10:24:21.212071,0.0154,-0.0745,1.1526,0.0,EngineIQ_Sensor
2026-08-05T10:24:21.214551,0.0154,-0.0745,1.1526,0.0,EngineIQ_Sensor
2026-08-05T10:24:21.273337,0.0154,-0.0745,1.1526,0.0,EngineIQ_Sensor
2026-08-05T10:24:21.393293,0.0154,-0.0745,1.1526,0.0,EngineIQ_Sensor
2026-08-05T10:24:21.452339,0.0154,-0.0745,1.1526,0.0,EngineIQ_Sensor
2026-08-05T10:24:21.812707,0.0154,-0.0745,1.1526,0.0,EngineIQ_Sensor
2026-08-05T10:24:21.871855,0.0154,-0.0745,1.1526,0.0,EngineIQ_Sensor
2026-08-05T10:24:21.873835,0.0154,-0.0745,1.1526,0.0,EngineIQ_Sensor
2026-08-05T10:24:22.053536,0.0154,-0.0745,1.1526,0.0,EngineIQ_Sensor
2026-08-05T10:24:22.112107,0.0154,-0.0745,1.1526,0.0,EngineIQ_Sensor
2026-08-05T10:24:22.211203,0.0154,-0.0745,1.1526,0.0,EngineIQ_Sensor
2026-08-05T10:24:22.211966,0.0154,-0.0745,1.1526,0.0,EngineIQ_Sensor
2026-08-05T10:24:22.234456,0.0154,-0.0745,1.1526,0.0,EngineIQ_Sensor
2026-08-05T10:24:22.292641,0.0154,-0.0745,1.1526,0.0,EngineIQ_Sensor
2026-08-05T10:24:22.352213,0.0154,-0.0745,1.1526,0.0,EngineIQ_Sensor
2026-08-05T10:24:22.353819,0.0154,-0.0745,1.1526,0.0,EngineIQ_Sensor
2026-08-05T10:24:22.413339,0.0154,-0.0745,1.1526,0.0,EngineIQ_Sensor
2026-08-05T10:24:22.472629,0.0154,-0.0745,1.1526,0.0,EngineIQ_Sensor
2026-08-05T10:24:22.713249,0.0154,-0.0745,1.1526,0.0,EngineIQ_Sensor
2026-08-05T10:24:22.832098,0.0154,-0.0745,1.1526,0.0,EngineIQ_Sensor
2026-08-05T10:24:22.834219,0.0154,-0.0745,1.1526,0.0,EngineIQ_Sensor
2026-08-05T10:24:22.893393,0.0154,-0.0745,1.1526,0.0,EngineIQ_Sensor
2026-08-05T10:24:22.952444,0.0154,-0.0745,1.1526,0.0,EngineIQ_Sensor
2026-08-05T10:24:23.012064,0.0154,-0.0745,1.1526,0.0,EngineIQ_Sensor
2026-08-05T10:24:23.013827,0.0154,-0.0745,1.1526,0.0,EngineIQ_Sensor
2026-08-05T10:24:23.073271,0.0154,-0.0745,1.1526,0.0,EngineIQ_Sensor
2026-08-05T10:24:23.132595,0.0154,-0.0745,1.1526,0.0,EngineIQ_Sensor
2026-08-05T10:24:23.192085,0.0154,-0.0745,1.1526,0.0,EngineIQ_Sensor
2026-08-05T10:24:23.193947,0.0154,-0.0745,1.1526,0.0,EngineIQ_Sensor
2026-08-05T10:24:23.253255,0.0154,-0.0745,1.1526,0.0,EngineIQ_Sensor
2026-08-05T10:24:23.312555,0.0154,-0.0745,1.1526,0.0,EngineIQ_Sensor
2026-08-05T10:24:23.793077,0.0154,-0.0745,1.1526,0.0,EngineIQ_Sensor
2026-08-05T10:24:23.852364,0.0154,-0.0745,1.1526,0.0,EngineIQ_Sensor
2026-08-05T10:24:23.911899,0.0154,-0.0745,1.1526,0.0,EngineIQ_Sensor
2026-08-05T10:24:23.913720,0.0154,-0.0745,1.1526,0.0,EngineIQ_Sensor
2026-08-05T10:24:23.973542,0.0154,-0.0745,1.1526,0.0,EngineIQ_Sensor
2026-08-05T10:24:24.032613,0.0154,-0.0745,1.1526,0.0,EngineIQ_Sensor
2026-08-05T10:24:24.091859,0.0154,-0.0745,1.1526,0.0,EngineIQ_Sensor
2026-08-05T10:24:24.093916,0.0154,-0.0745,1.1526,0.0,EngineIQ_Sensor
2026-08-05T10:24:24.153271,0.0154,-0.0745,1.1526,0.0,EngineIQ_Sensor
2026-08-05T10:24:24.250513,0.0154,-0.0745,1.1526,0.0,EngineIQ_Sensor
2026-08-05T10:24:24.331848,0.0154,-0.0745,1.1526,0.0,EngineIQ_Sensor
2026-08-05T10:24:24.393501,0.0154,-0.0745,1.1526,0.0,EngineIQ_Sensor
2026-08-05T10:24:24.452640,0.0154,-0.0745,1.1526,0.0,EngineIQ_Sensor
2026-08-05T10:24:24.753175,0.0154,-0.0745,1.1526,0.0,EngineIQ_Sensor
2026-08-05T10:24:24.874698,0.0154,-0.0745,1.1526,0.0,EngineIQ_Sensor
2026-08-05T10:24:24.931760,0.0154,-0.0745,1.1526,0.0,EngineIQ_Sensor
2026-08-05T10:24:24.933602,0.0154,-0.0745,1.1526,0.0,EngineIQ_Sensor
2026-08-05T10:24:24.993399,0.0154,-0.0745,1.1526,0.0,EngineIQ_Sensor
2026-08-05T10:24:25.052437,0.0154,-0.0745,1.1526,0.0,EngineIQ_Sensor
2026-08-05T10:24:25.171814,0.0154,-0.0745,1.1526,0.0,EngineIQ_Sensor
2026-08-05T10:24:25.175018,0.0154,-0.0745,1.1526,0.0,EngineIQ_Sensor
2026-08-05T10:24:25.233446,0.0154,-0.0745,1.1526,0.0,EngineIQ_Sensor
2026-08-05T10:24:25.292518,0.0154,-0.0745,1.1526,0.0,EngineIQ_Sensor
2026-08-05T10:24:25.351966,0.0154,-0.0745,1.1526,0.0,EngineIQ_Sensor
2026-08-05T10:24:25.353804,0.0154,-0.0745,1.1526,0.0,EngineIQ_Sensor
2026-08-05T10:24:25.413468,0.0154,-0.0745,1.1526,0.0,EngineIQ_Sensor
2026-08-05T10:24:25.713245,0.0154,-0.0745,1.1526,0.0,EngineIQ_Sensor
2026-08-05T10:24:25.773219,0.0154,-0.0745,1.1526,0.0,EngineIQ_Sensor
2026-08-05T10:24:25.832430,0.0154,-0.0745,1.1526,0.0,EngineIQ_Sensor
2026-08-05T10:24:25.892011,0.0154,-0.0745,1.1526,0.0,EngineIQ_Sensor
2026-08-05T10:24:25.893956,0.0154,-0.0745,1.1526,0.0,EngineIQ_Sensor
2026-08-05T10:24:25.953034,0.0154,-0.0745,1.1526,0.0,EngineIQ_Sensor
2026-08-05T10:24:26.012479,0.0154,-0.0745,1.1526,0.0,EngineIQ_Sensor
2026-08-05T10:24:26.071892,0.0154,-0.0745,1.1526,0.0,EngineIQ_Sensor
2026-08-05T10:24:26.073812,0.0154,-0.0745,1.1526,0.0,EngineIQ_Sensor
2026-08-05T10:24:26.133070,0.0154,-0.0745,1.1526,0.0,EngineIQ_Sensor
2026-08-05T10:24:26.192740,0.0154,-0.0745,1.1526,0.0,EngineIQ_Sensor
2026-08-05T10:24:26.251880,0.0154,-0.0745,1.1526,0.0,EngineIQ_Sensor
2026-08-05T10:24:26.253819,0.0154,-0.0745,1.1526,0.0,EngineIQ_Sensor
2026-08-05T10:24:26.733263,0.0154,-0.0745,1.1526,0.0,EngineIQ_Sensor
2026-08-05T10:24:26.792675,0.0154,-0.0745,1.1526,0.0,EngineIQ_Sensor
2026-08-05T10:24:26.852108,0.0154,-0.0745,1.1526,0.0,EngineIQ_Sensor
2026-08-05T10:24:26.853907,0.0154,-0.0745,1.1526,0.0,EngineIQ_Sensor
2026-08-05T10:24:26.914423,0.0154,-0.0745,1.1526,0.0,EngineIQ_Sensor
2026-08-05T10:24:26.972986,0.0154,-0.0745,1.1526,0.0,EngineIQ_Sensor
2026-08-05T10:24:27.031870,0.0154,-0.0745,1.1526,0.0,EngineIQ_Sensor
2026-08-05T10:24:27.092452,0.0154,-0.0745,1.1526,0.0,EngineIQ_Sensor
2026-08-05T10:24:27.156113,0.0154,-0.0745,1.1526,0.0,EngineIQ_Sensor
2026-08-05T10:24:27.156387,0.0154,-0.0745,1.1526,0.0,EngineIQ_Sensor
2026-08-05T10:24:27.214943,0.0154,-0.0745,1.1526,0.0,EngineIQ_Sensor
2026-08-05T10:24:27.272457,0.0154,-0.0745,1.1526,0.0,EngineIQ_Sensor
2026-08-05T10:24:27.419238,0.0154,-0.0745,1.1526,0.0,EngineIQ_Sensor
2026-08-05T10:24:27.753157,0.0154,-0.0745,1.1526,0.0,EngineIQ_Sensor
2026-08-05T10:24:27.812570,0.0154,-0.0745,1.1526,0.0,EngineIQ_Sensor
2026-08-05T10:24:27.871951,0.0154,-0.0745,1.1526,0.0,EngineIQ_Sensor
2026-08-05T10:24:27.873806,0.0154,-0.0745,1.1526,0.0,EngineIQ_Sensor
2026-08-05T10:24:27.933039,0.0154,-0.0745,1.1526,0.0,EngineIQ_Sensor
2026-08-05T10:24:27.993954,0.0154,-0.0745,1.1526,0.0,EngineIQ_Sensor
2026-08-05T10:24:28.051801,0.0154,-0.0745,1.1526,0.0,EngineIQ_Sensor
2026-08-05T10:24:28.053918,0.0154,-0.0745,1.1526,0.0,EngineIQ_Sensor
2026-08-05T10:24:28.112937,0.0154,-0.0745,1.1526,0.0,EngineIQ_Sensor
2026-08-05T10:24:28.172460,0.0154,-0.0745,1.1526,0.0,EngineIQ_Sensor
2026-08-05T10:24:28.231859,0.0154,-0.0745,1.1526,0.0,EngineIQ_Sensor
2026-08-05T10:24:28.291857,0.0154,-0.0745,1.1526,0.0,EngineIQ_Sensor
2026-08-05T10:24:28.293817,0.0154,-0.0745,1.1526,0.0,EngineIQ_Sensor
2026-08-05T10:24:28.713218,0.0154,-0.0745,1.1526,0.0,EngineIQ_Sensor
2026-08-05T10:24:28.773150,0.0154,-0.0745,1.1526,0.0,EngineIQ_Sensor
2026-08-05T10:24:28.832419,0.0154,-0.0745,1.1526,0.0,EngineIQ_Sensor
2026-08-05T10:24:28.891648,0.0154,-0.0745,1.1526,0.0,EngineIQ_Sensor
2026-08-05T10:24:28.893714,0.0154,-0.0745,1.1526,0.0,EngineIQ_Sensor
2026-08-05T10:24:28.953102,0.0154,-0.0745,1.1526,0.0,EngineIQ_Sensor
2026-08-05T10:24:29.012542,0.0154,-0.0745,1.1526,0.0,EngineIQ_Sensor
2026-08-05T10:24:29.071859,0.0154,-0.0745,1.1526,0.0,EngineIQ_Sensor
2026-08-05T10:24:29.073769,0.0154,-0.0745,1.1526,0.0,EngineIQ_Sensor
2026-08-05T10:24:29.133102,0.0154,-0.0745,1.1526,0.0,EngineIQ_Sensor
2026-08-05T10:24:29.192403,0.0154,-0.0745,1.1526,0.0,EngineIQ_Sensor
2026-08-05T10:24:29.251736,0.0154,-0.0745,1.1526,0.0,EngineIQ_Sensor
2026-08-05T10:24:29.253785,0.0154,-0.0745,1.1526,0.0,EngineIQ_Sensor
2026-08-05T10:24:29.733220,0.0154,-0.0745,1.1526,0.0,EngineIQ_Sensor
2026-08-05T10:24:29.792475,0.0154,-0.0745,1.1526,0.0,EngineIQ_Sensor
2026-08-05T10:24:29.851710,0.0154,-0.0745,1.1526,0.0,EngineIQ_Sensor
2026-08-05T10:24:29.853940,0.0154,-0.0745,1.1526,0.0,EngineIQ_Sensor
2026-08-05T10:24:29.972332,0.0154,-0.0745,1.1526,0.0,EngineIQ_Sensor
2026-08-05T10:24:30.031919,0.0154,-0.0745,1.1526,0.0,EngineIQ_Sensor
2026-08-05T10:24:30.033791,0.0154,-0.0745,1.1526,0.0,EngineIQ_Sensor
2026-08-05T10:24:30.093054,0.0154,-0.0745,1.1526,0.0,EngineIQ_Sensor
2026-08-05T10:24:30.180330,0.0154,-0.0745,1.1526,0.0,EngineIQ_Sensor
2026-08-05T10:24:30.221897,0.0154,-0.0745,1.1526,0.0,EngineIQ_Sensor
2026-08-05T10:24:30.222253,0.0154,-0.0745,1.1526,0.0,EngineIQ_Sensor
2026-08-05T10:24:30.273234,0.0154,-0.0745,1.1526,0.0,EngineIQ_Sensor
2026-08-05T10:24:30.333062,0.0154,-0.0745,1.1526,0.0,EngineIQ_Sensor
2026-08-05T10:24:30.753174,0.0154,-0.0745,1.1526,0.0,EngineIQ_Sensor
2026-08-05T10:24:30.812236,0.0154,-0.0745,1.1526,0.0,EngineIQ_Sensor
2026-08-05T10:24:30.871844,0.0154,-0.0745,1.1526,0.0,EngineIQ_Sensor
2026-08-05T10:24:30.873849,0.0154,-0.0745,1.1526,0.0,EngineIQ_Sensor
2026-08-05T10:24:30.932868,0.0154,-0.0745,1.1526,0.0,EngineIQ_Sensor
2026-08-05T10:24:31.051634,0.0154,-0.0745,1.1526,0.0,EngineIQ_Sensor
2026-08-05T10:24:31.053714,0.0154,-0.0745,1.1526,0.0,EngineIQ_Sensor
2026-08-05T10:24:31.113133,0.0154,-0.0745,1.1526,0.0,EngineIQ_Sensor
2026-08-05T10:24:31.172246,0.0154,-0.0745,1.1526,0.0,EngineIQ_Sensor
2026-08-05T10:24:31.231678,0.0154,-0.0745,1.1526,0.0,EngineIQ_Sensor
2026-08-05T10:24:31.233738,0.0154,-0.0745,1.1526,0.0,EngineIQ_Sensor
2026-08-05T10:24:31.293264,0.0154,-0.0745,1.1526,0.0,EngineIQ_Sensor
2026-08-05T10:24:31.352569,0.0154,-0.0745,1.1526,0.0,EngineIQ_Sensor
2026-08-05T10:24:31.713211,0.0154,-0.0745,1.1526,0.0,EngineIQ_Sensor
2026-08-05T10:24:31.773003,0.0154,-0.0745,1.1526,0.0,EngineIQ_Sensor
2026-08-05T10:24:31.832301,0.0154,-0.0745,1.1526,0.0,EngineIQ_Sensor
2026-08-05T10:24:31.891598,0.0154,-0.0745,1.1526,0.0,EngineIQ_Sensor
2026-08-05T10:24:31.893659,0.0154,-0.0745,1.1526,0.0,EngineIQ_Sensor
2026-08-05T10:24:31.953028,0.0154,-0.0745,1.1526,0.0,EngineIQ_Sensor
2026-08-05T10:24:32.012261,0.0154,-0.0745,1.1526,0.0,EngineIQ_Sensor
2026-08-05T10:24:32.071757,0.0154,-0.0745,1.1526,0.0,EngineIQ_Sensor
2026-08-05T10:24:32.073671,0.0154,-0.0745,1.1526,0.0,EngineIQ_Sensor
2026-08-05T10:24:32.132951,0.0154,-0.0745,1.1526,0.0,EngineIQ_Sensor
2026-08-05T10:24:32.192429,0.0154,-0.0745,1.1526,0.0,EngineIQ_Sensor
2026-08-05T10:24:32.251740,0.0154,-0.0745,1.1526,0.0,EngineIQ_Sensor
2026-08-05T10:24:32.253775,0.0154,-0.0745,1.1526,0.0,EngineIQ_Sensor
2026-08-05T10:24:32.733078,0.0154,-0.0745,1.1526,0.0,EngineIQ_Sensor
2026-08-05T10:24:32.801228,0.0154,-0.0745,1.1526,0.0,EngineIQ_Sensor
2026-08-05T10:24:32.937649,0.0154,-0.0745,1.1526,0.0,EngineIQ_Sensor
2026-08-05T10:24:32.937904,0.0154,-0.0745,1.1526,0.0,EngineIQ_Sensor
2026-08-05T10:24:32.974561,0.0154,-0.0745,1.1526,0.0,EngineIQ_Sensor
2026-08-05T10:24:33.032616,0.0154,-0.0745,1.1526,0.0,EngineIQ_Sensor
2026-08-05T10:24:33.033658,0.0154,-0.0745,1.1526,0.0,EngineIQ_Sensor
2026-08-05T10:24:33.092987,0.0154,-0.0745,1.1526,0.0,EngineIQ_Sensor
2026-08-05T10:24:33.152210,0.0154,-0.0745,1.1526,0.0,EngineIQ_Sensor
2026-08-05T10:24:33.211541,0.0154,-0.0745,1.1526,0.0,EngineIQ_Sensor
2026-08-05T10:24:33.213889,0.0154,-0.0745,1.1526,0.0,EngineIQ_Sensor
2026-08-05T10:24:33.273000,0.0154,-0.0745,1.1526,0.0,EngineIQ_Sensor
2026-08-05T10:24:33.332566,0.0154,-0.0745,1.1526,0.0,EngineIQ_Sensor
2026-08-05T10:24:33.755774,0.0154,-0.0745,1.1526,0.0,EngineIQ_Sensor
2026-08-05T10:24:33.812266,0.0154,-0.0745,1.1526,0.0,EngineIQ_Sensor
2026-08-05T10:24:33.931621,0.0154,-0.0745,1.1526,0.0,EngineIQ_Sensor
2026-08-05T10:24:33.933762,0.0154,-0.0745,1.1526,0.0,EngineIQ_Sensor
2026-08-05T10:24:33.993097,0.0154,-0.0745,1.1526,0.0,EngineIQ_Sensor
2026-08-05T10:24:34.052194,0.0154,-0.0745,1.1526,0.0,EngineIQ_Sensor
2026-08-05T10:24:34.111631,0.0154,-0.0745,1.1526,0.0,EngineIQ_Sensor
2026-08-05T10:24:34.113644,0.0154,-0.0745,1.1526,0.0,EngineIQ_Sensor
2026-08-05T10:24:34.173193,0.0154,-0.0745,1.1526,0.0,EngineIQ_Sensor
2026-08-05T10:24:34.232800,0.0154,-0.0745,1.1526,0.0,EngineIQ_Sensor
2026-08-05T10:24:34.292116,0.0154,-0.0745,1.1526,0.0,EngineIQ_Sensor
2026-08-05T10:24:34.351804,0.0154,-0.0745,1.1526,0.0,EngineIQ_Sensor
2026-08-05T10:24:34.353643,0.0154,-0.0745,1.1526,0.0,EngineIQ_Sensor
2026-08-05T10:24:34.712916,0.0154,-0.0745,1.1526,0.0,EngineIQ_Sensor
2026-08-05T10:24:34.772818,0.0154,-0.0745,1.1526,0.0,EngineIQ_Sensor
2026-08-05T10:24:34.832238,0.0154,-0.0745,1.1526,0.0,EngineIQ_Sensor
2026-08-05T10:24:34.891841,0.0154,-0.0745,1.1526,0.0,EngineIQ_Sensor
2026-08-05T10:24:34.893625,0.0154,-0.0745,1.1526,0.0,EngineIQ_Sensor
2026-08-05T10:24:34.952757,0.0154,-0.0745,1.1526,0.0,EngineIQ_Sensor
2026-08-05T10:24:35.131749,0.0154,-0.0745,1.1526,0.0,EngineIQ_Sensor
2026-08-05T10:24:35.133643,0.0154,-0.0745,1.1526,0.0,EngineIQ_Sensor
2026-08-05T10:24:35.193974,0.0154,-0.0745,1.1526,0.0,EngineIQ_Sensor
2026-08-05T10:24:35.252883,0.0154,-0.0745,1.1526,0.0,EngineIQ_Sensor
2026-08-05T10:24:35.312235,0.0154,-0.0745,1.1526,0.0,EngineIQ_Sensor
2026-08-05T10:24:35.371632,0.0154,-0.0745,1.1526,0.0,EngineIQ_Sensor
2026-08-05T10:24:35.373607,0.0154,-0.0745,1.1526,0.0,EngineIQ_Sensor
2026-08-05T10:24:35.732723,0.0154,-0.0745,1.1526,0.0,EngineIQ_Sensor
2026-08-05T10:24:35.792144,0.0154,-0.0745,1.1526,0.0,EngineIQ_Sensor
2026-08-05T10:24:35.851507,0.0154,-0.0745,1.1526,0.0,EngineIQ_Sensor
2026-08-05T10:24:35.912297,0.0154,-0.0745,1.1526,0.0,EngineIQ_Sensor
2026-08-05T10:24:35.971751,0.0154,-0.0745,1.1526,0.0,EngineIQ_Sensor
2026-08-05T10:24:35.973490,0.0154,-0.0745,1.1526,0.0,EngineIQ_Sensor
2026-08-05T10:24:36.032836,0.0154,-0.0745,1.1526,0.0,EngineIQ_Sensor
2026-08-05T10:24:36.092314,0.0154,-0.0745,1.1526,0.0,EngineIQ_Sensor
2026-08-05T10:24:36.151703,0.0154,-0.0745,1.1526,0.0,EngineIQ_Sensor
2026-08-05T10:24:36.153600,0.0154,-0.0745,1.1526,0.0,EngineIQ_Sensor
2026-08-05T10:24:36.213247,0.0154,-0.0745,1.1526,0.0,EngineIQ_Sensor
2026-08-05T10:24:36.331640,0.0154,-0.0745,1.1526,0.0,EngineIQ_Sensor
2026-08-05T10:24:36.333753,0.0154,-0.0745,1.1526,0.0,EngineIQ_Sensor
2026-08-05T10:24:36.752984,0.0154,-0.0745,1.1526,0.0,EngineIQ_Sensor
2026-08-05T10:24:36.812236,0.0154,-0.0745,1.1526,0.0,EngineIQ_Sensor
2026-08-05T10:24:36.871419,0.0154,-0.0745,1.1526,0.0,EngineIQ_Sensor
2026-08-05T10:24:36.873324,0.0154,-0.0745,1.1526,0.0,EngineIQ_Sensor
2026-08-05T10:24:36.933093,0.0154,-0.0745,1.1526,0.0,EngineIQ_Sensor
2026-08-05T10:24:36.992394,0.0154,-0.0745,1.1526,0.0,EngineIQ_Sensor
2026-08-05T10:24:37.051616,0.0154,-0.0745,1.1526,0.0,EngineIQ_Sensor
2026-08-05T10:24:37.053814,0.0154,-0.0745,1.1526,0.0,EngineIQ_Sensor
2026-08-05T10:24:37.172323,0.0154,-0.0745,1.1526,0.0,EngineIQ_Sensor
2026-08-05T10:24:37.231549,0.0154,-0.0745,1.1526,0.0,EngineIQ_Sensor
2026-08-05T10:24:37.233407,0.0154,-0.0745,1.1526,0.0,EngineIQ_Sensor
2026-08-05T10:24:37.292913,0.0154,-0.0745,1.1526,0.0,EngineIQ_Sensor
2026-08-05T10:24:37.352428,0.0154,-0.0745,1.1526,0.0,EngineIQ_Sensor
2026-08-05T10:24:37.713072,0.0154,-0.0745,1.1526,0.0,EngineIQ_Sensor
2026-08-05T10:24:37.772963,0.0154,-0.0745,1.1526,0.0,EngineIQ_Sensor
2026-08-05T10:24:37.832072,0.0154,-0.0745,1.1526,0.0,EngineIQ_Sensor
2026-08-05T10:24:37.891593,0.0154,-0.0745,1.1526,0.0,EngineIQ_Sensor
2026-08-05T10:24:37.893441,0.0154,-0.0745,1.1526,0.0,EngineIQ_Sensor
2026-08-05T10:24:37.953057,0.0154,-0.0745,1.1526,0.0,EngineIQ_Sensor
2026-08-05T10:24:38.012628,0.0154,-0.0745,1.1526,0.0,EngineIQ_Sensor
2026-08-05T10:24:38.071690,0.0154,-0.0745,1.1526,0.0,EngineIQ_Sensor
2026-08-05T10:24:38.073479,0.0154,-0.0745,1.1526,0.0,EngineIQ_Sensor
2026-08-05T10:24:38.192828,0.0154,-0.0745,1.1526,0.0,EngineIQ_Sensor
2026-08-05T10:24:38.252488,0.0154,-0.0745,1.1526,0.0,EngineIQ_Sensor
2026-08-05T10:24:38.311747,0.0154,-0.0745,1.1526,0.0,EngineIQ_Sensor
2026-08-05T10:24:38.313529,0.0154,-0.0745,1.1526,0.0,EngineIQ_Sensor
2026-08-05T10:24:38.732755,0.0154,-0.0745,1.1526,0.0,EngineIQ_Sensor
2026-08-05T10:24:38.793328,0.0154,-0.0745,1.1526,0.0,EngineIQ_Sensor
2026-08-05T10:24:38.851583,0.0154,-0.0745,1.1526,0.0,EngineIQ_Sensor
2026-08-05T10:24:38.853709,0.0154,-0.0745,1.1526,0.0,EngineIQ_Sensor
2026-08-05T10:24:38.923366,0.0154,-0.0745,1.1526,0.0,EngineIQ_Sensor
2026-08-05T10:24:38.972153,0.0154,-0.0745,1.1526,0.0,EngineIQ_Sensor
2026-08-05T10:24:39.031495,0.0154,-0.0745,1.1526,0.0,EngineIQ_Sensor
2026-08-05T10:24:39.033489,0.0154,-0.0745,1.1526,0.0,EngineIQ_Sensor
2026-08-05T10:24:39.092964,0.0154,-0.0745,1.1526,0.0,EngineIQ_Sensor
2026-08-05T10:24:39.152105,0.0154,-0.0745,1.1526,0.0,EngineIQ_Sensor
2026-08-05T10:24:39.212226,0.0154,-0.0745,1.1526,0.0,EngineIQ_Sensor
2026-08-05T10:24:39.213811,0.0154,-0.0745,1.1526,0.0,EngineIQ_Sensor
2026-08-05T10:24:39.273458,0.0154,-0.0745,1.1526,0.0,EngineIQ_Sensor
2026-08-05T10:24:39.753488,0.0154,-0.0745,1.1526,0.0,EngineIQ_Sensor
2026-08-05T10:24:39.812207,0.0154,-0.0745,1.1526,0.0,EngineIQ_Sensor
2026-08-05T10:24:39.871600,0.0154,-0.0745,1.1526,0.0,EngineIQ_Sensor
2026-08-05T10:24:39.873748,0.0154,-0.0745,1.1526,0.0,EngineIQ_Sensor
2026-08-05T10:24:39.932952,0.0154,-0.0745,1.1526,0.0,EngineIQ_Sensor
2026-08-05T10:24:39.992052,0.0154,-0.0745,1.1526,0.0,EngineIQ_Sensor
2026-08-05T10:24:40.051518,0.0154,-0.0745,1.1526,0.0,EngineIQ_Sensor
2026-08-05T10:24:40.053451,0.0154,-0.0745,1.1526,0.0,EngineIQ_Sensor
2026-08-05T10:24:40.112791,0.0154,-0.0745,1.1526,0.0,EngineIQ_Sensor
2026-08-05T10:24:40.172023,0.0154,-0.0745,1.1526,0.0,EngineIQ_Sensor
2026-08-05T10:24:40.231603,0.0154,-0.0745,1.1526,0.0,EngineIQ_Sensor
2026-08-05T10:24:40.233518,0.0154,-0.0745,1.1526,0.0,EngineIQ_Sensor
2026-08-05T10:24:40.293172,0.0154,-0.0745,1.1526,0.0,EngineIQ_Sensor
2026-08-05T10:24:40.712944,0.0154,-0.0745,1.1526,0.0,EngineIQ_Sensor
2026-08-05T10:24:40.772893,0.0154,-0.0745,1.1526,0.0,EngineIQ_Sensor
2026-08-05T10:24:40.832248,0.0154,-0.0745,1.1526,0.0,EngineIQ_Sensor
2026-08-05T10:24:40.891520,0.0154,-0.0745,1.1526,0.0,EngineIQ_Sensor
2026-08-05T10:24:40.951487,0.0154,-0.0745,1.1526,0.0,EngineIQ_Sensor
2026-08-05T10:24:40.953858,0.0154,-0.0745,1.1526,0.0,EngineIQ_Sensor
2026-08-05T10:24:41.013030,0.0154,-0.0745,1.1526,0.0,EngineIQ_Sensor
2026-08-05T10:24:41.073232,0.0154,-0.0745,1.1526,0.0,EngineIQ_Sensor
2026-08-05T10:24:41.132370,0.0154,-0.0745,1.1526,0.0,EngineIQ_Sensor
2026-08-05T10:24:41.191435,0.0154,-0.0745,1.1526,0.0,EngineIQ_Sensor
2026-08-05T10:24:41.193712,0.0154,-0.0745,1.1526,0.0,EngineIQ_Sensor
2026-08-05T10:24:41.252867,0.0154,-0.0745,1.1526,0.0,EngineIQ_Sensor
2026-08-05T10:24:41.393292,0.0154,-0.0745,1.1526,0.0,EngineIQ_Sensor
2026-08-05T10:24:41.732712,0.0154,-0.0745,1.1526,0.0,EngineIQ_Sensor
2026-08-05T10:24:41.791989,0.0154,-0.0745,1.1526,0.0,EngineIQ_Sensor
2026-08-05T10:24:41.851593,0.0154,-0.0745,1.1526,0.0,EngineIQ_Sensor
2026-08-05T10:24:41.853407,0.0154,-0.0745,1.1526,0.0,EngineIQ_Sensor
2026-08-05T10:24:41.912749,0.0154,-0.0745,1.1526,0.0,EngineIQ_Sensor
2026-08-05T10:24:41.973481,0.0154,-0.0745,1.1526,0.0,EngineIQ_Sensor
2026-08-05T10:24:42.032070,0.0154,-0.0745,1.1526,0.0,EngineIQ_Sensor
2026-08-05T10:24:42.033608,0.0154,-0.0745,1.1526,0.0,EngineIQ_Sensor
2026-08-05T10:24:42.151932,0.0154,-0.0745,1.1526,0.0,EngineIQ_Sensor
2026-08-05T10:24:42.211446,0.0154,-0.0745,1.1526,0.0,EngineIQ_Sensor
2026-08-05T10:24:42.213356,0.0154,-0.0745,1.1526,0.0,EngineIQ_Sensor
2026-08-05T10:24:42.273110,0.0154,-0.0745,1.1526,0.0,EngineIQ_Sensor
2026-08-05T10:24:42.332789,0.0154,-0.0745,1.1526,0.0,EngineIQ_Sensor
2026-08-05T10:24:42.752872,0.0154,-0.0745,1.1526,0.0,EngineIQ_Sensor
2026-08-05T10:24:42.812081,0.0154,-0.0745,1.1526,0.0,EngineIQ_Sensor
2026-08-05T10:24:42.871413,0.0154,-0.0745,1.1526,0.0,EngineIQ_Sensor
2026-08-05T10:24:42.873617,0.0154,-0.0745,1.1526,0.0,EngineIQ_Sensor
2026-08-05T10:24:42.933007,0.0154,-0.0745,1.1526,0.0,EngineIQ_Sensor
2026-08-05T10:24:42.992147,0.0154,-0.0745,1.1526,0.0,EngineIQ_Sensor
2026-08-05T10:24:43.051520,0.0154,-0.0745,1.1526,0.0,EngineIQ_Sensor
2026-08-05T10:24:43.118511,0.0154,-0.0745,1.1526,0.0,EngineIQ_Sensor
2026-08-05T10:24:43.118999,0.0154,-0.0745,1.1526,0.0,EngineIQ_Sensor
2026-08-05T10:24:43.173416,0.0154,-0.0745,1.1526,0.0,EngineIQ_Sensor
2026-08-05T10:24:43.232262,0.0154,-0.0745,1.1526,0.0,EngineIQ_Sensor
2026-08-05T10:24:43.292328,0.0154,-0.0745,1.1526,0.0,EngineIQ_Sensor
2026-08-05T10:24:43.293539,0.0154,-0.0745,1.1526,0.0,EngineIQ_Sensor
2026-08-05T10:24:43.713409,0.0154,-0.0745,1.1526,0.0,EngineIQ_Sensor
2026-08-05T10:24:43.773073,0.0154,-0.0745,1.1526,0.0,EngineIQ_Sensor
2026-08-05T10:24:43.832118,0.0154,-0.0745,1.1526,0.0,EngineIQ_Sensor
2026-08-05T10:24:43.891584,0.0154,-0.0745,1.1526,0.0,EngineIQ_Sensor
2026-08-05T10:24:43.893955,0.0154,-0.0745,1.1526,0.0,EngineIQ_Sensor
2026-08-05T10:24:43.952963,0.0154,-0.0745,1.1526,0.0,EngineIQ_Sensor
2026-08-05T10:24:44.012996,0.0154,-0.0745,1.1526,0.0,EngineIQ_Sensor
2026-08-05T10:24:44.072470,0.0154,-0.0745,1.1526,0.0,EngineIQ_Sensor
2026-08-05T10:24:44.073284,0.0154,-0.0745,1.1526,0.0,EngineIQ_Sensor
2026-08-05T10:24:44.132885,0.0154,-0.0745,1.1526,0.0,EngineIQ_Sensor
2026-08-05T10:24:44.192148,0.0154,-0.0745,1.1526,0.0,EngineIQ_Sensor
2026-08-05T10:24:44.251697,0.0154,-0.0745,1.1526,0.0,EngineIQ_Sensor
2026-08-05T10:24:44.254102,0.0154,-0.0745,1.1526,0.0,EngineIQ_Sensor
2026-08-05T10:24:44.732812,0.0154,-0.0745,1.1526,0.0,EngineIQ_Sensor
2026-08-05T10:24:44.792109,0.0154,-0.0745,1.1526,0.0,EngineIQ_Sensor
2026-08-05T10:24:44.852747,0.0154,-0.0745,1.1526,0.0,EngineIQ_Sensor
2026-08-05T10:24:44.912157,0.0154,-0.0745,1.1526,0.0,EngineIQ_Sensor
2026-08-05T10:24:44.971289,0.0154,-0.0745,1.1526,0.0,EngineIQ_Sensor
2026-08-05T10:24:44.973228,0.0154,-0.0745,1.1526,0.0,EngineIQ_Sensor
2026-08-05T10:24:45.032807,0.0154,-0.0745,1.1526,0.0,EngineIQ_Sensor
2026-08-05T10:24:45.092111,0.0154,-0.0745,1.1526,0.0,EngineIQ_Sensor
2026-08-05T10:24:45.151795,0.0154,-0.0745,1.1526,0.0,EngineIQ_Sensor
2026-08-05T10:24:45.166346,0.0154,-0.0745,1.1526,0.0,EngineIQ_Sensor
2026-08-05T10:24:45.212683,0.0154,-0.0745,1.1526,0.0,EngineIQ_Sensor
2026-08-05T10:24:45.271959,0.0154,-0.0745,1.1526,0.0,EngineIQ_Sensor
2026-08-05T10:24:45.355956,0.0154,-0.0745,1.1526,0.0,EngineIQ_Sensor
2026-08-05T10:24:45.752785,0.0154,-0.0745,1.1526,0.0,EngineIQ_Sensor
2026-08-05T10:24:45.811980,0.0154,-0.0745,1.1526,0.0,EngineIQ_Sensor
2026-08-05T10:24:45.871631,0.0154,-0.0745,1.1526,0.0,EngineIQ_Sensor
2026-08-05T10:24:45.873566,0.0154,-0.0745,1.1526,0.0,EngineIQ_Sensor
2026-08-05T10:24:45.933202,0.0154,-0.0745,1.1526,0.0,EngineIQ_Sensor
2026-08-05T10:24:45.994779,0.0154,-0.0745,1.1526,0.0,EngineIQ_Sensor
2026-08-05T10:24:46.051320,0.0154,-0.0745,1.1526,0.0,EngineIQ_Sensor
2026-08-05T10:24:46.053648,0.0154,-0.0745,1.1526,0.0,EngineIQ_Sensor
2026-08-05T10:24:46.112936,0.0154,-0.0745,1.1526,0.0,EngineIQ_Sensor
2026-08-05T10:24:46.171925,0.0154,-0.0745,1.1526,0.0,EngineIQ_Sensor
2026-08-05T10:24:46.231745,0.0154,-0.0745,1.1526,0.0,EngineIQ_Sensor
2026-08-05T10:24:46.233402,0.0154,-0.0745,1.1526,0.0,EngineIQ_Sensor
2026-08-05T10:24:46.292671,0.0154,-0.0745,1.1526,0.0,EngineIQ_Sensor
2026-08-05T10:24:46.712979,0.0154,-0.0745,1.1526,0.0,EngineIQ_Sensor
2026-08-05T10:24:46.772730,0.0154,-0.0745,1.1526,0.0,EngineIQ_Sensor
2026-08-05T10:24:46.832003,0.0154,-0.0745,1.1526,0.0,EngineIQ_Sensor
2026-08-05T10:24:46.891556,0.0154,-0.0745,1.1526,0.0,EngineIQ_Sensor
2026-08-05T10:24:46.893346,0.0154,-0.0745,1.1526,0.0,EngineIQ_Sensor
2026-08-05T10:24:46.952830,0.0154,-0.0745,1.1526,0.0,EngineIQ_Sensor
2026-08-05T10:24:47.012531,0.0154,-0.0745,1.1526,0.0,EngineIQ_Sensor
2026-08-05T10:24:47.072242,0.0154,-0.0745,1.1526,0.0,EngineIQ_Sensor
2026-08-05T10:24:47.074290,0.0154,-0.0745,1.1526,0.0,EngineIQ_Sensor
2026-08-05T10:24:47.132707,0.0154,-0.0745,1.1526,0.0,EngineIQ_Sensor
2026-08-05T10:24:47.252131,0.0154,-0.0745,1.1526,0.0,EngineIQ_Sensor
2026-08-05T10:24:47.253670,0.0154,-0.0745,1.1526,0.0,EngineIQ_Sensor
2026-08-05T10:24:47.347810,0.0154,-0.0745,1.1526,0.0,EngineIQ_Sensor
2026-08-05T10:24:47.733169,0.0154,-0.0745,1.1526,0.0,EngineIQ_Sensor
2026-08-05T10:24:47.792052,0.0154,-0.0745,1.1526,0.0,EngineIQ_Sensor
2026-08-05T10:24:47.851407,0.0154,-0.0745,1.1526,0.0,EngineIQ_Sensor
2026-08-05T10:24:47.853515,0.0154,-0.0745,1.1526,0.0,EngineIQ_Sensor
2026-08-05T10:24:47.912959,0.0154,-0.0745,1.1526,0.0,EngineIQ_Sensor
2026-08-05T10:24:47.972043,0.0154,-0.0745,1.1526,0.0,EngineIQ_Sensor
2026-08-05T10:24:48.031420,0.0154,-0.0745,1.1526,0.0,EngineIQ_Sensor
2026-08-05T10:24:48.091418,0.0154,-0.0745,1.1526,0.0,EngineIQ_Sensor
2026-08-05T10:24:48.093207,0.0154,-0.0745,1.1526,0.0,EngineIQ_Sensor
2026-08-05T10:24:48.152573,0.0154,-0.0745,1.1526,0.0,EngineIQ_Sensor
2026-08-05T10:24:48.271829,0.0154,-0.0745,1.1526,0.0,EngineIQ_Sensor
2026-08-05T10:24:48.331388,0.0154,-0.0745,1.1526,0.0,EngineIQ_Sensor
2026-08-05T10:24:48.333313,0.0154,-0.0745,1.1526,0.0,EngineIQ_Sensor
2026-08-05T10:24:48.752603,0.0154,-0.0745,1.1526,0.0,EngineIQ_Sensor
2026-08-05T10:24:48.811883,0.0154,-0.0745,1.1526,0.0,EngineIQ_Sensor
2026-08-05T10:24:48.871303,0.0154,-0.0745,1.1526,0.0,EngineIQ_Sensor
2026-08-05T10:24:48.873102,0.0154,-0.0745,1.1526,0.0,EngineIQ_Sensor
2026-08-05T10:24:48.992698,0.0154,-0.0745,1.1526,0.0,EngineIQ_Sensor
2026-08-05T10:24:49.052065,0.0154,-0.0745,1.1526,0.0,EngineIQ_Sensor
2026-08-05T10:24:49.111268,0.0154,-0.0745,1.1526,0.0,EngineIQ_Sensor
2026-08-05T10:24:49.113469,0.0154,-0.0745,1.1526,0.0,EngineIQ_Sensor
2026-08-05T10:24:49.172722,0.0154,-0.0745,1.1526,0.0,EngineIQ_Sensor
2026-08-05T10:24:49.232573,0.0154,-0.0745,1.1526,0.0,EngineIQ_Sensor
2026-08-05T10:24:49.291992,0.0154,-0.0745,1.1526,0.0,EngineIQ_Sensor
2026-08-05T10:24:49.351403,0.0154,-0.0745,1.1526,0.0,EngineIQ_Sensor
2026-08-05T10:24:49.353200,0.0154,-0.0745,1.1526,0.0,EngineIQ_Sensor
2026-08-05T10:24:49.712692,0.0154,-0.0745,1.1526,0.0,EngineIQ_Sensor
2026-08-05T10:24:49.772374,0.0154,-0.0745,1.1526,0.0,EngineIQ_Sensor
2026-08-05T10:24:49.831743,0.0154,-0.0745,1.1526,0.0,EngineIQ_Sensor
2026-08-05T10:24:49.891317,0.0154,-0.0745,1.1526,0.0,EngineIQ_Sensor
2026-08-05T10:24:49.893363,0.0154,-0.0745,1.1526,0.0,EngineIQ_Sensor
2026-08-05T10:24:49.952370,0.0154,-0.0745,1.1526,0.0,EngineIQ_Sensor
2026-08-05T10:24:50.018012,0.0154,-0.0745,1.1526,0.0,EngineIQ_Sensor
2026-08-05T10:24:50.071261,0.0154,-0.0745,1.1526,0.0,EngineIQ_Sensor
2026-08-05T10:24:50.073005,0.0154,-0.0745,1.1526,0.0,EngineIQ_Sensor
2026-08-05T10:24:50.132383,0.0154,-0.0745,1.1526,0.0,EngineIQ_Sensor
2026-08-05T10:24:50.192739,0.0154,-0.0745,1.1526,0.0,EngineIQ_Sensor
2026-08-05T10:24:50.311364,0.0154,-0.0745,1.1526,0.0,EngineIQ_Sensor
2026-08-05T10:24:50.314194,0.0154,-0.0745,1.1526,0.0,EngineIQ_Sensor
2026-08-05T10:24:50.732565,0.0154,-0.0745,1.1526,0.0,EngineIQ_Sensor
2026-08-05T10:24:50.792818,0.0154,-0.0745,1.1526,0.0,EngineIQ_Sensor
2026-08-05T10:24:50.851352,0.0154,-0.0745,1.1526,0.0,EngineIQ_Sensor
2026-08-05T10:24:50.853682,0.0154,-0.0745,1.1526,0.0,EngineIQ_Sensor
2026-08-05T10:24:50.912682,0.0154,-0.0745,1.1526,0.0,EngineIQ_Sensor
2026-08-05T10:24:50.971837,0.0154,-0.0745,1.1526,0.0,EngineIQ_Sensor
2026-08-05T10:24:51.031406,0.0154,-0.0745,1.1526,0.0,EngineIQ_Sensor
2026-08-05T10:24:51.033313,0.0154,-0.0745,1.1526,0.0,EngineIQ_Sensor
2026-08-05T10:24:51.092642,0.0154,-0.0745,1.1526,0.0,EngineIQ_Sensor
2026-08-05T10:24:51.151993,0.0154,-0.0745,1.1526,0.0,EngineIQ_Sensor
2026-08-05T10:24:51.211505,0.0154,-0.0745,1.1526,0.0,EngineIQ_Sensor
2026-08-05T10:24:51.213325,0.0154,-0.0745,1.1526,0.0,EngineIQ_Sensor
2026-08-05T10:24:51.272974,0.0154,-0.0745,1.1526,0.0,EngineIQ_Sensor
2026-08-05T10:24:51.752417,0.0154,-0.0745,1.1526,0.0,EngineIQ_Sensor
2026-08-05T10:24:51.812726,0.0154,-0.0745,1.1526,0.0,EngineIQ_Sensor
2026-08-05T10:24:51.871430,0.0154,-0.0745,1.1526,0.0,EngineIQ_Sensor
2026-08-05T10:24:51.873437,0.0154,-0.0745,1.1526,0.0,EngineIQ_Sensor
2026-08-05T10:24:51.942674,0.0154,-0.0745,1.1526,0.0,EngineIQ_Sensor
2026-08-05T10:24:51.992015,0.0154,-0.0745,1.1526,0.0,EngineIQ_Sensor
2026-08-05T10:24:52.051374,0.0154,-0.0745,1.1526,0.0,EngineIQ_Sensor
2026-08-05T10:24:52.054123,0.0154,-0.0745,1.1526,0.0,EngineIQ_Sensor
2026-08-05T10:24:52.112528,0.0154,-0.0745,1.1526,0.0,EngineIQ_Sensor
2026-08-05T10:24:52.172655,0.0154,-0.0745,1.1526,0.0,EngineIQ_Sensor
2026-08-05T10:24:52.236498,0.0154,-0.0745,1.1526,0.0,EngineIQ_Sensor
2026-08-05T10:24:52.291187,0.0154,-0.0745,1.1526,0.0,EngineIQ_Sensor
2026-08-05T10:24:52.292978,0.0154,-0.0745,1.1526,0.0,EngineIQ_Sensor
2026-08-05T10:24:52.713512,0.0154,-0.0745,1.1526,0.0,EngineIQ_Sensor
2026-08-05T10:24:52.772497,0.0154,-0.0745,1.1526,0.0,EngineIQ_Sensor
2026-08-05T10:24:52.832956,0.0154,-0.0745,1.1526,0.0,EngineIQ_Sensor
2026-08-05T10:24:52.893783,0.0154,-0.0745,1.1526,0.0,EngineIQ_Sensor
2026-08-05T10:24:52.894123,0.0154,-0.0745,1.1526,0.0,EngineIQ_Sensor
2026-08-05T10:24:52.953670,0.0154,-0.0745,1.1526,0.0,EngineIQ_Sensor
2026-08-05T10:24:53.011925,0.0154,-0.0745,1.1526,0.0,EngineIQ_Sensor
2026-08-05T10:24:53.071448,0.0154,-0.0745,1.1526,0.0,EngineIQ_Sensor
2026-08-05T10:24:53.073474,0.0154,-0.0745,1.1526,0.0,EngineIQ_Sensor
2026-08-05T10:24:53.132846,0.0154,-0.0745,1.1526,0.0,EngineIQ_Sensor
2026-08-05T10:24:53.191782,0.0154,-0.0745,1.1526,0.0,EngineIQ_Sensor
2026-08-05T10:24:53.251648,0.0154,-0.0745,1.1526,0.0,EngineIQ_Sensor
2026-08-05T10:24:53.253092,0.0154,-0.0745,1.1526,0.0,EngineIQ_Sensor
2026-08-05T10:24:53.797533,0.0154,-0.0745,1.1526,0.0,EngineIQ_Sensor
2026-08-05T10:24:53.799602,0.0154,-0.0745,1.1526,0.0,EngineIQ_Sensor
2026-08-05T10:24:53.865227,0.0154,-0.0745,1.1526,0.0,EngineIQ_Sensor
2026-08-05T10:24:53.865573,0.0154,-0.0745,1.1526,0.0,EngineIQ_Sensor
2026-08-05T10:24:53.914047,0.0154,-0.0745,1.1526,0.0,EngineIQ_Sensor
2026-08-05T10:24:53.971668,0.0154,-0.0745,1.1526,0.0,EngineIQ_Sensor
2026-08-05T10:24:54.031065,0.0154,-0.0745,1.1526,0.0,EngineIQ_Sensor
2026-08-05T10:24:54.032883,0.0154,-0.0745,1.1526,0.0,EngineIQ_Sensor
2026-08-05T10:24:54.093057,0.0154,-0.0745,1.1526,0.0,EngineIQ_Sensor
2026-08-05T10:24:54.152375,0.0154,-0.0745,1.1526,0.0,EngineIQ_Sensor
2026-08-05T10:24:54.212923,0.0154,-0.0745,1.1526,0.0,EngineIQ_Sensor
2026-08-05T10:24:54.214437,0.0154,-0.0745,1.1526,0.0,EngineIQ_Sensor
2026-08-05T10:24:54.272738,0.0154,-0.0745,1.1526,0.0,EngineIQ_Sensor
2026-08-05T10:24:54.752882,0.0154,-0.0745,1.1526,0.0,EngineIQ_Sensor
2026-08-05T10:24:54.812259,0.0154,-0.0745,1.1526,0.0,EngineIQ_Sensor
2026-08-05T10:24:54.872091,0.0154,-0.0745,1.1526,0.0,EngineIQ_Sensor
2026-08-05T10:24:54.932531,0.0154,-0.0745,1.1526,0.0,EngineIQ_Sensor
2026-08-05T10:24:54.994733,0.0154,-0.0745,1.1526,0.0,EngineIQ_Sensor
2026-08-05T10:24:55.111348,0.0154,-0.0745,1.1526,0.0,EngineIQ_Sensor
2026-08-05T10:24:55.113112,0.0154,-0.0745,1.1526,0.0,EngineIQ_Sensor
2026-08-05T10:24:55.176009,0.0154,-0.0745,1.1526,0.0,EngineIQ_Sensor
2026-08-05T10:24:55.233131,0.0154,-0.0745,1.1526,0.0,EngineIQ_Sensor
2026-08-05T10:24:55.291708,0.0154,-0.0745,1.1526,0.0,EngineIQ_Sensor
2026-08-05T10:24:55.294316,0.0154,-0.0745,1.1526,0.0,EngineIQ_Sensor
2026-08-05T10:24:55.353305,0.0154,-0.0745,1.1526,0.0,EngineIQ_Sensor
2026-08-05T10:24:55.417617,0.0154,-0.0745,1.1526,0.0,EngineIQ_Sensor
2026-08-05T10:24:55.713650,0.0154,-0.0745,1.1526,0.0,EngineIQ_Sensor
2026-08-05T10:24:55.773352,0.0154,-0.0745,1.1526,0.0,EngineIQ_Sensor
2026-08-05T10:24:55.838472,0.0154,-0.0745,1.1526,0.0,EngineIQ_Sensor
2026-08-05T10:24:55.898541,0.0154,-0.0745,1.1526,0.0,EngineIQ_Sensor
2026-08-05T10:24:55.954458,0.0154,-0.0745,1.1526,0.0,EngineIQ_Sensor
2026-08-05T10:24:55.956426,0.0154,-0.0745,1.1526,0.0,EngineIQ_Sensor
2026-08-05T10:24:56.015565,0.0154,-0.0745,1.1526,0.0,EngineIQ_Sensor
2026-08-05T10:24:56.072420,0.0154,-0.0745,1.1526,0.0,EngineIQ_Sensor
2026-08-05T10:24:56.131219,0.0154,-0.0745,1.1526,0.0,EngineIQ_Sensor
2026-08-05T10:24:56.133324,0.0154,-0.0745,1.1526,0.0,EngineIQ_Sensor
2026-08-05T10:24:56.192750,0.0154,-0.0745,1.1526,0.0,EngineIQ_Sensor
2026-08-05T10:24:56.251825,0.0154,-0.0745,1.1526,0.0,EngineIQ_Sensor
2026-08-05T10:24:56.311686,0.0154,-0.0745,1.1526,0.0,EngineIQ_Sensor
2026-08-05T10:24:56.732663,0.0154,-0.0745,1.1526,0.0,EngineIQ_Sensor
2026-08-05T10:24:56.792951,0.0154,-0.0745,1.1526,0.0,EngineIQ_Sensor
2026-08-05T10:24:56.851483,0.0154,-0.0745,1.1526,0.0,EngineIQ_Sensor
2026-08-05T10:24:56.853158,0.0154,-0.0745,1.1526,0.0,EngineIQ_Sensor
2026-08-05T10:24:56.912551,0.0154,-0.0745,1.1526,0.0,EngineIQ_Sensor
2026-08-05T10:24:56.972620,0.0154,-0.0745,1.1526,0.0,EngineIQ_Sensor
2026-08-05T10:24:57.031910,0.0154,-0.0745,1.1526,0.0,EngineIQ_Sensor
2026-08-05T10:24:57.091226,0.0154,-0.0745,1.1526,0.0,EngineIQ_Sensor
2026-08-05T10:24:57.093243,0.0154,-0.0745,1.1526,0.0,EngineIQ_Sensor
2026-08-05T10:24:57.152761,0.0154,-0.0745,1.1526,0.0,EngineIQ_Sensor
2026-08-05T10:24:57.211901,0.0154,-0.0745,1.1526,0.0,EngineIQ_Sensor
2026-08-05T10:24:57.271318,0.0154,-0.0745,1.1526,0.0,EngineIQ_Sensor
2026-08-05T10:24:57.332656,0.0154,-0.0745,1.1526,0.0,EngineIQ_Sensor
2026-08-05T10:24:57.752488,0.0154,-0.0745,1.1526,0.0,EngineIQ_Sensor
2026-08-05T10:24:57.871904,0.0154,-0.0745,1.1526,0.0,EngineIQ_Sensor
2026-08-05T10:24:57.933135,0.0154,-0.0745,1.1526,0.0,EngineIQ_Sensor
2026-08-05T10:24:57.933460,0.0154,-0.0745,1.1526,0.0,EngineIQ_Sensor
2026-08-05T10:24:57.992616,0.0154,-0.0745,1.1526,0.0,EngineIQ_Sensor
2026-08-05T10:24:58.052231,0.0154,-0.0745,1.1526,0.0,EngineIQ_Sensor
2026-08-05T10:24:58.171131,0.0154,-0.0745,1.1526,0.0,EngineIQ_Sensor
2026-08-05T10:24:58.173376,0.0154,-0.0745,1.1526,0.0,EngineIQ_Sensor
2026-08-05T10:24:58.252778,0.0154,-0.0745,1.1526,0.0,EngineIQ_Sensor
2026-08-05T10:24:58.304707,0.0154,-0.0745,1.1526,0.0,EngineIQ_Sensor
2026-08-05T10:24:58.371621,0.0154,-0.0745,1.1526,0.0,EngineIQ_Sensor
2026-08-05T10:24:58.371922,0.0154,-0.0745,1.1526,0.0,EngineIQ_Sensor
2026-08-05T10:24:58.443412,0.0154,-0.0745,1.1526,0.0,EngineIQ_Sensor
2026-08-05T10:24:58.769824,0.0154,-0.0745,1.1526,0.0,EngineIQ_Sensor
2026-08-05T10:24:58.776448,0.0154,-0.0745,1.1526,0.0,EngineIQ_Sensor
2026-08-05T10:24:58.881709,0.0154,-0.0745,1.1526,0.0,EngineIQ_Sensor
2026-08-05T10:24:58.908392,0.0154,-0.0745,1.1526,0.0,EngineIQ_Sensor
2026-08-05T10:24:58.913206,0.0154,-0.0745,1.1526,0.0,EngineIQ_Sensor
2026-08-05T10:24:58.953223,0.0154,-0.0745,1.1526,0.0,EngineIQ_Sensor
2026-08-05T10:24:59.012762,0.0154,-0.0745,1.1526,0.0,EngineIQ_Sensor
2026-08-05T10:24:59.070973,0.0154,-0.0745,1.1526,0.0,EngineIQ_Sensor
2026-08-05T10:24:59.073114,0.0154,-0.0745,1.1526,0.0,EngineIQ_Sensor
2026-08-05T10:24:59.132296,0.0154,-0.0745,1.1526,0.0,EngineIQ_Sensor
2026-08-05T10:24:59.191681,0.0154,-0.0745,1.1526,0.0,EngineIQ_Sensor
2026-08-05T10:24:59.251251,0.0154,-0.0745,1.1526,0.0,EngineIQ_Sensor
2026-08-05T10:24:59.253063,0.0154,-0.0745,1.1526,0.0,EngineIQ_Sensor
2026-08-05T10:24:59.732674,0.0154,-0.0745,1.1526,0.0,EngineIQ_Sensor
2026-08-05T10:24:59.791762,0.0154,-0.0745,1.1526,0.0,EngineIQ_Sensor
2026-08-05T10:24:59.852969,0.0154,-0.0745,1.1526,0.0,EngineIQ_Sensor
2026-08-05T10:24:59.853369,0.0154,-0.0745,1.1526,0.0,EngineIQ_Sensor
2026-08-05T10:24:59.912376,0.0154,-0.0745,1.1526,0.0,EngineIQ_Sensor
2026-08-05T10:24:59.972044,0.0154,-0.0745,1.1526,0.0,EngineIQ_Sensor
2026-08-05T10:25:00.031430,0.0154,-0.0745,1.1526,0.0,EngineIQ_Sensor
2026-08-05T10:25:00.032971,0.0154,-0.0745,1.1526,0.0,EngineIQ_Sensor
2026-08-05T10:25:00.092476,0.0154,-0.0745,1.1526,0.0,EngineIQ_Sensor
2026-08-05T10:25:00.151867,0.0154,-0.0745,1.1526,0.0,EngineIQ_Sensor
2026-08-05T10:25:00.211241,0.0154,-0.0745,1.1526,0.0,EngineIQ_Sensor
2026-08-05T10:25:00.214761,0.0154,-0.0745,1.1526,0.0,EngineIQ_Sensor
2026-08-05T10:25:00.272707,0.0154,-0.0745,1.1526,0.0,EngineIQ_Sensor
2026-08-05T10:25:00.752397,0.0154,-0.0745,1.1526,0.0,EngineIQ_Sensor
2026-08-05T10:25:00.811777,0.0154,-0.0745,1.1526,0.0,EngineIQ_Sensor
2026-08-05T10:25:00.871111,0.0154,-0.0745,1.1526,0.0,EngineIQ_Sensor
2026-08-05T10:25:00.873004,0.0154,-0.0745,1.1526,0.0,EngineIQ_Sensor
2026-08-05T10:25:00.932390,0.0154,-0.0745,1.1526,0.0,EngineIQ_Sensor
2026-08-05T10:25:01.051067,0.0154,-0.0745,1.1526,0.0,EngineIQ_Sensor
2026-08-05T10:25:01.053265,0.0154,-0.0745,1.1526,0.0,EngineIQ_Sensor
2026-08-05T10:25:01.112480,0.0154,-0.0745,1.1526,0.0,EngineIQ_Sensor
2026-08-05T10:25:01.172117,0.0154,-0.0745,1.1526,0.0,EngineIQ_Sensor
2026-08-05T10:25:01.231009,0.0154,-0.0745,1.1526,0.0,EngineIQ_Sensor
2026-08-05T10:25:01.233005,0.0154,-0.0745,1.1526,0.0,EngineIQ_Sensor
2026-08-05T10:25:01.292308,0.0154,-0.0745,1.1526,0.0,EngineIQ_Sensor
2026-08-05T10:25:01.351854,0.0154,-0.0745,1.1526,0.0,EngineIQ_Sensor
2026-08-05T10:25:01.771846,0.0154,-0.0745,1.1526,0.0,EngineIQ_Sensor
2026-08-05T10:25:01.831109,0.0154,-0.0745,1.1526,0.0,EngineIQ_Sensor
2026-08-05T10:25:01.832910,0.0154,-0.0745,1.1526,0.0,EngineIQ_Sensor
2026-08-05T10:25:01.978520,0.0154,-0.0745,1.1526,0.0,EngineIQ_Sensor
2026-08-05T10:25:01.978995,0.0154,-0.0745,1.1526,0.0,EngineIQ_Sensor
2026-08-05T10:25:02.038602,0.0154,-0.0745,1.1526,0.0,EngineIQ_Sensor
2026-08-05T10:25:02.071978,0.0154,-0.0745,1.1526,0.0,EngineIQ_Sensor
2026-08-05T10:25:02.130919,0.0154,-0.0745,1.1526,0.0,EngineIQ_Sensor
2026-08-05T10:25:02.132943,0.0154,-0.0745,1.1526,0.0,EngineIQ_Sensor
2026-08-05T10:25:02.192331,0.0154,-0.0745,1.1526,0.0,EngineIQ_Sensor
2026-08-05T10:25:02.313663,0.0154,-0.0745,1.1526,0.0,EngineIQ_Sensor
2026-08-05T10:25:02.371116,0.0154,-0.0745,1.1526,0.0,EngineIQ_Sensor
2026-08-05T10:25:02.431850,0.0154,-0.0745,1.1526,0.0,EngineIQ_Sensor
2026-08-05T10:25:02.732254,0.0154,-0.0745,1.1526,0.0,EngineIQ_Sensor
2026-08-05T10:25:02.791859,0.0154,-0.0745,1.1526,0.0,EngineIQ_Sensor
2026-08-05T10:25:02.851068,0.0154,-0.0745,1.1526,0.0,EngineIQ_Sensor
2026-08-05T10:25:02.852885,0.0154,-0.0745,1.1526,0.0,EngineIQ_Sensor
2026-08-05T10:25:02.912554,0.0154,-0.0745,1.1526,0.0,EngineIQ_Sensor
2026-08-05T10:25:02.971727,0.0154,-0.0745,1.1526,0.0,EngineIQ_Sensor
2026-08-05T10:25:03.030975,0.0154,-0.0745,1.1526,0.0,EngineIQ_Sensor
2026-08-05T10:25:03.033227,0.0154,-0.0745,1.1526,0.0,EngineIQ_Sensor
2026-08-05T10:25:03.092642,0.0154,-0.0745,1.1526,0.0,EngineIQ_Sensor
2026-08-05T10:25:03.153041,0.0154,-0.0745,1.1526,0.0,EngineIQ_Sensor
2026-08-05T10:25:03.210994,0.0154,-0.0745,1.1526,0.0,EngineIQ_Sensor
2026-08-05T10:25:03.213238,0.0154,-0.0745,1.1526,0.0,EngineIQ_Sensor
2026-08-05T10:25:03.272523,0.0154,-0.0745,1.1526,0.0,EngineIQ_Sensor
2026-08-05T10:25:03.752445,0.0154,-0.0745,1.1526,0.0,EngineIQ_Sensor
2026-08-05T10:25:03.811521,0.0154,-0.0745,1.1526,0.0,EngineIQ_Sensor
2026-08-05T10:25:03.870888,0.0154,-0.0745,1.1526,0.0,EngineIQ_Sensor
2026-08-05T10:25:03.872873,0.0154,-0.0745,1.1526,0.0,EngineIQ_Sensor
2026-08-05T10:25:03.932529,0.0154,-0.0745,1.1526,0.0,EngineIQ_Sensor
2026-08-05T10:25:03.991616,0.0154,-0.0745,1.1526,0.0,EngineIQ_Sensor
2026-08-05T10:25:04.051545,0.0154,-0.0745,1.1526,0.0,EngineIQ_Sensor
2026-08-05T10:25:04.052922,0.0154,-0.0745,1.1526,0.0,EngineIQ_Sensor
2026-08-05T10:25:04.112283,0.0154,-0.0745,1.1526,0.0,EngineIQ_Sensor
2026-08-05T10:25:04.172108,0.0154,-0.0745,1.1526,0.0,EngineIQ_Sensor
2026-08-05T10:25:04.231132,0.0154,-0.0745,1.1526,0.0,EngineIQ_Sensor
2026-08-05T10:25:04.233065,0.0154,-0.0745,1.1526,0.0,EngineIQ_Sensor
2026-08-05T10:25:04.292829,0.0154,-0.0745,1.1526,0.0,EngineIQ_Sensor
2026-08-05T10:25:04.712458,0.0154,-0.0745,1.1526,0.0,EngineIQ_Sensor
2026-08-05T10:25:04.773043,0.0154,-0.0745,1.1526,0.0,EngineIQ_Sensor
2026-08-05T10:25:04.832233,0.0154,-0.0745,1.1526,0.0,EngineIQ_Sensor
2026-08-05T10:25:04.891684,0.0154,-0.0745,1.1526,0.0,EngineIQ_Sensor
2026-08-05T10:25:04.951679,0.0154,-0.0745,1.1526,0.0,EngineIQ_Sensor
2026-08-05T10:25:04.952929,0.0154,-0.0745,1.1526,0.0,EngineIQ_Sensor
2026-08-05T10:25:05.012325,0.0154,-0.0745,1.1526,0.0,EngineIQ_Sensor
2026-08-05T10:25:05.071715,0.0154,-0.0745,1.1526,0.0,EngineIQ_Sensor
2026-08-05T10:25:05.183900,0.0154,-0.0745,1.1526,0.0,EngineIQ_Sensor
2026-08-05T10:25:05.191125,0.0154,-0.0745,1.1526,0.0,EngineIQ_Sensor
2026-08-05T10:25:05.221120,0.0154,-0.0745,1.1526,0.0,EngineIQ_Sensor
2026-08-05T10:25:05.327895,0.0154,-0.0745,1.1526,0.0,EngineIQ_Sensor
2026-08-05T10:25:05.328141,0.0154,-0.0745,1.1526,0.0,EngineIQ_Sensor
2026-08-05T10:25:05.733030,0.0154,-0.0745,1.1526,0.0,EngineIQ_Sensor
2026-08-05T10:25:05.791404,0.0154,-0.0745,1.1526,0.0,EngineIQ_Sensor
2026-08-05T10:25:05.851037,0.0154,-0.0745,1.1526,0.0,EngineIQ_Sensor
2026-08-05T10:25:05.852962,0.0154,-0.0745,1.1526,0.0,EngineIQ_Sensor
2026-08-05T10:25:05.929497,0.0154,-0.0745,1.1526,0.0,EngineIQ_Sensor
2026-08-05T10:25:05.971445,0.0154,-0.0745,1.1526,0.0,EngineIQ_Sensor
2026-08-05T10:25:06.030942,0.0154,-0.0745,1.1526,0.0,EngineIQ_Sensor
2026-08-05T10:25:06.033751,0.0154,-0.0745,1.1526,0.0,EngineIQ_Sensor
2026-08-05T10:25:06.092287,0.0154,-0.0745,1.1526,0.0,EngineIQ_Sensor
2026-08-05T10:25:06.151433,0.0154,-0.0745,1.1526,0.0,EngineIQ_Sensor
2026-08-05T10:25:06.211591,0.0154,-0.0745,1.1526,0.0,EngineIQ_Sensor
2026-08-05T10:25:06.271073,0.0154,-0.0745,1.1526,0.0,EngineIQ_Sensor
2026-08-05T10:25:06.272887,0.0154,-0.0745,1.1526,0.0,EngineIQ_Sensor
2026-08-05T10:25:06.752176,0.0154,-0.0745,1.1526,0.0,EngineIQ_Sensor
2026-08-05T10:25:06.811685,0.0154,-0.0745,1.1526,0.0,EngineIQ_Sensor
2026-08-05T10:25:06.871006,0.0154,-0.0745,1.1526,0.0,EngineIQ_Sensor
2026-08-05T10:25:06.873136,0.0154,-0.0745,1.1526,0.0,EngineIQ_Sensor
2026-08-05T10:25:06.932313,0.0154,-0.0745,1.1526,0.0,EngineIQ_Sensor
2026-08-05T10:25:07.051029,0.0154,-0.0745,1.1526,0.0,EngineIQ_Sensor
2026-08-05T10:25:07.053140,0.0154,-0.0745,1.1526,0.0,EngineIQ_Sensor
2026-08-05T10:25:07.112282,0.0154,-0.0745,1.1526,0.0,EngineIQ_Sensor
2026-08-05T10:25:07.171595,0.0154,-0.0745,1.1526,0.0,EngineIQ_Sensor
2026-08-05T10:25:07.231046,0.0154,-0.0745,1.1526,0.0,EngineIQ_Sensor
2026-08-05T10:25:07.232906,0.0154,-0.0745,1.1526,0.0,EngineIQ_Sensor
2026-08-05T10:25:07.292161,0.0154,-0.0745,1.1526,0.0,EngineIQ_Sensor
2026-08-05T10:25:07.351653,0.0154,-0.0745,1.1526,0.0,EngineIQ_Sensor
2026-08-05T10:25:07.712263,0.0154,-0.0745,1.1526,0.0,EngineIQ_Sensor
2026-08-05T10:25:07.772122,0.0154,-0.0745,1.1526,0.0,EngineIQ_Sensor
2026-08-05T10:25:07.831690,0.0154,-0.0745,1.1526,0.0,EngineIQ_Sensor
2026-08-05T10:25:07.891016,0.0154,-0.0745,1.1526,0.0,EngineIQ_Sensor
2026-08-05T10:25:07.892817,0.0154,-0.0745,1.1526,0.0,EngineIQ_Sensor
2026-08-05T10:25:07.952286,0.0154,-0.0745,1.1526,0.0,EngineIQ_Sensor
2026-08-05T10:25:08.011617,0.0154,-0.0745,1.1526,0.0,EngineIQ_Sensor
2026-08-05T10:25:08.071019,0.0154,-0.0745,1.1526,0.0,EngineIQ_Sensor
2026-08-05T10:25:08.073008,0.0154,-0.0745,1.1526,0.0,EngineIQ_Sensor
2026-08-05T10:25:08.133475,0.0154,-0.0745,1.1526,0.0,EngineIQ_Sensor
2026-08-05T10:25:08.191619,0.0154,-0.0745,1.1526,0.0,EngineIQ_Sensor
2026-08-05T10:25:08.251481,0.0154,-0.0745,1.1526,0.0,EngineIQ_Sensor
2026-08-05T10:25:08.252998,0.0154,-0.0745,1.1526,0.0,EngineIQ_Sensor
2026-08-05T10:25:08.791015,0.0154,-0.0745,1.1526,0.0,EngineIQ_Sensor
2026-08-05T10:25:08.793864,0.0154,-0.0745,1.1526,0.0,EngineIQ_Sensor
2026-08-05T10:25:08.852730,0.0154,-0.0745,1.1526,0.0,EngineIQ_Sensor
2026-08-05T10:25:08.971535,0.0154,-0.0745,1.1526,0.0,EngineIQ_Sensor
2026-08-05T10:25:09.032246,0.0154,-0.0745,1.1526,0.0,EngineIQ_Sensor
2026-08-05T10:25:09.032975,0.0154,-0.0745,1.1526,0.0,EngineIQ_Sensor
2026-08-05T10:25:09.092329,0.0154,-0.0745,1.1526,0.0,EngineIQ_Sensor
2026-08-05T10:25:09.151571,0.0154,-0.0745,1.1526,0.0,EngineIQ_Sensor
2026-08-05T10:25:09.211030,0.0154,-0.0745,1.1526,0.0,EngineIQ_Sensor
2026-08-05T10:25:09.270957,0.0154,-0.0745,1.1526,0.0,EngineIQ_Sensor
2026-08-05T10:25:09.273124,0.0154,-0.0745,1.1526,0.0,EngineIQ_Sensor
2026-08-05T10:25:09.332110,0.0154,-0.0745,1.1526,0.0,EngineIQ_Sensor
2026-08-05T10:25:09.391734,0.0154,-0.0745,1.1526,0.0,EngineIQ_Sensor
2026-08-05T10:25:09.752229,0.0154,-0.0745,1.1526,0.0,EngineIQ_Sensor
2026-08-05T10:25:09.811512,0.0154,-0.0745,1.1526,0.0,EngineIQ_Sensor
2026-08-05T10:25:09.871052,0.0154,-0.0745,1.1526,0.0,EngineIQ_Sensor
2026-08-05T10:25:09.873268,0.0154,-0.0745,1.1526,0.0,EngineIQ_Sensor
2026-08-05T10:25:09.932349,0.0154,-0.0745,1.1526,0.0,EngineIQ_Sensor
2026-08-05T10:25:09.991522,0.0154,-0.0745,1.1526,0.0,EngineIQ_Sensor
2026-08-05T10:25:10.050749,0.0154,-0.0745,1.1526,0.0,EngineIQ_Sensor
2026-08-05T10:25:10.052655,0.0154,-0.0745,1.1526,0.0,EngineIQ_Sensor
2026-08-05T10:25:10.112310,0.0154,-0.0745,1.1526,0.0,EngineIQ_Sensor
2026-08-05T10:25:10.171430,0.0154,-0.0745,1.1526,0.0,EngineIQ_Sensor
2026-08-05T10:25:10.230902,0.0154,-0.0745,1.1526,0.0,EngineIQ_Sensor
2026-08-05T10:25:10.233042,0.0154,-0.0745,1.1526,0.0,EngineIQ_Sensor
2026-08-05T10:25:10.292299,0.0154,-0.0745,1.1526,0.0,EngineIQ_Sensor
2026-08-05T10:25:10.751453,0.0154,-0.0745,1.1526,0.0,EngineIQ_Sensor
2026-08-05T10:25:10.772297,0.0154,-0.0745,1.1526,0.0,EngineIQ_Sensor
2026-08-05T10:25:10.831308,0.0154,-0.0745,1.1526,0.0,EngineIQ_Sensor
2026-08-05T10:25:10.890952,0.0154,-0.0745,1.1526,0.0,EngineIQ_Sensor
2026-08-05T10:25:10.892804,0.0154,-0.0745,1.1526,0.0,EngineIQ_Sensor
2026-08-05T10:25:11.010899,0.0154,-0.0745,1.1526,0.0,EngineIQ_Sensor
2026-08-05T10:25:11.070726,0.0154,-0.0745,1.1526,0.0,EngineIQ_Sensor
2026-08-05T10:25:11.072593,0.0154,-0.0745,1.1526,0.0,EngineIQ_Sensor
2026-08-05T10:25:11.190944,0.0154,-0.0745,1.1526,0.0,EngineIQ_Sensor
2026-08-05T10:25:11.192832,0.0154,-0.0745,1.1526,0.0,EngineIQ_Sensor
2026-08-05T10:25:11.252115,0.0154,-0.0745,1.1526,0.0,EngineIQ_Sensor
2026-08-05T10:25:11.311437,0.0154,-0.0745,1.1526,0.0,EngineIQ_Sensor
2026-08-05T10:25:11.370848,0.0154,-0.0745,1.1526,0.0,EngineIQ_Sensor
2026-08-05T10:25:11.732168,0.0154,-0.0745,1.1526,0.0,EngineIQ_Sensor
2026-08-05T10:25:11.791459,0.0154,-0.0745,1.1526,0.0,EngineIQ_Sensor
2026-08-05T10:25:11.850866,0.0154,-0.0745,1.1526,0.0,EngineIQ_Sensor
2026-08-05T10:25:11.853015,0.0154,-0.0745,1.1526,0.0,EngineIQ_Sensor
2026-08-05T10:25:11.970850,0.0154,-0.0745,1.1526,0.0,EngineIQ_Sensor
2026-08-05T10:25:11.972787,0.0154,-0.0745,1.1526,0.0,EngineIQ_Sensor
2026-08-05T10:25:12.032208,0.0154,-0.0745,1.1526,0.0,EngineIQ_Sensor
2026-08-05T10:25:12.091493,0.0154,-0.0745,1.1526,0.0,EngineIQ_Sensor
2026-08-05T10:25:12.150987,0.0154,-0.0745,1.1526,0.0,EngineIQ_Sensor
2026-08-05T10:25:12.152930,0.0154,-0.0745,1.1526,0.0,EngineIQ_Sensor
2026-08-05T10:25:12.212342,0.0154,-0.0745,1.1526,0.0,EngineIQ_Sensor
2026-08-05T10:25:12.271601,0.0154,-0.0745,1.1526,0.0,EngineIQ_Sensor
2026-08-05T10:25:12.332090,0.0154,-0.0745,1.1526,0.0,EngineIQ_Sensor
2026-08-05T10:25:12.752332,0.0154,-0.0745,1.1526,0.0,EngineIQ_Sensor
2026-08-05T10:25:12.811521,0.0154,-0.0745,1.1526,0.0,EngineIQ_Sensor
2026-08-05T10:25:12.870881,0.0154,-0.0745,1.1526,0.0,EngineIQ_Sensor
2026-08-05T10:25:12.872747,0.0154,-0.0745,1.1526,0.0,EngineIQ_Sensor
2026-08-05T10:25:12.932110,0.0154,-0.0745,1.1526,0.0,EngineIQ_Sensor
2026-08-05T10:25:12.991451,0.0154,-0.0745,1.1526,0.0,EngineIQ_Sensor
2026-08-05T10:25:13.050809,0.0154,-0.0745,1.1526,0.0,EngineIQ_Sensor
2026-08-05T10:25:13.053011,0.0154,-0.0745,1.1526,0.0,EngineIQ_Sensor
2026-08-05T10:25:13.112335,0.0154,-0.0745,1.1526,0.0,EngineIQ_Sensor
2026-08-05T10:25:13.172323,0.0154,-0.0745,1.1526,0.0,EngineIQ_Sensor
2026-08-05T10:25:13.231535,0.0154,-0.0745,1.1526,0.0,EngineIQ_Sensor
2026-08-05T10:25:13.290963,0.0154,-0.0745,1.1526,0.0,EngineIQ_Sensor
2026-08-05T10:25:13.292828,0.0154,-0.0745,1.1526,0.0,EngineIQ_Sensor
2026-08-05T10:25:13.711998,0.0154,-0.0745,1.1526,0.0,EngineIQ_Sensor
2026-08-05T10:25:13.772106,0.0154,-0.0745,1.1526,0.0,EngineIQ_Sensor
2026-08-05T10:25:13.832009,0.0154,-0.0745,1.1526,0.0,EngineIQ_Sensor
2026-08-05T10:25:13.890660,0.0154,-0.0745,1.1526,0.0,EngineIQ_Sensor
2026-08-05T10:25:13.892606,0.0154,-0.0745,1.1526,0.0,EngineIQ_Sensor
2026-08-05T10:25:13.952092,0.0154,-0.0745,1.1526,0.0,EngineIQ_Sensor
2026-08-05T10:25:14.011531,0.0154,-0.0745,1.1526,0.0,EngineIQ_Sensor
2026-08-05T10:25:14.070864,0.0154,-0.0745,1.1526,0.0,EngineIQ_Sensor
2026-08-05T10:25:14.072640,0.0154,-0.0745,1.1526,0.0,EngineIQ_Sensor
2026-08-05T10:25:14.191450,0.0154,-0.0745,1.1526,0.0,EngineIQ_Sensor
2026-08-05T10:25:14.251084,0.0154,-0.0745,1.1526,0.0,EngineIQ_Sensor
2026-08-05T10:25:14.372024,0.0154,-0.0745,1.1526,0.0,EngineIQ_Sensor
2026-08-05T10:25:14.431673,0.0154,-0.0745,1.1526,0.0,EngineIQ_Sensor
2026-08-05T10:25:14.732048,0.0154,-0.0745,1.1526,0.0,EngineIQ_Sensor
2026-08-05T10:25:14.791512,0.0154,-0.0745,1.1526,0.0,EngineIQ_Sensor
2026-08-05T10:25:14.850870,0.0154,-0.0745,1.1526,0.0,EngineIQ_Sensor
2026-08-05T10:25:14.852721,0.0154,-0.0745,1.1526,0.0,EngineIQ_Sensor
2026-08-05T10:25:14.912077,0.0154,-0.0745,1.1526,0.0,EngineIQ_Sensor
2026-08-05T10:25:14.971366,0.0154,-0.0745,1.1526,0.0,EngineIQ_Sensor
2026-08-05T10:25:15.030832,0.0154,-0.0745,1.1526,0.0,EngineIQ_Sensor
2026-08-05T10:25:15.032949,0.0154,-0.0745,1.1526,0.0,EngineIQ_Sensor
2026-08-05T10:25:15.092145,0.0154,-0.0745,1.1526,0.0,EngineIQ_Sensor
2026-08-05T10:25:15.151512,0.0154,-0.0745,1.1526,0.0,EngineIQ_Sensor
2026-08-05T10:25:15.210830,0.0154,-0.0745,1.1526,0.0,EngineIQ_Sensor
2026-08-05T10:25:15.212615,0.0154,-0.0745,1.1526,0.0,EngineIQ_Sensor
2026-08-05T10:25:15.272470,0.0154,-0.0745,1.1526,0.0,EngineIQ_Sensor
2026-08-05T10:25:15.751977,0.0154,-0.0745,1.1526,0.0,EngineIQ_Sensor
2026-08-05T10:25:15.811243,0.0154,-0.0745,1.1526,0.0,EngineIQ_Sensor
2026-08-05T10:25:15.870798,0.0154,-0.0745,1.1526,0.0,EngineIQ_Sensor
2026-08-05T10:25:15.872961,0.0154,-0.0745,1.1526,0.0,EngineIQ_Sensor
2026-08-05T10:25:15.932250,0.0154,-0.0745,1.1526,0.0,EngineIQ_Sensor
2026-08-05T10:25:16.111777,0.0154,-0.0745,1.1526,0.0,EngineIQ_Sensor
2026-08-05T10:25:16.170746,0.0154,-0.0745,1.1526,0.0,EngineIQ_Sensor
2026-08-05T10:25:16.172612,0.0154,-0.0745,1.1526,0.0,EngineIQ_Sensor
2026-08-05T10:25:16.232085,0.0154,-0.0745,1.1526,0.0,EngineIQ_Sensor
2026-08-05T10:25:16.291529,0.0154,-0.0745,1.1526,0.0,EngineIQ_Sensor
2026-08-05T10:25:16.350802,0.0154,-0.0745,1.1526,0.0,EngineIQ_Sensor
2026-08-05T10:25:16.352870,0.0154,-0.0745,1.1526,0.0,EngineIQ_Sensor
2026-08-05T10:25:16.412377,0.0154,-0.0745,1.1526,0.0,EngineIQ_Sensor
2026-08-05T10:25:16.713978,0.0154,-0.0745,1.1526,0.0,EngineIQ_Sensor
2026-08-05T10:25:16.831256,0.0154,-0.0745,1.1526,0.0,EngineIQ_Sensor
2026-08-05T10:25:16.890714,0.0154,-0.0745,1.1526,0.0,EngineIQ_Sensor
2026-08-05T10:25:16.893012,0.0154,-0.0745,1.1526,0.0,EngineIQ_Sensor
2026-08-05T10:25:16.952079,0.0154,-0.0745,1.1526,0.0,EngineIQ_Sensor
2026-08-05T10:25:17.011520,0.0154,-0.0745,1.1526,0.0,EngineIQ_Sensor
2026-08-05T10:25:17.070604,0.0154,-0.0745,1.1526,0.0,EngineIQ_Sensor
2026-08-05T10:25:17.072351,0.0154,-0.0745,1.1526,0.0,EngineIQ_Sensor
2026-08-05T10:25:17.132040,0.0154,-0.0745,1.1526,0.0,EngineIQ_Sensor
2026-08-05T10:25:17.191314,0.0154,-0.0745,1.1526,0.0,EngineIQ_Sensor
2026-08-05T10:25:17.250681,0.0154,-0.0745,1.1526,0.0,EngineIQ_Sensor
2026-08-05T10:25:17.311273,0.0154,-0.0745,1.1526,0.0,EngineIQ_Sensor
2026-08-05T10:25:17.370787,0.0154,-0.0745,1.1526,0.0,EngineIQ_Sensor
2026-08-05T10:25:17.732066,0.0154,-0.0745,1.1526,0.0,EngineIQ_Sensor
2026-08-05T10:25:17.791255,0.0154,-0.0745,1.1526,0.0,EngineIQ_Sensor
2026-08-05T10:25:17.850970,0.0154,-0.0745,1.1526,0.0,EngineIQ_Sensor
2026-08-05T10:25:17.852891,0.0154,-0.0745,1.1526,0.0,EngineIQ_Sensor
2026-08-05T10:25:17.912098,0.0154,-0.0745,1.1526,0.0,EngineIQ_Sensor
2026-08-05T10:25:17.971378,0.0154,-0.0745,1.1526,0.0,EngineIQ_Sensor
2026-08-05T10:25:18.032241,0.0154,-0.0745,1.1526,0.0,EngineIQ_Sensor
2026-08-05T10:25:18.033120,0.0154,-0.0745,1.1526,0.0,EngineIQ_Sensor
2026-08-05T10:25:18.092033,0.0154,-0.0745,1.1526,0.0,EngineIQ_Sensor
2026-08-05T10:25:18.151100,0.0154,-0.0745,1.1526,0.0,EngineIQ_Sensor
2026-08-05T10:25:18.210614,0.0154,-0.0745,1.1526,0.0,EngineIQ_Sensor
2026-08-05T10:25:18.212752,0.0154,-0.0745,1.1526,0.0,EngineIQ_Sensor
2026-08-05T10:25:18.272227,0.0154,-0.0745,1.1526,0.0,EngineIQ_Sensor
2026-08-05T10:25:18.751981,0.0154,-0.0745,1.1526,0.0,EngineIQ_Sensor
2026-08-05T10:25:18.811408,0.0154,-0.0745,1.1526,0.0,EngineIQ_Sensor
2026-08-05T10:25:18.870640,0.0154,-0.0745,1.1526,0.0,EngineIQ_Sensor
2026-08-05T10:25:18.872899,0.0154,-0.0745,1.1526,0.0,EngineIQ_Sensor
2026-08-05T10:25:18.932176,0.0154,-0.0745,1.1526,0.0,EngineIQ_Sensor
2026-08-05T10:25:18.991165,0.0154,-0.0745,1.1526,0.0,EngineIQ_Sensor
2026-08-05T10:25:19.056688,0.0154,-0.0745,1.1526,0.0,EngineIQ_Sensor
2026-08-05T10:25:19.057911,0.0154,-0.0745,1.1526,0.0,EngineIQ_Sensor
2026-08-05T10:25:19.111957,0.0154,-0.0745,1.1526,0.0,EngineIQ_Sensor
2026-08-05T10:25:19.171096,0.0154,-0.0745,1.1526,0.0,EngineIQ_Sensor
2026-08-05T10:25:19.231903,0.0154,-0.0745,1.1526,0.0,EngineIQ_Sensor
2026-08-05T10:25:19.233398,0.0154,-0.0745,1.1526,0.0,EngineIQ_Sensor
2026-08-05T10:25:19.292268,0.0154,-0.0745,1.1526,0.0,EngineIQ_Sensor
2026-08-05T10:25:19.712944,0.0154,-0.0745,1.1526,0.0,EngineIQ_Sensor
2026-08-05T10:25:19.772076,0.0154,-0.0745,1.1526,0.0,EngineIQ_Sensor
2026-08-05T10:25:19.831318,0.0154,-0.0745,1.1526,0.0,EngineIQ_Sensor
2026-08-05T10:25:19.890597,0.0154,-0.0745,1.1526,0.0,EngineIQ_Sensor
2026-08-05T10:25:19.892810,0.0154,-0.0745,1.1526,0.0,EngineIQ_Sensor
2026-08-05T10:25:19.952130,0.0154,-0.0745,1.1526,0.0,EngineIQ_Sensor
2026-08-05T10:25:20.011365,0.0154,-0.0745,1.1526,0.0,EngineIQ_Sensor
2026-08-05T10:25:20.070682,0.0154,-0.0745,1.1526,0.0,EngineIQ_Sensor
2026-08-05T10:25:20.072436,0.0154,-0.0745,1.1526,0.0,EngineIQ_Sensor
2026-08-05T10:25:20.133164,0.0154,-0.0745,1.1526,0.0,EngineIQ_Sensor
2026-08-05T10:25:20.191260,0.0154,-0.0745,1.1526,0.0,EngineIQ_Sensor
2026-08-05T10:25:20.250917,0.0154,-0.0745,1.1526,0.0,EngineIQ_Sensor
2026-08-05T10:25:20.252705,0.0154,-0.0745,1.1526,0.0,EngineIQ_Sensor
2026-08-05T10:25:20.777356,0.0154,-0.0745,1.1526,0.0,EngineIQ_Sensor
2026-08-05T10:25:20.844162,0.0154,-0.0745,1.1526,0.0,EngineIQ_Sensor
2026-08-05T10:25:20.885888,0.0154,-0.0745,1.1526,0.0,EngineIQ_Sensor
2026-08-05T10:25:20.920861,0.0154,-0.0745,1.1526,0.0,EngineIQ_Sensor
2026-08-05T10:25:20.921402,0.0154,-0.0745,1.1526,0.0,EngineIQ_Sensor
2026-08-05T10:25:20.971246,0.0154,-0.0745,1.1526,0.0,EngineIQ_Sensor
2026-08-05T10:25:21.030458,0.0154,-0.0745,1.1526,0.0,EngineIQ_Sensor
2026-08-05T10:25:21.032556,0.0154,-0.0745,1.1526,0.0,EngineIQ_Sensor
2026-08-05T10:25:21.091918,0.0154,-0.0745,1.1526,0.0,EngineIQ_Sensor
2026-08-05T10:25:21.151295,0.0154,-0.0745,1.1526,0.0,EngineIQ_Sensor
2026-08-05T10:25:21.210682,0.0154,-0.0745,1.1526,0.0,EngineIQ_Sensor
2026-08-05T10:25:21.212552,0.0154,-0.0745,1.1526,0.0,EngineIQ_Sensor
2026-08-05T10:25:21.272273,0.0154,-0.0745,1.1526,0.0,EngineIQ_Sensor
2026-08-05T10:25:21.751940,0.0154,-0.0745,1.1526,0.0,EngineIQ_Sensor
2026-08-05T10:25:21.811434,0.0154,-0.0745,1.1526,0.0,EngineIQ_Sensor
2026-08-05T10:25:21.870666,0.0154,-0.0745,1.1526,0.0,EngineIQ_Sensor
2026-08-05T10:25:21.872688,0.0154,-0.0745,1.1526,0.0,EngineIQ_Sensor
2026-08-05T10:25:21.931765,0.0154,-0.0745,1.1526,0.0,EngineIQ_Sensor
2026-08-05T10:25:21.991206,0.0154,-0.0745,1.1526,0.0,EngineIQ_Sensor
2026-08-05T10:25:22.050632,0.0154,-0.0745,1.1526,0.0,EngineIQ_Sensor
2026-08-05T10:25:22.052541,0.0154,-0.0745,1.1526,0.0,EngineIQ_Sensor
2026-08-05T10:25:22.111802,0.0154,-0.0745,1.1526,0.0,EngineIQ_Sensor
2026-08-05T10:25:22.171142,0.0154,-0.0745,1.1526,0.0,EngineIQ_Sensor
2026-08-05T10:25:22.230708,0.0154,-0.0745,1.1526,0.0,EngineIQ_Sensor
2026-08-05T10:25:22.232550,0.0154,-0.0745,1.1526,0.0,EngineIQ_Sensor
2026-08-05T10:25:22.292029,0.0154,-0.0745,1.1526,0.0,EngineIQ_Sensor
2026-08-05T10:25:22.712004,0.0154,-0.0745,1.1526,0.0,EngineIQ_Sensor
2026-08-05T10:25:22.771874,0.0154,-0.0745,1.1526,0.0,EngineIQ_Sensor
2026-08-05T10:25:22.831286,0.0154,-0.0745,1.1526,0.0,EngineIQ_Sensor
2026-08-05T10:25:22.890606,0.0154,-0.0745,1.1526,0.0,EngineIQ_Sensor
2026-08-05T10:25:22.892536,0.0154,-0.0745,1.1526,0.0,EngineIQ_Sensor
2026-08-05T10:25:22.951896,0.0154,-0.0745,1.1526,0.0,EngineIQ_Sensor
2026-08-05T10:25:23.011233,0.0154,-0.0745,1.1526,0.0,EngineIQ_Sensor
2026-08-05T10:25:23.070652,0.0154,-0.0745,1.1526,0.0,EngineIQ_Sensor
2026-08-05T10:25:23.072372,0.0154,-0.0745,1.1526,0.0,EngineIQ_Sensor
2026-08-05T10:25:23.131799,0.0154,-0.0745,1.1526,0.0,EngineIQ_Sensor
2026-08-05T10:25:23.191293,0.0154,-0.0745,1.1526,0.0,EngineIQ_Sensor
2026-08-05T10:25:23.250581,0.0154,-0.0745,1.1526,0.0,EngineIQ_Sensor
2026-08-05T10:25:23.252632,0.0154,-0.0745,1.1526,0.0,EngineIQ_Sensor
2026-08-05T10:25:23.791906,0.0154,-0.0745,1.1526,0.0,EngineIQ_Sensor
2026-08-05T10:25:23.851238,0.0154,-0.0745,1.1526,0.0,EngineIQ_Sensor
2026-08-05T10:25:23.970649,0.0154,-0.0745,1.1526,0.0,EngineIQ_Sensor
2026-08-05T10:25:23.972716,0.0154,-0.0745,1.1526,0.0,EngineIQ_Sensor
2026-08-05T10:25:24.031802,0.0154,-0.0745,1.1526,0.0,EngineIQ_Sensor
2026-08-05T10:25:24.091113,0.0154,-0.0745,1.1526,0.0,EngineIQ_Sensor
2026-08-05T10:25:24.151557,0.0154,-0.0745,1.1526,0.0,EngineIQ_Sensor
2026-08-05T10:25:24.152986,0.0154,-0.0745,1.1526,0.0,EngineIQ_Sensor
2026-08-05T10:25:24.211927,0.0154,-0.0745,1.1526,0.0,EngineIQ_Sensor
2026-08-05T10:25:24.271325,0.0154,-0.0745,1.1526,0.0,EngineIQ_Sensor
2026-08-05T10:25:24.330677,0.0154,-0.0745,1.1526,0.0,EngineIQ_Sensor
2026-08-05T10:25:24.332599,0.0154,-0.0745,1.1526,0.0,EngineIQ_Sensor
2026-08-05T10:25:24.392279,0.0154,-0.0745,1.1526,0.0,EngineIQ_Sensor
2026-08-05T10:25:24.751906,0.0154,-0.0745,1.1526,0.0,EngineIQ_Sensor
2026-08-05T10:25:24.811208,0.0154,-0.0745,1.1526,0.0,EngineIQ_Sensor
2026-08-05T10:25:24.870752,0.0154,-0.0745,1.1526,0.0,EngineIQ_Sensor
2026-08-05T10:25:24.872515,0.0154,-0.0745,1.1526,0.0,EngineIQ_Sensor
2026-08-05T10:25:24.932949,0.0154,-0.0745,1.1526,0.0,EngineIQ_Sensor
2026-08-05T10:25:24.997307,0.0154,-0.0745,1.1526,0.0,EngineIQ_Sensor
2026-08-05T10:25:25.050580,0.0154,-0.0745,1.1526,0.0,EngineIQ_Sensor
2026-08-05T10:25:25.053608,0.0154,-0.0745,1.1526,0.0,EngineIQ_Sensor
2026-08-05T10:25:25.114599,0.0154,-0.0745,1.1526,0.0,EngineIQ_Sensor
2026-08-05T10:25:25.231189,0.0154,-0.0745,1.1526,0.0,EngineIQ_Sensor
2026-08-05T10:25:25.234196,0.0154,-0.0745,1.1526,0.0,EngineIQ_Sensor
2026-08-05T10:25:25.291930,0.0154,-0.0745,1.1526,0.0,EngineIQ_Sensor
2026-08-05T10:25:25.351190,0.0154,-0.0745,1.1526,0.0,EngineIQ_Sensor
2026-08-05T10:25:25.711995,0.0154,-0.0745,1.1526,0.0,EngineIQ_Sensor
2026-08-05T10:25:25.771936,0.0154,-0.0745,1.1526,0.0,EngineIQ_Sensor
2026-08-05T10:25:25.831131,0.0154,-0.0745,1.1526,0.0,EngineIQ_Sensor
2026-08-05T10:25:25.890871,0.0154,-0.0745,1.1526,0.0,EngineIQ_Sensor
2026-08-05T10:25:25.892459,0.0154,-0.0745,1.1526,0.0,EngineIQ_Sensor
2026-08-05T10:25:25.982252,0.0154,-0.0745,1.1526,0.0,EngineIQ_Sensor
2026-08-05T10:25:26.073247,0.0154,-0.0745,1.1526,0.0,EngineIQ_Sensor
2026-08-05T10:25:26.130681,0.0154,-0.0745,1.1526,0.0,EngineIQ_Sensor
2026-08-05T10:25:26.133702,0.0154,-0.0745,1.1526,0.0,EngineIQ_Sensor
2026-08-05T10:25:26.191665,0.0154,-0.0745,1.1526,0.0,EngineIQ_Sensor
2026-08-05T10:25:26.250994,0.0154,-0.0745,1.1526,0.0,EngineIQ_Sensor
2026-08-05T10:25:26.310544,0.0154,-0.0745,1.1526,0.0,EngineIQ_Sensor
2026-08-05T10:25:26.371916,0.0154,-0.0745,1.1526,0.0,EngineIQ_Sensor
2026-08-05T10:25:26.731920,0.0154,-0.0745,1.1526,0.0,EngineIQ_Sensor
2026-08-05T10:25:26.791207,0.0154,-0.0745,1.1526,0.0,EngineIQ_Sensor
2026-08-05T10:25:26.850678,0.0154,-0.0745,1.1526,0.0,EngineIQ_Sensor
2026-08-05T10:25:26.911978,0.0154,-0.0745,1.1526,0.0,EngineIQ_Sensor
2026-08-05T10:25:26.971085,0.0154,-0.0745,1.1526,0.0,EngineIQ_Sensor
2026-08-05T10:25:27.030686,0.0154,-0.0745,1.1526,0.0,EngineIQ_Sensor
2026-08-05T10:25:27.032733,0.0154,-0.0745,1.1526,0.0,EngineIQ_Sensor
2026-08-05T10:25:27.091793,0.0154,-0.0745,1.1526,0.0,EngineIQ_Sensor
2026-08-05T10:25:27.151023,0.0154,-0.0745,1.1526,0.0,EngineIQ_Sensor
2026-08-05T10:25:27.210599,0.0154,-0.0745,1.1526,0.0,EngineIQ_Sensor
2026-08-05T10:25:27.212398,0.0154,-0.0745,1.1526,0.0,EngineIQ_Sensor
2026-08-05T10:25:27.272370,0.0154,-0.0745,1.1526,0.0,EngineIQ_Sensor
2026-08-05T10:25:27.332003,0.0154,-0.0745,1.1526,0.0,EngineIQ_Sensor
2026-08-05T10:25:27.751819,0.0154,-0.0745,1.1526,0.0,EngineIQ_Sensor
2026-08-05T10:25:27.811049,0.0154,-0.0745,1.1526,0.0,EngineIQ_Sensor
2026-08-05T10:25:27.870534,0.0154,-0.0745,1.1526,0.0,EngineIQ_Sensor
2026-08-05T10:25:27.872571,0.0154,-0.0745,1.1526,0.0,EngineIQ_Sensor
2026-08-05T10:25:27.931873,0.0154,-0.0745,1.1526,0.0,EngineIQ_Sensor
2026-08-05T10:25:27.991176,0.0154,-0.0745,1.1526,0.0,EngineIQ_Sensor
2026-08-05T10:25:28.051869,0.0154,-0.0745,1.1526,0.0,EngineIQ_Sensor
2026-08-05T10:25:28.111012,0.0154,-0.0745,1.1526,0.0,EngineIQ_Sensor
2026-08-05T10:25:28.170468,0.0154,-0.0745,1.1526,0.0,EngineIQ_Sensor
2026-08-05T10:25:28.172405,0.0154,-0.0745,1.1526,0.0,EngineIQ_Sensor
2026-08-05T10:25:28.231899,0.0154,-0.0745,1.1526,0.0,EngineIQ_Sensor
2026-08-05T10:25:28.291127,0.0154,-0.0745,1.1526,0.0,EngineIQ_Sensor
2026-08-05T10:25:28.350680,0.0154,-0.0745,1.1526,0.0,EngineIQ_Sensor
2026-08-05T10:25:28.712075,0.0154,-0.0745,1.1526,0.0,EngineIQ_Sensor
2026-08-05T10:25:28.771786,0.0154,-0.0745,1.1526,0.0,EngineIQ_Sensor
2026-08-05T10:25:28.831156,0.0154,-0.0745,1.1526,0.0,EngineIQ_Sensor
2026-08-05T10:25:28.891308,0.0154,-0.0745,1.1526,0.0,EngineIQ_Sensor
2026-08-05T10:25:28.950723,0.0154,-0.0745,1.1526,0.0,EngineIQ_Sensor
2026-08-05T10:25:28.952608,0.0154,-0.0745,1.1526,0.0,EngineIQ_Sensor
2026-08-05T10:25:29.012397,0.0154,-0.0745,1.1526,0.0,EngineIQ_Sensor
2026-08-05T10:25:29.071506,0.0154,-0.0745,1.1526,0.0,EngineIQ_Sensor
2026-08-05T10:25:29.130346,0.0154,-0.0745,1.1526,0.0,EngineIQ_Sensor
2026-08-05T10:25:29.132946,0.0154,-0.0745,1.1526,0.0,EngineIQ_Sensor
2026-08-05T10:25:29.191780,0.0154,-0.0745,1.1526,0.0,EngineIQ_Sensor
2026-08-05T10:25:29.251119,0.0154,-0.0745,1.1526,0.0,EngineIQ_Sensor
2026-08-05T10:25:29.310570,0.0154,-0.0745,1.1526,0.0,EngineIQ_Sensor
2026-08-05T10:25:29.731605,0.0154,-0.0745,1.1526,0.0,EngineIQ_Sensor
2026-08-05T10:25:29.791162,0.0154,-0.0745,1.1526,0.0,EngineIQ_Sensor
2026-08-05T10:25:29.850383,0.0154,-0.0745,1.1526,0.0,EngineIQ_Sensor
2026-08-05T10:25:29.852310,0.0154,-0.0745,1.1526,0.0,EngineIQ_Sensor
2026-08-05T10:25:29.911498,0.0154,-0.0745,1.1526,0.0,EngineIQ_Sensor
2026-08-05T10:25:29.971014,0.0154,-0.0745,1.1526,0.0,EngineIQ_Sensor
2026-08-05T10:25:30.030261,0.0154,-0.0745,1.1526,0.0,EngineIQ_Sensor
2026-08-05T10:25:30.032166,0.0154,-0.0745,1.1526,0.0,EngineIQ_Sensor
2026-08-05T10:25:30.151144,0.0154,-0.0745,1.1526,0.0,EngineIQ_Sensor
2026-08-05T10:25:30.210386,0.0154,-0.0745,1.1526,0.0,EngineIQ_Sensor
2026-08-05T10:25:30.212193,0.0154,-0.0745,1.1526,0.0,EngineIQ_Sensor
2026-08-05T10:25:30.271512,0.0154,-0.0745,1.1526,0.0,EngineIQ_Sensor
2026-08-05T10:25:30.331285,0.0154,-0.0745,1.1526,0.0,EngineIQ_Sensor
2026-08-05T10:25:30.751683,0.0154,-0.0745,1.1526,0.0,EngineIQ_Sensor
2026-08-05T10:25:30.811058,0.0154,-0.0745,1.1526,0.0,EngineIQ_Sensor
2026-08-05T10:25:30.870405,0.0154,-0.0745,1.1526,0.0,EngineIQ_Sensor
2026-08-05T10:25:30.872441,0.0154,-0.0745,1.1526,0.0,EngineIQ_Sensor
2026-08-05T10:25:30.931797,0.0154,-0.0745,1.1526,0.0,EngineIQ_Sensor
2026-08-05T10:25:30.991087,0.0154,-0.0745,1.1526,0.0,EngineIQ_Sensor
2026-08-05T10:25:31.050528,0.0154,-0.0745,1.1526,0.0,EngineIQ_Sensor
2026-08-05T10:25:31.052338,0.0154,-0.0745,1.1526,0.0,EngineIQ_Sensor
2026-08-05T10:25:31.121766,0.0154,-0.0745,1.1526,0.0,EngineIQ_Sensor
2026-08-05T10:25:31.213679,0.0154,-0.0745,1.1526,0.0,EngineIQ_Sensor
2026-08-05T10:25:31.230470,0.0154,-0.0745,1.1526,0.0,EngineIQ_Sensor
2026-08-05T10:25:31.232564,0.0154,-0.0745,1.1526,0.0,EngineIQ_Sensor
2026-08-05T10:25:31.310206,0.0154,-0.0745,1.1526,0.0,EngineIQ_Sensor
2026-08-05T10:25:31.712118,0.0154,-0.0745,1.1526,0.0,EngineIQ_Sensor
2026-08-05T10:25:31.772523,0.0154,-0.0745,1.1526,0.0,EngineIQ_Sensor
2026-08-05T10:25:31.832943,0.0154,-0.0745,1.1526,0.0,EngineIQ_Sensor
2026-08-05T10:25:31.891066,0.0154,-0.0745,1.1526,0.0,EngineIQ_Sensor
2026-08-05T10:25:31.892612,0.0154,-0.0745,1.1526,0.0,EngineIQ_Sensor
2026-08-05T10:25:31.951757,0.0154,-0.0745,1.1526,0.0,EngineIQ_Sensor
2026-08-05T10:25:32.023348,0.0154,-0.0745,1.1526,0.0,EngineIQ_Sensor
2026-08-05T10:25:32.077244,0.0154,-0.0745,1.1526,0.0,EngineIQ_Sensor
2026-08-05T10:25:32.131937,0.0154,-0.0745,1.1526,0.0,EngineIQ_Sensor
2026-08-05T10:25:32.194047,0.0154,-0.0745,1.1526,0.0,EngineIQ_Sensor
2026-08-05T10:25:32.195036,0.0154,-0.0745,1.1526,0.0,EngineIQ_Sensor
2026-08-05T10:25:32.252296,0.0154,-0.0745,1.1526,0.0,EngineIQ_Sensor
2026-08-05T10:25:32.311515,0.0154,-0.0745,1.1526,0.0,EngineIQ_Sensor
2026-08-05T10:25:32.732776,0.0154,-0.0745,1.1526,0.0,EngineIQ_Sensor
2026-08-05T10:25:32.795943,0.0154,-0.0745,1.1526,0.0,EngineIQ_Sensor
2026-08-05T10:25:32.851732,0.0154,-0.0745,1.1526,0.0,EngineIQ_Sensor
2026-08-05T10:25:32.854735,0.0154,-0.0745,1.1526,0.0,EngineIQ_Sensor
2026-08-05T10:25:32.972019,0.0154,-0.0745,1.1526,0.0,EngineIQ_Sensor
2026-08-05T10:25:33.031770,0.0154,-0.0745,1.1526,0.0,EngineIQ_Sensor
2026-08-05T10:25:33.032600,0.0154,-0.0745,1.1526,0.0,EngineIQ_Sensor
2026-08-05T10:25:33.091902,0.0154,-0.0745,1.1526,0.0,EngineIQ_Sensor
2026-08-05T10:25:33.152116,0.0154,-0.0745,1.1526,0.0,EngineIQ_Sensor
2026-08-05T10:25:33.210601,0.0154,-0.0745,1.1526,0.0,EngineIQ_Sensor
2026-08-05T10:25:33.212906,0.0154,-0.0745,1.1526,0.0,EngineIQ_Sensor
2026-08-05T10:25:33.274012,0.0154,-0.0745,1.1526,0.0,EngineIQ_Sensor
2026-08-05T10:25:33.331075,0.0154,-0.0745,1.1526,0.0,EngineIQ_Sensor
2026-08-05T10:25:33.751858,0.0154,-0.0745,1.1526,0.0,EngineIQ_Sensor
2026-08-05T10:25:33.810822,0.0154,-0.0745,1.1526,0.0,EngineIQ_Sensor
2026-08-05T10:25:33.870104,0.0154,-0.0745,1.1526,0.0,EngineIQ_Sensor
2026-08-05T10:25:33.872240,0.0154,-0.0745,1.1526,0.0,EngineIQ_Sensor
2026-08-05T10:25:33.931789,0.0154,-0.0745,1.1526,0.0,EngineIQ_Sensor
2026-08-05T10:25:33.991533,0.0154,-0.0745,1.1526,0.0,EngineIQ_Sensor
2026-08-05T10:25:34.050884,0.0154,-0.0745,1.1526,0.0,EngineIQ_Sensor
2026-08-05T10:25:34.110854,0.0154,-0.0745,1.1526,0.0,EngineIQ_Sensor
2026-08-05T10:25:34.170358,0.0154,-0.0745,1.1526,0.0,EngineIQ_Sensor
2026-08-05T10:25:34.172550,0.0154,-0.0745,1.1526,0.0,EngineIQ_Sensor
2026-08-05T10:25:34.231727,0.0154,-0.0745,1.1526,0.0,EngineIQ_Sensor
2026-08-05T10:25:34.350943,0.0154,-0.0745,1.1526,0.0,EngineIQ_Sensor
2026-08-05T10:25:34.410373,0.0154,-0.0745,1.1526,0.0,EngineIQ_Sensor
2026-08-05T10:25:34.711897,0.0154,-0.0745,1.1526,0.0,EngineIQ_Sensor
2026-08-05T10:25:34.831040,0.0154,-0.0745,1.1526,0.0,EngineIQ_Sensor
2026-08-05T10:25:34.832220,0.0154,-0.0745,1.1526,0.0,EngineIQ_Sensor
2026-08-05T10:25:34.892554,0.0154,-0.0745,1.1526,0.0,EngineIQ_Sensor
2026-08-05T10:25:34.950958,0.0154,-0.0745,1.1526,0.0,EngineIQ_Sensor
2026-08-05T10:25:35.010646,0.0154,-0.0745,1.1526,0.0,EngineIQ_Sensor
2026-08-05T10:25:35.012410,0.0154,-0.0745,1.1526,0.0,EngineIQ_Sensor
2026-08-05T10:25:35.071952,0.0154,-0.0745,1.1526,0.0,EngineIQ_Sensor
2026-08-05T10:25:35.131010,0.0154,-0.0745,1.1526,0.0,EngineIQ_Sensor
2026-08-05T10:25:35.190182,0.0154,-0.0745,1.1526,0.0,EngineIQ_Sensor
2026-08-05T10:25:35.250870,0.0154,-0.0745,1.1526,0.0,EngineIQ_Sensor
2026-08-05T10:25:35.252848,0.0154,-0.0745,1.1526,0.0,EngineIQ_Sensor
2026-08-05T10:25:35.311785,0.0154,-0.0745,1.1526,0.0,EngineIQ_Sensor
2026-08-05T10:25:35.732388,0.0154,-0.0745,1.1526,0.0,EngineIQ_Sensor
2026-08-05T10:25:35.792731,0.0154,-0.0745,1.1526,0.0,EngineIQ_Sensor
2026-08-05T10:25:35.850543,0.0154,-0.0745,1.1526,0.0,EngineIQ_Sensor
2026-08-05T10:25:35.852880,0.0154,-0.0745,1.1526,0.0,EngineIQ_Sensor
2026-08-05T10:25:35.911644,0.0154,-0.0745,1.1526,0.0,EngineIQ_Sensor
2026-08-05T10:25:35.970997,0.0154,-0.0745,1.1526,0.0,EngineIQ_Sensor
2026-08-05T10:25:36.031685,0.0154,-0.0745,1.1526,0.0,EngineIQ_Sensor
2026-08-05T10:25:36.157774,0.0154,-0.0745,1.1526,0.0,EngineIQ_Sensor
2026-08-05T10:25:36.159343,0.0154,-0.0745,1.1526,0.0,EngineIQ_Sensor
2026-08-05T10:25:36.180600,0.0154,-0.0745,1.1526,0.0,EngineIQ_Sensor
2026-08-05T10:25:36.352362,0.0154,-0.0745,1.1526,0.0,EngineIQ_Sensor
2026-08-05T10:25:36.352881,0.0154,-0.0745,1.1526,0.0,EngineIQ_Sensor
2026-08-05T10:25:36.381262,0.0154,-0.0745,1.1526,0.0,EngineIQ_Sensor
2026-08-05T10:25:36.751472,0.0154,-0.0745,1.1526,0.0,EngineIQ_Sensor
2026-08-05T10:25:36.810945,0.0154,-0.0745,1.1526,0.0,EngineIQ_Sensor
2026-08-05T10:25:36.931175,0.0154,-0.0745,1.1526,0.0,EngineIQ_Sensor
2026-08-05T10:25:36.932867,0.0154,-0.0745,1.1526,0.0,EngineIQ_Sensor
2026-08-05T10:25:36.991881,0.0154,-0.0745,1.1526,0.0,EngineIQ_Sensor
2026-08-05T10:25:37.050894,0.0154,-0.0745,1.1526,0.0,EngineIQ_Sensor
2026-08-05T10:25:37.112101,0.0154,-0.0745,1.1526,0.0,EngineIQ_Sensor
2026-08-05T10:25:37.170364,0.0154,-0.0745,1.1526,0.0,EngineIQ_Sensor
2026-08-05T10:25:37.231696,0.0154,-0.0745,1.1526,0.0,EngineIQ_Sensor
2026-08-05T10:25:37.292342,0.0154,-0.0745,1.1526,0.0,EngineIQ_Sensor
2026-08-05T10:25:37.353768,0.0154,-0.0745,1.1526,0.0,EngineIQ_Sensor
2026-08-05T10:25:37.470449,0.0154,-0.0745,1.1526,0.0,EngineIQ_Sensor
2026-08-05T10:25:37.474227,0.0154,-0.0745,1.1526,0.0,EngineIQ_Sensor
2026-08-05T10:25:37.713949,0.0154,-0.0745,1.1526,0.0,EngineIQ_Sensor
2026-08-05T10:25:37.830968,0.0154,-0.0745,1.1526,0.0,EngineIQ_Sensor
2026-08-05T10:25:37.890184,0.0154,-0.0745,1.1526,0.0,EngineIQ_Sensor
2026-08-05T10:25:37.950177,0.0154,-0.0745,1.1526,0.0,EngineIQ_Sensor
2026-08-05T10:25:37.952513,0.0154,-0.0745,1.1526,0.0,EngineIQ_Sensor
2026-08-05T10:25:38.011523,0.0154,-0.0745,1.1526,0.0,EngineIQ_Sensor
2026-08-05T10:25:38.070927,0.0154,-0.0745,1.1526,0.0,EngineIQ_Sensor
2026-08-05T10:25:38.130324,0.0154,-0.0745,1.1526,0.0,EngineIQ_Sensor
2026-08-05T10:25:38.250212,0.0154,-0.0745,1.1526,0.0,EngineIQ_Sensor
2026-08-05T10:25:38.252347,0.0154,-0.0745,1.1526,0.0,EngineIQ_Sensor
2026-08-05T10:25:38.311615,0.0154,-0.0745,1.1526,0.0,EngineIQ_Sensor
2026-08-05T10:25:38.430842,0.0154,-0.0745,1.1526,0.0,EngineIQ_Sensor
2026-08-05T10:25:38.490254,0.0154,-0.0745,1.1526,0.0,EngineIQ_Sensor
2026-08-05T10:25:38.790190,0.0154,-0.0745,1.1526,0.0,EngineIQ_Sensor
2026-08-05T10:25:38.792283,0.0154,-0.0745,1.1526,0.0,EngineIQ_Sensor
2026-08-05T10:25:38.851566,0.0154,-0.0745,1.1526,0.0,EngineIQ_Sensor
2026-08-05T10:25:38.910931,0.0154,-0.0745,1.1526,0.0,EngineIQ_Sensor
2026-08-05T10:25:38.970382,0.0154,-0.0745,1.1526,0.0,EngineIQ_Sensor
2026-08-05T10:25:38.972306,0.0154,-0.0745,1.1526,0.0,EngineIQ_Sensor
2026-08-05T10:25:39.031269,0.0154,-0.0745,1.1526,0.0,EngineIQ_Sensor
2026-08-05T10:25:39.150941,0.0154,-0.0745,1.1526,0.0,EngineIQ_Sensor
2026-08-05T10:25:39.210170,0.0154,-0.0745,1.1526,0.0,EngineIQ_Sensor
2026-08-05T10:25:39.211997,0.0154,-0.0745,1.1526,0.0,EngineIQ_Sensor
2026-08-05T10:25:39.272003,0.0154,-0.0745,1.1526,0.0,EngineIQ_Sensor
2026-08-05T10:25:39.330793,0.0154,-0.0745,1.1526,0.0,EngineIQ_Sensor
2026-08-05T10:25:39.390373,0.0154,-0.0745,1.1526,0.0,EngineIQ_Sensor
2026-08-05T10:25:39.751404,0.0154,-0.0745,1.1526,0.0,EngineIQ_Sensor
2026-08-05T10:25:39.810856,0.0154,-0.0745,1.1526,0.0,EngineIQ_Sensor
2026-08-05T10:25:39.870177,0.0154,-0.0745,1.1526,0.0,EngineIQ_Sensor
2026-08-05T10:25:39.872072,0.0154,-0.0745,1.1526,0.0,EngineIQ_Sensor
2026-08-05T10:25:39.931397,0.0154,-0.0745,1.1526,0.0,EngineIQ_Sensor
2026-08-05T10:25:39.990914,0.0154,-0.0745,1.1526,0.0,EngineIQ_Sensor
2026-08-05T10:25:40.050176,0.0154,-0.0745,1.1526,0.0,EngineIQ_Sensor
2026-08-05T10:25:40.052287,0.0154,-0.0745,1.1526,0.0,EngineIQ_Sensor
2026-08-05T10:25:40.111281,0.0154,-0.0745,1.1526,0.0,EngineIQ_Sensor
2026-08-05T10:25:40.170913,0.0154,-0.0745,1.1526,0.0,EngineIQ_Sensor
2026-08-05T10:25:40.230186,0.0154,-0.0745,1.1526,0.0,EngineIQ_Sensor
2026-08-05T10:25:40.232496,0.0154,-0.0745,1.1526,0.0,EngineIQ_Sensor
2026-08-05T10:25:40.291962,0.0154,-0.0745,1.1526,0.0,EngineIQ_Sensor
2026-08-05T10:25:40.711555,0.0154,-0.0745,1.1526,0.0,EngineIQ_Sensor
2026-08-05T10:25:40.832161,0.0154,-0.0745,1.1526,0.0,EngineIQ_Sensor
2026-08-05T10:25:40.890208,0.0154,-0.0745,1.1526,0.0,EngineIQ_Sensor
2026-08-05T10:25:40.892398,0.0154,-0.0745,1.1526,0.0,EngineIQ_Sensor
2026-08-05T10:25:41.011646,0.0154,-0.0745,1.1526,0.0,EngineIQ_Sensor
2026-08-05T10:25:41.070828,0.0154,-0.0745,1.1526,0.0,EngineIQ_Sensor
2026-08-05T10:25:41.130313,0.0154,-0.0745,1.1526,0.0,EngineIQ_Sensor
2026-08-05T10:25:41.132377,0.0154,-0.0745,1.1526,0.0,EngineIQ_Sensor
2026-08-05T10:25:41.192035,0.0154,-0.0745,1.1526,0.0,EngineIQ_Sensor
2026-08-05T10:25:41.282901,0.0154,-0.0745,1.1526,0.0,EngineIQ_Sensor
2026-08-05T10:25:41.326260,0.0154,-0.0745,1.1526,0.0,EngineIQ_Sensor
2026-08-05T10:25:41.326594,0.0154,-0.0745,1.1526,0.0,EngineIQ_Sensor
2026-08-05T10:25:41.418438,0.0154,-0.0745,1.1526,0.0,EngineIQ_Sensor
2026-08-05T10:25:41.731857,0.0154,-0.0745,1.1526,0.0,EngineIQ_Sensor
2026-08-05T10:25:41.791003,0.0154,-0.0745,1.1526,0.0,EngineIQ_Sensor
2026-08-05T10:25:41.849994,0.0154,-0.0745,1.1526,0.0,EngineIQ_Sensor
2026-08-05T10:25:41.910688,0.0154,-0.0745,1.1526,0.0,EngineIQ_Sensor
2026-08-05T10:25:41.970201,0.0154,-0.0745,1.1526,0.0,EngineIQ_Sensor
2026-08-05T10:25:41.972502,0.0154,-0.0745,1.1526,0.0,EngineIQ_Sensor
2026-08-05T10:25:42.091454,0.0154,-0.0745,1.1526,0.0,EngineIQ_Sensor
2026-08-05T10:25:42.151041,0.0154,-0.0745,1.1526,0.0,EngineIQ_Sensor
2026-08-05T10:25:42.210071,0.0154,-0.0745,1.1526,0.0,EngineIQ_Sensor
2026-08-05T10:25:42.212010,0.0154,-0.0745,1.1526,0.0,EngineIQ_Sensor
2026-08-05T10:25:42.271543,0.0154,-0.0745,1.1526,0.0,EngineIQ_Sensor
2026-08-05T10:25:42.330788,0.0154,-0.0745,1.1526,0.0,EngineIQ_Sensor
2026-08-05T10:25:42.390313,0.0154,-0.0745,1.1526,0.0,EngineIQ_Sensor
2026-08-05T10:25:42.751616,0.0154,-0.0745,1.1526,0.0,EngineIQ_Sensor
2026-08-05T10:25:42.870735,0.0154,-0.0745,1.1526,0.0,EngineIQ_Sensor
2026-08-05T10:25:42.930281,0.0154,-0.0745,1.1526,0.0,EngineIQ_Sensor
2026-08-05T10:25:42.932078,0.0154,-0.0745,1.1526,0.0,EngineIQ_Sensor
2026-08-05T10:25:43.051649,0.0154,-0.0745,1.1526,0.0,EngineIQ_Sensor
2026-08-05T10:25:43.110770,0.0154,-0.0745,1.1526,0.0,EngineIQ_Sensor
2026-08-05T10:25:43.230305,0.0154,-0.0745,1.1526,0.0,EngineIQ_Sensor
2026-08-05T10:25:43.291483,0.0154,-0.0745,1.1526,0.0,EngineIQ_Sensor
2026-08-05T10:25:43.350750,0.0154,-0.0745,1.1526,0.0,EngineIQ_Sensor
2026-08-05T10:25:43.410213,0.0154,-0.0745,1.1526,0.0,EngineIQ_Sensor
2026-08-05T10:25:43.412077,0.0154,-0.0745,1.1526,0.0,EngineIQ_Sensor
2026-08-05T10:25:43.471522,0.0154,-0.0745,1.1526,0.0,EngineIQ_Sensor
2026-08-05T10:25:43.530778,0.0154,-0.0745,1.1526,0.0,EngineIQ_Sensor
2026-08-05T10:25:43.711587,0.0154,-0.0745,1.1526,0.0,EngineIQ_Sensor
2026-08-05T10:25:43.771430,0.0154,-0.0745,1.1526,0.0,EngineIQ_Sensor
2026-08-05T10:25:43.830602,0.0154,-0.0745,1.1526,0.0,EngineIQ_Sensor
2026-08-05T10:25:43.895277,0.0154,-0.0745,1.1526,0.0,EngineIQ_Sensor
2026-08-05T10:25:43.951611,0.0154,-0.0745,1.1526,0.0,EngineIQ_Sensor
2026-08-05T10:25:44.010553,0.0154,-0.0745,1.1526,0.0,EngineIQ_Sensor
2026-08-05T10:25:44.130148,0.0154,-0.0745,1.1526,0.0,EngineIQ_Sensor
2026-08-05T10:25:44.131992,0.0154,-0.0745,1.1526,0.0,EngineIQ_Sensor
2026-08-05T10:25:44.191373,0.0154,-0.0745,1.1526,0.0,EngineIQ_Sensor
2026-08-05T10:25:44.250772,0.0154,-0.0745,1.1526,0.0,EngineIQ_Sensor
2026-08-05T10:25:44.310279,0.0154,-0.0745,1.1526,0.0,EngineIQ_Sensor
2026-08-05T10:25:44.312281,0.0154,-0.0745,1.1526,0.0,EngineIQ_Sensor
2026-08-05T10:25:44.371670,0.0154,-0.0745,1.1526,0.0,EngineIQ_Sensor
2026-08-05T10:25:44.791411,0.0154,-0.0745,1.1526,0.0,EngineIQ_Sensor
2026-08-05T10:25:44.910710,0.0154,-0.0745,1.1526,0.0,EngineIQ_Sensor
2026-08-05T10:25:44.970385,0.0154,-0.0745,1.1526,0.0,EngineIQ_Sensor
2026-08-05T10:25:44.972337,0.0154,-0.0745,1.1526,0.0,EngineIQ_Sensor
2026-08-05T10:25:45.031608,0.0154,-0.0745,1.1526,0.0,EngineIQ_Sensor
2026-08-05T10:25:45.092374,0.0154,-0.0745,1.1526,0.0,EngineIQ_Sensor
2026-08-05T10:25:45.150434,0.0154,-0.0745,1.1526,0.0,EngineIQ_Sensor
2026-08-05T10:25:45.152583,0.0154,-0.0745,1.1526,0.0,EngineIQ_Sensor
2026-08-05T10:25:45.273442,0.0154,-0.0745,1.1526,0.0,EngineIQ_Sensor
2026-08-05T10:25:45.331089,0.0154,-0.0745,1.1526,0.0,EngineIQ_Sensor
2026-08-05T10:25:45.391665,0.0154,-0.0745,1.1526,0.0,EngineIQ_Sensor
2026-08-05T10:25:45.392252,0.0154,-0.0745,1.1526,0.0,EngineIQ_Sensor
2026-08-05T10:25:45.452223,0.0154,-0.0745,1.1526,0.0,EngineIQ_Sensor
2026-08-05T10:25:45.751742,0.0154,-0.0745,1.1526,0.0,EngineIQ_Sensor
2026-08-05T10:25:45.810636,0.0154,-0.0745,1.1526,0.0,EngineIQ_Sensor
2026-08-05T10:25:45.870085,0.0154,-0.0745,1.1526,0.0,EngineIQ_Sensor
2026-08-05T10:25:45.872426,0.0154,-0.0745,1.1526,0.0,EngineIQ_Sensor
2026-08-05T10:25:45.931337,0.0154,-0.0745,1.1526,0.0,EngineIQ_Sensor
2026-08-05T10:25:45.990871,0.0154,-0.0745,1.1526,0.0,EngineIQ_Sensor
2026-08-05T10:25:46.050528,0.0154,-0.0745,1.1526,0.0,EngineIQ_Sensor
2026-08-05T10:25:46.052339,0.0154,-0.0745,1.1526,0.0,EngineIQ_Sensor
2026-08-05T10:25:46.111522,0.0154,-0.0745,1.1526,0.0,EngineIQ_Sensor
2026-08-05T10:25:46.170590,0.0154,-0.0745,1.1526,0.0,EngineIQ_Sensor
2026-08-05T10:25:46.229938,0.0154,-0.0745,1.1526,0.0,EngineIQ_Sensor
2026-08-05T10:25:46.231892,0.0154,-0.0745,1.1526,0.0,EngineIQ_Sensor
2026-08-05T10:25:46.291700,0.0154,-0.0745,1.1526,0.0,EngineIQ_Sensor
2026-08-05T10:25:46.747098,0.0154,-0.0745,1.1526,0.0,EngineIQ_Sensor
2026-08-05T10:25:46.773899,0.0154,-0.0745,1.1526,0.0,EngineIQ_Sensor
2026-08-05T10:25:46.830589,0.0154,-0.0745,1.1526,0.0,EngineIQ_Sensor
2026-08-05T10:25:46.890206,0.0154,-0.0745,1.1526,0.0,EngineIQ_Sensor
2026-08-05T10:25:46.892143,0.0154,-0.0745,1.1526,0.0,EngineIQ_Sensor
2026-08-05T10:25:46.951459,0.0154,-0.0745,1.1526,0.0,EngineIQ_Sensor
2026-08-05T10:25:47.010834,0.0154,-0.0745,1.1526,0.0,EngineIQ_Sensor
2026-08-05T10:25:47.130841,0.0154,-0.0745,1.1526,0.0,EngineIQ_Sensor
2026-08-05T10:25:47.190113,0.0154,-0.0745,1.1526,0.0,EngineIQ_Sensor
2026-08-05T10:25:47.191871,0.0154,-0.0745,1.1526,0.0,EngineIQ_Sensor
2026-08-05T10:25:47.310750,0.0154,-0.0745,1.1526,0.0,EngineIQ_Sensor
2026-08-05T10:25:47.370190,0.0154,-0.0745,1.1526,0.0,EngineIQ_Sensor
2026-08-05T10:25:47.372037,0.0154,-0.0745,1.1526,0.0,EngineIQ_Sensor
2026-08-05T10:25:47.731238,0.0154,-0.0745,1.1526,0.0,EngineIQ_Sensor
2026-08-05T10:25:47.850749,0.0154,-0.0745,1.1526,0.0,EngineIQ_Sensor
2026-08-05T10:25:47.910017,0.0154,-0.0745,1.1526,0.0,EngineIQ_Sensor
2026-08-05T10:25:47.911986,0.0154,-0.0745,1.1526,0.0,EngineIQ_Sensor
2026-08-05T10:25:48.031637,0.0154,-0.0745,1.1526,0.0,EngineIQ_Sensor
2026-08-05T10:25:48.090585,0.0154,-0.0745,1.1526,0.0,EngineIQ_Sensor
2026-08-05T10:25:48.149762,0.0154,-0.0745,1.1526,0.0,EngineIQ_Sensor
2026-08-05T10:25:48.210854,0.0154,-0.0745,1.1526,0.0,EngineIQ_Sensor
2026-08-05T10:25:48.270023,0.0154,-0.0745,1.1526,0.0,EngineIQ_Sensor
2026-08-05T10:25:48.271968,0.0154,-0.0745,1.1526,0.0,EngineIQ_Sensor
2026-08-05T10:25:48.331371,0.0154,-0.0745,1.1526,0.0,EngineIQ_Sensor
2026-08-05T10:25:48.390977,0.0154,-0.0745,1.1526,0.0,EngineIQ_Sensor
2026-08-05T10:25:48.449966,0.0154,-0.0745,1.1526,0.0,EngineIQ_Sensor
2026-08-05T10:25:48.751344,0.0154,-0.0745,1.1526,0.0,EngineIQ_Sensor
2026-08-05T10:25:48.810675,0.0154,-0.0745,1.1526,0.0,EngineIQ_Sensor
2026-08-05T10:25:48.869941,0.0154,-0.0745,1.1526,0.0,EngineIQ_Sensor
2026-08-05T10:25:48.872128,0.0154,-0.0745,1.1526,0.0,EngineIQ_Sensor
2026-08-05T10:25:48.931729,0.0154,-0.0745,1.1526,0.0,EngineIQ_Sensor
2026-08-05T10:25:48.990789,0.0154,-0.0745,1.1526,0.0,EngineIQ_Sensor
2026-08-05T10:25:49.049957,0.0154,-0.0745,1.1526,0.0,EngineIQ_Sensor
2026-08-05T10:25:49.052102,0.0154,-0.0745,1.1526,0.0,EngineIQ_Sensor
2026-08-05T10:25:49.111357,0.0154,-0.0745,1.1526,0.0,EngineIQ_Sensor
2026-08-05T10:25:49.170642,0.0154,-0.0745,1.1526,0.0,EngineIQ_Sensor
2026-08-05T10:25:49.231491,0.0154,-0.0745,1.1526,0.0,EngineIQ_Sensor
2026-08-05T10:25:49.350722,0.0154,-0.0745,1.1526,0.0,EngineIQ_Sensor
2026-08-05T10:25:49.410999,0.0154,-0.0745,1.1526,0.0,EngineIQ_Sensor
2026-08-05T10:25:49.711837,0.0154,-0.0745,1.1526,0.0,EngineIQ_Sensor
2026-08-05T10:25:49.771239,0.0154,-0.0745,1.1526,0.0,EngineIQ_Sensor
2026-08-05T10:25:49.830818,0.0154,-0.0745,1.1526,0.0,EngineIQ_Sensor
2026-08-05T10:25:49.891467,0.0154,-0.0745,1.1526,0.0,EngineIQ_Sensor
2026-08-05T10:25:49.950569,0.0154,-0.0745,1.1526,0.0,EngineIQ_Sensor
2026-08-05T10:25:50.009867,0.0154,-0.0745,1.1526,0.0,EngineIQ_Sensor
2026-08-05T10:25:50.069965,0.0154,-0.0745,1.1526,0.0,EngineIQ_Sensor
2026-08-05T10:25:50.072357,0.0154,-0.0745,1.1526,0.0,EngineIQ_Sensor
2026-08-05T10:25:50.131943,0.0154,-0.0745,1.1526,0.0,EngineIQ_Sensor
2026-08-05T10:25:50.190731,0.0154,-0.0745,1.1526,0.0,EngineIQ_Sensor
2026-08-05T10:25:50.249830,0.0154,-0.0745,1.1526,0.0,EngineIQ_Sensor
2026-08-05T10:25:50.251857,0.0154,-0.0745,1.1526,0.0,EngineIQ_Sensor
2026-08-05T10:25:50.311377,0.0154,-0.0745,1.1526,0.0,EngineIQ_Sensor
2026-08-05T10:25:50.731323,0.0154,-0.0745,1.1526,0.0,EngineIQ_Sensor
2026-08-05T10:25:50.790383,0.0154,-0.0745,1.1526,0.0,EngineIQ_Sensor
2026-08-05T10:25:50.850349,0.0154,-0.0745,1.1526,0.0,EngineIQ_Sensor
2026-08-05T10:25:50.852339,0.0154,-0.0745,1.1526,0.0,EngineIQ_Sensor
2026-08-05T10:25:50.971421,0.0154,-0.0745,1.1526,0.0,EngineIQ_Sensor
2026-08-05T10:25:51.030592,0.0154,-0.0745,1.1526,0.0,EngineIQ_Sensor
2026-08-05T10:25:51.090004,0.0154,-0.0745,1.1526,0.0,EngineIQ_Sensor
2026-08-05T10:25:51.150492,0.0154,-0.0745,1.1526,0.0,EngineIQ_Sensor
2026-08-05T10:25:51.152455,0.0154,-0.0745,1.1526,0.0,EngineIQ_Sensor
2026-08-05T10:25:51.211127,0.0154,-0.0745,1.1526,0.0,EngineIQ_Sensor
2026-08-05T10:25:51.270418,0.0154,-0.0745,1.1526,0.0,EngineIQ_Sensor
2026-08-05T10:25:51.330101,0.0154,-0.0745,1.1526,0.0,EngineIQ_Sensor
2026-08-05T10:25:51.331749,0.0154,-0.0745,1.1526,0.0,EngineIQ_Sensor
2026-08-05T10:25:51.795628,0.0154,-0.0745,1.1526,0.0,EngineIQ_Sensor
2026-08-05T10:25:51.810563,0.0154,-0.0745,1.1526,0.0,EngineIQ_Sensor
2026-08-05T10:25:51.902092,0.0154,-0.0745,1.1526,0.0,EngineIQ_Sensor
2026-08-05T10:25:51.930000,0.0154,-0.0745,1.1526,0.0,EngineIQ_Sensor
2026-08-05T10:25:51.932101,0.0154,-0.0745,1.1526,0.0,EngineIQ_Sensor
2026-08-05T10:25:51.991114,0.0154,-0.0745,1.1526,0.0,EngineIQ_Sensor
2026-08-05T10:25:52.051485,0.0154,-0.0745,1.1526,0.0,EngineIQ_Sensor
2026-08-05T10:25:52.110016,0.0154,-0.0745,1.1526,0.0,EngineIQ_Sensor
2026-08-05T10:25:52.112032,0.0154,-0.0745,1.1526,0.0,EngineIQ_Sensor
2026-08-05T10:25:52.171216,0.0154,-0.0745,1.1526,0.0,EngineIQ_Sensor
2026-08-05T10:25:52.231030,0.0154,-0.0745,1.1526,0.0,EngineIQ_Sensor
2026-08-05T10:25:52.289909,0.0154,-0.0745,1.1526,0.0,EngineIQ_Sensor
2026-08-05T10:25:52.292096,0.0154,-0.0745,1.1526,0.0,EngineIQ_Sensor
2026-08-05T10:25:52.711868,0.0154,-0.0745,1.1526,0.0,EngineIQ_Sensor
2026-08-05T10:25:52.771187,0.0154,-0.0745,1.1526,0.0,EngineIQ_Sensor
2026-08-05T10:25:52.830795,0.0154,-0.0745,1.1526,0.0,EngineIQ_Sensor
2026-08-05T10:25:52.891556,0.0154,-0.0745,1.1526,0.0,EngineIQ_Sensor
2026-08-05T10:25:52.892932,0.0154,-0.0745,1.1526,0.0,EngineIQ_Sensor
2026-08-05T10:25:52.956178,0.0154,-0.0745,1.1526,0.0,EngineIQ_Sensor
2026-08-05T10:25:53.011362,0.0154,-0.0745,1.1526,0.0,EngineIQ_Sensor
2026-08-05T10:25:53.069925,0.0154,-0.0745,1.1526,0.0,EngineIQ_Sensor
2026-08-05T10:25:53.072141,0.0154,-0.0745,1.1526,0.0,EngineIQ_Sensor
2026-08-05T10:25:53.190409,0.0154,-0.0745,1.1526,0.0,EngineIQ_Sensor
2026-08-05T10:25:53.249865,0.0154,-0.0745,1.1526,0.0,EngineIQ_Sensor
2026-08-05T10:25:53.252083,0.0154,-0.0745,1.1526,0.0,EngineIQ_Sensor
2026-08-05T10:25:53.311438,0.0154,-0.0745,1.1526,0.0,EngineIQ_Sensor
2026-08-05T10:25:53.731186,0.0154,-0.0745,1.1526,0.0,EngineIQ_Sensor
2026-08-05T10:25:53.790457,0.0154,-0.0745,1.1526,0.0,EngineIQ_Sensor
2026-08-05T10:25:53.850001,0.0154,-0.0745,1.1526,0.0,EngineIQ_Sensor
2026-08-05T10:25:53.851796,0.0154,-0.0745,1.1526,0.0,EngineIQ_Sensor
2026-08-05T10:25:53.911571,0.0154,-0.0745,1.1526,0.0,EngineIQ_Sensor
2026-08-05T10:25:53.971741,0.0154,-0.0745,1.1526,0.0,EngineIQ_Sensor
2026-08-05T10:25:54.031188,0.0154,-0.0745,1.1526,0.0,EngineIQ_Sensor
2026-08-05T10:25:54.150036,0.0154,-0.0745,1.1526,0.0,EngineIQ_Sensor
2026-08-05T10:25:54.152610,0.0154,-0.0745,1.1526,0.0,EngineIQ_Sensor
2026-08-05T10:25:54.211423,0.0154,-0.0745,1.1526,0.0,EngineIQ_Sensor
2026-08-05T10:25:54.330602,0.0154,-0.0745,1.1526,0.0,EngineIQ_Sensor
2026-08-05T10:25:54.390510,0.0154,-0.0745,1.1526,0.0,EngineIQ_Sensor
2026-08-05T10:25:54.449793,0.0154,-0.0745,1.1526,0.0,EngineIQ_Sensor
2026-08-05T10:25:54.751644,0.0154,-0.0745,1.1526,0.0,EngineIQ_Sensor
2026-08-05T10:25:54.811010,0.0154,-0.0745,1.1526,0.0,EngineIQ_Sensor
2026-08-05T10:25:54.870545,0.0154,-0.0745,1.1526,0.0,EngineIQ_Sensor
2026-08-05T10:25:54.929992,0.0154,-0.0745,1.1526,0.0,EngineIQ_Sensor
2026-08-05T10:25:54.931727,0.0154,-0.0745,1.1526,0.0,EngineIQ_Sensor
2026-08-05T10:25:55.050556,0.0154,-0.0745,1.1526,0.0,EngineIQ_Sensor
2026-08-05T10:25:55.109735,0.0154,-0.0745,1.1526,0.0,EngineIQ_Sensor
2026-08-05T10:25:55.111791,0.0154,-0.0745,1.1526,0.0,EngineIQ_Sensor
2026-08-05T10:25:55.171216,0.0154,-0.0745,1.1526,0.0,EngineIQ_Sensor
2026-08-05T10:25:55.230542,0.0154,-0.0745,1.1526,0.0,EngineIQ_Sensor
2026-08-05T10:25:55.289843,0.0154,-0.0745,1.1526,0.0,EngineIQ_Sensor
2026-08-05T10:25:55.291666,0.0154,-0.0745,1.1526,0.0,EngineIQ_Sensor
2026-08-05T10:25:55.411207,0.0154,-0.0745,1.1526,0.0,EngineIQ_Sensor
2026-08-05T10:25:55.712009,0.0154,-0.0745,1.1526,0.0,EngineIQ_Sensor
2026-08-05T10:25:55.771152,0.0154,-0.0745,1.1526,0.0,EngineIQ_Sensor
2026-08-05T10:25:55.830522,0.0154,-0.0745,1.1526,0.0,EngineIQ_Sensor
2026-08-05T10:25:55.889776,0.0154,-0.0745,1.1526,0.0,EngineIQ_Sensor
2026-08-05T10:25:55.891572,0.0154,-0.0745,1.1526,0.0,EngineIQ_Sensor
2026-08-05T10:25:55.951176,0.0154,-0.0745,1.1526,0.0,EngineIQ_Sensor
2026-08-05T10:25:56.010733,0.0154,-0.0745,1.1526,0.0,EngineIQ_Sensor
2026-08-05T10:25:56.069782,0.0154,-0.0745,1.1526,0.0,EngineIQ_Sensor
2026-08-05T10:25:56.071622,0.0154,-0.0745,1.1526,0.0,EngineIQ_Sensor
2026-08-05T10:25:56.131018,0.0154,-0.0745,1.1526,0.0,EngineIQ_Sensor
2026-08-05T10:25:56.190461,0.0154,-0.0745,1.1526,0.0,EngineIQ_Sensor
2026-08-05T10:25:56.249761,0.0154,-0.0745,1.1526,0.0,EngineIQ_Sensor
2026-08-05T10:25:56.251624,0.0154,-0.0745,1.1526,0.0,EngineIQ_Sensor
2026-08-05T10:25:56.731119,0.0154,-0.0745,1.1526,0.0,EngineIQ_Sensor
2026-08-05T10:25:56.790646,0.0154,-0.0745,1.1526,0.0,EngineIQ_Sensor
2026-08-05T10:25:56.849658,0.0154,-0.0745,1.1526,0.0,EngineIQ_Sensor
2026-08-05T10:25:56.851932,0.0154,-0.0745,1.1526,0.0,EngineIQ_Sensor
2026-08-05T10:25:56.911174,0.0154,-0.0745,1.1526,0.0,EngineIQ_Sensor
2026-08-05T10:25:56.970417,0.0154,-0.0745,1.1526,0.0,EngineIQ_Sensor
2026-08-05T10:25:57.029836,0.0154,-0.0745,1.1526,0.0,EngineIQ_Sensor
2026-08-05T10:25:57.031679,0.0154,-0.0745,1.1526,0.0,EngineIQ_Sensor
2026-08-05T10:25:57.091648,0.0154,-0.0745,1.1526,0.0,EngineIQ_Sensor
2026-08-05T10:25:57.221376,0.0154,-0.0745,1.1526,0.0,EngineIQ_Sensor
2026-08-05T10:25:57.221768,0.0154,-0.0745,1.1526,0.0,EngineIQ_Sensor
2026-08-05T10:25:57.338137,0.0154,-0.0745,1.1526,0.0,EngineIQ_Sensor
2026-08-05T10:25:57.338463,0.0154,-0.0745,1.1526,0.0,EngineIQ_Sensor
2026-08-05T10:25:57.751334,0.0154,-0.0745,1.1526,0.0,EngineIQ_Sensor
2026-08-05T10:25:57.811754,0.0154,-0.0745,1.1526,0.0,EngineIQ_Sensor
2026-08-05T10:25:57.871252,0.0154,-0.0745,1.1526,0.0,EngineIQ_Sensor
2026-08-05T10:25:57.872754,0.0154,-0.0745,1.1526,0.0,EngineIQ_Sensor
2026-08-05T10:25:57.931145,0.0154,-0.0745,1.1526,0.0,EngineIQ_Sensor
2026-08-05T10:25:57.990960,0.0154,-0.0745,1.1526,0.0,EngineIQ_Sensor
2026-08-05T10:25:58.052397,0.0154,-0.0745,1.1526,0.0,EngineIQ_Sensor
2026-08-05T10:25:58.111072,0.0154,-0.0745,1.1526,0.0,EngineIQ_Sensor
2026-08-05T10:25:58.169830,0.0154,-0.0745,1.1526,0.0,EngineIQ_Sensor
2026-08-05T10:25:58.172339,0.0154,-0.0745,1.1526,0.0,EngineIQ_Sensor
2026-08-05T10:25:58.231315,0.0154,-0.0745,1.1526,0.0,EngineIQ_Sensor
2026-08-05T10:25:58.290264,0.0154,-0.0745,1.1526,0.0,EngineIQ_Sensor
2026-08-05T10:25:58.349832,0.0154,-0.0745,1.1526,0.0,EngineIQ_Sensor
2026-08-05T10:25:58.711245,0.0154,-0.0745,1.1526,0.0,EngineIQ_Sensor
2026-08-05T10:25:58.771151,0.0154,-0.0745,1.1526,0.0,EngineIQ_Sensor
2026-08-05T10:25:58.830346,0.0154,-0.0745,1.1526,0.0,EngineIQ_Sensor
2026-08-05T10:25:58.949733,0.0154,-0.0745,1.1526,0.0,EngineIQ_Sensor
2026-08-05T10:25:58.951627,0.0154,-0.0745,1.1526,0.0,EngineIQ_Sensor
2026-08-05T10:25:59.011292,0.0154,-0.0745,1.1526,0.0,EngineIQ_Sensor
2026-08-05T10:25:59.070571,0.0154,-0.0745,1.1526,0.0,EngineIQ_Sensor
2026-08-05T10:25:59.129659,0.0154,-0.0745,1.1526,0.0,EngineIQ_Sensor
2026-08-05T10:25:59.131567,0.0154,-0.0745,1.1526,0.0,EngineIQ_Sensor
2026-08-05T10:25:59.191167,0.0154,-0.0745,1.1526,0.0,EngineIQ_Sensor
2026-08-05T10:25:59.250347,0.0154,-0.0745,1.1526,0.0,EngineIQ_Sensor
2026-08-05T10:25:59.309774,0.0154,-0.0745,1.1526,0.0,EngineIQ_Sensor
2026-08-05T10:25:59.311957,0.0154,-0.0745,1.1526,0.0,EngineIQ_Sensor
2026-08-05T10:25:59.730914,0.0154,-0.0745,1.1526,0.0,EngineIQ_Sensor
2026-08-05T10:25:59.790297,0.0154,-0.0745,1.1526,0.0,EngineIQ_Sensor
2026-08-05T10:25:59.849806,0.0154,-0.0745,1.1526,0.0,EngineIQ_Sensor
2026-08-05T10:25:59.851672,0.0154,-0.0745,1.1526,0.0,EngineIQ_Sensor
2026-08-05T10:25:59.911627,0.0154,-0.0745,1.1526,0.0,EngineIQ_Sensor
2026-08-05T10:25:59.970218,0.0154,-0.0745,1.1526,0.0,EngineIQ_Sensor
2026-08-05T10:26:00.031265,0.0154,-0.0745,1.1526,0.0,EngineIQ_Sensor
2026-08-05T10:26:00.090425,0.0154,-0.0745,1.1526,0.0,EngineIQ_Sensor
2026-08-05T10:26:00.149761,0.0154,-0.0745,1.1526,0.0,EngineIQ_Sensor
2026-08-05T10:26:00.151759,0.0154,-0.0745,1.1526,0.0,EngineIQ_Sensor
2026-08-05T10:26:00.211273,0.0154,-0.0745,1.1526,0.0,EngineIQ_Sensor
2026-08-05T10:26:00.270427,0.0154,-0.0745,1.1526,0.0,EngineIQ_Sensor
2026-08-05T10:26:00.329944,0.0154,-0.0745,1.1526,0.0,EngineIQ_Sensor
2026-08-05T10:26:00.750941,0.0154,-0.0745,1.1526,0.0,EngineIQ_Sensor
2026-08-05T10:26:00.810359,0.0154,-0.0745,1.1526,0.0,EngineIQ_Sensor
2026-08-05T10:26:00.869616,0.0154,-0.0745,1.1526,0.0,EngineIQ_Sensor
2026-08-05T10:26:00.871858,0.0154,-0.0745,1.1526,0.0,EngineIQ_Sensor
2026-08-05T10:26:00.931229,0.0154,-0.0745,1.1526,0.0,EngineIQ_Sensor
2026-08-05T10:26:00.990277,0.0154,-0.0745,1.1526,0.0,EngineIQ_Sensor
2026-08-05T10:26:01.049825,0.0154,-0.0745,1.1526,0.0,EngineIQ_Sensor
2026-08-05T10:26:01.051694,0.0154,-0.0745,1.1526,0.0,EngineIQ_Sensor
2026-08-05T10:26:01.170779,0.0154,-0.0745,1.1526,0.0,EngineIQ_Sensor
2026-08-05T10:26:01.230545,0.0154,-0.0745,1.1526,0.0,EngineIQ_Sensor
2026-08-05T10:26:01.350035,0.0154,-0.0745,1.1526,0.0,EngineIQ_Sensor
2026-08-05T10:26:01.411795,0.0154,-0.0745,1.1526,0.0,EngineIQ_Sensor
2026-08-05T10:26:01.470551,0.0154,-0.0745,1.1526,0.0,EngineIQ_Sensor
2026-08-05T10:26:01.711092,0.0154,-0.0745,1.1526,0.0,EngineIQ_Sensor
2026-08-05T10:26:01.831432,0.0154,-0.0745,1.1526,0.0,EngineIQ_Sensor
2026-08-05T10:26:01.890343,0.0154,-0.0745,1.1526,0.0,EngineIQ_Sensor
2026-08-05T10:26:01.891815,0.0154,-0.0745,1.1526,0.0,EngineIQ_Sensor
2026-08-05T10:26:01.951062,0.0154,-0.0745,1.1526,0.0,EngineIQ_Sensor
2026-08-05T10:26:02.011892,0.0154,-0.0745,1.1526,0.0,EngineIQ_Sensor
2026-08-05T10:26:02.072674,0.0154,-0.0745,1.1526,0.0,EngineIQ_Sensor
2026-08-05T10:26:02.073067,0.0154,-0.0745,1.1526,0.0,EngineIQ_Sensor
2026-08-05T10:26:02.131846,0.0154,-0.0745,1.1526,0.0,EngineIQ_Sensor
2026-08-05T10:26:02.202802,0.0154,-0.0745,1.1526,0.0,EngineIQ_Sensor
2026-08-05T10:26:02.283996,0.0154,-0.0745,1.1526,0.0,EngineIQ_Sensor
2026-08-05T10:26:02.285018,0.0154,-0.0745,1.1526,0.0,EngineIQ_Sensor
2026-08-05T10:26:02.326700,0.0154,-0.0745,1.1526,0.0,EngineIQ_Sensor
2026-08-05T10:26:02.730915,0.0154,-0.0745,1.1526,0.0,EngineIQ_Sensor
2026-08-05T10:26:02.790664,0.0154,-0.0745,1.1526,0.0,EngineIQ_Sensor
2026-08-05T10:26:02.849719,0.0154,-0.0745,1.1526,0.0,EngineIQ_Sensor
2026-08-05T10:26:02.852036,0.0154,-0.0745,1.1526,0.0,EngineIQ_Sensor
2026-08-05T10:26:02.910921,0.0154,-0.0745,1.1526,0.0,EngineIQ_Sensor
2026-08-05T10:26:02.970295,0.0154,-0.0745,1.1526,0.0,EngineIQ_Sensor
2026-08-05T10:26:03.029777,0.0154,-0.0745,1.1526,0.0,EngineIQ_Sensor
2026-08-05T10:26:03.034964,0.0154,-0.0745,1.1526,0.0,EngineIQ_Sensor
2026-08-05T10:26:03.090812,0.0154,-0.0745,1.1526,0.0,EngineIQ_Sensor
2026-08-05T10:26:03.150212,0.0154,-0.0745,1.1526,0.0,EngineIQ_Sensor
2026-08-05T10:26:03.209829,0.0154,-0.0745,1.1526,0.0,EngineIQ_Sensor
2026-08-05T10:26:03.211828,0.0154,-0.0745,1.1526,0.0,EngineIQ_Sensor
2026-08-05T10:26:03.271166,0.0154,-0.0745,1.1526,0.0,EngineIQ_Sensor
2026-08-05T10:26:03.751097,0.0154,-0.0745,1.1526,0.0,EngineIQ_Sensor
2026-08-05T10:26:03.810414,0.0154,-0.0745,1.1526,0.0,EngineIQ_Sensor
2026-08-05T10:26:03.869697,0.0154,-0.0745,1.1526,0.0,EngineIQ_Sensor
2026-08-05T10:26:03.871515,0.0154,-0.0745,1.1526,0.0,EngineIQ_Sensor
2026-08-05T10:26:03.931075,0.0154,-0.0745,1.1526,0.0,EngineIQ_Sensor
2026-08-05T10:26:04.109610,0.0154,-0.0745,1.1526,0.0,EngineIQ_Sensor
2026-08-05T10:26:04.111488,0.0154,-0.0745,1.1526,0.0,EngineIQ_Sensor
2026-08-05T10:26:04.171003,0.0154,-0.0745,1.1526,0.0,EngineIQ_Sensor
2026-08-05T10:26:04.230284,0.0154,-0.0745,1.1526,0.0,EngineIQ_Sensor
2026-08-05T10:26:04.289748,0.0154,-0.0745,1.1526,0.0,EngineIQ_Sensor
2026-08-05T10:26:04.291599,0.0154,-0.0745,1.1526,0.0,EngineIQ_Sensor
2026-08-05T10:26:04.351028,0.0154,-0.0745,1.1526,0.0,EngineIQ_Sensor
2026-08-05T10:26:04.410329,0.0154,-0.0745,1.1526,0.0,EngineIQ_Sensor
2026-08-05T10:26:04.711113,0.0154,-0.0745,1.1526,0.0,EngineIQ_Sensor
2026-08-05T10:26:04.770996,0.0154,-0.0745,1.1526,0.0,EngineIQ_Sensor
2026-08-05T10:26:04.830285,0.0154,-0.0745,1.1526,0.0,EngineIQ_Sensor
2026-08-05T10:26:04.890993,0.0154,-0.0745,1.1526,0.0,EngineIQ_Sensor
2026-08-05T10:26:04.950430,0.0154,-0.0745,1.1526,0.0,EngineIQ_Sensor
2026-08-05T10:26:05.009623,0.0154,-0.0745,1.1526,0.0,EngineIQ_Sensor
2026-08-05T10:26:05.011913,0.0154,-0.0745,1.1526,0.0,EngineIQ_Sensor
2026-08-05T10:26:05.070762,0.0154,-0.0745,1.1526,0.0,EngineIQ_Sensor
2026-08-05T10:26:05.130172,0.0154,-0.0745,1.1526,0.0,EngineIQ_Sensor
2026-08-05T10:26:05.249653,0.0154,-0.0745,1.1526,0.0,EngineIQ_Sensor
2026-08-05T10:26:05.251620,0.0154,-0.0745,1.1526,0.0,EngineIQ_Sensor
2026-08-05T10:26:05.310925,0.0154,-0.0745,1.1526,0.0,EngineIQ_Sensor
2026-08-05T10:26:05.370247,0.0154,-0.0745,1.1526,0.0,EngineIQ_Sensor
2026-08-05T10:26:05.791100,0.0154,-0.0745,1.1526,0.0,EngineIQ_Sensor
2026-08-05T10:26:05.850314,0.0154,-0.0745,1.1526,0.0,EngineIQ_Sensor
2026-08-05T10:26:05.969913,0.0154,-0.0745,1.1526,0.0,EngineIQ_Sensor
2026-08-05T10:26:06.031248,0.0154,-0.0745,1.1526,0.0,EngineIQ_Sensor
2026-08-05T10:26:06.152022,0.0154,-0.0745,1.1526,0.0,EngineIQ_Sensor
2026-08-05T10:26:06.152867,0.0154,-0.0745,1.1526,0.0,EngineIQ_Sensor
2026-08-05T10:26:06.210942,0.0154,-0.0745,1.1526,0.0,EngineIQ_Sensor
2026-08-05T10:26:06.281607,0.0154,-0.0745,1.1526,0.0,EngineIQ_Sensor
2026-08-05T10:26:06.333102,0.0154,-0.0745,1.1526,0.0,EngineIQ_Sensor
2026-08-05T10:26:06.334512,0.0154,-0.0745,1.1526,0.0,EngineIQ_Sensor
2026-08-05T10:26:06.452761,0.0154,-0.0745,1.1526,0.0,EngineIQ_Sensor
2026-08-05T10:26:06.509658,0.0154,-0.0745,1.1526,0.0,EngineIQ_Sensor
2026-08-05T10:26:06.512763,0.0154,-0.0745,1.1526,0.0,EngineIQ_Sensor
2026-08-05T10:26:06.751075,0.0154,-0.0745,1.1526,0.0,EngineIQ_Sensor
2026-08-05T10:26:06.810310,0.0154,-0.0745,1.1526,0.0,EngineIQ_Sensor
2026-08-05T10:26:06.869850,0.0154,-0.0745,1.1526,0.0,EngineIQ_Sensor
2026-08-05T10:26:06.871752,0.0154,-0.0745,1.1526,0.0,EngineIQ_Sensor
2026-08-05T10:26:07.032397,0.0154,-0.0745,1.1526,0.0,EngineIQ_Sensor
2026-08-05T10:26:07.032649,0.0154,-0.0745,1.1526,0.0,EngineIQ_Sensor
2026-08-05T10:26:07.084858,0.0154,-0.0745,1.1526,0.0,EngineIQ_Sensor
2026-08-05T10:26:07.102561,0.0154,-0.0745,1.1526,0.0,EngineIQ_Sensor
2026-08-05T10:26:07.128940,0.0154,-0.0745,1.1526,0.0,EngineIQ_Sensor
2026-08-05T10:26:07.170326,0.0154,-0.0745,1.1526,0.0,EngineIQ_Sensor
2026-08-05T10:26:07.229404,0.0154,-0.0745,1.1526,0.0,EngineIQ_Sensor
2026-08-05T10:26:07.290817,0.0154,-0.0745,1.1526,0.0,EngineIQ_Sensor
2026-08-05T10:26:07.291848,0.0154,-0.0745,1.1526,0.0,EngineIQ_Sensor
2026-08-05T10:26:07.710978,0.0154,-0.0745,1.1526,0.0,EngineIQ_Sensor
2026-08-05T10:26:07.770855,0.0154,-0.0745,1.1526,0.0,EngineIQ_Sensor
2026-08-05T10:26:07.830192,0.0154,-0.0745,1.1526,0.0,EngineIQ_Sensor
2026-08-05T10:26:07.889672,0.0154,-0.0745,1.1526,0.0,EngineIQ_Sensor
2026-08-05T10:26:07.891515,0.0154,-0.0745,1.1526,0.0,EngineIQ_Sensor
2026-08-05T10:26:07.950968,0.0154,-0.0745,1.1526,0.0,EngineIQ_Sensor
2026-08-05T10:26:08.010156,0.0154,-0.0745,1.1526,0.0,EngineIQ_Sensor
2026-08-05T10:26:08.069742,0.0154,-0.0745,1.1526,0.0,EngineIQ_Sensor
2026-08-05T10:26:08.071570,0.0154,-0.0745,1.1526,0.0,EngineIQ_Sensor
2026-08-05T10:26:08.131188,0.0154,-0.0745,1.1526,0.0,EngineIQ_Sensor
2026-08-05T10:26:08.190065,0.0154,-0.0745,1.1526,0.0,EngineIQ_Sensor
2026-08-05T10:26:08.249832,0.0154,-0.0745,1.1526,0.0,EngineIQ_Sensor
2026-08-05T10:26:08.251462,0.0154,-0.0745,1.1526,0.0,EngineIQ_Sensor
2026-08-05T10:26:08.730856,0.0154,-0.0745,1.1526,0.0,EngineIQ_Sensor
2026-08-05T10:26:08.790312,0.0154,-0.0745,1.1526,0.0,EngineIQ_Sensor
2026-08-05T10:26:08.851281,0.0154,-0.0745,1.1526,0.0,EngineIQ_Sensor
2026-08-05T10:26:08.909760,0.0154,-0.0745,1.1526,0.0,EngineIQ_Sensor
2026-08-05T10:26:08.911496,0.0154,-0.0745,1.1526,0.0,EngineIQ_Sensor
2026-08-05T10:26:08.970759,0.0154,-0.0745,1.1526,0.0,EngineIQ_Sensor
2026-08-05T10:26:09.032055,0.0154,-0.0745,1.1526,0.0,EngineIQ_Sensor
2026-08-05T10:26:09.089576,0.0154,-0.0745,1.1526,0.0,EngineIQ_Sensor
2026-08-05T10:26:09.091598,0.0154,-0.0745,1.1526,0.0,EngineIQ_Sensor
2026-08-05T10:26:09.150845,0.0154,-0.0745,1.1526,0.0,EngineIQ_Sensor
2026-08-05T10:26:09.269505,0.0154,-0.0745,1.1526,0.0,EngineIQ_Sensor
2026-08-05T10:26:09.271499,0.0154,-0.0745,1.1526,0.0,EngineIQ_Sensor
2026-08-05T10:26:09.331179,0.0154,-0.0745,1.1526,0.0,EngineIQ_Sensor
2026-08-05T10:26:09.750730,0.0154,-0.0745,1.1526,0.0,EngineIQ_Sensor
2026-08-05T10:26:09.870185,0.0154,-0.0745,1.1526,0.0,EngineIQ_Sensor
2026-08-05T10:26:09.929673,0.0154,-0.0745,1.1526,0.0,EngineIQ_Sensor
2026-08-05T10:26:09.931687,0.0154,-0.0745,1.1526,0.0,EngineIQ_Sensor
2026-08-05T10:26:09.990757,0.0154,-0.0745,1.1526,0.0,EngineIQ_Sensor
2026-08-05T10:26:10.050088,0.0154,-0.0745,1.1526,0.0,EngineIQ_Sensor
2026-08-05T10:26:10.109642,0.0154,-0.0745,1.1526,0.0,EngineIQ_Sensor
2026-08-05T10:26:10.111698,0.0154,-0.0745,1.1526,0.0,EngineIQ_Sensor
2026-08-05T10:26:10.173125,0.0154,-0.0745,1.1526,0.0,EngineIQ_Sensor
2026-08-05T10:26:10.230671,0.0154,-0.0745,1.1526,0.0,EngineIQ_Sensor
2026-08-05T10:26:10.294420,0.0154,-0.0745,1.1526,0.0,EngineIQ_Sensor
2026-08-05T10:26:10.295419,0.0154,-0.0745,1.1526,0.0,EngineIQ_Sensor
2026-08-05T10:26:10.410810,0.0154,-0.0745,1.1526,0.0,EngineIQ_Sensor
2026-08-05T10:26:10.771058,0.0154,-0.0745,1.1526,0.0,EngineIQ_Sensor
2026-08-05T10:26:10.830317,0.0154,-0.0745,1.1526,0.0,EngineIQ_Sensor
2026-08-05T10:26:10.889388,0.0154,-0.0745,1.1526,0.0,EngineIQ_Sensor
2026-08-05T10:26:10.891198,0.0154,-0.0745,1.1526,0.0,EngineIQ_Sensor
2026-08-05T10:26:10.950960,0.0154,-0.0745,1.1526,0.0,EngineIQ_Sensor
2026-08-05T10:26:11.010491,0.0154,-0.0745,1.1526,0.0,EngineIQ_Sensor
2026-08-05T10:26:11.069702,0.0154,-0.0745,1.1526,0.0,EngineIQ_Sensor
2026-08-05T10:26:11.071409,0.0154,-0.0745,1.1526,0.0,EngineIQ_Sensor
2026-08-05T10:26:11.131268,0.0154,-0.0745,1.1526,0.0,EngineIQ_Sensor
2026-08-05T10:26:11.190631,0.0154,-0.0745,1.1526,0.0,EngineIQ_Sensor
2026-08-05T10:26:11.250324,0.0154,-0.0745,1.1526,0.0,EngineIQ_Sensor
2026-08-05T10:26:11.309874,0.0154,-0.0745,1.1526,0.0,EngineIQ_Sensor
2026-08-05T10:26:11.313787,0.0154,-0.0745,1.1526,0.0,EngineIQ_Sensor
2026-08-05T10:26:11.730820,0.0154,-0.0745,1.1526,0.0,EngineIQ_Sensor
2026-08-05T10:26:11.790107,0.0154,-0.0745,1.1526,0.0,EngineIQ_Sensor
2026-08-05T10:26:11.849271,0.0154,-0.0745,1.1526,0.0,EngineIQ_Sensor
2026-08-05T10:26:11.851164,0.0154,-0.0745,1.1526,0.0,EngineIQ_Sensor
2026-08-05T10:26:11.910650,0.0154,-0.0745,1.1526,0.0,EngineIQ_Sensor
2026-08-05T10:26:11.970180,0.0154,-0.0745,1.1526,0.0,EngineIQ_Sensor
2026-08-05T10:26:12.029730,0.0154,-0.0745,1.1526,0.0,EngineIQ_Sensor
2026-08-05T10:26:12.089538,0.0154,-0.0745,1.1526,0.0,EngineIQ_Sensor
2026-08-05T10:26:12.091378,0.0154,-0.0745,1.1526,0.0,EngineIQ_Sensor
2026-08-05T10:26:12.151128,0.0154,-0.0745,1.1526,0.0,EngineIQ_Sensor
2026-08-05T10:26:12.286672,0.0154,-0.0745,1.1526,0.0,EngineIQ_Sensor
2026-08-05T10:26:12.417328,0.0154,-0.0745,1.1526,0.0,EngineIQ_Sensor
2026-08-05T10:26:12.417807,0.0154,-0.0745,1.1526,0.0,EngineIQ_Sensor
2026-08-05T10:26:12.751207,0.0154,-0.0745,1.1526,0.0,EngineIQ_Sensor
2026-08-05T10:26:12.810851,0.0154,-0.0745,1.1526,0.0,EngineIQ_Sensor
2026-08-05T10:26:12.870033,0.0154,-0.0745,1.1526,0.0,EngineIQ_Sensor
2026-08-05T10:26:12.929449,0.0154,-0.0745,1.1526,0.0,EngineIQ_Sensor
2026-08-05T10:26:12.931340,0.0154,-0.0745,1.1526,0.0,EngineIQ_Sensor
2026-08-05T10:26:12.992545,0.0154,-0.0745,1.1526,0.0,EngineIQ_Sensor
2026-08-05T10:26:13.049847,0.0154,-0.0745,1.1526,0.0,EngineIQ_Sensor
2026-08-05T10:26:13.109443,0.0154,-0.0745,1.1526,0.0,EngineIQ_Sensor
2026-08-05T10:26:13.111307,0.0154,-0.0745,1.1526,0.0,EngineIQ_Sensor
2026-08-05T10:26:13.171187,0.0154,-0.0745,1.1526,0.0,EngineIQ_Sensor
2026-08-05T10:26:13.230813,0.0154,-0.0745,1.1526,0.0,EngineIQ_Sensor
2026-08-05T10:26:13.289981,0.0154,-0.0745,1.1526,0.0,EngineIQ_Sensor
2026-08-05T10:26:13.349569,0.0154,-0.0745,1.1526,0.0,EngineIQ_Sensor
2026-08-05T10:26:13.711007,0.0154,-0.0745,1.1526,0.0,EngineIQ_Sensor
2026-08-05T10:26:13.770795,0.0154,-0.0745,1.1526,0.0,EngineIQ_Sensor
2026-08-05T10:26:13.830037,0.0154,-0.0745,1.1526,0.0,EngineIQ_Sensor
2026-08-05T10:26:13.889613,0.0154,-0.0745,1.1526,0.0,EngineIQ_Sensor
2026-08-05T10:26:13.891347,0.0154,-0.0745,1.1526,0.0,EngineIQ_Sensor
2026-08-05T10:26:13.951387,0.0154,-0.0745,1.1526,0.0,EngineIQ_Sensor
2026-08-05T10:26:14.010175,0.0154,-0.0745,1.1526,0.0,EngineIQ_Sensor
2026-08-05T10:26:14.069836,0.0154,-0.0745,1.1526,0.0,EngineIQ_Sensor
2026-08-05T10:26:14.071512,0.0154,-0.0745,1.1526,0.0,EngineIQ_Sensor
2026-08-05T10:26:14.130574,0.0154,-0.0745,1.1526,0.0,EngineIQ_Sensor
2026-08-05T10:26:14.249524,0.0154,-0.0745,1.1526,0.0,EngineIQ_Sensor
2026-08-05T10:26:14.251594,0.0154,-0.0745,1.1526,0.0,EngineIQ_Sensor
2026-08-05T10:26:14.310851,0.0154,-0.0745,1.1526,0.0,EngineIQ_Sensor
2026-08-05T10:26:14.731779,0.0154,-0.0745,1.1526,0.0,EngineIQ_Sensor
2026-08-05T10:26:14.790034,0.0154,-0.0745,1.1526,0.0,EngineIQ_Sensor
2026-08-05T10:26:14.851018,0.0154,-0.0745,1.1526,0.0,EngineIQ_Sensor
2026-08-05T10:26:14.910046,0.0154,-0.0745,1.1526,0.0,EngineIQ_Sensor
2026-08-05T10:26:14.969405,0.0154,-0.0745,1.1526,0.0,EngineIQ_Sensor
2026-08-05T10:26:14.971875,0.0154,-0.0745,1.1526,0.0,EngineIQ_Sensor
2026-08-05T10:26:15.030874,0.0154,-0.0745,1.1526,0.0,EngineIQ_Sensor
2026-08-05T10:26:15.090220,0.0154,-0.0745,1.1526,0.0,EngineIQ_Sensor
2026-08-05T10:26:15.149384,0.0154,-0.0745,1.1526,0.0,EngineIQ_Sensor
2026-08-05T10:26:15.151347,0.0154,-0.0745,1.1526,0.0,EngineIQ_Sensor
2026-08-05T10:26:15.210706,0.0154,-0.0745,1.1526,0.0,EngineIQ_Sensor
2026-08-05T10:26:15.270393,0.0154,-0.0745,1.1526,0.0,EngineIQ_Sensor
2026-08-05T10:26:15.389393,0.0154,-0.0745,1.1526,0.0,EngineIQ_Sensor
2026-08-05T10:26:15.750888,0.0154,-0.0745,1.1526,0.0,EngineIQ_Sensor
2026-08-05T10:26:15.810641,0.0154,-0.0745,1.1526,0.0,EngineIQ_Sensor
2026-08-05T10:26:15.870172,0.0154,-0.0745,1.1526,0.0,EngineIQ_Sensor
2026-08-05T10:26:15.871677,0.0154,-0.0745,1.1526,0.0,EngineIQ_Sensor
2026-08-05T10:26:15.930708,0.0154,-0.0745,1.1526,0.0,EngineIQ_Sensor
2026-08-05T10:26:15.990025,0.0154,-0.0745,1.1526,0.0,EngineIQ_Sensor
2026-08-05T10:26:16.049572,0.0154,-0.0745,1.1526,0.0,EngineIQ_Sensor
2026-08-05T10:26:16.051351,0.0154,-0.0745,1.1526,0.0,EngineIQ_Sensor
2026-08-05T10:26:16.110766,0.0154,-0.0745,1.1526,0.0,EngineIQ_Sensor
2026-08-05T10:26:16.229440,0.0154,-0.0745,1.1526,0.0,EngineIQ_Sensor
2026-08-05T10:26:16.231328,0.0154,-0.0745,1.1526,0.0,EngineIQ_Sensor
2026-08-05T10:26:16.291664,0.0154,-0.0745,1.1526,0.0,EngineIQ_Sensor
2026-08-05T10:26:16.350546,0.0154,-0.0745,1.1526,0.0,EngineIQ_Sensor
2026-08-05T10:26:16.710715,0.0154,-0.0745,1.1526,0.0,EngineIQ_Sensor
2026-08-05T10:26:16.770491,0.0154,-0.0745,1.1526,0.0,EngineIQ_Sensor
2026-08-05T10:26:16.829868,0.0154,-0.0745,1.1526,0.0,EngineIQ_Sensor
2026-08-05T10:26:16.889231,0.0154,-0.0745,1.1526,0.0,EngineIQ_Sensor
2026-08-05T10:26:16.891203,0.0154,-0.0745,1.1526,0.0,EngineIQ_Sensor
2026-08-05T10:26:16.950614,0.0154,-0.0745,1.1526,0.0,EngineIQ_Sensor
2026-08-05T10:26:17.009985,0.0154,-0.0745,1.1526,0.0,EngineIQ_Sensor
2026-08-05T10:26:17.069611,0.0154,-0.0745,1.1526,0.0,EngineIQ_Sensor
2026-08-05T10:26:17.071486,0.0154,-0.0745,1.1526,0.0,EngineIQ_Sensor
2026-08-05T10:26:17.130755,0.0154,-0.0745,1.1526,0.0,EngineIQ_Sensor
2026-08-05T10:26:17.189994,0.0154,-0.0745,1.1526,0.0,EngineIQ_Sensor
2026-08-05T10:26:17.249362,0.0154,-0.0745,1.1526,0.0,EngineIQ_Sensor
2026-08-05T10:26:17.251293,0.0154,-0.0745,1.1526,0.0,EngineIQ_Sensor
2026-08-05T10:26:17.730776,0.0154,-0.0745,1.1526,0.0,EngineIQ_Sensor
2026-08-05T10:26:17.790138,0.0154,-0.0745,1.1526,0.0,EngineIQ_Sensor
2026-08-05T10:26:17.849416,0.0154,-0.0745,1.1526,0.0,EngineIQ_Sensor
2026-08-05T10:26:17.851286,0.0154,-0.0745,1.1526,0.0,EngineIQ_Sensor
2026-08-05T10:26:17.910549,0.0154,-0.0745,1.1526,0.0,EngineIQ_Sensor
2026-08-05T10:26:17.969960,0.0154,-0.0745,1.1526,0.0,EngineIQ_Sensor
2026-08-05T10:26:18.029478,0.0154,-0.0745,1.1526,0.0,EngineIQ_Sensor
2026-08-05T10:26:18.031457,0.0154,-0.0745,1.1526,0.0,EngineIQ_Sensor
2026-08-05T10:26:18.090749,0.0154,-0.0745,1.1526,0.0,EngineIQ_Sensor
2026-08-05T10:26:18.150747,0.0154,-0.0745,1.1526,0.0,EngineIQ_Sensor
2026-08-05T10:26:18.210010,0.0154,-0.0745,1.1526,0.0,EngineIQ_Sensor
2026-08-05T10:26:18.269401,0.0154,-0.0745,1.1526,0.0,EngineIQ_Sensor
2026-08-05T10:26:18.272089,0.0154,-0.0745,1.1526,0.0,EngineIQ_Sensor
2026-08-05T10:26:18.753261,0.0154,-0.0745,1.1526,0.0,EngineIQ_Sensor
2026-08-05T10:26:18.814221,0.0154,-0.0745,1.1526,0.0,EngineIQ_Sensor
2026-08-05T10:26:18.869236,0.0154,-0.0745,1.1526,0.0,EngineIQ_Sensor
2026-08-05T10:26:18.871919,0.0154,-0.0745,1.1526,0.0,EngineIQ_Sensor
2026-08-05T10:26:18.990030,0.0154,-0.0745,1.1526,0.0,EngineIQ_Sensor
2026-08-05T10:26:19.049365,0.0154,-0.0745,1.1526,0.0,EngineIQ_Sensor
2026-08-05T10:26:19.051985,0.0154,-0.0745,1.1526,0.0,EngineIQ_Sensor
2026-08-05T10:26:19.110708,0.0154,-0.0745,1.1526,0.0,EngineIQ_Sensor
2026-08-05T10:26:19.170041,0.0154,-0.0745,1.1526,0.0,EngineIQ_Sensor
2026-08-05T10:26:19.229339,0.0154,-0.0745,1.1526,0.0,EngineIQ_Sensor
2026-08-05T10:26:19.231174,0.0154,-0.0745,1.1526,0.0,EngineIQ_Sensor
2026-08-05T10:26:19.290727,0.0154,-0.0745,1.1526,0.0,EngineIQ_Sensor
2026-08-05T10:26:19.349938,0.0154,-0.0745,1.1526,0.0,EngineIQ_Sensor
2026-08-05T10:26:19.711033,0.0154,-0.0745,1.1526,0.0,EngineIQ_Sensor
2026-08-05T10:26:19.830570,0.0154,-0.0745,1.1526,0.0,EngineIQ_Sensor
2026-08-05T10:26:19.889968,0.0154,-0.0745,1.1526,0.0,EngineIQ_Sensor
2026-08-05T10:26:19.949244,0.0154,-0.0745,1.1526,0.0,EngineIQ_Sensor
2026-08-05T10:26:19.951206,0.0154,-0.0745,1.1526,0.0,EngineIQ_Sensor
2026-08-05T10:26:20.010776,0.0154,-0.0745,1.1526,0.0,EngineIQ_Sensor
2026-08-05T10:26:20.069744,0.0154,-0.0745,1.1526,0.0,EngineIQ_Sensor
2026-08-05T10:26:20.129984,0.0154,-0.0745,1.1526,0.0,EngineIQ_Sensor
2026-08-05T10:26:20.131572,0.0154,-0.0745,1.1526,0.0,EngineIQ_Sensor
2026-08-05T10:26:20.190418,0.0154,-0.0745,1.1526,0.0,EngineIQ_Sensor
2026-08-05T10:26:20.260890,0.0154,-0.0745,1.1526,0.0,EngineIQ_Sensor
2026-08-05T10:26:20.319711,0.0154,-0.0745,1.1526,0.0,EngineIQ_Sensor
2026-08-05T10:26:20.320059,0.0154,-0.0745,1.1526,0.0,EngineIQ_Sensor
2026-08-05T10:26:20.730902,0.0154,-0.0745,1.1526,0.0,EngineIQ_Sensor
2026-08-05T10:26:20.791409,0.0154,-0.0745,1.1526,0.0,EngineIQ_Sensor
2026-08-05T10:26:20.852041,0.0154,-0.0745,1.1526,0.0,EngineIQ_Sensor
2026-08-05T10:26:20.856231,0.0154,-0.0745,1.1526,0.0,EngineIQ_Sensor
2026-08-05T10:26:20.921445,0.0154,-0.0745,1.1526,0.0,EngineIQ_Sensor
2026-08-05T10:26:20.972008,0.0154,-0.0745,1.1526,0.0,EngineIQ_Sensor
2026-08-05T10:26:21.033894,0.0154,-0.0745,1.1526,0.0,EngineIQ_Sensor
2026-08-05T10:26:21.034162,0.0154,-0.0745,1.1526,0.0,EngineIQ_Sensor
2026-08-05T10:26:21.090520,0.0154,-0.0745,1.1526,0.0,EngineIQ_Sensor
2026-08-05T10:26:21.149719,0.0154,-0.0745,1.1526,0.0,EngineIQ_Sensor
2026-08-05T10:26:21.209838,0.0154,-0.0745,1.1526,0.0,EngineIQ_Sensor
2026-08-05T10:26:21.211169,0.0154,-0.0745,1.1526,0.0,EngineIQ_Sensor
2026-08-05T10:26:21.270828,0.0154,-0.0745,1.1526,0.0,EngineIQ_Sensor
2026-08-05T10:26:21.750552,0.0154,-0.0745,1.1526,0.0,EngineIQ_Sensor
2026-08-05T10:26:21.869753,0.0154,-0.0745,1.1526,0.0,EngineIQ_Sensor
2026-08-05T10:26:21.929191,0.0154,-0.0745,1.1526,0.0,EngineIQ_Sensor
2026-08-05T10:26:21.931082,0.0154,-0.0745,1.1526,0.0,EngineIQ_Sensor
2026-08-05T10:26:21.990537,0.0154,-0.0745,1.1526,0.0,EngineIQ_Sensor
2026-08-05T10:26:22.053486,0.0154,-0.0745,1.1526,0.0,EngineIQ_Sensor
2026-08-05T10:26:22.109762,0.0154,-0.0745,1.1526,0.0,EngineIQ_Sensor
2026-08-05T10:26:22.110979,0.0154,-0.0745,1.1526,0.0,EngineIQ_Sensor
2026-08-05T10:26:22.229884,0.0154,-0.0745,1.1526,0.0,EngineIQ_Sensor
2026-08-05T10:26:22.289806,0.0154,-0.0745,1.1526,0.0,EngineIQ_Sensor
2026-08-05T10:26:22.349354,0.0154,-0.0745,1.1526,0.0,EngineIQ_Sensor
2026-08-05T10:26:22.351350,0.0154,-0.0745,1.1526,0.0,EngineIQ_Sensor
2026-08-05T10:26:22.410641,0.0154,-0.0745,1.1526,0.0,EngineIQ_Sensor
2026-08-05T10:26:22.711430,0.0154,-0.0745,1.1526,0.0,EngineIQ_Sensor
2026-08-05T10:26:22.771426,0.0154,-0.0745,1.1526,0.0,EngineIQ_Sensor
2026-08-05T10:26:22.880204,0.0154,-0.0745,1.1526,0.0,EngineIQ_Sensor
2026-08-05T10:26:22.894323,0.0154,-0.0745,1.1526,0.0,EngineIQ_Sensor
2026-08-05T10:26:22.894727,0.0154,-0.0745,1.1526,0.0,EngineIQ_Sensor
2026-08-05T10:26:22.999007,0.0154,-0.0745,1.1526,0.0,EngineIQ_Sensor
2026-08-05T10:26:23.048656,0.0154,-0.0745,1.1526,0.0,EngineIQ_Sensor
2026-08-05T10:26:23.069341,0.0154,-0.0745,1.1526,0.0,EngineIQ_Sensor
2026-08-05T10:26:23.074127,0.0154,-0.0745,1.1526,0.0,EngineIQ_Sensor
2026-08-05T10:26:23.191148,0.0154,-0.0745,1.1526,0.0,EngineIQ_Sensor
2026-08-05T10:26:23.249801,0.0154,-0.0745,1.1526,0.0,EngineIQ_Sensor
2026-08-05T10:26:23.309295,0.0154,-0.0745,1.1526,0.0,EngineIQ_Sensor
2026-08-05T10:26:23.312221,0.0154,-0.0745,1.1526,0.0,EngineIQ_Sensor
2026-08-05T10:26:23.730637,0.0154,-0.0745,1.1526,0.0,EngineIQ_Sensor
2026-08-05T10:26:23.789864,0.0154,-0.0745,1.1526,0.0,EngineIQ_Sensor
2026-08-05T10:26:23.849325,0.0154,-0.0745,1.1526,0.0,EngineIQ_Sensor
2026-08-05T10:26:23.851286,0.0154,-0.0745,1.1526,0.0,EngineIQ_Sensor
2026-08-05T10:26:23.910589,0.0154,-0.0745,1.1526,0.0,EngineIQ_Sensor
2026-08-05T10:26:23.969715,0.0154,-0.0745,1.1526,0.0,EngineIQ_Sensor
2026-08-05T10:26:24.029237,0.0154,-0.0745,1.1526,0.0,EngineIQ_Sensor
2026-08-05T10:26:24.031135,0.0154,-0.0745,1.1526,0.0,EngineIQ_Sensor
2026-08-05T10:26:24.090578,0.0154,-0.0745,1.1526,0.0,EngineIQ_Sensor
2026-08-05T10:26:24.149698,0.0154,-0.0745,1.1526,0.0,EngineIQ_Sensor
2026-08-05T10:26:24.209850,0.0154,-0.0745,1.1526,0.0,EngineIQ_Sensor
2026-08-05T10:26:24.269518,0.0154,-0.0745,1.1526,0.0,EngineIQ_Sensor
2026-08-05T10:26:24.271295,0.0154,-0.0745,1.1526,0.0,EngineIQ_Sensor
2026-08-05T10:26:24.750507,0.0154,-0.0745,1.1526,0.0,EngineIQ_Sensor
2026-08-05T10:26:24.869332,0.0154,-0.0745,1.1526,0.0,EngineIQ_Sensor
2026-08-05T10:26:24.930533,0.0154,-0.0745,1.1526,0.0,EngineIQ_Sensor
2026-08-05T10:26:24.989776,0.0154,-0.0745,1.1526,0.0,EngineIQ_Sensor
2026-08-05T10:26:25.049379,0.0154,-0.0745,1.1526,0.0,EngineIQ_Sensor
2026-08-05T10:26:25.051245,0.0154,-0.0745,1.1526,0.0,EngineIQ_Sensor
2026-08-05T10:26:25.110553,0.0154,-0.0745,1.1526,0.0,EngineIQ_Sensor
2026-08-05T10:26:25.169981,0.0154,-0.0745,1.1526,0.0,EngineIQ_Sensor
2026-08-05T10:26:25.233707,0.0154,-0.0745,1.1526,0.0,EngineIQ_Sensor
2026-08-05T10:26:25.349398,0.0154,-0.0745,1.1526,0.0,EngineIQ_Sensor
2026-08-05T10:26:25.351234,0.0154,-0.0745,1.1526,0.0,EngineIQ_Sensor
2026-08-05T10:26:25.410376,0.0154,-0.0745,1.1526,0.0,EngineIQ_Sensor
2026-08-05T10:26:25.469923,0.0154,-0.0745,1.1526,0.0,EngineIQ_Sensor
2026-08-05T10:26:25.710754,0.0154,-0.0745,1.1526,0.0,EngineIQ_Sensor
2026-08-05T10:26:25.770523,0.0154,-0.0745,1.1526,0.0,EngineIQ_Sensor
2026-08-05T10:26:25.829826,0.0154,-0.0745,1.1526,0.0,EngineIQ_Sensor
2026-08-05T10:26:25.889229,0.0154,-0.0745,1.1526,0.0,EngineIQ_Sensor
2026-08-05T10:26:25.891221,0.0154,-0.0745,1.1526,0.0,EngineIQ_Sensor
2026-08-05T10:26:25.950303,0.0154,-0.0745,1.1526,0.0,EngineIQ_Sensor
2026-08-05T10:26:26.010119,0.0154,-0.0745,1.1526,0.0,EngineIQ_Sensor
2026-08-05T10:26:26.070376,0.0154,-0.0745,1.1526,0.0,EngineIQ_Sensor
2026-08-05T10:26:26.129789,0.0154,-0.0745,1.1526,0.0,EngineIQ_Sensor
2026-08-05T10:26:26.189205,0.0154,-0.0745,1.1526,0.0,EngineIQ_Sensor
2026-08-05T10:26:26.191083,0.0154,-0.0745,1.1526,0.0,EngineIQ_Sensor
2026-08-05T10:26:26.250468,0.0154,-0.0745,1.1526,0.0,EngineIQ_Sensor
2026-08-05T10:26:26.309941,0.0154,-0.0745,1.1526,0.0,EngineIQ_Sensor
2026-08-05T10:26:26.730535,0.0154,-0.0745,1.1526,0.0,EngineIQ_Sensor
2026-08-05T10:26:26.789921,0.0154,-0.0745,1.1526,0.0,EngineIQ_Sensor
2026-08-05T10:26:26.849490,0.0154,-0.0745,1.1526,0.0,EngineIQ_Sensor
2026-08-05T10:26:26.851053,0.0154,-0.0745,1.1526,0.0,EngineIQ_Sensor
2026-08-05T10:26:26.910372,0.0154,-0.0745,1.1526,0.0,EngineIQ_Sensor
2026-08-05T10:26:26.969906,0.0154,-0.0745,1.1526,0.0,EngineIQ_Sensor
2026-08-05T10:26:27.029244,0.0154,-0.0745,1.1526,0.0,EngineIQ_Sensor
2026-08-05T10:26:27.031061,0.0154,-0.0745,1.1526,0.0,EngineIQ_Sensor
2026-08-05T10:26:27.090569,0.0154,-0.0745,1.1526,0.0,EngineIQ_Sensor
2026-08-05T10:26:27.150012,0.0154,-0.0745,1.1526,0.0,EngineIQ_Sensor
2026-08-05T10:26:27.209194,0.0154,-0.0745,1.1526,0.0,EngineIQ_Sensor
2026-08-05T10:26:27.211746,0.0154,-0.0745,1.1526,0.0,EngineIQ_Sensor
2026-08-05T10:26:27.271711,0.0154,-0.0745,1.1526,0.0,EngineIQ_Sensor
2026-08-05T10:26:27.750462,0.0154,-0.0745,1.1526,0.0,EngineIQ_Sensor
2026-08-05T10:26:27.809857,0.0154,-0.0745,1.1526,0.0,EngineIQ_Sensor
2026-08-05T10:26:27.869124,0.0154,-0.0745,1.1526,0.0,EngineIQ_Sensor
2026-08-05T10:26:27.871310,0.0154,-0.0745,1.1526,0.0,EngineIQ_Sensor
2026-08-05T10:26:27.930515,0.0154,-0.0745,1.1526,0.0,EngineIQ_Sensor
2026-08-05T10:26:27.989752,0.0154,-0.0745,1.1526,0.0,EngineIQ_Sensor
2026-08-05T10:26:28.049686,0.0154,-0.0745,1.1526,0.0,EngineIQ_Sensor
2026-08-05T10:26:28.169143,0.0154,-0.0745,1.1526,0.0,EngineIQ_Sensor
2026-08-05T10:26:28.170824,0.0154,-0.0745,1.1526,0.0,EngineIQ_Sensor
2026-08-05T10:26:28.230297,0.0154,-0.0745,1.1526,0.0,EngineIQ_Sensor
2026-08-05T10:26:28.289746,0.0154,-0.0745,1.1526,0.0,EngineIQ_Sensor
2026-08-05T10:26:28.390712,0.0154,-0.0745,1.1526,0.0,EngineIQ_Sensor
2026-08-05T10:26:28.391039,0.0154,-0.0745,1.1526,0.0,EngineIQ_Sensor
2026-08-05T10:26:28.710781,0.0154,-0.0745,1.1526,0.0,EngineIQ_Sensor
2026-08-05T10:26:28.770510,0.0154,-0.0745,1.1526,0.0,EngineIQ_Sensor
2026-08-05T10:26:28.889268,0.0154,-0.0745,1.1526,0.0,EngineIQ_Sensor
2026-08-05T10:26:28.890961,0.0154,-0.0745,1.1526,0.0,EngineIQ_Sensor
2026-08-05T10:26:28.950294,0.0154,-0.0745,1.1526,0.0,EngineIQ_Sensor
2026-08-05T10:26:29.009852,0.0154,-0.0745,1.1526,0.0,EngineIQ_Sensor
2026-08-05T10:26:29.069199,0.0154,-0.0745,1.1526,0.0,EngineIQ_Sensor
2026-08-05T10:26:29.071132,0.0154,-0.0745,1.1526,0.0,EngineIQ_Sensor
2026-08-05T10:26:29.130506,0.0154,-0.0745,1.1526,0.0,EngineIQ_Sensor
2026-08-05T10:26:29.189582,0.0154,-0.0745,1.1526,0.0,EngineIQ_Sensor
2026-08-05T10:26:29.249219,0.0154,-0.0745,1.1526,0.0,EngineIQ_Sensor
2026-08-05T10:26:29.250992,0.0154,-0.0745,1.1526,0.0,EngineIQ_Sensor
2026-08-05T10:26:29.310815,0.0154,-0.0745,1.1526,0.0,EngineIQ_Sensor
2026-08-05T10:26:29.730471,0.0154,-0.0745,1.1526,0.0,EngineIQ_Sensor
2026-08-05T10:26:29.849218,0.0154,-0.0745,1.1526,0.0,EngineIQ_Sensor
2026-08-05T10:26:29.850939,0.0154,-0.0745,1.1526,0.0,EngineIQ_Sensor
2026-08-05T10:26:29.910458,0.0154,-0.0745,1.1526,0.0,EngineIQ_Sensor
2026-08-05T10:26:30.029682,0.0154,-0.0745,1.1526,0.0,EngineIQ_Sensor
2026-08-05T10:26:30.089032,0.0154,-0.0745,1.1526,0.0,EngineIQ_Sensor
2026-08-05T10:26:30.090936,0.0154,-0.0745,1.1526,0.0,EngineIQ_Sensor
2026-08-05T10:26:30.150491,0.0154,-0.0745,1.1526,0.0,EngineIQ_Sensor
2026-08-05T10:26:30.240608,0.0154,-0.0745,1.1526,0.0,EngineIQ_Sensor
2026-08-05T10:26:30.296407,0.0154,-0.0745,1.1526,0.0,EngineIQ_Sensor
2026-08-05T10:26:30.296841,0.0154,-0.0745,1.1526,0.0,EngineIQ_Sensor
2026-08-05T10:26:30.349433,0.0154,-0.0745,1.1526,0.0,EngineIQ_Sensor
2026-08-05T10:26:30.396359,0.0154,-0.0745,1.1526,0.0,EngineIQ_Sensor
2026-08-05T10:26:30.750698,0.0154,-0.0745,1.1526,0.0,EngineIQ_Sensor
2026-08-05T10:26:30.814200,0.0154,-0.0745,1.1526,0.0,EngineIQ_Sensor
2026-08-05T10:26:30.875801,0.0154,-0.0745,1.1526,0.0,EngineIQ_Sensor
2026-08-05T10:26:30.876894,0.0154,-0.0745,1.1526,0.0,EngineIQ_Sensor
2026-08-05T10:26:30.930635,0.0154,-0.0745,1.1526,0.0,EngineIQ_Sensor
2026-08-05T10:26:30.989776,0.0154,-0.0745,1.1526,0.0,EngineIQ_Sensor
2026-08-05T10:26:31.049687,0.0154,-0.0745,1.1526,0.0,EngineIQ_Sensor
2026-08-05T10:26:31.051313,0.0154,-0.0745,1.1526,0.0,EngineIQ_Sensor
2026-08-05T10:26:31.110873,0.0154,-0.0745,1.1526,0.0,EngineIQ_Sensor
2026-08-05T10:26:31.169912,0.0154,-0.0745,1.1526,0.0,EngineIQ_Sensor
2026-08-05T10:26:31.228935,0.0154,-0.0745,1.1526,0.0,EngineIQ_Sensor
2026-08-05T10:26:31.231451,0.0154,-0.0745,1.1526,0.0,EngineIQ_Sensor
2026-08-05T10:26:31.291268,0.0154,-0.0745,1.1526,0.0,EngineIQ_Sensor
2026-08-05T10:26:31.710472,0.0154,-0.0745,1.1526,0.0,EngineIQ_Sensor
2026-08-05T10:26:31.770275,0.0154,-0.0745,1.1526,0.0,EngineIQ_Sensor
2026-08-05T10:26:31.830097,0.0154,-0.0745,1.1526,0.0,EngineIQ_Sensor
2026-08-05T10:26:31.889168,0.0154,-0.0745,1.1526,0.0,EngineIQ_Sensor
2026-08-05T10:26:31.891511,0.0154,-0.0745,1.1526,0.0,EngineIQ_Sensor
2026-08-05T10:26:31.950396,0.0154,-0.0745,1.1526,0.0,EngineIQ_Sensor
2026-08-05T10:26:32.009737,0.0154,-0.0745,1.1526,0.0,EngineIQ_Sensor
2026-08-05T10:26:32.069121,0.0154,-0.0745,1.1526,0.0,EngineIQ_Sensor
2026-08-05T10:26:32.071001,0.0154,-0.0745,1.1526,0.0,EngineIQ_Sensor
2026-08-05T10:26:32.130519,0.0154,-0.0745,1.1526,0.0,EngineIQ_Sensor
2026-08-05T10:26:32.189695,0.0154,-0.0745,1.1526,0.0,EngineIQ_Sensor
2026-08-05T10:26:32.249202,0.0154,-0.0745,1.1526,0.0,EngineIQ_Sensor
2026-08-05T10:26:32.251123,0.0154,-0.0745,1.1526,0.0,EngineIQ_Sensor
2026-08-05T10:26:32.730351,0.0154,-0.0745,1.1526,0.0,EngineIQ_Sensor
2026-08-05T10:26:32.789643,0.0154,-0.0745,1.1526,0.0,EngineIQ_Sensor
2026-08-05T10:26:32.849045,0.0154,-0.0745,1.1526,0.0,EngineIQ_Sensor
2026-08-05T10:26:32.851085,0.0154,-0.0745,1.1526,0.0,EngineIQ_Sensor
2026-08-05T10:26:32.973689,0.0154,-0.0745,1.1526,0.0,EngineIQ_Sensor
2026-08-05T10:26:32.974019,0.0154,-0.0745,1.1526,0.0,EngineIQ_Sensor
2026-08-05T10:26:33.030419,0.0154,-0.0745,1.1526,0.0,EngineIQ_Sensor
2026-08-05T10:26:33.115335,0.0154,-0.0745,1.1526,0.0,EngineIQ_Sensor
2026-08-05T10:26:33.173040,0.0154,-0.0745,1.1526,0.0,EngineIQ_Sensor
2026-08-05T10:26:33.173353,0.0154,-0.0745,1.1526,0.0,EngineIQ_Sensor
2026-08-05T10:26:33.210204,0.0154,-0.0745,1.1526,0.0,EngineIQ_Sensor
2026-08-05T10:26:33.269493,0.0154,-0.0745,1.1526,0.0,EngineIQ_Sensor
2026-08-05T10:26:33.329106,0.0154,-0.0745,1.1526,0.0,EngineIQ_Sensor
2026-08-05T10:26:33.796254,0.0154,-0.0745,1.1526,0.0,EngineIQ_Sensor
2026-08-05T10:26:33.831559,0.0154,-0.0745,1.1526,0.0,EngineIQ_Sensor
2026-08-05T10:26:33.874912,0.0154,-0.0745,1.1526,0.0,EngineIQ_Sensor
2026-08-05T10:26:33.960056,0.0154,-0.0745,1.1526,0.0,EngineIQ_Sensor
2026-08-05T10:26:34.006562,0.0154,-0.0745,1.1526,0.0,EngineIQ_Sensor
2026-08-05T10:26:34.006927,0.0154,-0.0745,1.1526,0.0,EngineIQ_Sensor
2026-08-05T10:26:34.050139,0.0154,-0.0745,1.1526,0.0,EngineIQ_Sensor
2026-08-05T10:26:34.110110,0.0154,-0.0745,1.1526,0.0,EngineIQ_Sensor
2026-08-05T10:26:34.169693,0.0154,-0.0745,1.1526,0.0,EngineIQ_Sensor
2026-08-05T10:26:34.229005,0.0154,-0.0745,1.1526,0.0,EngineIQ_Sensor
2026-08-05T10:26:34.231033,0.0154,-0.0745,1.1526,0.0,EngineIQ_Sensor
2026-08-05T10:26:34.290230,0.0154,-0.0745,1.1526,0.0,EngineIQ_Sensor
2026-08-05T10:26:34.349765,0.0154,-0.0745,1.1526,0.0,EngineIQ_Sensor
2026-08-05T10:26:34.710365,0.0154,-0.0745,1.1526,0.0,EngineIQ_Sensor
2026-08-05T10:26:34.830814,0.0154,-0.0745,1.1526,0.0,EngineIQ_Sensor
2026-08-05T10:26:34.889486,0.0154,-0.0745,1.1526,0.0,EngineIQ_Sensor
2026-08-05T10:26:34.948934,0.0154,-0.0745,1.1526,0.0,EngineIQ_Sensor
2026-08-05T10:26:34.950998,0.0154,-0.0745,1.1526,0.0,EngineIQ_Sensor
2026-08-05T10:26:35.010399,0.0154,-0.0745,1.1526,0.0,EngineIQ_Sensor
2026-08-05T10:26:35.070094,0.0154,-0.0745,1.1526,0.0,EngineIQ_Sensor
2026-08-05T10:26:35.129168,0.0154,-0.0745,1.1526,0.0,EngineIQ_Sensor
2026-08-05T10:26:35.130990,0.0154,-0.0745,1.1526,0.0,EngineIQ_Sensor
2026-08-05T10:26:35.191299,0.0154,-0.0745,1.1526,0.0,EngineIQ_Sensor
2026-08-05T10:26:35.249804,0.0154,-0.0745,1.1526,0.0,EngineIQ_Sensor
2026-08-05T10:26:35.308791,0.0154,-0.0745,1.1526,0.0,EngineIQ_Sensor
2026-08-05T10:26:35.375598,0.0154,-0.0745,1.1526,0.0,EngineIQ_Sensor
2026-08-05T10:26:35.730228,0.0154,-0.0745,1.1526,0.0,EngineIQ_Sensor
2026-08-05T10:26:35.789429,0.0154,-0.0745,1.1526,0.0,EngineIQ_Sensor
2026-08-05T10:26:35.848890,0.0154,-0.0745,1.1526,0.0,EngineIQ_Sensor
2026-08-05T10:26:35.850917,0.0154,-0.0745,1.1526,0.0,EngineIQ_Sensor
2026-08-05T10:26:35.910296,0.0154,-0.0745,1.1526,0.0,EngineIQ_Sensor
2026-08-05T10:26:35.969534,0.0154,-0.0745,1.1526,0.0,EngineIQ_Sensor
2026-08-05T10:26:36.029371,0.0154,-0.0745,1.1526,0.0,EngineIQ_Sensor
2026-08-05T10:26:36.031098,0.0154,-0.0745,1.1526,0.0,EngineIQ_Sensor
2026-08-05T10:26:36.090253,0.0154,-0.0745,1.1526,0.0,EngineIQ_Sensor
2026-08-05T10:26:36.149566,0.0154,-0.0745,1.1526,0.0,EngineIQ_Sensor
2026-08-05T10:26:36.241687,0.0154,-0.0745,1.1526,0.0,EngineIQ_Sensor
2026-08-05T10:26:36.241947,0.0154,-0.0745,1.1526,0.0,EngineIQ_Sensor
2026-08-05T10:26:36.270214,0.0154,-0.0745,1.1526,0.0,EngineIQ_Sensor
2026-08-05T10:26:36.750299,0.0154,-0.0745,1.1526,0.0,EngineIQ_Sensor
2026-08-05T10:26:36.870867,0.0154,-0.0745,1.1526,0.0,EngineIQ_Sensor
2026-08-05T10:26:36.929997,0.0154,-0.0745,1.1526,0.0,EngineIQ_Sensor
2026-08-05T10:26:36.988968,0.0154,-0.0745,1.1526,0.0,EngineIQ_Sensor
2026-08-05T10:26:36.991048,0.0154,-0.0745,1.1526,0.0,EngineIQ_Sensor
2026-08-05T10:26:37.050347,0.0154,-0.0745,1.1526,0.0,EngineIQ_Sensor
2026-08-05T10:26:37.109342,0.0154,-0.0745,1.1526,0.0,EngineIQ_Sensor
2026-08-05T10:26:37.169136,0.0154,-0.0745,1.1526,0.0,EngineIQ_Sensor
2026-08-05T10:26:37.171190,0.0154,-0.0745,1.1526,0.0,EngineIQ_Sensor
2026-08-05T10:26:37.230396,0.0154,-0.0745,1.1526,0.0,EngineIQ_Sensor
2026-08-05T10:26:37.289383,0.0154,-0.0745,1.1526,0.0,EngineIQ_Sensor
2026-08-05T10:26:37.370880,0.0154,-0.0745,1.1526,0.0,EngineIQ_Sensor
2026-08-05T10:26:37.377152,0.0154,-0.0745,1.1526,0.0,EngineIQ_Sensor
2026-08-05T10:26:37.768729,0.0154,-0.0745,1.1526,0.0,EngineIQ_Sensor
2026-08-05T10:26:37.770857,0.0154,-0.0745,1.1526,0.0,EngineIQ_Sensor
2026-08-05T10:26:37.830379,0.0154,-0.0745,1.1526,0.0,EngineIQ_Sensor
2026-08-05T10:26:37.889533,0.0154,-0.0745,1.1526,0.0,EngineIQ_Sensor
2026-08-05T10:26:37.948942,0.0154,-0.0745,1.1526,0.0,EngineIQ_Sensor
2026-08-05T10:26:37.950842,0.0154,-0.0745,1.1526,0.0,EngineIQ_Sensor
2026-08-05T10:26:38.010666,0.0154,-0.0745,1.1526,0.0,EngineIQ_Sensor
2026-08-05T10:26:38.069492,0.0154,-0.0745,1.1526,0.0,EngineIQ_Sensor
2026-08-05T10:26:38.128867,0.0154,-0.0745,1.1526,0.0,EngineIQ_Sensor
2026-08-05T10:26:38.130910,0.0154,-0.0745,1.1526,0.0,EngineIQ_Sensor
2026-08-05T10:26:38.190114,0.0154,-0.0745,1.1526,0.0,EngineIQ_Sensor
2026-08-05T10:26:38.249453,0.0154,-0.0745,1.1526,0.0,EngineIQ_Sensor
2026-08-05T10:26:38.308991,0.0154,-0.0745,1.1526,0.0,EngineIQ_Sensor
2026-08-05T10:26:38.730331,0.0154,-0.0745,1.1526,0.0,EngineIQ_Sensor
2026-08-05T10:26:38.789290,0.0154,-0.0745,1.1526,0.0,EngineIQ_Sensor
2026-08-05T10:26:38.849180,0.0154,-0.0745,1.1526,0.0,EngineIQ_Sensor
2026-08-05T10:26:38.909123,0.0154,-0.0745,1.1526,0.0,EngineIQ_Sensor
2026-08-05T10:26:38.911088,0.0154,-0.0745,1.1526,0.0,EngineIQ_Sensor
2026-08-05T10:26:38.970216,0.0154,-0.0745,1.1526,0.0,EngineIQ_Sensor
2026-08-05T10:26:39.029545,0.0154,-0.0745,1.1526,0.0,EngineIQ_Sensor
2026-08-05T10:26:39.088913,0.0154,-0.0745,1.1526,0.0,EngineIQ_Sensor
2026-08-05T10:26:39.090771,0.0154,-0.0745,1.1526,0.0,EngineIQ_Sensor
2026-08-05T10:26:39.162584,0.0154,-0.0745,1.1526,0.0,EngineIQ_Sensor
2026-08-05T10:26:39.250345,0.0154,-0.0745,1.1526,0.0,EngineIQ_Sensor
2026-08-05T10:26:39.297874,0.0154,-0.0745,1.1526,0.0,EngineIQ_Sensor
2026-08-05T10:26:39.330506,0.0154,-0.0745,1.1526,0.0,EngineIQ_Sensor
2026-08-05T10:26:39.750682,0.0154,-0.0745,1.1526,0.0,EngineIQ_Sensor
2026-08-05T10:26:39.809531,0.0154,-0.0745,1.1526,0.0,EngineIQ_Sensor
2026-08-05T10:26:39.868946,0.0154,-0.0745,1.1526,0.0,EngineIQ_Sensor
2026-08-05T10:26:39.871188,0.0154,-0.0745,1.1526,0.0,EngineIQ_Sensor
2026-08-05T10:26:39.930340,0.0154,-0.0745,1.1526,0.0,EngineIQ_Sensor
2026-08-05T10:26:39.989691,0.0154,-0.0745,1.1526,0.0,EngineIQ_Sensor
2026-08-05T10:26:40.048879,0.0154,-0.0745,1.1526,0.0,EngineIQ_Sensor
2026-08-05T10:26:40.050889,0.0154,-0.0745,1.1526,0.0,EngineIQ_Sensor
2026-08-05T10:26:40.110057,0.0154,-0.0745,1.1526,0.0,EngineIQ_Sensor
2026-08-05T10:26:40.169304,0.0154,-0.0745,1.1526,0.0,EngineIQ_Sensor
2026-08-05T10:26:40.228745,0.0154,-0.0745,1.1526,0.0,EngineIQ_Sensor
2026-08-05T10:26:40.231224,0.0154,-0.0745,1.1526,0.0,EngineIQ_Sensor
2026-08-05T10:26:40.290319,0.0154,-0.0745,1.1526,0.0,EngineIQ_Sensor
2026-08-05T10:26:40.710056,0.0154,-0.0745,1.1526,0.0,EngineIQ_Sensor
2026-08-05T10:26:40.770191,0.0154,-0.0745,1.1526,0.0,EngineIQ_Sensor
2026-08-05T10:26:40.829442,0.0154,-0.0745,1.1526,0.0,EngineIQ_Sensor
2026-08-05T10:26:40.888922,0.0154,-0.0745,1.1526,0.0,EngineIQ_Sensor
2026-08-05T10:26:40.890781,0.0154,-0.0745,1.1526,0.0,EngineIQ_Sensor
2026-08-05T10:26:40.950252,0.0154,-0.0745,1.1526,0.0,EngineIQ_Sensor
2026-08-05T10:26:41.009463,0.0154,-0.0745,1.1526,0.0,EngineIQ_Sensor
2026-08-05T10:26:41.068624,0.0154,-0.0745,1.1526,0.0,EngineIQ_Sensor
2026-08-05T10:26:41.070657,0.0154,-0.0745,1.1526,0.0,EngineIQ_Sensor
2026-08-05T10:26:41.130229,0.0154,-0.0745,1.1526,0.0,EngineIQ_Sensor
2026-08-05T10:26:41.189471,0.0154,-0.0745,1.1526,0.0,EngineIQ_Sensor
2026-08-05T10:26:41.248928,0.0154,-0.0745,1.1526,0.0,EngineIQ_Sensor
2026-08-05T10:26:41.308842,0.0154,-0.0745,1.1526,0.0,EngineIQ_Sensor
2026-08-05T10:26:41.729993,0.0154,-0.0745,1.1526,0.0,EngineIQ_Sensor
2026-08-05T10:26:41.789543,0.0154,-0.0745,1.1526,0.0,EngineIQ_Sensor
2026-08-05T10:26:41.848993,0.0154,-0.0745,1.1526,0.0,EngineIQ_Sensor
2026-08-05T10:26:41.850823,0.0154,-0.0745,1.1526,0.0,EngineIQ_Sensor
2026-08-05T10:26:41.910206,0.0154,-0.0745,1.1526,0.0,EngineIQ_Sensor
2026-08-05T10:26:42.028849,0.0154,-0.0745,1.1526,0.0,EngineIQ_Sensor
2026-08-05T10:26:42.030752,0.0154,-0.0745,1.1526,0.0,EngineIQ_Sensor
2026-08-05T10:26:42.090159,0.0154,-0.0745,1.1526,0.0,EngineIQ_Sensor
2026-08-05T10:26:42.149499,0.0154,-0.0745,1.1526,0.0,EngineIQ_Sensor
2026-08-05T10:26:42.209176,0.0154,-0.0745,1.1526,0.0,EngineIQ_Sensor
2026-08-05T10:26:42.210922,0.0154,-0.0745,1.1526,0.0,EngineIQ_Sensor
2026-08-05T10:26:42.269941,0.0154,-0.0745,1.1526,0.0,EngineIQ_Sensor
2026-08-05T10:26:42.329528,0.0154,-0.0745,1.1526,0.0,EngineIQ_Sensor
2026-08-05T10:26:42.750149,0.0154,-0.0745,1.1526,0.0,EngineIQ_Sensor
2026-08-05T10:26:42.809596,0.0154,-0.0745,1.1526,0.0,EngineIQ_Sensor
2026-08-05T10:26:42.870123,0.0154,-0.0745,1.1526,0.0,EngineIQ_Sensor
2026-08-05T10:26:42.929485,0.0154,-0.0745,1.1526,0.0,EngineIQ_Sensor
2026-08-05T10:26:42.988860,0.0154,-0.0745,1.1526,0.0,EngineIQ_Sensor
2026-08-05T10:26:42.990593,0.0154,-0.0745,1.1526,0.0,EngineIQ_Sensor
2026-08-05T10:26:43.050151,0.0154,-0.0745,1.1526,0.0,EngineIQ_Sensor
2026-08-05T10:26:43.109455,0.0154,-0.0745,1.1526,0.0,EngineIQ_Sensor
2026-08-05T10:26:43.169272,0.0154,-0.0745,1.1526,0.0,EngineIQ_Sensor
2026-08-05T10:26:43.228970,0.0154,-0.0745,1.1526,0.0,EngineIQ_Sensor
2026-08-05T10:26:43.289915,0.0154,-0.0745,1.1526,0.0,EngineIQ_Sensor
2026-08-05T10:26:43.349334,0.0154,-0.0745,1.1526,0.0,EngineIQ_Sensor
2026-08-05T10:26:43.408908,0.0154,-0.0745,1.1526,0.0,EngineIQ_Sensor
2026-08-05T10:26:43.710708,0.0154,-0.0745,1.1526,0.0,EngineIQ_Sensor
2026-08-05T10:26:43.770278,0.0154,-0.0745,1.1526,0.0,EngineIQ_Sensor
2026-08-05T10:26:43.829436,0.0154,-0.0745,1.1526,0.0,EngineIQ_Sensor
2026-08-05T10:26:43.888720,0.0154,-0.0745,1.1526,0.0,EngineIQ_Sensor
2026-08-05T10:26:43.890753,0.0154,-0.0745,1.1526,0.0,EngineIQ_Sensor
2026-08-05T10:26:43.950101,0.0154,-0.0745,1.1526,0.0,EngineIQ_Sensor
2026-08-05T10:26:44.069319,0.0154,-0.0745,1.1526,0.0,EngineIQ_Sensor
2026-08-05T10:26:44.128727,0.0154,-0.0745,1.1526,0.0,EngineIQ_Sensor
2026-08-05T10:26:44.130522,0.0154,-0.0745,1.1526,0.0,EngineIQ_Sensor
2026-08-05T10:26:44.287958,0.0154,-0.0745,1.1526,0.0,EngineIQ_Sensor
2026-08-05T10:26:44.320792,0.0154,-0.0745,1.1526,0.0,EngineIQ_Sensor
2026-08-05T10:26:44.393171,0.0154,-0.0745,1.1526,0.0,EngineIQ_Sensor
2026-08-05T10:26:44.393498,0.0154,-0.0745,1.1526,0.0,EngineIQ_Sensor
2026-08-05T10:26:44.729998,0.0154,-0.0745,1.1526,0.0,EngineIQ_Sensor
2026-08-05T10:26:44.789185,0.0154,-0.0745,1.1526,0.0,EngineIQ_Sensor
2026-08-05T10:26:44.848614,0.0154,-0.0745,1.1526,0.0,EngineIQ_Sensor
2026-08-05T10:26:44.850762,0.0154,-0.0745,1.1526,0.0,EngineIQ_Sensor
2026-08-05T10:26:44.910169,0.0154,-0.0745,1.1526,0.0,EngineIQ_Sensor
2026-08-05T10:26:44.969261,0.0154,-0.0745,1.1526,0.0,EngineIQ_Sensor
2026-08-05T10:26:45.028749,0.0154,-0.0745,1.1526,0.0,EngineIQ_Sensor
2026-08-05T10:26:45.030889,0.0154,-0.0745,1.1526,0.0,EngineIQ_Sensor
2026-08-05T10:26:45.090166,0.0154,-0.0745,1.1526,0.0,EngineIQ_Sensor
2026-08-05T10:26:45.149292,0.0154,-0.0745,1.1526,0.0,EngineIQ_Sensor
2026-08-05T10:26:45.208779,0.0154,-0.0745,1.1526,0.0,EngineIQ_Sensor
2026-08-05T10:26:45.211979,0.0154,-0.0745,1.1526,0.0,EngineIQ_Sensor
2026-08-05T10:26:45.270220,0.0154,-0.0745,1.1526,0.0,EngineIQ_Sensor
2026-08-05T10:26:45.749968,0.0154,-0.0745,1.1526,0.0,EngineIQ_Sensor
2026-08-05T10:26:45.809337,0.0154,-0.0745,1.1526,0.0,EngineIQ_Sensor
2026-08-05T10:26:45.868524,0.0154,-0.0745,1.1526,0.0,EngineIQ_Sensor
2026-08-05T10:26:45.928747,0.0154,-0.0745,1.1526,0.0,EngineIQ_Sensor
2026-08-05T10:26:45.930590,0.0154,-0.0745,1.1526,0.0,EngineIQ_Sensor
2026-08-05T10:26:45.990091,0.0154,-0.0745,1.1526,0.0,EngineIQ_Sensor
2026-08-05T10:26:46.049174,0.0154,-0.0745,1.1526,0.0,EngineIQ_Sensor
2026-08-05T10:26:46.108671,0.0154,-0.0745,1.1526,0.0,EngineIQ_Sensor
2026-08-05T10:26:46.110606,0.0154,-0.0745,1.1526,0.0,EngineIQ_Sensor
2026-08-05T10:26:46.170104,0.0154,-0.0745,1.1526,0.0,EngineIQ_Sensor
2026-08-05T10:26:46.229346,0.0154,-0.0745,1.1526,0.0,EngineIQ_Sensor
2026-08-05T10:26:46.288766,0.0154,-0.0745,1.1526,0.0,EngineIQ_Sensor
2026-08-05T10:26:46.290581,0.0154,-0.0745,1.1526,0.0,EngineIQ_Sensor
2026-08-05T10:26:46.710141,0.0154,-0.0745,1.1526,0.0,EngineIQ_Sensor
2026-08-05T10:26:46.770066,0.0154,-0.0745,1.1526,0.0,EngineIQ_Sensor
2026-08-05T10:26:46.829302,0.0154,-0.0745,1.1526,0.0,EngineIQ_Sensor
2026-08-05T10:26:46.888681,0.0154,-0.0745,1.1526,0.0,EngineIQ_Sensor
2026-08-05T10:26:46.890764,0.0154,-0.0745,1.1526,0.0,EngineIQ_Sensor
2026-08-05T10:26:46.949994,0.0154,-0.0745,1.1526,0.0,EngineIQ_Sensor
2026-08-05T10:26:47.009580,0.0154,-0.0745,1.1526,0.0,EngineIQ_Sensor
2026-08-05T10:26:47.071143,0.0154,-0.0745,1.1526,0.0,EngineIQ_Sensor
2026-08-05T10:26:47.071422,0.0154,-0.0745,1.1526,0.0,EngineIQ_Sensor
2026-08-05T10:26:47.129855,0.0154,-0.0745,1.1526,0.0,EngineIQ_Sensor
2026-08-05T10:26:47.189858,0.0154,-0.0745,1.1526,0.0,EngineIQ_Sensor
2026-08-05T10:26:47.254250,0.0154,-0.0745,1.1526,0.0,EngineIQ_Sensor
2026-08-05T10:26:47.308695,0.0154,-0.0745,1.1526,0.0,EngineIQ_Sensor
