score,severity,is_anomaly,timestamp,actual_failure
-0.4672,NORMAL,False,2026-06-04T23:22:47.576629,0
-0.562,HIGH,True,2026-06-04T23:22:47.769663,1
-0.5617,HIGH,True,2026-06-04T23:23:00.099788,0
-0.562,HIGH,True,2026-06-04T23:23:11.491636,0
-0.5654,HIGH,True,2026-06-04T23:23:52.880135,0
-0.5701,HIGH,True,2026-06-04T23:24:23.325160,0
-0.574,HIGH,True,2026-06-04T23:26:23.525315,0
-0.5689,HIGH,True,2026-06-04T23:26:26.987984,0
-0.5225,MEDIUM,True,2026-06-04T23:26:27.489345,0
-0.5089,LOW,False,2026-06-04T23:26:27.912255,0
-0.5176,LOW,False,2026-06-04T23:26:28.233167,0
-0.5222,MEDIUM,True,2026-06-04T23:26:28.488617,0
-0.5201,MEDIUM,True,2026-06-04T23:26:28.913341,0
-0.5147,LOW,False,2026-06-04T23:26:30.537080,0
-0.5107,LOW,False,2026-06-04T23:26:30.726074,0
-0.5282,MEDIUM,True,2026-06-04T23:26:30.907772,0
-0.5253,MEDIUM,True,2026-06-04T23:26:31.391356,0
-0.5199,LOW,False,2026-06-04T23:26:31.772364,0
-0.5218,MEDIUM,True,2026-06-04T23:26:31.973249,0
-0.5213,MEDIUM,True,2026-06-04T23:26:32.449187,0
-0.535,MEDIUM,True,2026-06-04T23:26:33.015981,1
-0.5277,MEDIUM,True,2026-06-04T23:26:34.526321,0
-0.5291,MEDIUM,True,2026-06-04T23:26:34.954768,0
-0.5369,MEDIUM,True,2026-06-04T23:26:35.344875,0
-0.5438,MEDIUM,True,2026-06-04T23:26:35.713315,0
-0.5479,MEDIUM,True,2026-06-04T23:26:36.128211,0
-0.5586,HIGH,True,2026-06-04T23:26:36.475511,0
-0.5607,HIGH,True,2026-06-04T23:26:37.076834,0
-0.5702,HIGH,True,2026-06-04T23:26:38.480828,1
-0.5736,HIGH,True,2026-06-04T23:26:38.987595,0
-0.5876,HIGH,True,2026-06-04T23:26:39.590561,0
-0.5866,HIGH,True,2026-06-04T23:26:40.112308,0
-0.5879,HIGH,True,2026-06-04T23:26:40.576220,0
-0.5785,HIGH,True,2026-06-04T23:26:40.973341,0
-0.5832,HIGH,True,2026-06-04T23:26:41.521077,0
-0.5808,HIGH,True,2026-06-04T23:26:42.853468,0
-0.5709,HIGH,True,2026-06-04T23:26:43.305046,0
-0.5722,HIGH,True,2026-06-04T23:26:43.812579,0
-0.5688,HIGH,True,2026-06-04T23:26:44.282708,0
-0.5684,HIGH,True,2026-06-04T23:26:44.793609,0
-0.5637,HIGH,True,2026-06-04T23:26:45.275899,0
-0.5604,HIGH,True,2026-06-04T23:26:46.702864,0
-0.5503,HIGH,True,2026-06-04T23:26:47.206363,0
-0.5456,MEDIUM,True,2026-06-04T23:26:47.575793,0
-0.5439,MEDIUM,True,2026-06-04T23:26:48.226029,0
-0.5458,MEDIUM,True,2026-06-04T23:26:48.619204,0
-0.5399,MEDIUM,True,2026-06-04T23:26:49.084045,0
-0.544,MEDIUM,True,2026-06-04T23:26:49.654563,0
-0.5433,MEDIUM,True,2026-06-04T23:26:50.701549,0
-0.5443,MEDIUM,True,2026-06-04T23:26:51.177559,0
-0.5457,MEDIUM,True,2026-06-04T23:26:51.643668,0
-0.4206,NORMAL,False,2026-06-04T23:26:52.019286,0
-0.4203,NORMAL,False,2026-06-04T23:26:52.206724,0
-0.4215,NORMAL,False,2026-06-04T23:26:52.390684,0
-0.4213,NORMAL,False,2026-06-04T23:26:52.550578,0
-0.4187,NORMAL,False,2026-06-04T23:26:52.709726,0
-0.4201,NORMAL,False,2026-06-04T23:26:52.876413,0
-0.4207,NORMAL,False,2026-06-04T23:26:53.033049,0
-0.4204,NORMAL,False,2026-06-04T23:26:53.197409,0
-0.4173,NORMAL,False,2026-06-04T23:26:53.355292,0
-0.4181,NORMAL,False,2026-06-04T23:26:53.523533,0
-0.4285,NORMAL,False,2026-06-04T23:26:53.705310,0
-0.4204,NORMAL,False,2026-06-04T23:26:53.864135,0
-0.4191,NORMAL,False,2026-06-04T23:26:54.034123,0
-0.4152,NORMAL,False,2026-06-04T23:26:54.242089,0
-0.42,NORMAL,False,2026-06-04T23:26:54.430631,0
-0.4232,NORMAL,False,2026-06-04T23:26:54.592954,0
-0.422,NORMAL,False,2026-06-04T23:26:54.783241,0
-0.426,NORMAL,False,2026-06-04T23:26:54.970237,0
-0.4292,NORMAL,False,2026-06-04T23:26:55.176010,0
-0.4396,NORMAL,False,2026-06-04T23:26:55.377075,0
-0.4355,NORMAL,False,2026-06-04T23:26:55.564955,0
-0.437,NORMAL,False,2026-06-04T23:26:55.803092,0
-0.4319,NORMAL,False,2026-06-04T23:26:55.967015,0
-0.4375,NORMAL,False,2026-06-04T23:26:56.137693,0
-0.4415,NORMAL,False,2026-06-04T23:26:56.364614,0
-0.443,NORMAL,False,2026-06-04T23:26:56.543045,0
-0.4115,NORMAL,False,2026-06-04T23:26:56.742846,0
-0.4288,NORMAL,False,2026-06-04T23:26:56.933237,0
-0.4322,NORMAL,False,2026-06-04T23:26:57.103876,0
-0.4273,NORMAL,False,2026-06-04T23:26:57.294600,0
-0.4257,NORMAL,False,2026-06-04T23:26:57.471774,0
-0.4265,NORMAL,False,2026-06-04T23:26:57.661485,0
-0.4268,NORMAL,False,2026-06-04T23:26:57.843635,0
-0.4251,NORMAL,False,2026-06-04T23:26:58.013009,0
-0.4214,NORMAL,False,2026-06-04T23:26:58.177502,0
-0.4232,NORMAL,False,2026-06-04T23:26:58.395062,0
-0.4227,NORMAL,False,2026-06-04T23:26:58.622973,0
-0.41,NORMAL,False,2026-06-04T23:26:58.834780,0
-0.4155,NORMAL,False,2026-06-04T23:26:59.032029,0
-0.4142,NORMAL,False,2026-06-04T23:26:59.216776,0
-0.41,NORMAL,False,2026-06-04T23:26:59.415350,0
-0.4084,NORMAL,False,2026-06-04T23:26:59.617550,0
-0.408,NORMAL,False,2026-06-04T23:26:59.784713,0
-0.4069,NORMAL,False,2026-06-04T23:26:59.963183,0
-0.4018,NORMAL,False,2026-06-04T23:27:00.146414,0
-0.4113,NORMAL,False,2026-06-04T23:27:00.342618,0
-0.4163,NORMAL,False,2026-06-04T23:27:00.524752,0
-0.4284,NORMAL,False,2026-06-04T23:27:00.706373,0
-0.4416,NORMAL,False,2026-06-04T23:27:00.920955,0
-0.4404,NORMAL,False,2026-06-04T23:27:01.178404,0
-0.429,NORMAL,False,2026-06-04T23:27:01.366910,0
-0.4404,NORMAL,False,2026-06-04T23:27:01.534017,0
-0.4334,NORMAL,False,2026-06-04T23:27:01.710170,0
-0.4253,NORMAL,False,2026-06-04T23:27:01.895005,0
-0.4251,NORMAL,False,2026-06-04T23:27:02.062696,0
-0.4128,NORMAL,False,2026-06-04T23:27:02.239944,0
-0.4146,NORMAL,False,2026-06-04T23:27:02.433489,0
-0.414,NORMAL,False,2026-06-04T23:27:02.675594,0
-0.4164,NORMAL,False,2026-06-04T23:27:02.855491,0
-0.4204,NORMAL,False,2026-06-04T23:27:03.035650,0
-0.4284,NORMAL,False,2026-06-04T23:27:03.212998,1
-0.4321,NORMAL,False,2026-06-04T23:27:03.434480,1
-0.4215,NORMAL,False,2026-06-04T23:27:03.615000,0
-0.4275,NORMAL,False,2026-06-04T23:27:03.786319,0
-0.4268,NORMAL,False,2026-06-04T23:27:03.961707,0
-0.4219,NORMAL,False,2026-06-04T23:27:04.132144,0
-0.4203,NORMAL,False,2026-06-04T23:27:04.294315,0
-0.4152,NORMAL,False,2026-06-04T23:27:04.520076,0
-0.4189,NORMAL,False,2026-06-04T23:27:04.683347,1
-0.4168,NORMAL,False,2026-06-04T23:27:04.865814,0
-0.4138,NORMAL,False,2026-06-04T23:27:05.033711,0
-0.4138,NORMAL,False,2026-06-04T23:27:05.201298,0
-0.4122,NORMAL,False,2026-06-04T23:27:05.376108,0
-0.4121,NORMAL,False,2026-06-04T23:27:05.612399,0
-0.4188,NORMAL,False,2026-06-04T23:27:05.771143,0
-0.4181,NORMAL,False,2026-06-04T23:27:05.945769,0
-0.415,NORMAL,False,2026-06-04T23:27:06.123323,0
-0.4112,NORMAL,False,2026-06-04T23:27:06.296269,0
-0.4068,NORMAL,False,2026-06-04T23:27:06.476672,0
-0.4121,NORMAL,False,2026-06-04T23:27:06.652587,0
-0.4136,NORMAL,False,2026-06-04T23:27:06.830937,0
-0.415,NORMAL,False,2026-06-04T23:27:07.016931,0
-0.4175,NORMAL,False,2026-06-04T23:27:07.195177,0
-0.4154,NORMAL,False,2026-06-04T23:27:07.346371,0
-0.415,NORMAL,False,2026-06-04T23:27:07.524521,0
-0.421,NORMAL,False,2026-06-04T23:27:07.696784,0
-0.4308,NORMAL,False,2026-06-04T23:27:07.893253,0
-0.4275,NORMAL,False,2026-06-04T23:27:08.055686,0
-0.4252,NORMAL,False,2026-06-04T23:27:08.221866,0
-0.4178,NORMAL,False,2026-06-04T23:27:08.401566,0
-0.4031,NORMAL,False,2026-06-04T23:27:08.613382,0
-0.4038,NORMAL,False,2026-06-04T23:27:08.804629,0
-0.4077,NORMAL,False,2026-06-04T23:27:08.972918,0
-0.4017,NORMAL,False,2026-06-04T23:27:09.145030,0
-0.484,NORMAL,False,2026-06-04T23:27:09.313864,1
-0.4872,NORMAL,False,2026-06-04T23:27:09.493217,0
-0.4938,NORMAL,False,2026-06-04T23:27:09.664348,0
-0.4967,NORMAL,False,2026-06-04T23:27:09.835303,0
-0.5015,LOW,False,2026-06-04T23:27:10.006738,0
-0.5027,LOW,False,2026-06-04T23:27:10.214628,0
-0.5021,LOW,False,2026-06-04T23:27:10.402216,0
-0.4994,NORMAL,False,2026-06-04T23:27:10.604242,0
-0.497,NORMAL,False,2026-06-04T23:27:10.793745,0
-0.5079,LOW,False,2026-06-04T23:27:10.973388,0
-0.5039,LOW,False,2026-06-04T23:27:11.163164,0
-0.5083,LOW,False,2026-06-04T23:27:11.341912,0
-0.5086,LOW,False,2026-06-04T23:27:11.514327,0
-0.5162,LOW,False,2026-06-04T23:27:11.721106,1
-0.5163,LOW,False,2026-06-04T23:27:11.902083,0
-0.5158,LOW,False,2026-06-04T23:27:12.090056,0
-0.5118,LOW,False,2026-06-04T23:27:12.262936,0
-0.5142,LOW,False,2026-06-04T23:27:12.500813,0
-0.5175,LOW,False,2026-06-04T23:27:12.703031,0
-0.512,LOW,False,2026-06-04T23:27:12.874849,0
-0.5134,LOW,False,2026-06-04T23:27:13.077105,0
-0.5068,LOW,False,2026-06-04T23:27:13.261956,0
-0.5066,LOW,False,2026-06-04T23:27:13.446428,0
-0.5108,LOW,False,2026-06-04T23:27:13.683041,0
-0.4984,NORMAL,False,2026-06-04T23:27:13.873316,0
-0.5024,LOW,False,2026-06-04T23:27:14.113071,0
-0.4967,NORMAL,False,2026-06-04T23:27:14.301426,0
-0.4985,NORMAL,False,2026-06-04T23:27:14.489298,0
-0.501,LOW,False,2026-06-04T23:27:14.715723,0
-0.505,LOW,False,2026-06-04T23:27:14.900944,0
-0.5057,LOW,False,2026-06-04T23:27:15.077344,0
-0.5009,LOW,False,2026-06-04T23:27:15.259782,0
-0.4996,NORMAL,False,2026-06-04T23:27:15.438187,0
-0.521,MEDIUM,True,2026-06-04T23:27:15.662032,0
-0.5176,LOW,False,2026-06-04T23:27:17.254781,0
-0.5246,MEDIUM,True,2026-06-04T23:27:17.432932,0
-0.5213,MEDIUM,True,2026-06-04T23:27:17.813880,0
-0.5332,MEDIUM,True,2026-06-04T23:27:18.167829,0
-0.5352,MEDIUM,True,2026-06-04T23:27:18.625138,0
-0.5327,MEDIUM,True,2026-06-04T23:27:19.150467,0
-0.5287,MEDIUM,True,2026-06-04T23:27:19.555628,0
-0.5274,MEDIUM,True,2026-06-04T23:27:20.844539,0
-0.5239,MEDIUM,True,2026-06-04T23:27:21.220918,0
-0.5443,MEDIUM,True,2026-06-04T23:27:21.716562,0
-0.568,HIGH,True,2026-06-04T23:27:22.089212,0
-0.5608,HIGH,True,2026-06-04T23:27:22.533128,0
-0.5603,HIGH,True,2026-06-04T23:27:22.975921,0
-0.5516,HIGH,True,2026-06-04T23:27:23.320949,0
-0.551,HIGH,True,2026-06-04T23:27:24.935659,1
-0.5457,MEDIUM,True,2026-06-04T23:27:25.282675,0
-0.4787,NORMAL,False,2026-06-04T23:27:25.698213,0
-0.4729,NORMAL,False,2026-06-04T23:27:25.880538,0
-0.4777,NORMAL,False,2026-06-04T23:27:26.044858,0
-0.4744,NORMAL,False,2026-06-04T23:27:26.232595,0
-0.4689,NORMAL,False,2026-06-04T23:27:26.409414,1
-0.4661,NORMAL,False,2026-06-04T23:27:26.570753,1
-0.4634,NORMAL,False,2026-06-04T23:27:26.743699,0
-0.4608,NORMAL,False,2026-06-04T23:27:26.925771,0
-0.459,NORMAL,False,2026-06-04T23:27:27.115148,0
-0.4609,NORMAL,False,2026-06-04T23:27:27.291027,0
-0.461,NORMAL,False,2026-06-04T23:27:27.475102,0
-0.4575,NORMAL,False,2026-06-04T23:27:27.652268,0
-0.4634,NORMAL,False,2026-06-04T23:27:27.823615,0
-0.4559,NORMAL,False,2026-06-04T23:27:27.995951,0
-0.4496,NORMAL,False,2026-06-04T23:27:28.179890,0
-0.4539,NORMAL,False,2026-06-04T23:27:28.361882,1
-0.4491,NORMAL,False,2026-06-04T23:27:28.620586,0
-0.4489,NORMAL,False,2026-06-04T23:27:28.802115,0
-0.4421,NORMAL,False,2026-06-04T23:27:29.012269,0
-0.4469,NORMAL,False,2026-06-04T23:27:29.216643,0
-0.441,NORMAL,False,2026-06-04T23:27:29.395057,0
-0.4419,NORMAL,False,2026-06-04T23:27:29.596478,0
-0.4389,NORMAL,False,2026-06-04T23:27:29.775100,0
-0.4204,NORMAL,False,2026-06-04T23:27:29.957683,0
-0.4164,NORMAL,False,2026-06-04T23:27:30.144130,0
-0.4177,NORMAL,False,2026-06-04T23:27:30.318982,0
-0.4226,NORMAL,False,2026-06-04T23:27:30.497048,0
-0.4225,NORMAL,False,2026-06-04T23:27:30.664157,0
-0.4281,NORMAL,False,2026-06-04T23:27:30.880852,0
-0.4269,NORMAL,False,2026-06-04T23:27:31.055989,0
-0.4228,NORMAL,False,2026-06-04T23:27:31.255985,0
-0.4296,NORMAL,False,2026-06-04T23:27:31.434655,0
-0.4374,NORMAL,False,2026-06-04T23:27:31.614653,0
-0.4395,NORMAL,False,2026-06-04T23:27:31.801591,0
-0.441,NORMAL,False,2026-06-04T23:27:31.975736,0
-0.4467,NORMAL,False,2026-06-04T23:27:32.137910,0
-0.4373,NORMAL,False,2026-06-04T23:27:32.303713,0
-0.4293,NORMAL,False,2026-06-04T23:27:32.467876,0
-0.4288,NORMAL,False,2026-06-04T23:27:32.642822,0
-0.4289,NORMAL,False,2026-06-04T23:27:32.815825,0
-0.4311,NORMAL,False,2026-06-04T23:27:32.999740,0
-0.4324,NORMAL,False,2026-06-04T23:27:33.198285,0
-0.4304,NORMAL,False,2026-06-04T23:27:33.427118,0
-0.4351,NORMAL,False,2026-06-04T23:27:33.640020,0
-0.4279,NORMAL,False,2026-06-04T23:27:33.841241,0
-0.4312,NORMAL,False,2026-06-04T23:27:34.028633,0
-0.4325,NORMAL,False,2026-06-04T23:27:34.211031,0
-0.4328,NORMAL,False,2026-06-04T23:27:34.385631,0
-0.4309,NORMAL,False,2026-06-04T23:27:34.570951,0
-0.4303,NORMAL,False,2026-06-04T23:27:34.830122,0
-0.4308,NORMAL,False,2026-06-04T23:27:35.005233,0
-0.4294,NORMAL,False,2026-06-04T23:27:35.363761,0
-0.4343,NORMAL,False,2026-06-04T23:27:35.608845,0
-0.4343,NORMAL,False,2026-06-04T23:27:35.791578,0
-0.4307,NORMAL,False,2026-06-04T23:27:35.974111,0
-0.4369,NORMAL,False,2026-06-04T23:27:36.142383,0
-0.4403,NORMAL,False,2026-06-04T23:27:36.328886,0
-0.4549,NORMAL,False,2026-06-04T23:27:36.489445,0
-0.4497,NORMAL,False,2026-06-04T23:27:36.675446,0
-0.4439,NORMAL,False,2026-06-04T23:27:36.846179,0
-0.4367,NORMAL,False,2026-06-04T23:27:37.005135,0
-0.4497,NORMAL,False,2026-06-04T23:27:37.179618,0
-0.447,NORMAL,False,2026-06-04T23:27:37.377689,0
-0.4414,NORMAL,False,2026-06-04T23:27:37.553275,0
-0.4337,NORMAL,False,2026-06-04T23:27:37.770176,0
-0.442,NORMAL,False,2026-06-04T23:27:37.941989,0
-0.4432,NORMAL,False,2026-06-04T23:27:38.115427,0
-0.4401,NORMAL,False,2026-06-04T23:27:38.278999,0
-0.4338,NORMAL,False,2026-06-04T23:27:38.446881,0
-0.431,NORMAL,False,2026-06-04T23:27:38.593777,0
-0.4309,NORMAL,False,2026-06-04T23:27:38.740129,0
-0.4273,NORMAL,False,2026-06-04T23:27:38.886545,0
-0.4345,NORMAL,False,2026-06-04T23:27:39.043505,0
-0.428,NORMAL,False,2026-06-04T23:27:39.190864,0
-0.4293,NORMAL,False,2026-06-04T23:27:39.337143,0
-0.4301,NORMAL,False,2026-06-04T23:27:39.489646,0
-0.4359,NORMAL,False,2026-06-04T23:27:39.636853,0
-0.4402,NORMAL,False,2026-06-04T23:27:39.784158,0
-0.4421,NORMAL,False,2026-06-04T23:27:39.931138,0
-0.4457,NORMAL,False,2026-06-04T23:27:40.097530,0
-0.4514,NORMAL,False,2026-06-04T23:27:40.245832,0
-0.4718,NORMAL,False,2026-06-04T23:27:40.393785,0
-0.4693,NORMAL,False,2026-06-04T23:27:40.554126,0
-0.463,NORMAL,False,2026-06-04T23:27:40.717063,1
-0.4641,NORMAL,False,2026-06-04T23:27:40.887660,0
-0.4655,NORMAL,False,2026-06-04T23:27:41.038105,0
-0.4666,NORMAL,False,2026-06-04T23:27:41.184618,0
-0.4525,NORMAL,False,2026-06-04T23:27:41.329905,0
-0.4315,NORMAL,False,2026-06-04T23:27:41.481173,0
-0.4357,NORMAL,False,2026-06-04T23:27:41.645764,0
-0.4375,NORMAL,False,2026-06-04T23:27:41.791622,0
-0.4459,NORMAL,False,2026-06-04T23:27:41.951587,0
-0.4514,NORMAL,False,2026-06-04T23:27:42.110199,0
-0.4514,NORMAL,False,2026-06-04T23:27:42.334903,0
-0.4464,NORMAL,False,2026-06-04T23:27:42.510454,0
-0.444,NORMAL,False,2026-06-04T23:27:42.693091,0
-0.4447,NORMAL,False,2026-06-04T23:27:42.931318,0
-0.444,NORMAL,False,2026-06-04T23:27:43.217287,0
-0.436,NORMAL,False,2026-06-04T23:27:43.403979,0
-0.4325,NORMAL,False,2026-06-04T23:27:43.586389,0
-0.4654,NORMAL,False,2026-06-04T23:27:43.743672,0
-0.4656,NORMAL,False,2026-06-04T23:27:43.908741,0
-0.4622,NORMAL,False,2026-06-04T23:27:44.061561,0
-0.46,NORMAL,False,2026-06-04T23:27:44.211717,0
-0.4549,NORMAL,False,2026-06-04T23:27:44.367636,0
-0.4575,NORMAL,False,2026-06-04T23:27:44.572179,0
-0.453,NORMAL,False,2026-06-04T23:27:44.734331,0
-0.4519,NORMAL,False,2026-06-04T23:27:44.891947,0
-0.4533,NORMAL,False,2026-06-04T23:27:45.041230,0
-0.4534,NORMAL,False,2026-06-04T23:27:45.190941,0
-0.452,NORMAL,False,2026-06-04T23:27:45.350155,0
-0.4545,NORMAL,False,2026-06-04T23:27:45.543447,0
-0.4521,NORMAL,False,2026-06-04T23:27:45.702341,0
-0.4535,NORMAL,False,2026-06-04T23:27:45.851372,0
-0.46,NORMAL,False,2026-06-04T23:27:46.007224,0
-0.4645,NORMAL,False,2026-06-04T23:27:46.225424,0
-0.4635,NORMAL,False,2026-06-04T23:27:46.389326,0
-0.4702,NORMAL,False,2026-06-04T23:27:46.571708,0
-0.4673,NORMAL,False,2026-06-04T23:27:46.745891,0
-0.4707,NORMAL,False,2026-06-04T23:27:46.907537,0
-0.4764,NORMAL,False,2026-06-04T23:27:47.068649,0
-0.4622,NORMAL,False,2026-06-04T23:27:47.220459,0
-0.4647,NORMAL,False,2026-06-04T23:27:47.369226,0
-0.4747,NORMAL,False,2026-06-04T23:27:47.519704,0
-0.4788,NORMAL,False,2026-06-04T23:27:47.742879,0
-0.4847,NORMAL,False,2026-06-04T23:27:47.900027,0
-0.4909,NORMAL,False,2026-06-04T23:27:48.048884,0
-0.488,NORMAL,False,2026-06-04T23:27:48.196310,0
-0.4783,NORMAL,False,2026-06-04T23:27:48.351546,0
-0.4756,NORMAL,False,2026-06-04T23:27:48.499333,0
-0.4775,NORMAL,False,2026-06-04T23:27:48.648847,0
-0.4858,NORMAL,False,2026-06-04T23:27:48.800901,0
-0.4747,NORMAL,False,2026-06-04T23:27:48.978347,0
-0.4874,NORMAL,False,2026-06-04T23:27:49.137069,0
-0.4836,NORMAL,False,2026-06-04T23:27:49.379434,0
-0.4915,NORMAL,False,2026-06-04T23:27:49.545664,0
-0.5042,LOW,False,2026-06-04T23:27:49.720939,1
-0.5202,MEDIUM,True,2026-06-04T23:27:49.968106,0
-0.5136,LOW,False,2026-06-04T23:27:50.439317,0
-0.5111,LOW,False,2026-06-04T23:27:50.592257,0
-0.5048,LOW,False,2026-06-04T23:27:50.751466,0
-0.5109,LOW,False,2026-06-04T23:27:50.899349,0
-0.5143,LOW,False,2026-06-04T23:27:51.045312,0
-0.5066,LOW,False,2026-06-04T23:27:51.191420,0
-0.5022,LOW,False,2026-06-04T23:27:51.341370,0
-0.4975,NORMAL,False,2026-06-04T23:27:51.493254,0
-0.5019,LOW,False,2026-06-04T23:27:51.642300,0
-0.5049,LOW,False,2026-06-04T23:27:51.791828,0
-0.5021,LOW,False,2026-06-04T23:27:51.941377,0
-0.5037,LOW,False,2026-06-04T23:27:52.089989,0
-0.5123,LOW,False,2026-06-04T23:27:52.236942,0
-0.5145,LOW,False,2026-06-04T23:27:52.392725,0
-0.5104,LOW,False,2026-06-04T23:27:52.539640,0
-0.5029,LOW,False,2026-06-04T23:27:52.689176,0
-0.5037,LOW,False,2026-06-04T23:27:52.834952,0
-0.4989,NORMAL,False,2026-06-04T23:27:52.981358,0
-0.4868,NORMAL,False,2026-06-04T23:27:53.128483,0
-0.4852,NORMAL,False,2026-06-04T23:27:53.274186,0
-0.4822,NORMAL,False,2026-06-04T23:27:53.430817,0
-0.4816,NORMAL,False,2026-06-04T23:27:53.581340,0
-0.4822,NORMAL,False,2026-06-04T23:27:53.734614,0
-0.4848,NORMAL,False,2026-06-04T23:27:53.897993,0
-0.4866,NORMAL,False,2026-06-04T23:27:54.060628,0
-0.4901,NORMAL,False,2026-06-04T23:27:54.216368,0
-0.498,NORMAL,False,2026-06-04T23:27:54.374791,0
-0.4992,NORMAL,False,2026-06-04T23:27:54.533856,0
-0.5015,LOW,False,2026-06-04T23:27:54.682082,0
-0.506,LOW,False,2026-06-04T23:27:54.844516,0
-0.5144,LOW,False,2026-06-04T23:27:54.999143,0
-0.5141,LOW,False,2026-06-04T23:27:55.150409,0
-0.508,LOW,False,2026-06-04T23:27:55.299962,0
-0.5091,LOW,False,2026-06-04T23:27:55.450281,0
-0.507,LOW,False,2026-06-04T23:27:55.598290,0
-0.515,LOW,False,2026-06-04T23:27:55.752965,0
-0.5022,LOW,False,2026-06-04T23:27:55.903292,0
-0.5054,LOW,False,2026-06-04T23:27:56.050809,0
-0.5055,LOW,False,2026-06-04T23:27:56.197830,0
-0.4977,NORMAL,False,2026-06-04T23:27:56.345025,0
-0.4974,NORMAL,False,2026-06-04T23:27:56.492269,0
-0.4938,NORMAL,False,2026-06-04T23:27:56.638667,0
-0.4932,NORMAL,False,2026-06-04T23:27:56.791493,0
-0.492,NORMAL,False,2026-06-04T23:27:56.949999,0
-0.4874,NORMAL,False,2026-06-04T23:27:57.098221,0
-0.4811,NORMAL,False,2026-06-04T23:27:57.246214,0
-0.4778,NORMAL,False,2026-06-04T23:27:57.392569,0
-0.4984,NORMAL,False,2026-06-04T23:27:57.542861,0
-0.4398,NORMAL,False,2026-06-04T23:27:57.690122,0
-0.4398,NORMAL,False,2026-06-04T23:27:57.838176,0
-0.4354,NORMAL,False,2026-06-04T23:27:57.997872,0
-0.439,NORMAL,False,2026-06-04T23:27:58.149018,0
-0.4443,NORMAL,False,2026-06-04T23:27:58.298083,0
-0.4428,NORMAL,False,2026-06-04T23:27:58.453861,0
-0.441,NORMAL,False,2026-06-04T23:27:58.602025,0
-0.4502,NORMAL,False,2026-06-04T23:27:58.748814,0
-0.4476,NORMAL,False,2026-06-04T23:27:58.899976,0
-0.4459,NORMAL,False,2026-06-04T23:27:59.048215,0
-0.4463,NORMAL,False,2026-06-04T23:27:59.198531,0
-0.4435,NORMAL,False,2026-06-04T23:27:59.351988,0
-0.444,NORMAL,False,2026-06-04T23:27:59.500417,1
-0.4452,NORMAL,False,2026-06-04T23:27:59.647717,0
-0.4466,NORMAL,False,2026-06-04T23:27:59.794736,0
-0.4362,NORMAL,False,2026-06-04T23:27:59.950796,0
-0.436,NORMAL,False,2026-06-04T23:28:00.221548,0
-0.4399,NORMAL,False,2026-06-04T23:28:00.367594,0
-0.442,NORMAL,False,2026-06-04T23:28:00.516067,0
-0.4405,NORMAL,False,2026-06-04T23:28:00.667949,0
-0.4438,NORMAL,False,2026-06-04T23:28:00.818111,0
-0.4523,NORMAL,False,2026-06-04T23:28:00.967556,0
-0.4507,NORMAL,False,2026-06-04T23:28:01.115540,0
-0.4521,NORMAL,False,2026-06-04T23:28:01.264554,0
-0.4537,NORMAL,False,2026-06-04T23:28:01.415311,0
-0.4543,NORMAL,False,2026-06-04T23:28:01.571379,0
-0.4544,NORMAL,False,2026-06-04T23:28:01.719399,0
-0.4626,NORMAL,False,2026-06-04T23:28:01.869286,0
-0.4618,NORMAL,False,2026-06-04T23:28:02.017658,0
-0.4603,NORMAL,False,2026-06-04T23:28:02.165680,0
-0.4641,NORMAL,False,2026-06-04T23:28:02.314342,0
-0.4661,NORMAL,False,2026-06-04T23:28:02.480972,0
-0.4708,NORMAL,False,2026-06-04T23:28:02.637551,0
-0.5866,HIGH,True,2026-06-04T23:28:02.785108,1
-0.5916,HIGH,True,2026-06-04T23:28:03.856354,0
-0.5955,HIGH,True,2026-06-04T23:28:04.291209,0
-0.5825,HIGH,True,2026-06-04T23:28:04.616396,0
-0.578,HIGH,True,2026-06-04T23:28:05.107173,0
-0.5861,HIGH,True,2026-06-04T23:28:05.576565,0
-0.5788,HIGH,True,2026-06-04T23:28:06.918778,0
-0.5787,HIGH,True,2026-06-04T23:28:07.244521,0
-0.5788,HIGH,True,2026-06-04T23:28:07.706686,0
-0.5673,HIGH,True,2026-06-04T23:28:08.145358,0
-0.5654,HIGH,True,2026-06-04T23:28:08.524637,0
-0.5672,HIGH,True,2026-06-04T23:28:08.972956,0
-0.5691,HIGH,True,2026-06-04T23:28:09.418298,0
-0.5683,HIGH,True,2026-06-04T23:28:09.757127,0
-0.5662,HIGH,True,2026-06-04T23:28:11.323578,0
-0.5706,HIGH,True,2026-06-04T23:28:11.706207,0
-0.5597,HIGH,True,2026-06-04T23:28:12.026518,0
-0.5578,HIGH,True,2026-06-04T23:28:12.344965,0
-0.5583,HIGH,True,2026-06-04T23:28:12.863475,0
-0.5571,HIGH,True,2026-06-04T23:28:13.265706,0
-0.5599,HIGH,True,2026-06-04T23:28:13.587719,0
-0.5636,HIGH,True,2026-06-04T23:28:15.175518,0
-0.561,HIGH,True,2026-06-04T23:28:15.504135,0
-0.5598,HIGH,True,2026-06-04T23:28:16.011557,0
-0.5589,HIGH,True,2026-06-04T23:28:16.483983,0
-0.5578,HIGH,True,2026-06-04T23:28:16.797983,0
-0.5563,HIGH,True,2026-06-04T23:28:17.307866,0
-0.5565,HIGH,True,2026-06-04T23:28:17.732709,0
-0.5606,HIGH,True,2026-06-04T23:28:18.046560,0
-0.5608,HIGH,True,2026-06-04T23:28:18.405736,0
-0.5589,HIGH,True,2026-06-04T23:28:18.734104,0
-0.5586,HIGH,True,2026-06-04T23:28:19.229586,0
-0.5605,HIGH,True,2026-06-04T23:28:19.651788,0
-0.5633,HIGH,True,2026-06-04T23:28:21.044165,0
-0.5619,HIGH,True,2026-06-04T23:28:21.368992,0
-0.559,HIGH,True,2026-06-04T23:28:21.750047,0
-0.5595,HIGH,True,2026-06-04T23:28:22.222574,0
-0.5634,HIGH,True,2026-06-04T23:28:22.638371,0
-0.5644,HIGH,True,2026-06-04T23:28:23.040396,0
-0.5618,HIGH,True,2026-06-04T23:28:23.511171,0
-0.5559,HIGH,True,2026-06-04T23:28:23.839280,0
-0.5574,HIGH,True,2026-06-04T23:28:25.480493,0
-0.5598,HIGH,True,2026-06-04T23:28:25.846809,0
-0.559,HIGH,True,2026-06-04T23:28:26.217502,0
-0.5662,HIGH,True,2026-06-04T23:28:26.753576,0
-0.5667,HIGH,True,2026-06-04T23:28:27.092898,0
-0.5642,HIGH,True,2026-06-04T23:28:27.513006,0
-0.5646,HIGH,True,2026-06-04T23:28:27.971588,0
-0.56,HIGH,True,2026-06-04T23:28:28.323507,0
-0.5604,HIGH,True,2026-06-04T23:28:28.830029,0
-0.4443,NORMAL,False,2026-06-04T23:28:29.291147,0
-0.4471,NORMAL,False,2026-06-04T23:28:30.169561,0
-0.4432,NORMAL,False,2026-06-04T23:28:31.183226,0
-0.44,NORMAL,False,2026-06-04T23:28:31.687329,0
-0.4393,NORMAL,False,2026-06-04T23:28:32.064816,0
-0.4228,NORMAL,False,2026-06-04T23:28:32.381141,0
-0.4082,NORMAL,False,2026-06-04T23:28:32.695025,0
-0.4089,NORMAL,False,2026-06-04T23:28:32.891157,0
-0.4122,NORMAL,False,2026-06-04T23:28:33.066563,0
-0.4108,NORMAL,False,2026-06-04T23:28:33.217708,0
-0.4109,NORMAL,False,2026-06-04T23:28:33.376464,0
-0.4114,NORMAL,False,2026-06-04T23:28:33.534546,0
-0.4108,NORMAL,False,2026-06-04T23:28:33.692294,0
-0.4091,NORMAL,False,2026-06-04T23:28:33.856064,0
-0.4075,NORMAL,False,2026-06-04T23:28:34.015220,0
-0.4079,NORMAL,False,2026-06-04T23:28:34.170280,0
-0.4096,NORMAL,False,2026-06-04T23:28:34.352368,0
-0.407,NORMAL,False,2026-06-04T23:28:34.506730,0
-0.4053,NORMAL,False,2026-06-04T23:28:34.673561,0
-0.4083,NORMAL,False,2026-06-04T23:28:34.821605,0
-0.4131,NORMAL,False,2026-06-04T23:28:34.973116,0
-0.4132,NORMAL,False,2026-06-04T23:28:35.131413,0
-0.4107,NORMAL,False,2026-06-04T23:28:35.277933,0
-0.4105,NORMAL,False,2026-06-04T23:28:35.445614,0
-0.411,NORMAL,False,2026-06-04T23:28:35.610729,0
-0.4118,NORMAL,False,2026-06-04T23:28:35.815824,0
-0.4183,NORMAL,False,2026-06-04T23:28:35.974792,0
-0.4195,NORMAL,False,2026-06-04T23:28:36.120301,0
-0.4183,NORMAL,False,2026-06-04T23:28:36.276201,0
-0.4254,NORMAL,False,2026-06-04T23:28:36.425046,0
-0.4277,NORMAL,False,2026-06-04T23:28:36.571949,0
-0.4306,NORMAL,False,2026-06-04T23:28:36.719947,0
-0.4422,NORMAL,False,2026-06-04T23:28:36.895326,0
-0.452,NORMAL,False,2026-06-04T23:28:37.062191,0
-0.4534,NORMAL,False,2026-06-04T23:28:37.206352,0
-0.4519,NORMAL,False,2026-06-04T23:28:37.381135,0
-0.4567,NORMAL,False,2026-06-04T23:28:37.533930,0
-0.4549,NORMAL,False,2026-06-04T23:28:37.691425,0
-0.4501,NORMAL,False,2026-06-04T23:28:37.841828,0
-0.4704,NORMAL,False,2026-06-04T23:28:37.993365,0
-0.4678,NORMAL,False,2026-06-04T23:28:38.145100,0
-0.4677,NORMAL,False,2026-06-04T23:28:38.299586,0
-0.4599,NORMAL,False,2026-06-04T23:28:38.448057,0
-0.4614,NORMAL,False,2026-06-04T23:28:38.603941,0
-0.463,NORMAL,False,2026-06-04T23:28:38.764924,0
-0.4478,NORMAL,False,2026-06-04T23:28:38.945408,0
-0.4491,NORMAL,False,2026-06-04T23:28:39.245170,0
-0.4435,NORMAL,False,2026-06-04T23:28:39.446346,0
-0.4447,NORMAL,False,2026-06-04T23:28:39.679855,0
-0.4457,NORMAL,False,2026-06-04T23:28:39.881337,0
-0.4494,NORMAL,False,2026-06-04T23:28:40.161022,0
-0.4486,NORMAL,False,2026-06-04T23:28:40.352111,0
-0.4438,NORMAL,False,2026-06-04T23:28:40.562873,0
-0.4399,NORMAL,False,2026-06-04T23:28:40.762354,0
-0.4448,NORMAL,False,2026-06-04T23:28:40.919590,0
-0.4417,NORMAL,False,2026-06-04T23:28:41.072183,0
-0.4462,NORMAL,False,2026-06-04T23:28:41.259043,0
-0.4423,NORMAL,False,2026-06-04T23:28:41.466182,0
-0.4435,NORMAL,False,2026-06-04T23:28:41.642596,0
-0.4487,NORMAL,False,2026-06-04T23:28:41.791281,0
-0.451,NORMAL,False,2026-06-04T23:28:41.946411,0
-0.4555,NORMAL,False,2026-06-04T23:28:42.104085,0
-0.4519,NORMAL,False,2026-06-04T23:28:42.255470,0
-0.4481,NORMAL,False,2026-06-04T23:28:42.409570,0
-0.4474,NORMAL,False,2026-06-04T23:28:42.629581,0
-0.4402,NORMAL,False,2026-06-04T23:28:42.814364,0
-0.4451,NORMAL,False,2026-06-04T23:28:42.977818,0
-0.4477,NORMAL,False,2026-06-04T23:28:43.130948,0
-0.446,NORMAL,False,2026-06-04T23:28:43.327045,0
-0.4456,NORMAL,False,2026-06-04T23:28:43.502019,0
-0.4451,NORMAL,False,2026-06-04T23:28:43.674321,0
-0.4426,NORMAL,False,2026-06-04T23:28:43.840043,0
-0.4481,NORMAL,False,2026-06-04T23:28:44.013520,0
-0.4433,NORMAL,False,2026-06-04T23:28:44.189767,1
-0.4467,NORMAL,False,2026-06-04T23:28:44.355282,0
-0.4505,NORMAL,False,2026-06-04T23:28:44.533162,0
-0.4466,NORMAL,False,2026-06-04T23:28:44.711045,0
-0.4516,NORMAL,False,2026-06-04T23:28:44.859073,0
-0.4498,NORMAL,False,2026-06-04T23:28:45.007478,0
-0.4507,NORMAL,False,2026-06-04T23:28:45.197828,0
-0.4608,NORMAL,False,2026-06-04T23:28:45.361817,0
-0.4625,NORMAL,False,2026-06-04T23:28:45.543981,0
-0.4587,NORMAL,False,2026-06-04T23:28:45.726080,0
-0.4546,NORMAL,False,2026-06-04T23:28:45.915659,0
-0.4512,NORMAL,False,2026-06-04T23:28:46.106145,0
-0.4462,NORMAL,False,2026-06-04T23:28:46.300907,0
-0.4479,NORMAL,False,2026-06-04T23:28:46.500595,0
-0.442,NORMAL,False,2026-06-04T23:28:46.694915,0
-0.4337,NORMAL,False,2026-06-04T23:28:46.888062,0
-0.4337,NORMAL,False,2026-06-04T23:28:47.085511,0
-0.4894,NORMAL,False,2026-06-04T23:28:47.272894,1
-0.4872,NORMAL,False,2026-06-04T23:28:47.456882,0
-0.4881,NORMAL,False,2026-06-04T23:28:47.687270,0
-0.4883,NORMAL,False,2026-06-04T23:28:47.888024,0
-0.4892,NORMAL,False,2026-06-04T23:28:48.064555,0
-0.4845,NORMAL,False,2026-06-04T23:28:48.256959,0
-0.484,NORMAL,False,2026-06-04T23:28:48.439920,0
-0.4931,NORMAL,False,2026-06-04T23:28:48.613786,0
-0.4906,NORMAL,False,2026-06-04T23:28:48.770206,0
-0.4914,NORMAL,False,2026-06-04T23:28:48.919804,0
-0.4947,NORMAL,False,2026-06-04T23:28:49.080394,0
-0.4919,NORMAL,False,2026-06-04T23:28:49.334382,0
-0.4896,NORMAL,False,2026-06-04T23:28:49.525531,0
-0.4906,NORMAL,False,2026-06-04T23:28:49.716997,0
-0.4851,NORMAL,False,2026-06-04T23:28:49.901872,0
-0.4862,NORMAL,False,2026-06-04T23:28:50.093782,0
-0.4872,NORMAL,False,2026-06-04T23:28:50.258000,0
-0.4809,NORMAL,False,2026-06-04T23:28:50.436545,0
-0.4828,NORMAL,False,2026-06-04T23:28:50.635766,0
-0.4838,NORMAL,False,2026-06-04T23:28:50.828873,0
-0.485,NORMAL,False,2026-06-04T23:28:51.015039,0
-0.4859,NORMAL,False,2026-06-04T23:28:51.197188,0
-0.4923,NORMAL,False,2026-06-04T23:28:51.381308,0
-0.4983,NORMAL,False,2026-06-04T23:28:51.574770,0
-0.5015,LOW,False,2026-06-04T23:28:51.762849,0
-0.4952,NORMAL,False,2026-06-04T23:28:51.954175,0
-0.4967,NORMAL,False,2026-06-04T23:28:52.144614,0
-0.4972,NORMAL,False,2026-06-04T23:28:52.333543,0
-0.5007,LOW,False,2026-06-04T23:28:52.506243,0
-0.5068,LOW,False,2026-06-04T23:28:52.672015,0
-0.511,LOW,False,2026-06-04T23:28:52.851318,0
-0.5091,LOW,False,2026-06-04T23:28:53.063309,0
-0.5124,LOW,False,2026-06-04T23:28:53.224407,0
-0.5159,LOW,False,2026-06-04T23:28:53.398057,0
-0.5197,LOW,False,2026-06-04T23:28:53.574755,0
-0.5231,MEDIUM,True,2026-06-04T23:28:53.729335,0
-0.522,MEDIUM,True,2026-06-04T23:28:54.234728,0
-0.5228,MEDIUM,True,2026-06-04T23:28:54.615790,0
-0.5113,LOW,False,2026-06-04T23:28:55.051393,0
-0.5035,LOW,False,2026-06-04T23:28:55.237157,0
-0.4969,NORMAL,False,2026-06-04T23:28:55.404291,0
-0.4911,NORMAL,False,2026-06-04T23:28:55.574495,0
-0.4899,NORMAL,False,2026-06-04T23:28:55.749288,0
-0.4889,NORMAL,False,2026-06-04T23:28:55.917108,0
-0.4881,NORMAL,False,2026-06-04T23:28:56.087897,0
-0.4871,NORMAL,False,2026-06-04T23:28:56.258049,0
-0.4902,NORMAL,False,2026-06-04T23:28:56.493412,0
-0.4901,NORMAL,False,2026-06-04T23:28:56.902789,0
-0.499,NORMAL,False,2026-06-04T23:28:57.252090,0
-0.5049,LOW,False,2026-06-04T23:28:57.454187,0
-0.4426,NORMAL,False,2026-06-04T23:28:57.628314,0
-0.4445,NORMAL,False,2026-06-04T23:28:57.804974,0
-0.4466,NORMAL,False,2026-06-04T23:28:57.961085,0
-0.4512,NORMAL,False,2026-06-04T23:28:58.125497,0
-0.4508,NORMAL,False,2026-06-04T23:28:58.304954,0
-0.454,NORMAL,False,2026-06-04T23:28:58.479157,0
-0.4581,NORMAL,False,2026-06-04T23:28:58.646363,0
-0.4601,NORMAL,False,2026-06-04T23:28:58.816661,0
-0.4648,NORMAL,False,2026-06-04T23:28:58.990919,0
-0.472,NORMAL,False,2026-06-04T23:28:59.233536,0
-0.4779,NORMAL,False,2026-06-04T23:28:59.452913,0
-0.4805,NORMAL,False,2026-06-04T23:28:59.660115,0
-0.4823,NORMAL,False,2026-06-04T23:28:59.892385,0
-0.484,NORMAL,False,2026-06-04T23:29:00.123384,0
-0.4886,NORMAL,False,2026-06-04T23:29:00.320838,0
-0.4899,NORMAL,False,2026-06-04T23:29:00.570764,0
-0.4906,NORMAL,False,2026-06-04T23:29:00.879052,0
-0.4886,NORMAL,False,2026-06-04T23:29:01.070025,0
-0.4878,NORMAL,False,2026-06-04T23:29:01.249312,0
-0.4767,NORMAL,False,2026-06-04T23:29:01.470867,0
-0.4759,NORMAL,False,2026-06-04T23:29:01.665794,0
-0.4677,NORMAL,False,2026-06-04T23:29:01.832580,0
-0.4664,NORMAL,False,2026-06-04T23:29:02.013281,0
-0.4659,NORMAL,False,2026-06-04T23:29:02.170508,0
-0.4628,NORMAL,False,2026-06-04T23:29:02.340148,0
-0.4532,NORMAL,False,2026-06-04T23:29:02.519436,0
-0.4482,NORMAL,False,2026-06-04T23:29:02.689739,0
-0.4546,NORMAL,False,2026-06-04T23:29:02.864964,0
-0.4542,NORMAL,False,2026-06-04T23:29:03.053215,0
-0.4499,NORMAL,False,2026-06-04T23:29:03.240238,0
-0.4593,NORMAL,False,2026-06-04T23:29:03.439156,0
-0.4652,NORMAL,False,2026-06-04T23:29:03.675892,0
-0.4549,NORMAL,False,2026-06-04T23:29:03.840598,0
-0.423,NORMAL,False,2026-06-04T23:29:04.003051,0
-0.3998,NORMAL,False,2026-06-04T23:29:04.168301,0
-0.4018,NORMAL,False,2026-06-04T23:29:04.356865,0
-0.4033,NORMAL,False,2026-06-04T23:29:04.605250,0
-0.4001,NORMAL,False,2026-06-04T23:29:04.829222,0
-0.4025,NORMAL,False,2026-06-04T23:29:05.009289,0
-0.3941,NORMAL,False,2026-06-04T23:29:05.166912,0
-0.3935,NORMAL,False,2026-06-04T23:29:05.324082,0
-0.3928,NORMAL,False,2026-06-04T23:29:05.486912,0
-0.3927,NORMAL,False,2026-06-04T23:29:05.655890,0
-0.3961,NORMAL,False,2026-06-04T23:29:05.815352,0
-0.3938,NORMAL,False,2026-06-04T23:29:05.967096,0
-0.3955,NORMAL,False,2026-06-04T23:29:06.116760,0
-0.3936,NORMAL,False,2026-06-04T23:29:06.269295,0
-0.3923,NORMAL,False,2026-06-04T23:29:06.508567,0
-0.3918,NORMAL,False,2026-06-04T23:29:06.666993,0
-0.3911,NORMAL,False,2026-06-04T23:29:06.824417,0
-0.4052,NORMAL,False,2026-06-04T23:29:06.974125,0
-0.4091,NORMAL,False,2026-06-04T23:29:07.123562,0
-0.4091,NORMAL,False,2026-06-04T23:29:07.275672,0
-0.4113,NORMAL,False,2026-06-04T23:29:07.438660,0
-0.4101,NORMAL,False,2026-06-04T23:29:07.587085,0
-0.4106,NORMAL,False,2026-06-04T23:29:07.789701,0
-0.412,NORMAL,False,2026-06-04T23:29:07.959952,0
-0.4142,NORMAL,False,2026-06-04T23:29:08.183174,0
-0.4141,NORMAL,False,2026-06-04T23:29:08.335915,0
-0.4126,NORMAL,False,2026-06-04T23:29:08.487675,0
-0.4119,NORMAL,False,2026-06-04T23:29:08.647636,0
-0.4131,NORMAL,False,2026-06-04T23:29:08.802973,0
-0.4149,NORMAL,False,2026-06-04T23:29:08.956266,0
-0.4162,NORMAL,False,2026-06-04T23:29:09.103047,0
-0.415,NORMAL,False,2026-06-04T23:29:09.254047,0
-0.4228,NORMAL,False,2026-06-04T23:29:09.416514,0
-0.4219,NORMAL,False,2026-06-04T23:29:09.573747,0
-0.4241,NORMAL,False,2026-06-04T23:29:09.800450,0
-0.4209,NORMAL,False,2026-06-04T23:29:09.960752,0
-0.4191,NORMAL,False,2026-06-04T23:29:10.147114,0
-0.4332,NORMAL,False,2026-06-04T23:29:10.314014,0
-0.4355,NORMAL,False,2026-06-04T23:29:10.540487,0
-0.429,NORMAL,False,2026-06-04T23:29:10.693658,0
-0.4286,NORMAL,False,2026-06-04T23:29:10.848007,0
-0.4287,NORMAL,False,2026-06-04T23:29:11.020814,0
-0.4252,NORMAL,False,2026-06-04T23:29:11.179225,0
-0.4303,NORMAL,False,2026-06-04T23:29:11.352618,0
-0.4259,NORMAL,False,2026-06-04T23:29:11.580813,0
-0.4252,NORMAL,False,2026-06-04T23:29:11.750603,0
-0.4204,NORMAL,False,2026-06-04T23:29:11.930546,0
-0.4276,NORMAL,False,2026-06-04T23:29:12.121195,0
-0.4338,NORMAL,False,2026-06-04T23:29:12.378316,0
-0.4546,NORMAL,False,2026-06-04T23:29:12.553658,0
-0.4576,NORMAL,False,2026-06-04T23:29:12.715757,0
-0.4521,NORMAL,False,2026-06-04T23:29:12.897933,0
-0.4628,NORMAL,False,2026-06-04T23:29:13.078632,0
-0.4627,NORMAL,False,2026-06-04T23:29:13.249205,0
-0.4585,NORMAL,False,2026-06-04T23:29:13.448784,0
-0.456,NORMAL,False,2026-06-04T23:29:13.620173,0
-0.4523,NORMAL,False,2026-06-04T23:29:13.792076,0
-0.4537,NORMAL,False,2026-06-04T23:29:13.956685,0
-0.4629,NORMAL,False,2026-06-04T23:29:14.135015,0
-0.4696,NORMAL,False,2026-06-04T23:29:14.321337,0
-0.4771,NORMAL,False,2026-06-04T23:29:14.482219,1
-0.4775,NORMAL,False,2026-06-04T23:29:14.632245,0
-0.4795,NORMAL,False,2026-06-04T23:29:14.779617,0
-0.4821,NORMAL,False,2026-06-04T23:29:14.945828,0
-0.4953,NORMAL,False,2026-06-04T23:29:15.128932,0
-0.4883,NORMAL,False,2026-06-04T23:29:15.308607,0
-0.4928,NORMAL,False,2026-06-04T23:29:15.544692,0
-0.4944,NORMAL,False,2026-06-04T23:29:15.721641,0
-0.4913,NORMAL,False,2026-06-04T23:29:15.915662,0
-0.495,NORMAL,False,2026-06-04T23:29:16.083890,0
-0.4928,NORMAL,False,2026-06-04T23:29:16.253284,0
-0.4979,NORMAL,False,2026-06-04T23:29:16.424545,0
-0.4983,NORMAL,False,2026-06-04T23:29:16.583054,0
-0.5063,LOW,False,2026-06-04T23:29:16.743359,0
-0.5103,LOW,False,2026-06-04T23:29:16.910121,0
-0.5031,LOW,False,2026-06-04T23:29:17.057303,0
-0.5167,LOW,False,2026-06-04T23:29:17.205541,0
-0.5187,LOW,False,2026-06-04T23:29:17.354650,0
-0.5186,LOW,False,2026-06-04T23:29:17.508286,0
-0.5173,LOW,False,2026-06-04T23:29:17.655330,0
-0.5076,LOW,False,2026-06-04T23:29:17.803619,0
-0.5026,LOW,False,2026-06-04T23:29:17.954304,0
-0.4977,NORMAL,False,2026-06-04T23:29:18.104347,0
-0.4964,NORMAL,False,2026-06-04T23:29:18.259105,0
-0.4949,NORMAL,False,2026-06-04T23:29:18.412288,0
-0.5007,LOW,False,2026-06-04T23:29:18.561952,0
-0.5044,LOW,False,2026-06-04T23:29:18.720692,0
-0.5092,LOW,False,2026-06-04T23:29:18.873883,0
-0.4951,NORMAL,False,2026-06-04T23:29:19.046046,0
-0.4951,NORMAL,False,2026-06-04T23:29:19.369487,0
-0.4964,NORMAL,False,2026-06-04T23:29:19.541241,0
-0.5044,LOW,False,2026-06-04T23:29:19.732048,0
-0.5028,LOW,False,2026-06-04T23:29:19.931456,0
-0.5043,LOW,False,2026-06-04T23:29:20.124866,0
-0.5034,LOW,False,2026-06-04T23:29:20.270771,0
-0.4968,NORMAL,False,2026-06-04T23:29:20.424828,0
-0.4687,NORMAL,False,2026-06-04T23:29:20.571524,0
-0.4641,NORMAL,False,2026-06-04T23:29:20.716416,0
-0.4626,NORMAL,False,2026-06-04T23:29:20.863693,0
-0.4628,NORMAL,False,2026-06-04T23:29:21.013176,0
-0.4629,NORMAL,False,2026-06-04T23:29:21.164387,0
-0.4657,NORMAL,False,2026-06-04T23:29:21.315105,0
-0.4675,NORMAL,False,2026-06-04T23:29:21.481606,0
-0.4685,NORMAL,False,2026-06-04T23:29:21.641122,0
-0.4676,NORMAL,False,2026-06-04T23:29:21.788416,0
-0.4655,NORMAL,False,2026-06-04T23:29:21.936294,0
-0.4671,NORMAL,False,2026-06-04T23:29:22.084367,0
-0.469,NORMAL,False,2026-06-04T23:29:22.232890,0
-0.4664,NORMAL,False,2026-06-04T23:29:22.385802,0
-0.4667,NORMAL,False,2026-06-04T23:29:22.547237,0
-0.4637,NORMAL,False,2026-06-04T23:29:22.704657,0
-0.4593,NORMAL,False,2026-06-04T23:29:22.853527,0
-0.4568,NORMAL,False,2026-06-04T23:29:23.006589,0
-0.4526,NORMAL,False,2026-06-04T23:29:23.154971,0
-0.4533,NORMAL,False,2026-06-04T23:29:23.304240,0
-0.4596,NORMAL,False,2026-06-04T23:29:23.451144,0
-0.4608,NORMAL,False,2026-06-04T23:29:23.598504,0
-0.4647,NORMAL,False,2026-06-04T23:29:23.764041,0
-0.471,NORMAL,False,2026-06-04T23:29:23.916685,0
-0.4721,NORMAL,False,2026-06-04T23:29:24.079225,0
-0.4759,NORMAL,False,2026-06-04T23:29:24.238771,0
-0.4778,NORMAL,False,2026-06-04T23:29:24.400700,0
-0.4823,NORMAL,False,2026-06-04T23:29:24.562233,0
-0.4804,NORMAL,False,2026-06-04T23:29:24.719120,0
-0.4787,NORMAL,False,2026-06-04T23:29:24.866522,0
-0.4633,NORMAL,False,2026-06-04T23:29:25.015376,0
-0.4548,NORMAL,False,2026-06-04T23:29:25.187105,0
-0.4542,NORMAL,False,2026-06-04T23:29:25.348296,0
-0.4503,NORMAL,False,2026-06-04T23:29:25.496306,0
-0.45,NORMAL,False,2026-06-04T23:29:25.647615,0
-0.449,NORMAL,False,2026-06-04T23:29:25.796836,0
-0.4427,NORMAL,False,2026-06-04T23:29:25.963531,0
-0.4375,NORMAL,False,2026-06-04T23:29:26.123297,0
-0.4366,NORMAL,False,2026-06-04T23:29:26.271740,0
-0.4385,NORMAL,False,2026-06-04T23:29:26.427333,0
-0.4567,NORMAL,False,2026-06-04T23:29:26.576231,0
-0.4661,NORMAL,False,2026-06-04T23:29:26.723454,0
-0.4534,NORMAL,False,2026-06-04T23:29:26.870194,0
-0.4563,NORMAL,False,2026-06-04T23:29:27.017660,0
-0.4586,NORMAL,False,2026-06-04T23:29:27.166681,0
-0.476,NORMAL,False,2026-06-04T23:29:27.313453,0
-0.4753,NORMAL,False,2026-06-04T23:29:27.462830,0
-0.4753,NORMAL,False,2026-06-04T23:29:27.610783,0
-0.475,NORMAL,False,2026-06-04T23:29:27.764875,0
-0.4723,NORMAL,False,2026-06-04T23:29:27.913384,0
-0.4693,NORMAL,False,2026-06-04T23:29:28.059864,0
-0.4707,NORMAL,False,2026-06-04T23:29:28.219713,0
-0.4734,NORMAL,False,2026-06-04T23:29:28.368106,0
-0.4679,NORMAL,False,2026-06-04T23:29:28.595511,0
-0.4641,NORMAL,False,2026-06-04T23:29:28.743269,0
-0.4643,NORMAL,False,2026-06-04T23:29:28.894251,0
-0.4642,NORMAL,False,2026-06-04T23:29:29.047883,0
-0.4673,NORMAL,False,2026-06-04T23:29:29.195831,0
-0.4699,NORMAL,False,2026-06-04T23:29:29.343673,0
-0.4676,NORMAL,False,2026-06-04T23:29:29.491172,0
-0.4715,NORMAL,False,2026-06-04T23:29:29.640742,0
-0.4727,NORMAL,False,2026-06-04T23:29:29.792166,0
-0.4776,NORMAL,False,2026-06-04T23:29:29.941509,0
-0.4831,NORMAL,False,2026-06-04T23:29:30.089680,0
-0.4853,NORMAL,False,2026-06-04T23:29:30.237719,0
-0.5146,LOW,False,2026-06-04T23:29:30.415610,0
-0.5767,HIGH,True,2026-06-04T23:29:30.565449,1
-0.5786,HIGH,True,2026-06-04T23:29:31.021354,0
-0.5783,HIGH,True,2026-06-04T23:29:31.413603,0
-0.5834,HIGH,True,2026-06-04T23:29:31.743153,0
-0.5868,HIGH,True,2026-06-04T23:29:32.116669,0
-0.5865,HIGH,True,2026-06-04T23:29:32.427673,0
-0.586,HIGH,True,2026-06-04T23:29:32.762662,0
-0.5848,HIGH,True,2026-06-04T23:29:33.252814,0
-0.5837,HIGH,True,2026-06-04T23:29:33.590445,0
-0.5819,HIGH,True,2026-06-04T23:29:34.033279,0
-0.5712,HIGH,True,2026-06-04T23:29:34.350778,0
-0.5718,HIGH,True,2026-06-04T23:29:34.702228,0
-0.5746,HIGH,True,2026-06-04T23:29:35.179591,0
-0.5732,HIGH,True,2026-06-04T23:29:35.504950,0
-0.5725,HIGH,True,2026-06-04T23:29:35.983975,0
-0.5786,HIGH,True,2026-06-04T23:29:36.448638,0
-0.5853,HIGH,True,2026-06-04T23:29:36.771709,0
-0.5906,HIGH,True,2026-06-04T23:29:37.257326,0
-0.5962,HIGH,True,2026-06-04T23:29:37.746537,0
-0.5954,HIGH,True,2026-06-04T23:29:38.069763,0
-0.5991,HIGH,True,2026-06-04T23:29:38.563681,0
-0.61,HIGH,True,2026-06-04T23:29:39.016978,0
-0.6055,HIGH,True,2026-06-04T23:29:39.375000,0
-0.6073,HIGH,True,2026-06-04T23:29:39.828478,0
-0.6061,HIGH,True,2026-06-04T23:29:40.187629,0
-0.5998,HIGH,True,2026-06-04T23:29:40.509240,0
-0.5951,HIGH,True,2026-06-04T23:29:40.926310,0
-0.598,HIGH,True,2026-06-04T23:29:41.236728,0
-0.6036,HIGH,True,2026-06-04T23:29:41.571565,0
-0.6022,HIGH,True,2026-06-04T23:29:41.895625,0
-0.6053,HIGH,True,2026-06-04T23:29:42.375851,0
-0.6079,HIGH,True,2026-06-04T23:29:42.849472,0
-0.6047,HIGH,True,2026-06-04T23:29:43.159859,0
-0.6276,HIGH,True,2026-06-04T23:29:43.485515,1
-0.6291,HIGH,True,2026-06-04T23:29:43.814927,0
-0.6251,HIGH,True,2026-06-04T23:29:44.284087,0
-0.631,HIGH,True,2026-06-04T23:29:44.596662,0
-0.6322,HIGH,True,2026-06-04T23:29:44.939054,0
-0.6313,HIGH,True,2026-06-04T23:29:45.414983,0
-0.6325,HIGH,True,2026-06-04T23:29:45.728273,0
-0.6263,HIGH,True,2026-06-04T23:29:46.272086,0
-0.629,HIGH,True,2026-06-04T23:29:46.699322,0
-0.6279,HIGH,True,2026-06-04T23:29:47.031782,0
-0.6319,HIGH,True,2026-06-04T23:29:47.495880,0
-0.6321,HIGH,True,2026-06-04T23:29:47.951328,0
-0.6269,HIGH,True,2026-06-04T23:29:48.274280,0
-0.6169,HIGH,True,2026-06-04T23:29:48.625857,0
-0.6095,HIGH,True,2026-06-04T23:29:48.953811,0
-0.615,HIGH,True,2026-06-04T23:29:49.397389,0
-0.6175,HIGH,True,2026-06-04T23:29:49.716175,0
-0.5681,HIGH,True,2026-06-04T23:29:50.050393,0
-0.5795,HIGH,True,2026-06-04T23:29:50.532376,0
-0.5676,HIGH,True,2026-06-04T23:29:50.855121,0
-0.5732,HIGH,True,2026-06-04T23:29:51.330034,0
-0.5759,HIGH,True,2026-06-04T23:29:51.816443,0
-0.576,HIGH,True,2026-06-04T23:29:52.144155,0
-0.5873,HIGH,True,2026-06-04T23:29:52.663319,1
-0.5819,HIGH,True,2026-06-04T23:29:53.120266,0
-0.5816,HIGH,True,2026-06-04T23:29:53.472546,0
-0.5846,HIGH,True,2026-06-04T23:29:53.916462,0
-0.5877,HIGH,True,2026-06-04T23:29:55.262530,0
-0.5824,HIGH,True,2026-06-04T23:29:55.665165,0
-0.5774,HIGH,True,2026-06-04T23:29:55.993100,0
-0.5763,HIGH,True,2026-06-04T23:29:56.403561,0
-0.5704,HIGH,True,2026-06-04T23:29:56.726572,0
-0.5605,HIGH,True,2026-06-04T23:29:57.140691,0
-0.5602,HIGH,True,2026-06-04T23:29:57.573512,0
-0.554,HIGH,True,2026-06-04T23:29:57.884835,0
-0.5554,HIGH,True,2026-06-04T23:29:58.290645,0
-0.5563,HIGH,True,2026-06-04T23:30:00.113132,0
-0.5684,HIGH,True,2026-06-04T23:30:00.559775,0
-0.5723,HIGH,True,2026-06-04T23:30:00.892552,0
-0.5628,HIGH,True,2026-06-04T23:30:01.269807,0
-0.5613,HIGH,True,2026-06-04T23:30:01.602214,0
-0.5639,HIGH,True,2026-06-04T23:30:02.050974,0
-0.5626,HIGH,True,2026-06-04T23:30:03.592170,0
-0.5734,HIGH,True,2026-06-04T23:30:04.035627,0
-0.5731,HIGH,True,2026-06-04T23:30:04.467285,0
-0.5664,HIGH,True,2026-06-04T23:30:04.851603,0
-0.5805,HIGH,True,2026-06-04T23:30:05.250197,1
-0.5767,HIGH,True,2026-06-04T23:30:05.587179,0
-0.5759,HIGH,True,2026-06-04T23:30:06.068665,0
-0.5804,HIGH,True,2026-06-04T23:30:06.575313,0
-0.5276,MEDIUM,True,2026-06-04T23:30:06.888685,0
-0.524,MEDIUM,True,2026-06-04T23:30:07.357272,0
-0.53,MEDIUM,True,2026-06-04T23:30:07.794698,0
-0.525,MEDIUM,True,2026-06-04T23:30:08.102958,0
-0.5248,MEDIUM,True,2026-06-04T23:30:09.352847,0
-0.5232,MEDIUM,True,2026-06-04T23:30:09.723129,0
-0.5242,MEDIUM,True,2026-06-04T23:30:10.038778,0
-0.5349,MEDIUM,True,2026-06-04T23:30:10.379080,0
-0.5314,MEDIUM,True,2026-06-04T23:30:10.694874,0
-0.5281,MEDIUM,True,2026-06-04T23:30:11.191566,0
-0.5254,MEDIUM,True,2026-06-04T23:30:11.650177,0
-0.5222,MEDIUM,True,2026-06-04T23:30:12.049949,0
-0.5176,LOW,False,2026-06-04T23:30:13.422841,0
-0.5217,MEDIUM,True,2026-06-04T23:30:13.569563,0
-0.5142,LOW,False,2026-06-04T23:30:13.893164,0
-0.5112,LOW,False,2026-06-04T23:30:14.108684,0
-0.5167,LOW,False,2026-06-04T23:30:14.257759,0
-0.5186,LOW,False,2026-06-04T23:30:14.407876,0
-0.5165,LOW,False,2026-06-04T23:30:14.559782,0
-0.5136,LOW,False,2026-06-04T23:30:14.719159,0
-0.517,LOW,False,2026-06-04T23:30:14.873337,0
-0.5069,LOW,False,2026-06-04T23:30:15.055148,0
-0.5069,LOW,False,2026-06-04T23:30:15.211544,0
-0.4959,NORMAL,False,2026-06-04T23:30:15.358492,0
-0.496,NORMAL,False,2026-06-04T23:30:15.511563,0
-0.4928,NORMAL,False,2026-06-04T23:30:15.719649,0
-0.4923,NORMAL,False,2026-06-04T23:30:15.889253,0
-0.4882,NORMAL,False,2026-06-04T23:30:16.038795,0
-0.487,NORMAL,False,2026-06-04T23:30:16.189871,0
-0.4881,NORMAL,False,2026-06-04T23:30:16.338552,0
-0.4855,NORMAL,False,2026-06-04T23:30:16.485934,0
-0.4901,NORMAL,False,2026-06-04T23:30:16.634969,0
-0.4895,NORMAL,False,2026-06-04T23:30:16.795651,0
-0.4886,NORMAL,False,2026-06-04T23:30:16.951741,0
-0.4882,NORMAL,False,2026-06-04T23:30:17.100544,0
-0.4924,NORMAL,False,2026-06-04T23:30:17.315576,0
-0.4909,NORMAL,False,2026-06-04T23:30:17.468977,0
-0.485,NORMAL,False,2026-06-04T23:30:17.615827,0
-0.4843,NORMAL,False,2026-06-04T23:30:17.762500,0
-0.4821,NORMAL,False,2026-06-04T23:30:17.922766,0
-0.4855,NORMAL,False,2026-06-04T23:30:18.074607,0
-0.4876,NORMAL,False,2026-06-04T23:30:18.224251,0
-0.4916,NORMAL,False,2026-06-04T23:30:18.373649,0
-0.4945,NORMAL,False,2026-06-04T23:30:18.521911,0
-0.4925,NORMAL,False,2026-06-04T23:30:18.698495,0
-0.4938,NORMAL,False,2026-06-04T23:30:18.916488,0
-0.4995,NORMAL,False,2026-06-04T23:30:19.080369,0
-0.4984,NORMAL,False,2026-06-04T23:30:19.229679,0
-0.5055,LOW,False,2026-06-04T23:30:19.383942,0
-0.5008,LOW,False,2026-06-04T23:30:19.560819,0
-0.5058,LOW,False,2026-06-04T23:30:19.708477,0
-0.4961,NORMAL,False,2026-06-04T23:30:19.861176,0
-0.5065,LOW,False,2026-06-04T23:30:20.010067,0
-0.5062,LOW,False,2026-06-04T23:30:20.185574,0
-0.5077,LOW,False,2026-06-04T23:30:20.348990,0
-0.5215,MEDIUM,True,2026-06-04T23:30:20.512032,0
-0.5248,MEDIUM,True,2026-06-04T23:30:20.986665,0
-0.5281,MEDIUM,True,2026-06-04T23:30:21.523303,0
-0.5244,MEDIUM,True,2026-06-04T23:30:21.912958,0
-0.5185,LOW,False,2026-06-04T23:30:22.235110,0
-0.5156,LOW,False,2026-06-04T23:30:22.382519,0
-0.5123,LOW,False,2026-06-04T23:30:22.536138,0
-0.5138,LOW,False,2026-06-04T23:30:22.688028,0
-0.5109,LOW,False,2026-06-04T23:30:22.839059,0
-0.5314,MEDIUM,True,2026-06-04T23:30:22.991863,0
-0.5406,MEDIUM,True,2026-06-04T23:30:23.534551,0
-0.5403,MEDIUM,True,2026-06-04T23:30:23.994327,0
-0.5386,MEDIUM,True,2026-06-04T23:30:24.485363,0
-0.5399,MEDIUM,True,2026-06-04T23:30:24.860782,0
-0.5394,MEDIUM,True,2026-06-04T23:30:25.274434,0
-0.5432,MEDIUM,True,2026-06-04T23:30:25.734951,0
-0.5454,MEDIUM,True,2026-06-04T23:30:26.118853,0
-0.5514,HIGH,True,2026-06-04T23:30:26.562203,0
-0.535,MEDIUM,True,2026-06-04T23:30:27.053324,0
-0.5325,MEDIUM,True,2026-06-04T23:30:27.387178,0
-0.5231,MEDIUM,True,2026-06-04T23:30:27.820397,0
-0.5148,LOW,False,2026-06-04T23:30:28.297088,0
-0.5044,LOW,False,2026-06-04T23:30:28.445837,0
-0.5086,LOW,False,2026-06-04T23:30:28.595952,0
-0.5028,LOW,False,2026-06-04T23:30:28.755560,0
-0.4983,NORMAL,False,2026-06-04T23:30:28.909315,0
-0.4939,NORMAL,False,2026-06-04T23:30:29.058296,0
-0.4936,NORMAL,False,2026-06-04T23:30:29.217909,0
-0.4953,NORMAL,False,2026-06-04T23:30:29.368306,0
-0.4849,NORMAL,False,2026-06-04T23:30:29.523374,0
-0.4857,NORMAL,False,2026-06-04T23:30:29.672708,0
-0.5227,MEDIUM,True,2026-06-04T23:30:29.823625,1
-0.522,MEDIUM,True,2026-06-04T23:30:30.304350,0
-0.5188,LOW,False,2026-06-04T23:30:30.740439,0
-0.5143,LOW,False,2026-06-04T23:30:30.920488,0
-0.5145,LOW,False,2026-06-04T23:30:31.073063,0
-0.5271,MEDIUM,True,2026-06-04T23:30:31.220313,0
-0.5168,LOW,False,2026-06-04T23:30:31.533324,0
-0.5185,LOW,False,2026-06-04T23:30:31.686359,0
-0.5234,MEDIUM,True,2026-06-04T23:30:31.835977,0
-0.5224,MEDIUM,True,2026-06-04T23:30:32.234379,0
-0.5197,LOW,False,2026-06-04T23:30:32.565243,0
-0.5171,LOW,False,2026-06-04T23:30:32.712484,0
-0.5144,LOW,False,2026-06-04T23:30:32.859027,0
-0.5219,MEDIUM,True,2026-06-04T23:30:33.015544,0
-0.5131,LOW,False,2026-06-04T23:30:33.422637,0
-0.5024,LOW,False,2026-06-04T23:30:33.577007,0
-0.5055,LOW,False,2026-06-04T23:30:33.730888,0
-0.5072,LOW,False,2026-06-04T23:30:33.894622,0
-0.5035,LOW,False,2026-06-04T23:30:34.073401,0
-0.5001,LOW,False,2026-06-04T23:30:34.235159,0
-0.5003,LOW,False,2026-06-04T23:30:34.386421,0
-0.4996,NORMAL,False,2026-06-04T23:30:34.537080,0
-0.5134,LOW,False,2026-06-04T23:30:34.693344,0
-0.5394,MEDIUM,True,2026-06-04T23:30:34.861037,0
-0.5428,MEDIUM,True,2026-06-04T23:30:35.351580,0
-0.5496,MEDIUM,True,2026-06-04T23:30:35.708930,0
-0.5436,MEDIUM,True,2026-06-04T23:30:36.153115,0
-0.5346,MEDIUM,True,2026-06-04T23:30:36.614293,0
-0.5011,LOW,False,2026-06-04T23:30:36.950550,0
-0.4904,NORMAL,False,2026-06-04T23:30:37.098011,0
-0.4915,NORMAL,False,2026-06-04T23:30:37.254972,0
-0.4881,NORMAL,False,2026-06-04T23:30:37.416191,0
-0.4981,NORMAL,False,2026-06-04T23:30:37.614694,0
-0.4966,NORMAL,False,2026-06-04T23:30:37.816197,0
-0.4928,NORMAL,False,2026-06-04T23:30:37.981567,0
-0.4957,NORMAL,False,2026-06-04T23:30:38.135095,0
-0.497,NORMAL,False,2026-06-04T23:30:38.286827,0
-0.5015,LOW,False,2026-06-04T23:30:38.461783,0
-0.503,LOW,False,2026-06-04T23:30:38.633436,0
-0.5024,LOW,False,2026-06-04T23:30:38.811435,0
-0.5123,LOW,False,2026-06-04T23:30:38.968849,0
-0.5132,LOW,False,2026-06-04T23:30:39.132421,0
-0.5129,LOW,False,2026-06-04T23:30:39.319985,0
-0.5148,LOW,False,2026-06-04T23:30:39.490693,0
-0.5098,LOW,False,2026-06-04T23:30:39.639383,0
-0.5026,LOW,False,2026-06-04T23:30:39.820367,0
-0.4971,NORMAL,False,2026-06-04T23:30:39.981705,0
-0.4967,NORMAL,False,2026-06-04T23:30:40.159752,0
-0.4903,NORMAL,False,2026-06-04T23:30:40.313812,0
-0.4868,NORMAL,False,2026-06-04T23:30:40.480649,0
-0.459,NORMAL,False,2026-06-04T23:30:40.631590,0
-0.4541,NORMAL,False,2026-06-04T23:30:40.831328,0
-0.458,NORMAL,False,2026-06-04T23:30:40.997320,0
-0.4606,NORMAL,False,2026-06-04T23:30:41.170115,0
-0.4688,NORMAL,False,2026-06-04T23:30:41.321448,0
-0.4692,NORMAL,False,2026-06-04T23:30:41.504449,0
-0.465,NORMAL,False,2026-06-04T23:30:41.660972,0
-0.4592,NORMAL,False,2026-06-04T23:30:41.812605,0
-0.4581,NORMAL,False,2026-06-04T23:30:41.987075,0
-0.4552,NORMAL,False,2026-06-04T23:30:42.155855,0
-0.4566,NORMAL,False,2026-06-04T23:30:42.346612,0
-0.4553,NORMAL,False,2026-06-04T23:30:42.512332,0
-0.458,NORMAL,False,2026-06-04T23:30:42.688007,0
-0.4609,NORMAL,False,2026-06-04T23:30:42.838592,0
-0.4592,NORMAL,False,2026-06-04T23:30:42.995005,0
-0.4597,NORMAL,False,2026-06-04T23:30:43.156170,0
-0.4582,NORMAL,False,2026-06-04T23:30:43.321986,0
-0.4672,NORMAL,False,2026-06-04T23:30:43.517224,0
-0.4672,NORMAL,False,2026-06-04T23:30:43.672335,0
-0.4654,NORMAL,False,2026-06-04T23:30:43.831303,1
-0.4598,NORMAL,False,2026-06-04T23:30:43.990597,0
-0.4623,NORMAL,False,2026-06-04T23:30:44.152170,1
-0.4515,NORMAL,False,2026-06-04T23:30:44.337172,0
-0.4472,NORMAL,False,2026-06-04T23:30:44.507715,0
-0.4458,NORMAL,False,2026-06-04T23:30:44.688304,0
-0.4442,NORMAL,False,2026-06-04T23:30:44.864620,0
-0.447,NORMAL,False,2026-06-04T23:30:45.033633,0
-0.4511,NORMAL,False,2026-06-04T23:30:45.219711,0
-0.4544,NORMAL,False,2026-06-04T23:30:45.392485,0
-0.5336,MEDIUM,True,2026-06-04T23:30:45.567409,1
-0.5264,MEDIUM,True,2026-06-04T23:30:45.974943,0
-0.5288,MEDIUM,True,2026-06-04T23:30:46.400457,0
-0.5283,MEDIUM,True,2026-06-04T23:30:46.849626,0
-0.5224,MEDIUM,True,2026-06-04T23:30:47.180987,0
-0.5221,MEDIUM,True,2026-06-04T23:30:47.586946,0
-0.5216,MEDIUM,True,2026-06-04T23:30:47.904587,0
-0.5155,LOW,False,2026-06-04T23:30:48.292229,0
-0.5182,LOW,False,2026-06-04T23:30:48.443552,0
-0.5218,MEDIUM,True,2026-06-04T23:30:48.598035,0
-0.5142,LOW,False,2026-06-04T23:30:48.937383,0
-0.5155,LOW,False,2026-06-04T23:30:49.086457,0
-0.5169,LOW,False,2026-06-04T23:30:49.235548,0
-0.5198,LOW,False,2026-06-04T23:30:49.384315,0
-0.5298,MEDIUM,True,2026-06-04T23:30:49.543562,0
-0.5334,MEDIUM,True,2026-06-04T23:30:49.872979,0
-0.5359,MEDIUM,True,2026-06-04T23:30:50.203719,0
-0.5299,MEDIUM,True,2026-06-04T23:30:50.696825,0
-0.5224,MEDIUM,True,2026-06-04T23:30:51.110353,0
-0.5265,MEDIUM,True,2026-06-04T23:30:51.536125,0
-0.5239,MEDIUM,True,2026-06-04T23:30:51.967024,0
-0.5205,MEDIUM,True,2026-06-04T23:30:52.276507,0
-0.5253,MEDIUM,True,2026-06-04T23:30:52.620931,0
-0.524,MEDIUM,True,2026-06-04T23:30:52.951074,0
-0.525,MEDIUM,True,2026-06-04T23:30:53.460224,0
-0.524,MEDIUM,True,2026-06-04T23:30:53.876278,0
-0.5225,MEDIUM,True,2026-06-04T23:30:54.213891,0
-0.5261,MEDIUM,True,2026-06-04T23:30:54.704618,0
-0.5336,MEDIUM,True,2026-06-04T23:30:55.173086,1
-0.5621,HIGH,True,2026-06-04T23:30:55.485029,1
-0.5657,HIGH,True,2026-06-04T23:30:55.989101,0
-0.5654,HIGH,True,2026-06-04T23:30:56.461778,0
-0.5641,HIGH,True,2026-06-04T23:30:56.781793,0
-0.56,HIGH,True,2026-06-04T23:30:57.255416,0
-0.5608,HIGH,True,2026-06-04T23:30:57.998343,0
-0.5625,HIGH,True,2026-06-04T23:30:58.433229,0
-0.5634,HIGH,True,2026-06-04T23:30:58.755364,0
-0.5642,HIGH,True,2026-06-04T23:30:59.190262,0
-0.5689,HIGH,True,2026-06-04T23:30:59.651021,0
-0.5688,HIGH,True,2026-06-04T23:30:59.965717,0
-0.5662,HIGH,True,2026-06-04T23:31:00.401022,0
-0.5601,HIGH,True,2026-06-04T23:31:00.720792,0
-0.5683,HIGH,True,2026-06-04T23:31:01.059262,0
-0.5691,HIGH,True,2026-06-04T23:31:01.397671,0
-0.5741,HIGH,True,2026-06-04T23:31:01.716433,0
-0.5723,HIGH,True,2026-06-04T23:31:02.232562,0
-0.5699,HIGH,True,2026-06-04T23:31:02.548646,0
-0.5711,HIGH,True,2026-06-04T23:31:02.952457,0
-0.5705,HIGH,True,2026-06-04T23:31:03.264662,0
-0.5757,HIGH,True,2026-06-04T23:31:03.664504,1
-0.497,NORMAL,False,2026-06-04T23:31:04.158253,0
-0.4966,NORMAL,False,2026-06-04T23:31:04.314193,0
-0.4922,NORMAL,False,2026-06-04T23:31:04.467234,0
-0.4944,NORMAL,False,2026-06-04T23:31:04.618272,0
-0.4931,NORMAL,False,2026-06-04T23:31:04.776502,0
-0.4971,NORMAL,False,2026-06-04T23:31:04.954704,0
-0.4898,NORMAL,False,2026-06-04T23:31:05.108233,0
-0.4919,NORMAL,False,2026-06-04T23:31:05.255704,0
-0.4971,NORMAL,False,2026-06-04T23:31:05.406089,0
-0.4937,NORMAL,False,2026-06-04T23:31:05.566933,0
-0.4901,NORMAL,False,2026-06-04T23:31:05.718676,0
-0.4911,NORMAL,False,2026-06-04T23:31:05.866855,0
-0.4931,NORMAL,False,2026-06-04T23:31:06.029392,0
-0.4994,NORMAL,False,2026-06-04T23:31:06.192127,0
-0.5041,LOW,False,2026-06-04T23:31:06.342891,0
-0.5001,LOW,False,2026-06-04T23:31:06.498811,0
-0.5053,LOW,False,2026-06-04T23:31:06.712720,1
-0.5093,LOW,False,2026-06-04T23:31:06.870285,1
-0.5156,LOW,False,2026-06-04T23:31:07.024502,0
-0.5193,LOW,False,2026-06-04T23:31:07.203899,0
-0.5325,MEDIUM,True,2026-06-04T23:31:07.369218,0
-0.5188,LOW,False,2026-06-04T23:31:07.692734,0
-0.5208,MEDIUM,True,2026-06-04T23:31:07.852125,1
-0.5174,LOW,False,2026-06-04T23:31:08.194972,0
-0.5146,LOW,False,2026-06-04T23:31:08.360959,0
-0.5202,MEDIUM,True,2026-06-04T23:31:08.527803,0
-0.5253,MEDIUM,True,2026-06-04T23:31:08.843847,0
-0.5167,LOW,False,2026-06-04T23:31:09.269830,0
-0.5087,LOW,False,2026-06-04T23:31:09.455819,0
-0.5138,LOW,False,2026-06-04T23:31:09.609447,0
-0.5255,MEDIUM,True,2026-06-04T23:31:09.758406,0
-0.5203,MEDIUM,True,2026-06-04T23:31:10.088349,0
-0.5158,LOW,False,2026-06-04T23:31:10.516271,0
-0.5228,MEDIUM,True,2026-06-04T23:31:10.663548,0
-0.5227,MEDIUM,True,2026-06-04T23:31:10.980259,0
-0.5105,LOW,False,2026-06-04T23:31:11.337931,0
-0.5069,LOW,False,2026-06-04T23:31:11.483669,0
-0.4967,NORMAL,False,2026-06-04T23:31:11.648860,0
-0.4956,NORMAL,False,2026-06-04T23:31:11.795356,0
-0.4936,NORMAL,False,2026-06-04T23:31:11.942184,0
-0.4898,NORMAL,False,2026-06-04T23:31:12.088630,0
-0.4865,NORMAL,False,2026-06-04T23:31:12.237032,0
-0.4919,NORMAL,False,2026-06-04T23:31:12.388861,0
-0.4804,NORMAL,False,2026-06-04T23:31:12.541915,0
-0.477,NORMAL,False,2026-06-04T23:31:12.705654,0
-0.4751,NORMAL,False,2026-06-04T23:31:12.853651,0
-0.4725,NORMAL,False,2026-06-04T23:31:13.002169,0
-0.4713,NORMAL,False,2026-06-04T23:31:13.150342,0
-0.4705,NORMAL,False,2026-06-04T23:31:13.301429,0
-0.4495,NORMAL,False,2026-06-04T23:31:13.450585,0
-0.4502,NORMAL,False,2026-06-04T23:31:13.608923,0
-0.4496,NORMAL,False,2026-06-04T23:31:13.757553,0
-0.4554,NORMAL,False,2026-06-04T23:31:13.931057,0
-0.4519,NORMAL,False,2026-06-04T23:31:14.085390,0
-0.4348,NORMAL,False,2026-06-04T23:31:14.245600,0
-0.4362,NORMAL,False,2026-06-04T23:31:14.405584,0
-0.431,NORMAL,False,2026-06-04T23:31:14.560363,0
-0.4355,NORMAL,False,2026-06-04T23:31:14.741733,0
-0.4331,NORMAL,False,2026-06-04T23:31:14.890049,0
-0.4341,NORMAL,False,2026-06-04T23:31:15.036835,0
-0.4381,NORMAL,False,2026-06-04T23:31:15.182106,0
-0.4372,NORMAL,False,2026-06-04T23:31:15.328223,0
-0.437,NORMAL,False,2026-06-04T23:31:15.473794,0
-0.4371,NORMAL,False,2026-06-04T23:31:15.619141,0
-0.5031,LOW,False,2026-06-04T23:31:15.772786,0
-0.5111,LOW,False,2026-06-04T23:31:15.918587,0
-0.5167,LOW,False,2026-06-04T23:31:16.065678,0
-0.5184,LOW,False,2026-06-04T23:31:16.211174,0
-0.5125,LOW,False,2026-06-04T23:31:16.356355,0
-0.5209,MEDIUM,True,2026-06-04T23:31:16.507209,0
-0.5154,LOW,False,2026-06-04T23:31:17.097287,0
-0.5196,LOW,False,2026-06-04T23:31:17.242977,0
-0.5229,MEDIUM,True,2026-06-04T23:31:17.392646,0
-0.5159,LOW,False,2026-06-04T23:31:17.734649,0
-0.5147,LOW,False,2026-06-04T23:31:17.883050,0
-0.5232,MEDIUM,True,2026-06-04T23:31:18.034236,0
-0.5262,MEDIUM,True,2026-06-04T23:31:18.365683,0
-0.5124,LOW,False,2026-06-04T23:31:18.845063,0
-0.5233,MEDIUM,True,2026-06-04T23:31:18.989546,0
-0.5079,LOW,False,2026-06-04T23:31:19.305198,0
-0.5073,LOW,False,2026-06-04T23:31:19.451772,0
-0.5035,LOW,False,2026-06-04T23:31:19.601053,0
-0.5094,LOW,False,2026-06-04T23:31:19.745675,0
-0.5064,LOW,False,2026-06-04T23:31:19.895255,0
-0.5064,LOW,False,2026-06-04T23:31:20.048750,0
-0.4969,NORMAL,False,2026-06-04T23:31:20.194187,0
-0.4917,NORMAL,False,2026-06-04T23:31:20.343708,0
-0.4857,NORMAL,False,2026-06-04T23:31:20.496818,0
-0.4849,NORMAL,False,2026-06-04T23:31:20.645431,0
-0.4951,NORMAL,False,2026-06-04T23:31:20.791682,0
-0.4892,NORMAL,False,2026-06-04T23:31:20.941627,0
-0.4904,NORMAL,False,2026-06-04T23:31:21.090123,0
-0.4905,NORMAL,False,2026-06-04T23:31:21.236104,0
-0.4895,NORMAL,False,2026-06-04T23:31:21.388148,0
-0.4904,NORMAL,False,2026-06-04T23:31:21.534074,0
-0.486,NORMAL,False,2026-06-04T23:31:21.680435,0
-0.4866,NORMAL,False,2026-06-04T23:31:21.826063,0
-0.4885,NORMAL,False,2026-06-04T23:31:21.972398,0
-0.4902,NORMAL,False,2026-06-04T23:31:22.119016,0
-0.49,NORMAL,False,2026-06-04T23:31:22.299853,0
-0.4892,NORMAL,False,2026-06-04T23:31:22.487447,0
-0.4913,NORMAL,False,2026-06-04T23:31:22.636530,0
-0.4911,NORMAL,False,2026-06-04T23:31:22.826821,0
-0.4939,NORMAL,False,2026-06-04T23:31:22.981255,0
-0.5031,LOW,False,2026-06-04T23:31:23.142031,0
-0.5078,LOW,False,2026-06-04T23:31:23.290080,0
-0.5074,LOW,False,2026-06-04T23:31:23.460312,0
-0.5149,LOW,False,2026-06-04T23:31:23.608691,0
-0.4995,NORMAL,False,2026-06-04T23:31:23.773885,0
-0.5007,LOW,False,2026-06-04T23:31:23.925647,0
-0.504,LOW,False,2026-06-04T23:31:24.073682,0
-0.503,LOW,False,2026-06-04T23:31:24.220062,0
-0.4989,NORMAL,False,2026-06-04T23:31:24.369122,0
-0.4977,NORMAL,False,2026-06-04T23:31:24.520421,0
-0.4793,NORMAL,False,2026-06-04T23:31:24.671151,0
-0.4873,NORMAL,False,2026-06-04T23:31:24.818533,0
-0.4794,NORMAL,False,2026-06-04T23:31:24.980078,0
-0.498,NORMAL,False,2026-06-04T23:31:25.132233,0
-0.5039,LOW,False,2026-06-04T23:31:25.278256,0
-0.5049,LOW,False,2026-06-04T23:31:25.427903,0
-0.508,LOW,False,2026-06-04T23:31:25.572624,0
-0.5198,LOW,False,2026-06-04T23:31:25.717940,0
-0.5234,MEDIUM,True,2026-06-04T23:31:25.865545,0
-0.5251,MEDIUM,True,2026-06-04T23:31:26.262427,0
-0.5185,LOW,False,2026-06-04T23:31:27.847767,0
-0.5431,MEDIUM,True,2026-06-04T23:31:28.005982,0
-0.5395,MEDIUM,True,2026-06-04T23:31:28.470614,0
-0.5397,MEDIUM,True,2026-06-04T23:31:28.780499,0
-0.535,MEDIUM,True,2026-06-04T23:31:29.254153,0
-0.5452,MEDIUM,True,2026-06-04T23:31:29.732696,0
-0.5348,MEDIUM,True,2026-06-04T23:31:30.058901,0
-0.5355,MEDIUM,True,2026-06-04T23:31:30.465743,0
-0.536,MEDIUM,True,2026-06-04T23:31:31.773891,0
-0.5333,MEDIUM,True,2026-06-04T23:31:32.106119,0
-0.5381,MEDIUM,True,2026-06-04T23:31:32.504125,0
-0.5469,MEDIUM,True,2026-06-04T23:31:32.941303,0
-0.5491,MEDIUM,True,2026-06-04T23:31:33.265637,0
-0.5496,MEDIUM,True,2026-06-04T23:31:33.619314,0
-0.5497,MEDIUM,True,2026-06-04T23:31:33.975295,0
-0.5254,MEDIUM,True,2026-06-04T23:31:34.378506,1
-0.5302,MEDIUM,True,2026-06-04T23:31:34.845505,0
-0.5234,MEDIUM,True,2026-06-04T23:31:35.172390,0
-0.5242,MEDIUM,True,2026-06-04T23:31:35.737709,0
-0.5269,MEDIUM,True,2026-06-04T23:31:36.147289,0
-0.535,MEDIUM,True,2026-06-04T23:31:36.469397,0
-0.5396,MEDIUM,True,2026-06-04T23:31:37.021988,0
-0.5396,MEDIUM,True,2026-06-04T23:31:37.350393,0
-0.5274,MEDIUM,True,2026-06-04T23:31:37.684271,0
-0.531,MEDIUM,True,2026-06-04T23:31:38.058450,0
-0.5464,MEDIUM,True,2026-06-04T23:31:38.386953,0
-0.5341,MEDIUM,True,2026-06-04T23:31:38.866221,0
-0.5313,MEDIUM,True,2026-06-04T23:31:39.322466,0
-0.5325,MEDIUM,True,2026-06-04T23:31:39.646089,0
-0.5263,MEDIUM,True,2026-06-04T23:31:40.148726,0
-0.5299,MEDIUM,True,2026-06-04T23:31:40.627892,0
-0.5306,MEDIUM,True,2026-06-04T23:31:41.042948,0
-0.5178,LOW,False,2026-06-04T23:31:41.360674,0
-0.5226,MEDIUM,True,2026-06-04T23:31:41.626257,0
-0.5269,MEDIUM,True,2026-06-04T23:31:42.102189,0
-0.5142,LOW,False,2026-06-04T23:31:42.567199,0
-0.5124,LOW,False,2026-06-04T23:31:42.742893,0
-0.513,LOW,False,2026-06-04T23:31:42.944167,0
-0.5122,LOW,False,2026-06-04T23:31:43.141126,0
-0.5156,LOW,False,2026-06-04T23:31:43.325940,0
-0.5088,LOW,False,2026-06-04T23:31:43.492632,0
-0.5095,LOW,False,2026-06-04T23:31:43.641862,0
-0.4871,NORMAL,False,2026-06-04T23:31:43.787167,0
-0.4865,NORMAL,False,2026-06-04T23:31:43.932483,0
-0.4807,NORMAL,False,2026-06-04T23:31:44.079016,0
-0.4617,NORMAL,False,2026-06-04T23:31:44.231023,0
-0.457,NORMAL,False,2026-06-04T23:31:44.390303,0
-0.4586,NORMAL,False,2026-06-04T23:31:44.542473,0
-0.4593,NORMAL,False,2026-06-04T23:31:44.692821,0
-0.4612,NORMAL,False,2026-06-04T23:31:44.843427,0
-0.4613,NORMAL,False,2026-06-04T23:31:44.990032,0
-0.4423,NORMAL,False,2026-06-04T23:31:45.138630,0
-0.4384,NORMAL,False,2026-06-04T23:31:45.289883,0
-0.4366,NORMAL,False,2026-06-04T23:31:45.453476,0
-0.4323,NORMAL,False,2026-06-04T23:31:45.599861,0
-0.5055,LOW,False,2026-06-04T23:31:45.746473,1
-0.4971,NORMAL,False,2026-06-04T23:31:45.893604,0
-0.4978,NORMAL,False,2026-06-04T23:31:46.044080,0
-0.5009,LOW,False,2026-06-04T23:31:46.200095,0
-0.4963,NORMAL,False,2026-06-04T23:31:46.368411,0
-0.4988,NORMAL,False,2026-06-04T23:31:46.539822,0
-0.4993,NORMAL,False,2026-06-04T23:31:46.702929,0
-0.5055,LOW,False,2026-06-04T23:31:46.850047,0
-0.5112,LOW,False,2026-06-04T23:31:46.995550,0
-0.5026,LOW,False,2026-06-04T23:31:47.156493,0
-0.4936,NORMAL,False,2026-06-04T23:31:47.344001,1
-0.4876,NORMAL,False,2026-06-04T23:31:47.512677,1
-0.4884,NORMAL,False,2026-06-04T23:31:47.675470,0
-0.5023,LOW,False,2026-06-04T23:31:47.842385,0
-0.5129,LOW,False,2026-06-04T23:31:48.000712,0
-0.5104,LOW,False,2026-06-04T23:31:48.180156,0
-0.5051,LOW,False,2026-06-04T23:31:48.336691,0
-0.4945,NORMAL,False,2026-06-04T23:31:48.580896,0
-0.4956,NORMAL,False,2026-06-04T23:31:48.750936,0
-0.4894,NORMAL,False,2026-06-04T23:31:48.924953,0
-0.4935,NORMAL,False,2026-06-04T23:31:49.111417,0
-0.4926,NORMAL,False,2026-06-04T23:31:49.267242,0
-0.4925,NORMAL,False,2026-06-04T23:31:49.417838,0
-0.498,NORMAL,False,2026-06-04T23:31:49.572886,0
-0.4973,NORMAL,False,2026-06-04T23:31:49.720555,0
-0.4941,NORMAL,False,2026-06-04T23:31:49.888275,0
-0.4989,NORMAL,False,2026-06-04T23:31:50.034800,0
-0.4995,NORMAL,False,2026-06-04T23:31:50.182030,0
-0.4994,NORMAL,False,2026-06-04T23:31:50.331744,0
-0.4898,NORMAL,False,2026-06-04T23:31:50.481533,0
-0.481,NORMAL,False,2026-06-04T23:31:50.645310,0
-0.4808,NORMAL,False,2026-06-04T23:31:50.816056,0
-0.4866,NORMAL,False,2026-06-04T23:31:50.977707,0
-0.4868,NORMAL,False,2026-06-04T23:31:51.132412,0
-0.485,NORMAL,False,2026-06-04T23:31:51.283098,0
-0.482,NORMAL,False,2026-06-04T23:31:51.463940,0
-0.4842,NORMAL,False,2026-06-04T23:31:51.619316,0
-0.482,NORMAL,False,2026-06-04T23:31:51.780678,0
-0.4853,NORMAL,False,2026-06-04T23:31:51.931234,0
-0.4816,NORMAL,False,2026-06-04T23:31:52.088711,0
-0.4787,NORMAL,False,2026-06-04T23:31:52.236003,0
-0.4829,NORMAL,False,2026-06-04T23:31:52.388271,0
-0.4831,NORMAL,False,2026-06-04T23:31:52.562673,0
-0.4835,NORMAL,False,2026-06-04T23:31:52.728605,0
-0.4839,NORMAL,False,2026-06-04T23:31:52.877102,0
-0.4911,NORMAL,False,2026-06-04T23:31:53.041631,0
-0.4943,NORMAL,False,2026-06-04T23:31:53.190539,0
-0.4968,NORMAL,False,2026-06-04T23:31:53.343639,0
-0.497,NORMAL,False,2026-06-04T23:31:53.496153,0
-0.4979,NORMAL,False,2026-06-04T23:31:53.643252,0
-0.4517,NORMAL,False,2026-06-04T23:31:53.801115,0
-0.4529,NORMAL,False,2026-06-04T23:31:53.990014,0
-0.4658,NORMAL,False,2026-06-04T23:31:54.171359,0
-0.4595,NORMAL,False,2026-06-04T23:31:54.358350,0
-0.4519,NORMAL,False,2026-06-04T23:31:54.518579,0
-0.4463,NORMAL,False,2026-06-04T23:31:54.710711,0
-0.4562,NORMAL,False,2026-06-04T23:31:54.861321,0
-0.4645,NORMAL,False,2026-06-04T23:31:55.017293,0
-0.4874,NORMAL,False,2026-06-04T23:31:55.166415,0
-0.4826,NORMAL,False,2026-06-04T23:31:55.317211,0
-0.48,NORMAL,False,2026-06-04T23:31:55.473746,0
-0.4848,NORMAL,False,2026-06-04T23:31:55.621061,0
-0.4701,NORMAL,False,2026-06-04T23:31:55.782396,0
-0.4601,NORMAL,False,2026-06-04T23:31:55.950103,0
-0.4534,NORMAL,False,2026-06-04T23:31:56.100637,0
-0.451,NORMAL,False,2026-06-04T23:31:56.273539,0
-0.4478,NORMAL,False,2026-06-04T23:31:56.434300,0
-0.5287,MEDIUM,True,2026-06-04T23:31:56.586751,1
-0.5282,MEDIUM,True,2026-06-04T23:31:57.045155,0
-0.5212,MEDIUM,True,2026-06-04T23:31:57.443711,0
-0.5288,MEDIUM,True,2026-06-04T23:31:57.898219,0
-0.5356,MEDIUM,True,2026-06-04T23:31:58.227414,0
-0.5344,MEDIUM,True,2026-06-04T23:31:58.715667,0
-0.5331,MEDIUM,True,2026-06-04T23:31:59.171653,0
-0.5324,MEDIUM,True,2026-06-04T23:31:59.495521,0
-0.5289,MEDIUM,True,2026-06-04T23:31:59.815908,0
-0.5403,MEDIUM,True,2026-06-04T23:32:00.150808,0
-0.5337,MEDIUM,True,2026-06-04T23:32:00.498182,0
-0.5286,MEDIUM,True,2026-06-04T23:32:00.822896,0
-0.5343,MEDIUM,True,2026-06-04T23:32:01.408463,0
-0.5344,MEDIUM,True,2026-06-04T23:32:02.095230,0
-0.5347,MEDIUM,True,2026-06-04T23:32:02.541753,0
-0.5277,MEDIUM,True,2026-06-04T23:32:03.016613,0
-0.5318,MEDIUM,True,2026-06-04T23:32:03.325272,0
-0.533,MEDIUM,True,2026-06-04T23:32:03.824568,0
-0.5307,MEDIUM,True,2026-06-04T23:32:04.296343,0
-0.5285,MEDIUM,True,2026-06-04T23:32:04.624238,0
-0.5313,MEDIUM,True,2026-06-04T23:32:05.908072,0
-0.5262,MEDIUM,True,2026-06-04T23:32:06.379998,0
-0.5376,MEDIUM,True,2026-06-04T23:32:06.840480,0
-0.5451,MEDIUM,True,2026-06-04T23:32:07.178289,0
-0.5413,MEDIUM,True,2026-06-04T23:32:07.718392,0
-0.5314,MEDIUM,True,2026-06-04T23:32:08.169482,0
-0.528,MEDIUM,True,2026-06-04T23:32:08.490709,0
-0.5286,MEDIUM,True,2026-06-04T23:32:08.880588,0
-0.5279,MEDIUM,True,2026-06-04T23:32:10.455289,1
-0.5241,MEDIUM,True,2026-06-04T23:32:10.872900,0
-0.5243,MEDIUM,True,2026-06-04T23:32:11.338246,0
-0.5287,MEDIUM,True,2026-06-04T23:32:11.677537,0
-0.5316,MEDIUM,True,2026-06-04T23:32:12.151428,0
-0.5309,MEDIUM,True,2026-06-04T23:32:12.601700,0
-0.5281,MEDIUM,True,2026-06-04T23:32:12.990988,0
-0.5265,MEDIUM,True,2026-06-04T23:32:13.362719,0
-0.5227,MEDIUM,True,2026-06-04T23:32:13.997005,0
-0.5159,LOW,False,2026-06-04T23:32:14.337857,0
-0.5182,LOW,False,2026-06-04T23:32:14.505036,0
-0.5178,LOW,False,2026-06-04T23:32:14.658140,0
-0.5187,LOW,False,2026-06-04T23:32:14.833334,0
-0.5214,MEDIUM,True,2026-06-04T23:32:14.999241,0
-0.521,MEDIUM,True,2026-06-04T23:32:15.347376,0
-0.5193,LOW,False,2026-06-04T23:32:15.804963,0
-0.5202,MEDIUM,True,2026-06-04T23:32:15.973587,0
-0.5204,MEDIUM,True,2026-06-04T23:32:16.467866,0
-0.534,MEDIUM,True,2026-06-04T23:32:16.787113,1
-0.5349,MEDIUM,True,2026-06-04T23:32:17.122931,0
-0.5349,MEDIUM,True,2026-06-04T23:32:17.477962,0
-0.5272,MEDIUM,True,2026-06-04T23:32:17.922283,0
-0.4249,NORMAL,False,2026-06-04T23:32:18.291689,0
-0.4256,NORMAL,False,2026-06-04T23:32:18.472621,0
-0.4278,NORMAL,False,2026-06-04T23:32:18.632320,0
-0.4202,NORMAL,False,2026-06-04T23:32:18.786341,0
-0.4112,NORMAL,False,2026-06-04T23:32:18.972107,0
-0.4075,NORMAL,False,2026-06-04T23:32:19.127801,0
-0.4032,NORMAL,False,2026-06-04T23:32:19.280812,0
-0.4004,NORMAL,False,2026-06-04T23:32:19.436308,0
-0.3961,NORMAL,False,2026-06-04T23:32:19.595482,0
-0.3978,NORMAL,False,2026-06-04T23:32:19.754547,0
-0.394,NORMAL,False,2026-06-04T23:32:19.912022,0
-0.4014,NORMAL,False,2026-06-04T23:32:20.063399,0
-0.4014,NORMAL,False,2026-06-04T23:32:20.216304,0
-0.4004,NORMAL,False,2026-06-04T23:32:20.440964,0
-0.3959,NORMAL,False,2026-06-04T23:32:20.595461,0
-0.3962,NORMAL,False,2026-06-04T23:32:20.767800,0
-0.3996,NORMAL,False,2026-06-04T23:32:20.940749,0
-0.401,NORMAL,False,2026-06-04T23:32:21.140166,0
-0.4051,NORMAL,False,2026-06-04T23:32:21.299896,0
-0.4097,NORMAL,False,2026-06-04T23:32:21.462377,0
-0.4218,NORMAL,False,2026-06-04T23:32:21.648681,0
-0.4185,NORMAL,False,2026-06-04T23:32:21.804954,0
-0.4168,NORMAL,False,2026-06-04T23:32:21.954083,0
-0.4199,NORMAL,False,2026-06-04T23:32:22.105945,0
-0.4251,NORMAL,False,2026-06-04T23:32:22.254611,0
-0.4758,NORMAL,False,2026-06-04T23:32:22.499037,0
-0.4762,NORMAL,False,2026-06-04T23:32:22.673581,0
-0.4857,NORMAL,False,2026-06-04T23:32:22.862653,0
-0.4828,NORMAL,False,2026-06-04T23:32:23.174048,0
-0.4851,NORMAL,False,2026-06-04T23:32:23.340979,0
-0.4967,NORMAL,False,2026-06-04T23:32:23.505409,0
-0.4945,NORMAL,False,2026-06-04T23:32:23.703033,0
-0.4902,NORMAL,False,2026-06-04T23:32:23.875771,0
-0.4698,NORMAL,False,2026-06-04T23:32:24.041773,0
-0.4751,NORMAL,False,2026-06-04T23:32:24.202092,0
-0.4682,NORMAL,False,2026-06-04T23:32:24.420625,0
-0.4738,NORMAL,False,2026-06-04T23:32:24.597069,0
-0.4761,NORMAL,False,2026-06-04T23:32:24.795493,0
-0.4814,NORMAL,False,2026-06-04T23:32:24.971199,0
-0.4473,NORMAL,False,2026-06-04T23:32:25.170029,0
-0.4571,NORMAL,False,2026-06-04T23:32:25.404100,0
-0.4709,NORMAL,False,2026-06-04T23:32:25.655303,0
-0.4852,NORMAL,False,2026-06-04T23:32:25.830630,0
-0.4882,NORMAL,False,2026-06-04T23:32:26.040745,0
-0.4865,NORMAL,False,2026-06-04T23:32:26.208258,0
-0.4834,NORMAL,False,2026-06-04T23:32:26.404922,0
-0.4872,NORMAL,False,2026-06-04T23:32:26.608106,0
-0.49,NORMAL,False,2026-06-04T23:32:26.758491,0
-0.4939,NORMAL,False,2026-06-04T23:32:26.923845,0
-0.499,NORMAL,False,2026-06-04T23:32:27.081223,0
-0.5054,LOW,False,2026-06-04T23:32:27.235781,0
-0.507,LOW,False,2026-06-04T23:32:27.387746,1
-0.5092,LOW,False,2026-06-04T23:32:27.541758,0
-0.5088,LOW,False,2026-06-04T23:32:27.703961,0
-0.514,LOW,False,2026-06-04T23:32:27.854105,0
-0.5595,HIGH,True,2026-06-04T23:32:28.004985,1
-0.5587,HIGH,True,2026-06-04T23:32:28.434248,0
-0.5562,HIGH,True,2026-06-04T23:32:28.788202,0
-0.5695,HIGH,True,2026-06-04T23:32:29.259968,0
-0.5716,HIGH,True,2026-06-04T23:32:29.598495,0
-0.571,HIGH,True,2026-06-04T23:32:29.990261,0
-0.5724,HIGH,True,2026-06-04T23:32:30.330145,0
-0.5684,HIGH,True,2026-06-04T23:32:30.694080,0
-0.5647,HIGH,True,2026-06-04T23:32:31.161771,0
-0.5634,HIGH,True,2026-06-04T23:32:31.484679,0
-0.5571,HIGH,True,2026-06-04T23:32:31.979709,0
-0.5591,HIGH,True,2026-06-04T23:32:32.455744,0
-0.5594,HIGH,True,2026-06-04T23:32:32.788286,0
-0.5622,HIGH,True,2026-06-04T23:32:33.275454,1
-0.5531,HIGH,True,2026-06-04T23:32:33.725986,0
-0.5585,HIGH,True,2026-06-04T23:32:34.047902,0
-0.5475,MEDIUM,True,2026-06-04T23:32:34.487253,0
-0.5354,MEDIUM,True,2026-06-04T23:32:34.812959,0
-0.5114,LOW,False,2026-06-04T23:32:35.191126,0
-0.5121,LOW,False,2026-06-04T23:32:35.365978,0
-0.5085,LOW,False,2026-06-04T23:32:35.525886,0
-0.5097,LOW,False,2026-06-04T23:32:35.690585,0
-0.5068,LOW,False,2026-06-04T23:32:35.854006,0
-0.4973,NORMAL,False,2026-06-04T23:32:36.017245,0
-0.4915,NORMAL,False,2026-06-04T23:32:36.193068,0
-0.4931,NORMAL,False,2026-06-04T23:32:36.355767,0
-0.491,NORMAL,False,2026-06-04T23:32:36.544810,0
-0.4869,NORMAL,False,2026-06-04T23:32:36.742867,0
-0.4814,NORMAL,False,2026-06-04T23:32:36.918050,0
-0.511,LOW,False,2026-06-04T23:32:37.068933,0
-0.5053,LOW,False,2026-06-04T23:32:37.234334,0
-0.4998,NORMAL,False,2026-06-04T23:32:37.394580,0
-0.4927,NORMAL,False,2026-06-04T23:32:37.550803,0
-0.4951,NORMAL,False,2026-06-04T23:32:37.719953,0
-0.4964,NORMAL,False,2026-06-04T23:32:37.868481,0
-0.5008,LOW,False,2026-06-04T23:32:38.022280,0
-0.5026,LOW,False,2026-06-04T23:32:38.170220,0
-0.4984,NORMAL,False,2026-06-04T23:32:38.327256,0
-0.4987,NORMAL,False,2026-06-04T23:32:38.481718,0
-0.4993,NORMAL,False,2026-06-04T23:32:38.643935,0
-0.4981,NORMAL,False,2026-06-04T23:32:38.811499,0
-0.5023,LOW,False,2026-06-04T23:32:39.004442,0
-0.5042,LOW,False,2026-06-04T23:32:39.159110,0
-0.5086,LOW,False,2026-06-04T23:32:39.310906,0
-0.5073,LOW,False,2026-06-04T23:32:39.461831,0
-0.5144,LOW,False,2026-06-04T23:32:39.621390,0
-0.5085,LOW,False,2026-06-04T23:32:39.776124,0
-0.5088,LOW,False,2026-06-04T23:32:39.923997,0
-0.5082,LOW,False,2026-06-04T23:32:40.073577,0
-0.5152,LOW,False,2026-06-04T23:32:40.220738,0
-0.4547,NORMAL,False,2026-06-04T23:32:40.369805,0
-0.4459,NORMAL,False,2026-06-04T23:32:40.527899,0
-0.4433,NORMAL,False,2026-06-04T23:32:40.689314,0
-0.4398,NORMAL,False,2026-06-04T23:32:40.857529,0
-0.4432,NORMAL,False,2026-06-04T23:32:41.017950,0
-0.4525,NORMAL,False,2026-06-04T23:32:41.190940,0
-0.4484,NORMAL,False,2026-06-04T23:32:41.342768,0
-0.4552,NORMAL,False,2026-06-04T23:32:41.501721,0
-0.4554,NORMAL,False,2026-06-04T23:32:41.659213,0
-0.4585,NORMAL,False,2026-06-04T23:32:41.819723,0
-0.4661,NORMAL,False,2026-06-04T23:32:41.971628,0
-0.4718,NORMAL,False,2026-06-04T23:32:42.130153,0
-0.478,NORMAL,False,2026-06-04T23:32:42.281288,0
-0.4864,NORMAL,False,2026-06-04T23:32:42.428862,0
-0.479,NORMAL,False,2026-06-04T23:32:42.581059,0
-0.476,NORMAL,False,2026-06-04T23:32:42.760157,0
-0.4741,NORMAL,False,2026-06-04T23:32:42.924108,0
-0.472,NORMAL,False,2026-06-04T23:32:43.115333,0
-0.4821,NORMAL,False,2026-06-04T23:32:43.273077,0
-0.4775,NORMAL,False,2026-06-04T23:32:43.452385,0
-0.4776,NORMAL,False,2026-06-04T23:32:43.602792,0
-0.4734,NORMAL,False,2026-06-04T23:32:43.753148,0
-0.472,NORMAL,False,2026-06-04T23:32:43.900968,0
-0.471,NORMAL,False,2026-06-04T23:32:44.062999,0
-0.4734,NORMAL,False,2026-06-04T23:32:44.211509,0
-0.4737,NORMAL,False,2026-06-04T23:32:44.364836,0
-0.49,NORMAL,False,2026-06-04T23:32:44.512263,0
-0.4882,NORMAL,False,2026-06-04T23:32:44.658756,0
-0.4879,NORMAL,False,2026-06-04T23:32:44.807585,0
-0.4658,NORMAL,False,2026-06-04T23:32:44.969161,0
-0.4704,NORMAL,False,2026-06-04T23:32:45.115402,0
-0.4705,NORMAL,False,2026-06-04T23:32:45.285907,0
-0.474,NORMAL,False,2026-06-04T23:32:45.440635,0
-0.4768,NORMAL,False,2026-06-04T23:32:45.649386,0
-0.479,NORMAL,False,2026-06-04T23:32:45.814477,0
-0.4822,NORMAL,False,2026-06-04T23:32:45.961773,0
-0.483,NORMAL,False,2026-06-04T23:32:46.108884,0
-0.4814,NORMAL,False,2026-06-04T23:32:46.288776,1
-0.4817,NORMAL,False,2026-06-04T23:32:46.470763,0
-0.4845,NORMAL,False,2026-06-04T23:32:46.629412,0
-0.4819,NORMAL,False,2026-06-04T23:32:46.775980,0
-0.4837,NORMAL,False,2026-06-04T23:32:46.944772,0
-0.483,NORMAL,False,2026-06-04T23:32:47.090548,0
-0.4757,NORMAL,False,2026-06-04T23:32:47.267297,0
-0.4781,NORMAL,False,2026-06-04T23:32:47.445326,0
-0.4641,NORMAL,False,2026-06-04T23:32:47.593017,0
-0.4656,NORMAL,False,2026-06-04T23:32:47.773878,0
-0.4657,NORMAL,False,2026-06-04T23:32:47.950648,0
-0.4697,NORMAL,False,2026-06-04T23:32:48.137589,0
-0.4707,NORMAL,False,2026-06-04T23:32:48.326884,1
-0.4596,NORMAL,False,2026-06-04T23:32:48.474043,0
-0.4596,NORMAL,False,2026-06-04T23:32:48.622870,0
-0.4647,NORMAL,False,2026-06-04T23:32:48.769903,0
-0.4638,NORMAL,False,2026-06-04T23:32:48.917817,0
-0.474,NORMAL,False,2026-06-04T23:32:49.071975,0
-0.4644,NORMAL,False,2026-06-04T23:32:49.230228,0
-0.4675,NORMAL,False,2026-06-04T23:32:49.378747,0
-0.4657,NORMAL,False,2026-06-04T23:32:49.528919,0
-0.4715,NORMAL,False,2026-06-04T23:32:49.676532,0
-0.4644,NORMAL,False,2026-06-04T23:32:49.850400,0
-0.4642,NORMAL,False,2026-06-04T23:32:50.017265,0
-0.4652,NORMAL,False,2026-06-04T23:32:50.208747,0
-0.4604,NORMAL,False,2026-06-04T23:32:50.359473,0
-0.4478,NORMAL,False,2026-06-04T23:32:50.537573,0
-0.4434,NORMAL,False,2026-06-04T23:32:50.684767,0
-0.4404,NORMAL,False,2026-06-04T23:32:50.830531,0
-0.4345,NORMAL,False,2026-06-04T23:32:50.987082,0
-0.4351,NORMAL,False,2026-06-04T23:32:51.163227,0
-0.4379,NORMAL,False,2026-06-04T23:32:51.333879,0
-0.439,NORMAL,False,2026-06-04T23:32:51.488210,0
-0.4377,NORMAL,False,2026-06-04T23:32:51.662904,0
-0.4363,NORMAL,False,2026-06-04T23:32:51.819284,0
-0.4298,NORMAL,False,2026-06-04T23:32:51.986535,0
-0.4314,NORMAL,False,2026-06-04T23:32:52.143515,0
-0.4292,NORMAL,False,2026-06-04T23:32:52.289496,0
-0.4237,NORMAL,False,2026-06-04T23:32:52.482071,0
-0.4203,NORMAL,False,2026-06-04T23:32:52.638841,0
-0.4165,NORMAL,False,2026-06-04T23:32:52.822574,0
-0.4164,NORMAL,False,2026-06-04T23:32:52.979058,0
-0.4189,NORMAL,False,2026-06-04T23:32:53.148964,0
-0.4197,NORMAL,False,2026-06-04T23:32:53.306763,0
-0.4191,NORMAL,False,2026-06-04T23:32:53.463064,0
-0.4214,NORMAL,False,2026-06-04T23:32:53.631525,0
-0.4219,NORMAL,False,2026-06-04T23:32:53.788352,0
-0.4207,NORMAL,False,2026-06-04T23:32:53.961581,0
-0.4218,NORMAL,False,2026-06-04T23:32:54.129086,0
-0.4237,NORMAL,False,2026-06-04T23:32:54.293183,0
-0.4278,NORMAL,False,2026-06-04T23:32:54.458137,0
-0.4355,NORMAL,False,2026-06-04T23:32:54.641866,0
-0.4479,NORMAL,False,2026-06-04T23:32:54.841287,0
-0.4467,NORMAL,False,2026-06-04T23:32:54.995230,0
-0.455,NORMAL,False,2026-06-04T23:32:55.149293,0
-0.4664,NORMAL,False,2026-06-04T23:32:55.305680,0
-0.4781,NORMAL,False,2026-06-04T23:32:55.469709,0
-0.4768,NORMAL,False,2026-06-04T23:32:55.621419,0
-0.4564,NORMAL,False,2026-06-04T23:32:55.781186,0
-0.4639,NORMAL,False,2026-06-04T23:32:55.933767,0
-0.4603,NORMAL,False,2026-06-04T23:32:56.081949,0
-0.4535,NORMAL,False,2026-06-04T23:32:56.231590,0
-0.4667,NORMAL,False,2026-06-04T23:32:56.494856,0
-0.4715,NORMAL,False,2026-06-04T23:32:56.673527,0
-0.4692,NORMAL,False,2026-06-04T23:32:56.854589,0
-0.4644,NORMAL,False,2026-06-04T23:32:57.035925,0
-0.4692,NORMAL,False,2026-06-04T23:32:57.206081,0
-0.4613,NORMAL,False,2026-06-04T23:32:57.366106,0
-0.454,NORMAL,False,2026-06-04T23:32:57.526323,0
-0.457,NORMAL,False,2026-06-04T23:32:57.678883,0
-0.4597,NORMAL,False,2026-06-04T23:32:57.828956,0
-0.4742,NORMAL,False,2026-06-04T23:32:57.984335,0
-0.4719,NORMAL,False,2026-06-04T23:32:58.139851,0
-0.466,NORMAL,False,2026-06-04T23:32:58.301958,0
-0.4579,NORMAL,False,2026-06-04T23:32:58.473206,0
-0.455,NORMAL,False,2026-06-04T23:32:58.653889,0
-0.4507,NORMAL,False,2026-06-04T23:32:58.813881,0
-0.4479,NORMAL,False,2026-06-04T23:32:58.975289,0
-0.4471,NORMAL,False,2026-06-04T23:32:59.142549,0
-0.4508,NORMAL,False,2026-06-04T23:32:59.351762,0
-0.4355,NORMAL,False,2026-06-04T23:32:59.538109,0
-0.4366,NORMAL,False,2026-06-04T23:32:59.716616,0
-0.4326,NORMAL,False,2026-06-04T23:32:59.882234,0
-0.4355,NORMAL,False,2026-06-04T23:33:00.074211,0
-0.4357,NORMAL,False,2026-06-04T23:33:00.246853,0
-0.4311,NORMAL,False,2026-06-04T23:33:00.444740,0
-0.4299,NORMAL,False,2026-06-04T23:33:00.615219,0
-0.4323,NORMAL,False,2026-06-04T23:33:00.772573,0
-0.4409,NORMAL,False,2026-06-04T23:33:00.924865,0
-0.4461,NORMAL,False,2026-06-04T23:33:01.082502,0
-0.5024,LOW,False,2026-06-04T23:33:01.238436,0
-0.5027,LOW,False,2026-06-04T23:33:01.388999,0
-0.4978,NORMAL,False,2026-06-04T23:33:01.550886,0
-0.5016,LOW,False,2026-06-04T23:33:01.757472,0
-0.5051,LOW,False,2026-06-04T23:33:01.983332,0
-0.5058,LOW,False,2026-06-04T23:33:02.216204,0
-0.5107,LOW,False,2026-06-04T23:33:02.449597,0
-0.5166,LOW,False,2026-06-04T23:33:02.674579,0
-0.5202,MEDIUM,True,2026-06-04T23:33:02.978787,0
-0.5205,MEDIUM,True,2026-06-04T23:33:03.522673,1
-0.5052,LOW,False,2026-06-04T23:33:03.998599,0
-0.513,LOW,False,2026-06-04T23:33:04.153046,0
-0.5039,LOW,False,2026-06-04T23:33:04.319863,0
-0.505,LOW,False,2026-06-04T23:33:04.474334,0
-0.496,NORMAL,False,2026-06-04T23:33:04.626241,0
-0.4995,NORMAL,False,2026-06-04T23:33:04.783181,0
-0.4971,NORMAL,False,2026-06-04T23:33:04.966344,0
-0.4957,NORMAL,False,2026-06-04T23:33:05.117770,0
-0.4959,NORMAL,False,2026-06-04T23:33:05.269193,0
-0.4964,NORMAL,False,2026-06-04T23:33:05.429196,0
-0.4972,NORMAL,False,2026-06-04T23:33:05.578514,0
-0.4984,NORMAL,False,2026-06-04T23:33:05.728451,0
-0.4954,NORMAL,False,2026-06-04T23:33:05.878988,0
-0.4968,NORMAL,False,2026-06-04T23:33:06.035659,0
-0.4944,NORMAL,False,2026-06-04T23:33:06.213797,0
-0.4956,NORMAL,False,2026-06-04T23:33:06.374858,0
-0.4705,NORMAL,False,2026-06-04T23:33:06.536910,0
-0.4693,NORMAL,False,2026-06-04T23:33:06.684903,0
-0.4776,NORMAL,False,2026-06-04T23:33:06.831578,0
-0.4666,NORMAL,False,2026-06-04T23:33:06.993956,0
-0.4792,NORMAL,False,2026-06-04T23:33:07.153055,0
-0.494,NORMAL,False,2026-06-04T23:33:07.313013,0
-0.4941,NORMAL,False,2026-06-04T23:33:07.463546,0
-0.4949,NORMAL,False,2026-06-04T23:33:07.614166,0
-0.4954,NORMAL,False,2026-06-04T23:33:07.766807,0
-0.4967,NORMAL,False,2026-06-04T23:33:07.919734,0
-0.4973,NORMAL,False,2026-06-04T23:33:08.094494,0
-0.4968,NORMAL,False,2026-06-04T23:33:08.244077,0
-0.4942,NORMAL,False,2026-06-04T23:33:08.416537,0
-0.496,NORMAL,False,2026-06-04T23:33:08.576698,0
-0.4924,NORMAL,False,2026-06-04T23:33:08.726900,0
-0.4858,NORMAL,False,2026-06-04T23:33:08.874142,0
-0.4885,NORMAL,False,2026-06-04T23:33:09.027799,0
-0.4885,NORMAL,False,2026-06-04T23:33:09.176238,0
-0.4724,NORMAL,False,2026-06-04T23:33:09.324779,0
-0.4713,NORMAL,False,2026-06-04T23:33:09.473195,0
-0.4694,NORMAL,False,2026-06-04T23:33:09.625532,0
-0.4684,NORMAL,False,2026-06-04T23:33:09.775129,0
-0.4706,NORMAL,False,2026-06-04T23:33:09.922502,0
-0.4559,NORMAL,False,2026-06-04T23:33:10.069195,0
-0.4593,NORMAL,False,2026-06-04T23:33:10.219914,0
-0.4531,NORMAL,False,2026-06-04T23:33:10.370165,0
-0.4531,NORMAL,False,2026-06-04T23:33:10.529503,0
-0.4664,NORMAL,False,2026-06-04T23:33:10.709918,0
-0.4654,NORMAL,False,2026-06-04T23:33:10.868771,0
-0.4697,NORMAL,False,2026-06-04T23:33:11.038648,0
-0.472,NORMAL,False,2026-06-04T23:33:11.318837,0
-0.4677,NORMAL,False,2026-06-04T23:33:11.654122,0
-0.4654,NORMAL,False,2026-06-04T23:33:11.846399,0
-0.4695,NORMAL,False,2026-06-04T23:33:12.047071,0
-0.462,NORMAL,False,2026-06-04T23:33:12.215380,0
-0.4558,NORMAL,False,2026-06-04T23:33:12.514331,0
-0.4507,NORMAL,False,2026-06-04T23:33:12.699573,0
-0.452,NORMAL,False,2026-06-04T23:33:12.919292,0
-0.4474,NORMAL,False,2026-06-04T23:33:13.103137,0
-0.444,NORMAL,False,2026-06-04T23:33:13.272689,0
-0.4437,NORMAL,False,2026-06-04T23:33:13.426088,0
-0.4453,NORMAL,False,2026-06-04T23:33:13.599944,0
-0.4431,NORMAL,False,2026-06-04T23:33:13.750403,0
-0.4352,NORMAL,False,2026-06-04T23:33:13.901574,0
-0.4384,NORMAL,False,2026-06-04T23:33:14.085887,0
-0.4408,NORMAL,False,2026-06-04T23:33:14.236009,0
-0.4381,NORMAL,False,2026-06-04T23:33:14.385395,0
-0.4376,NORMAL,False,2026-06-04T23:33:14.567393,0
-0.462,NORMAL,False,2026-06-04T23:33:14.718153,0
-0.4604,NORMAL,False,2026-06-04T23:33:14.863958,0
-0.4592,NORMAL,False,2026-06-04T23:33:15.023318,0
-0.4565,NORMAL,False,2026-06-04T23:33:15.193179,0
-0.4656,NORMAL,False,2026-06-04T23:33:15.373281,0
-0.4694,NORMAL,False,2026-06-04T23:33:15.524960,0
-0.4652,NORMAL,False,2026-06-04T23:33:15.674016,0
-0.4653,NORMAL,False,2026-06-04T23:33:15.826672,0
-0.4703,NORMAL,False,2026-06-04T23:33:15.975911,0
-0.4705,NORMAL,False,2026-06-04T23:33:16.128473,0
-0.4714,NORMAL,False,2026-06-04T23:33:16.288977,0
-0.4708,NORMAL,False,2026-06-04T23:33:16.445040,0
-0.4668,NORMAL,False,2026-06-04T23:33:16.622879,0
-0.4684,NORMAL,False,2026-06-04T23:33:16.783412,0
-0.4765,NORMAL,False,2026-06-04T23:33:16.933040,0
-0.4737,NORMAL,False,2026-06-04T23:33:17.087609,0
-0.4751,NORMAL,False,2026-06-04T23:33:17.234648,1
-0.4517,NORMAL,False,2026-06-04T23:33:17.389804,0
-0.4554,NORMAL,False,2026-06-04T23:33:17.538251,0
-0.461,NORMAL,False,2026-06-04T23:33:17.684206,0
-0.4583,NORMAL,False,2026-06-04T23:33:17.829019,0
-0.4519,NORMAL,False,2026-06-04T23:33:17.973514,0
-0.4632,NORMAL,False,2026-06-04T23:33:18.178771,0
-0.4651,NORMAL,False,2026-06-04T23:33:18.324028,0
-0.4646,NORMAL,False,2026-06-04T23:33:18.468916,0
-0.4546,NORMAL,False,2026-06-04T23:33:18.619424,0
-0.4497,NORMAL,False,2026-06-04T23:33:18.767815,0
-0.4494,NORMAL,False,2026-06-04T23:33:18.916995,0
-0.4505,NORMAL,False,2026-06-04T23:33:19.063191,0
-0.4473,NORMAL,False,2026-06-04T23:33:19.230096,0
-0.4483,NORMAL,False,2026-06-04T23:33:19.381159,0
-0.4466,NORMAL,False,2026-06-04T23:33:19.527865,0
-0.4475,NORMAL,False,2026-06-04T23:33:19.688660,0
-0.4438,NORMAL,False,2026-06-04T23:33:19.845706,0
-0.448,NORMAL,False,2026-06-04T23:33:19.991876,0
-0.4485,NORMAL,False,2026-06-04T23:33:20.137471,0
-0.4471,NORMAL,False,2026-06-04T23:33:20.283659,0
-0.5302,MEDIUM,True,2026-06-04T23:33:20.433952,1
-0.5322,MEDIUM,True,2026-06-04T23:33:20.847770,0
-0.533,MEDIUM,True,2026-06-04T23:33:21.239794,0
-0.5322,MEDIUM,True,2026-06-04T23:33:21.729792,0
-0.5365,MEDIUM,True,2026-06-04T23:33:22.077236,0
-0.548,MEDIUM,True,2026-06-04T23:33:22.538658,1
-0.5446,MEDIUM,True,2026-06-04T23:33:22.997983,0
-0.5468,MEDIUM,True,2026-06-04T23:33:23.328245,0
-0.5455,MEDIUM,True,2026-06-04T23:33:23.826477,0
-0.5476,MEDIUM,True,2026-06-04T23:33:24.311838,0
-0.5474,MEDIUM,True,2026-06-04T23:33:24.652344,0
-0.5446,MEDIUM,True,2026-06-04T23:33:25.107030,0
-0.5456,MEDIUM,True,2026-06-04T23:33:25.561166,0
-0.5588,HIGH,True,2026-06-04T23:33:25.897009,0
-0.5639,HIGH,True,2026-06-04T23:33:26.397463,0
-0.5638,HIGH,True,2026-06-04T23:33:26.755476,0
-0.5664,HIGH,True,2026-06-04T23:33:27.081142,0
-0.572,HIGH,True,2026-06-04T23:33:27.483837,0
-0.5739,HIGH,True,2026-06-04T23:33:27.805127,0
-0.5725,HIGH,True,2026-06-04T23:33:28.308438,0
-0.5744,HIGH,True,2026-06-04T23:33:28.761161,0
-0.5745,HIGH,True,2026-06-04T23:33:29.108670,0
-0.5773,HIGH,True,2026-06-04T23:33:29.569455,0
-0.5736,HIGH,True,2026-06-04T23:33:30.063356,0
-0.5643,HIGH,True,2026-06-04T23:33:30.390068,1
-0.5622,HIGH,True,2026-06-04T23:33:30.882893,0
-0.561,HIGH,True,2026-06-04T23:33:31.381954,0
-0.5612,HIGH,True,2026-06-04T23:33:31.712632,0
-0.5551,HIGH,True,2026-06-04T23:33:32.163560,0
-0.5652,HIGH,True,2026-06-04T23:33:32.544646,0
-0.5684,HIGH,True,2026-06-04T23:33:32.874475,0
-0.5685,HIGH,True,2026-06-04T23:33:34.258029,0
-0.5657,HIGH,True,2026-06-04T23:33:34.741574,0
-0.5691,HIGH,True,2026-06-04T23:33:35.224560,0
-0.5673,HIGH,True,2026-06-04T23:33:35.659684,0
-0.5677,HIGH,True,2026-06-04T23:33:36.069806,0
-0.5652,HIGH,True,2026-06-04T23:33:36.499919,0
-0.5652,HIGH,True,2026-06-04T23:33:36.831405,0
-0.5676,HIGH,True,2026-06-04T23:33:37.166048,0
-0.5661,HIGH,True,2026-06-04T23:33:37.585406,0
-0.573,HIGH,True,2026-06-04T23:33:37.942778,0
-0.5802,HIGH,True,2026-06-04T23:33:38.311882,0
-0.5848,HIGH,True,2026-06-04T23:33:38.662174,0
-0.5865,HIGH,True,2026-06-04T23:33:39.152554,0
-0.5946,HIGH,True,2026-06-04T23:33:39.497158,0
-0.5828,HIGH,True,2026-06-04T23:33:39.857087,0
-0.5761,HIGH,True,2026-06-04T23:33:40.178237,0
-0.5689,HIGH,True,2026-06-04T23:33:40.564287,0
-0.5669,HIGH,True,2026-06-04T23:33:40.938744,0
-0.5654,HIGH,True,2026-06-04T23:33:41.357901,1
-0.5362,MEDIUM,True,2026-06-04T23:33:41.818479,0
-0.5351,MEDIUM,True,2026-06-04T23:33:42.291147,0
-0.5333,MEDIUM,True,2026-06-04T23:33:42.621286,0
-0.522,MEDIUM,True,2026-06-04T23:33:42.962400,0
-0.5238,MEDIUM,True,2026-06-04T23:33:43.302320,0
-0.4839,NORMAL,False,2026-06-04T23:33:43.629527,0
-0.4901,NORMAL,False,2026-06-04T23:33:43.799982,0
-0.4909,NORMAL,False,2026-06-04T23:33:44.125157,0
-0.4895,NORMAL,False,2026-06-04T23:33:44.289772,0
-0.4884,NORMAL,False,2026-06-04T23:33:44.473482,0
-0.4903,NORMAL,False,2026-06-04T23:33:44.620308,0
-0.4913,NORMAL,False,2026-06-04T23:33:44.804286,0
-0.4879,NORMAL,False,2026-06-04T23:33:44.956352,0
-0.4897,NORMAL,False,2026-06-04T23:33:45.148869,0
-0.4887,NORMAL,False,2026-06-04T23:33:45.418345,0
-0.4911,NORMAL,False,2026-06-04T23:33:45.668205,0
-0.4898,NORMAL,False,2026-06-04T23:33:45.819275,0
-0.4875,NORMAL,False,2026-06-04T23:33:45.967816,0
-0.483,NORMAL,False,2026-06-04T23:33:46.128948,0
-0.4847,NORMAL,False,2026-06-04T23:33:46.299539,0
-0.4847,NORMAL,False,2026-06-04T23:33:46.456483,0
-0.4864,NORMAL,False,2026-06-04T23:33:46.617009,0
-0.485,NORMAL,False,2026-06-04T23:33:46.777980,0
-0.4845,NORMAL,False,2026-06-04T23:33:46.923733,0
-0.4183,NORMAL,False,2026-06-04T23:33:47.081317,0
-0.4175,NORMAL,False,2026-06-04T23:33:47.242921,0
-0.4134,NORMAL,False,2026-06-04T23:33:47.402122,0
-0.4131,NORMAL,False,2026-06-04T23:33:47.571168,0
-0.4173,NORMAL,False,2026-06-04T23:33:47.740629,0
-0.4175,NORMAL,False,2026-06-04T23:33:47.913692,0
-0.4171,NORMAL,False,2026-06-04T23:33:48.065759,0
-0.4158,NORMAL,False,2026-06-04T23:33:48.212458,0
-0.4184,NORMAL,False,2026-06-04T23:33:48.358796,0
-0.4198,NORMAL,False,2026-06-04T23:33:48.507088,0
-0.4367,NORMAL,False,2026-06-04T23:33:48.657146,0
-0.4627,NORMAL,False,2026-06-04T23:33:48.831401,0
-0.4649,NORMAL,False,2026-06-04T23:33:48.992521,0
-0.4674,NORMAL,False,2026-06-04T23:33:49.147322,0
-0.4688,NORMAL,False,2026-06-04T23:33:49.298697,0
-0.4735,NORMAL,False,2026-06-04T23:33:49.454242,0
-0.4678,NORMAL,False,2026-06-04T23:33:49.607992,0
-0.4649,NORMAL,False,2026-06-04T23:33:49.758823,0
-0.4634,NORMAL,False,2026-06-04T23:33:49.913140,0
-0.4631,NORMAL,False,2026-06-04T23:33:50.103297,0
-0.4602,NORMAL,False,2026-06-04T23:33:50.262725,0
-0.4625,NORMAL,False,2026-06-04T23:33:50.426356,0
-0.4718,NORMAL,False,2026-06-04T23:33:50.583551,0
-0.4741,NORMAL,False,2026-06-04T23:33:50.740165,0
-0.4724,NORMAL,False,2026-06-04T23:33:50.901106,0
-0.4671,NORMAL,False,2026-06-04T23:33:51.063843,0
-0.4646,NORMAL,False,2026-06-04T23:33:51.235113,0
-0.466,NORMAL,False,2026-06-04T23:33:51.391143,0
-0.4631,NORMAL,False,2026-06-04T23:33:51.572593,0
-0.4655,NORMAL,False,2026-06-04T23:33:51.718990,0
-0.4788,NORMAL,False,2026-06-04T23:33:51.867920,0
-0.4742,NORMAL,False,2026-06-04T23:33:52.035742,0
-0.4674,NORMAL,False,2026-06-04T23:33:52.188169,0
-0.4652,NORMAL,False,2026-06-04T23:33:52.378739,0
-0.4692,NORMAL,False,2026-06-04T23:33:52.530692,0
-0.4667,NORMAL,False,2026-06-04T23:33:52.676497,0
-0.4645,NORMAL,False,2026-06-04T23:33:52.827512,0
-0.4621,NORMAL,False,2026-06-04T23:33:52.977837,0
-0.466,NORMAL,False,2026-06-04T23:33:53.125763,0
-0.4642,NORMAL,False,2026-06-04T23:33:53.271070,0
-0.4649,NORMAL,False,2026-06-04T23:33:53.418229,0
-0.4595,NORMAL,False,2026-06-04T23:33:53.568186,0
-0.4613,NORMAL,False,2026-06-04T23:33:53.713396,0
-0.4628,NORMAL,False,2026-06-04T23:33:53.861489,0
-0.4556,NORMAL,False,2026-06-04T23:33:54.008879,0
-0.454,NORMAL,False,2026-06-04T23:33:54.170210,0
-0.4509,NORMAL,False,2026-06-04T23:33:54.323190,0
-0.4537,NORMAL,False,2026-06-04T23:33:54.470622,0
-0.4484,NORMAL,False,2026-06-04T23:33:54.633088,0
-0.4449,NORMAL,False,2026-06-04T23:33:54.779102,0
-0.4468,NORMAL,False,2026-06-04T23:33:54.937203,0
-0.448,NORMAL,False,2026-06-04T23:33:55.147363,0
-0.4454,NORMAL,False,2026-06-04T23:33:55.295694,0
-0.444,NORMAL,False,2026-06-04T23:33:55.442383,0
-0.4439,NORMAL,False,2026-06-04T23:33:55.600126,0
-0.446,NORMAL,False,2026-06-04T23:33:55.756520,0
-0.4451,NORMAL,False,2026-06-04T23:33:55.909502,0
-0.4457,NORMAL,False,2026-06-04T23:33:56.073941,0
-0.4472,NORMAL,False,2026-06-04T23:33:56.232157,0
-0.446,NORMAL,False,2026-06-04T23:33:56.378933,0
-0.4348,NORMAL,False,2026-06-04T23:33:56.530068,0
-0.4365,NORMAL,False,2026-06-04T23:33:56.679020,0
-0.4404,NORMAL,False,2026-06-04T23:33:56.828392,0
-0.4357,NORMAL,False,2026-06-04T23:33:56.988404,0
-0.4456,NORMAL,False,2026-06-04T23:33:57.154208,0
-0.444,NORMAL,False,2026-06-04T23:33:57.304522,0
-0.4286,NORMAL,False,2026-06-04T23:33:57.452951,0
-0.4294,NORMAL,False,2026-06-04T23:33:57.611727,0
-0.4327,NORMAL,False,2026-06-04T23:33:57.770138,0
-0.4279,NORMAL,False,2026-06-04T23:33:57.926230,0
-0.4315,NORMAL,False,2026-06-04T23:33:58.079801,0
-0.4275,NORMAL,False,2026-06-04T23:33:58.249348,0
-0.4245,NORMAL,False,2026-06-04T23:33:58.398964,0
-0.4332,NORMAL,False,2026-06-04T23:33:58.551733,0
-0.4349,NORMAL,False,2026-06-04T23:33:58.709433,0
-0.4356,NORMAL,False,2026-06-04T23:33:58.860463,0
-0.4341,NORMAL,False,2026-06-04T23:33:59.023121,0
-0.4255,NORMAL,False,2026-06-04T23:33:59.183146,0
-0.4438,NORMAL,False,2026-06-04T23:33:59.337836,0
-0.435,NORMAL,False,2026-06-04T23:33:59.489565,0
-0.4289,NORMAL,False,2026-06-04T23:33:59.638678,0
-0.4269,NORMAL,False,2026-06-04T23:33:59.790459,0
-0.4264,NORMAL,False,2026-06-04T23:33:59.940666,0
-0.424,NORMAL,False,2026-06-04T23:34:00.092192,0
-0.4233,NORMAL,False,2026-06-04T23:34:00.238272,0
-0.4221,NORMAL,False,2026-06-04T23:34:00.388286,0
-0.4188,NORMAL,False,2026-06-04T23:34:00.539531,0
-0.4216,NORMAL,False,2026-06-04T23:34:00.686015,0
-0.419,NORMAL,False,2026-06-04T23:34:00.837842,0
-0.4185,NORMAL,False,2026-06-04T23:34:00.989888,0
-0.4211,NORMAL,False,2026-06-04T23:34:01.148374,0
-0.4332,NORMAL,False,2026-06-04T23:34:01.342897,0
-0.4281,NORMAL,False,2026-06-04T23:34:01.539605,0
-0.4344,NORMAL,False,2026-06-04T23:34:01.693260,0
-0.4386,NORMAL,False,2026-06-04T23:34:01.854405,0
-0.4327,NORMAL,False,2026-06-04T23:34:02.009321,0
-0.4341,NORMAL,False,2026-06-04T23:34:02.162695,0
-0.4315,NORMAL,False,2026-06-04T23:34:02.317458,0
-0.4301,NORMAL,False,2026-06-04T23:34:02.467454,0
-0.4364,NORMAL,False,2026-06-04T23:34:02.620250,0
-0.4341,NORMAL,False,2026-06-04T23:34:02.779062,0
-0.4255,NORMAL,False,2026-06-04T23:34:02.936089,0
-0.43,NORMAL,False,2026-06-04T23:34:03.088876,0
-0.4255,NORMAL,False,2026-06-04T23:34:03.241150,0
-0.4335,NORMAL,False,2026-06-04T23:34:03.392912,0
-0.4355,NORMAL,False,2026-06-04T23:34:03.561138,0
-0.4387,NORMAL,False,2026-06-04T23:34:03.724361,0
-0.4381,NORMAL,False,2026-06-04T23:34:03.881195,0
-0.4335,NORMAL,False,2026-06-04T23:34:04.030261,0
-0.4546,NORMAL,False,2026-06-04T23:34:04.179691,0
-0.4562,NORMAL,False,2026-06-04T23:34:04.332274,0
-0.4506,NORMAL,False,2026-06-04T23:34:04.518549,0
-0.4737,NORMAL,False,2026-06-04T23:34:04.702786,0
-0.4772,NORMAL,False,2026-06-04T23:34:04.856663,0
-0.478,NORMAL,False,2026-06-04T23:34:05.006725,0
-0.4816,NORMAL,False,2026-06-04T23:34:05.157178,0
-0.4791,NORMAL,False,2026-06-04T23:34:05.315249,0
-0.4784,NORMAL,False,2026-06-04T23:34:05.471011,0
-0.4747,NORMAL,False,2026-06-04T23:34:05.626211,0
-0.472,NORMAL,False,2026-06-04T23:34:05.799784,0
-0.4687,NORMAL,False,2026-06-04T23:34:05.953529,0
-0.4713,NORMAL,False,2026-06-04T23:34:06.108657,0
-0.4766,NORMAL,False,2026-06-04T23:34:06.265594,0
-0.4775,NORMAL,False,2026-06-04T23:34:06.416852,0
-0.4854,NORMAL,False,2026-06-04T23:34:06.565776,0
-0.4839,NORMAL,False,2026-06-04T23:34:06.713449,0
-0.4851,NORMAL,False,2026-06-04T23:34:06.869556,0
-0.4829,NORMAL,False,2026-06-04T23:34:07.018299,0
-0.4942,NORMAL,False,2026-06-04T23:34:07.166996,0
-0.4951,NORMAL,False,2026-06-04T23:34:07.313364,0
-0.4925,NORMAL,False,2026-06-04T23:34:07.467480,0
-0.4855,NORMAL,False,2026-06-04T23:34:07.624104,0
-0.4947,NORMAL,False,2026-06-04T23:34:07.770674,0
-0.4828,NORMAL,False,2026-06-04T23:34:07.919222,0
-0.4876,NORMAL,False,2026-06-04T23:34:08.080459,0
-0.4936,NORMAL,False,2026-06-04T23:34:08.226599,0
-0.5037,LOW,False,2026-06-04T23:34:08.373828,0
-0.5082,LOW,False,2026-06-04T23:34:08.527499,0
-0.5075,LOW,False,2026-06-04T23:34:08.679188,1
-0.4916,NORMAL,False,2026-06-04T23:34:08.826756,0
-0.4858,NORMAL,False,2026-06-04T23:34:08.976282,0
-0.4848,NORMAL,False,2026-06-04T23:34:09.124181,0
-0.4853,NORMAL,False,2026-06-04T23:34:09.278126,0
-0.4993,NORMAL,False,2026-06-04T23:34:09.425647,0
-0.5003,LOW,False,2026-06-04T23:34:09.580145,0
-0.4974,NORMAL,False,2026-06-04T23:34:09.735418,0
-0.495,NORMAL,False,2026-06-04T23:34:09.890268,0
-0.4989,NORMAL,False,2026-06-04T23:34:10.036719,0
-0.4939,NORMAL,False,2026-06-04T23:34:10.193319,0
-0.5016,LOW,False,2026-06-04T23:34:10.358730,0
-0.4908,NORMAL,False,2026-06-04T23:34:10.550579,0
-0.483,NORMAL,False,2026-06-04T23:34:10.718929,0
-0.4888,NORMAL,False,2026-06-04T23:34:10.874380,0
-0.4957,NORMAL,False,2026-06-04T23:34:11.030062,0
-0.4955,NORMAL,False,2026-06-04T23:34:11.185063,0
-0.4913,NORMAL,False,2026-06-04T23:34:11.332846,0
-0.5005,LOW,False,2026-06-04T23:34:11.479170,0
-0.5053,LOW,False,2026-06-04T23:34:11.626731,1
-0.5057,LOW,False,2026-06-04T23:34:11.776517,0
-0.5081,LOW,False,2026-06-04T23:34:11.931648,0
-0.5061,LOW,False,2026-06-04T23:34:12.081161,0
-0.501,LOW,False,2026-06-04T23:34:12.239587,0
-0.4734,NORMAL,False,2026-06-04T23:34:12.398804,0
-0.4716,NORMAL,False,2026-06-04T23:34:12.568508,0
-0.4755,NORMAL,False,2026-06-04T23:34:12.720501,0
-0.4756,NORMAL,False,2026-06-04T23:34:12.870886,0
-0.4795,NORMAL,False,2026-06-04T23:34:13.021849,0
-0.4793,NORMAL,False,2026-06-04T23:34:13.183933,0
-0.4812,NORMAL,False,2026-06-04T23:34:13.336543,0
-0.4738,NORMAL,False,2026-06-04T23:34:13.493440,0
-0.4702,NORMAL,False,2026-06-04T23:34:13.640210,0
-0.4714,NORMAL,False,2026-06-04T23:34:13.799249,0
-0.4727,NORMAL,False,2026-06-04T23:34:13.952634,0
-0.4814,NORMAL,False,2026-06-04T23:34:14.110369,0
-0.4846,NORMAL,False,2026-06-04T23:34:14.263128,0
-0.49,NORMAL,False,2026-06-04T23:34:14.414759,0
-0.4781,NORMAL,False,2026-06-04T23:34:14.570588,0
-0.4805,NORMAL,False,2026-06-04T23:34:14.720477,0
-0.4489,NORMAL,False,2026-06-04T23:34:14.867260,0
-0.4489,NORMAL,False,2026-06-04T23:34:15.016074,0
-0.4598,NORMAL,False,2026-06-04T23:34:15.165510,0
-0.4671,NORMAL,False,2026-06-04T23:34:15.312006,0
-0.4673,NORMAL,False,2026-06-04T23:34:15.458949,0
-0.4703,NORMAL,False,2026-06-04T23:34:15.607909,0
-0.4695,NORMAL,False,2026-06-04T23:34:15.757701,0
-0.4857,NORMAL,False,2026-06-04T23:34:15.904693,0
-0.4921,NORMAL,False,2026-06-04T23:34:16.050912,0
-0.4882,NORMAL,False,2026-06-04T23:34:16.196127,0
-0.4911,NORMAL,False,2026-06-04T23:34:16.344945,0
-0.4995,NORMAL,False,2026-06-04T23:34:16.493541,0
-0.4931,NORMAL,False,2026-06-04T23:34:16.638676,0
-0.4819,NORMAL,False,2026-06-04T23:34:16.798081,0
-0.4854,NORMAL,False,2026-06-04T23:34:16.969403,0
-0.4769,NORMAL,False,2026-06-04T23:34:17.115365,0
-0.4756,NORMAL,False,2026-06-04T23:34:17.260681,0
-0.481,NORMAL,False,2026-06-04T23:34:17.412421,0
-0.489,NORMAL,False,2026-06-04T23:34:17.561927,0
-0.4877,NORMAL,False,2026-06-04T23:34:17.710736,0
-0.4933,NORMAL,False,2026-06-04T23:34:17.857374,0
-0.4931,NORMAL,False,2026-06-04T23:34:18.008439,0
-0.4963,NORMAL,False,2026-06-04T23:34:18.160073,0
-0.4921,NORMAL,False,2026-06-04T23:34:18.308668,0
-0.4942,NORMAL,False,2026-06-04T23:34:18.454463,0
-0.5034,LOW,False,2026-06-04T23:34:18.600841,0
-0.5038,LOW,False,2026-06-04T23:34:18.750672,0
-0.5049,LOW,False,2026-06-04T23:34:18.896529,0
-0.4994,NORMAL,False,2026-06-04T23:34:19.045635,0
-0.4829,NORMAL,False,2026-06-04T23:34:19.226071,0
-0.4756,NORMAL,False,2026-06-04T23:34:19.378928,0
-0.4766,NORMAL,False,2026-06-04T23:34:19.527438,0
-0.4745,NORMAL,False,2026-06-04T23:34:19.678225,0
-0.4748,NORMAL,False,2026-06-04T23:34:19.848910,0
-0.4747,NORMAL,False,2026-06-04T23:34:19.995882,0
-0.4799,NORMAL,False,2026-06-04T23:34:20.141428,0
-0.4785,NORMAL,False,2026-06-04T23:34:20.290023,0
-0.4751,NORMAL,False,2026-06-04T23:34:20.440590,0
-0.4668,NORMAL,False,2026-06-04T23:34:20.587929,0
-0.475,NORMAL,False,2026-06-04T23:34:20.739194,1
-0.4713,NORMAL,False,2026-06-04T23:34:20.897646,0
-0.4689,NORMAL,False,2026-06-04T23:34:21.055098,0
-0.4599,NORMAL,False,2026-06-04T23:34:21.209238,0
-0.4481,NORMAL,False,2026-06-04T23:34:21.363533,0
-0.4641,NORMAL,False,2026-06-04T23:34:21.515390,0
-0.462,NORMAL,False,2026-06-04T23:34:21.664080,0
-0.4663,NORMAL,False,2026-06-04T23:34:21.810550,0
-0.4605,NORMAL,False,2026-06-04T23:34:21.956633,0
-0.4576,NORMAL,False,2026-06-04T23:34:22.106863,0
-0.4433,NORMAL,False,2026-06-04T23:34:22.252076,0
-0.4343,NORMAL,False,2026-06-04T23:34:22.399665,0
-0.4227,NORMAL,False,2026-06-04T23:34:22.545442,0
-0.4145,NORMAL,False,2026-06-04T23:34:22.692410,0
-0.4129,NORMAL,False,2026-06-04T23:34:22.855908,0
-0.4092,NORMAL,False,2026-06-04T23:34:23.002309,0
-0.4005,NORMAL,False,2026-06-04T23:34:23.148464,0
-0.3977,NORMAL,False,2026-06-04T23:34:23.302525,0
-0.4007,NORMAL,False,2026-06-04T23:34:23.458745,0
-0.3994,NORMAL,False,2026-06-04T23:34:23.634398,0
-0.4013,NORMAL,False,2026-06-04T23:34:23.785404,0
-0.4046,NORMAL,False,2026-06-04T23:34:23.931706,0
-0.4054,NORMAL,False,2026-06-04T23:34:24.077649,0
-0.4057,NORMAL,False,2026-06-04T23:34:24.224313,0
-0.4026,NORMAL,False,2026-06-04T23:34:24.376286,0
-0.4052,NORMAL,False,2026-06-04T23:34:24.530630,0
-0.4065,NORMAL,False,2026-06-04T23:34:24.675578,0
-0.4146,NORMAL,False,2026-06-04T23:34:24.822385,0
-0.407,NORMAL,False,2026-06-04T23:34:24.972719,0
-0.409,NORMAL,False,2026-06-04T23:34:25.128395,0
-0.4136,NORMAL,False,2026-06-04T23:34:25.273997,0
-0.4063,NORMAL,False,2026-06-04T23:34:25.418273,0
-0.4049,NORMAL,False,2026-06-04T23:34:25.570879,0
-0.4182,NORMAL,False,2026-06-04T23:34:25.718658,0
-0.4201,NORMAL,False,2026-06-04T23:34:25.922204,0
-0.4256,NORMAL,False,2026-06-04T23:34:26.086775,0
-0.4247,NORMAL,False,2026-06-04T23:34:26.245563,0
-0.4142,NORMAL,False,2026-06-04T23:34:26.390955,0
-0.4051,NORMAL,False,2026-06-04T23:34:26.535732,0
-0.4073,NORMAL,False,2026-06-04T23:34:26.682399,0
-0.4093,NORMAL,False,2026-06-04T23:34:26.827709,0
-0.4133,NORMAL,False,2026-06-04T23:34:26.972316,0
-0.4177,NORMAL,False,2026-06-04T23:34:27.118460,0
-0.4201,NORMAL,False,2026-06-04T23:34:27.268502,0
-0.4208,NORMAL,False,2026-06-04T23:34:27.416545,0
-0.4219,NORMAL,False,2026-06-04T23:34:27.564045,0
-0.4138,NORMAL,False,2026-06-04T23:34:27.717176,0
-0.4157,NORMAL,False,2026-06-04T23:34:27.870517,0
-0.4165,NORMAL,False,2026-06-04T23:34:28.016110,0
-0.4168,NORMAL,False,2026-06-04T23:34:28.176254,0
-0.468,NORMAL,False,2026-06-04T23:34:28.322638,1
-0.4692,NORMAL,False,2026-06-04T23:34:28.471006,0
-0.47,NORMAL,False,2026-06-04T23:34:28.617566,0
-0.4737,NORMAL,False,2026-06-04T23:34:28.763785,0
-0.476,NORMAL,False,2026-06-04T23:34:28.927535,0
-0.4436,NORMAL,False,2026-06-04T23:34:29.079473,0
-0.4413,NORMAL,False,2026-06-04T23:34:29.228513,0
-0.4555,NORMAL,False,2026-06-04T23:34:29.375339,0
-0.4492,NORMAL,False,2026-06-04T23:34:29.528011,0
-0.4481,NORMAL,False,2026-06-04T23:34:29.677195,0
-0.4475,NORMAL,False,2026-06-04T23:34:29.828252,0
-0.4426,NORMAL,False,2026-06-04T23:34:29.973896,0
-0.4446,NORMAL,False,2026-06-04T23:34:30.127505,0
-0.4437,NORMAL,False,2026-06-04T23:34:30.281555,0
-0.4472,NORMAL,False,2026-06-04T23:34:30.426984,0
-0.4444,NORMAL,False,2026-06-04T23:34:30.572197,0
-0.4467,NORMAL,False,2026-06-04T23:34:30.718702,0
-0.4515,NORMAL,False,2026-06-04T23:34:30.871376,0
-0.4539,NORMAL,False,2026-06-04T23:34:31.016905,0
-0.4582,NORMAL,False,2026-06-04T23:34:31.162884,0
-0.4583,NORMAL,False,2026-06-04T23:34:31.308643,0
-0.4569,NORMAL,False,2026-06-04T23:34:31.489556,0
-0.4585,NORMAL,False,2026-06-04T23:34:31.636046,0
-0.4612,NORMAL,False,2026-06-04T23:34:31.780636,0
-0.4669,NORMAL,False,2026-06-04T23:34:31.943446,0
-0.463,NORMAL,False,2026-06-04T23:34:32.091652,0
-0.4557,NORMAL,False,2026-06-04T23:34:32.239468,0
-0.4545,NORMAL,False,2026-06-04T23:34:32.388246,0
-0.4552,NORMAL,False,2026-06-04T23:34:32.563009,0
-0.4556,NORMAL,False,2026-06-04T23:34:32.716193,0
-0.4526,NORMAL,False,2026-06-04T23:34:32.865171,0
-0.4539,NORMAL,False,2026-06-04T23:34:33.026841,0
-0.4594,NORMAL,False,2026-06-04T23:34:33.202529,0
-0.4634,NORMAL,False,2026-06-04T23:34:33.348334,0
-0.4652,NORMAL,False,2026-06-04T23:34:33.500229,0
-0.4673,NORMAL,False,2026-06-04T23:34:33.647439,0
-0.4698,NORMAL,False,2026-06-04T23:34:33.793159,0
-0.4678,NORMAL,False,2026-06-04T23:34:33.939216,0
-0.4681,NORMAL,False,2026-06-04T23:34:34.090286,0
-0.4769,NORMAL,False,2026-06-04T23:34:34.247800,0
-0.4724,NORMAL,False,2026-06-04T23:34:34.402076,0
-0.4777,NORMAL,False,2026-06-04T23:34:34.548397,1
-0.4862,NORMAL,False,2026-06-04T23:34:34.693398,0
-0.4767,NORMAL,False,2026-06-04T23:34:34.845870,0
-0.4691,NORMAL,False,2026-06-04T23:34:35.007888,0
-0.4731,NORMAL,False,2026-06-04T23:34:35.154691,0
-0.4676,NORMAL,False,2026-06-04T23:34:35.305113,0
-0.4618,NORMAL,False,2026-06-04T23:34:35.450236,0
-0.4592,NORMAL,False,2026-06-04T23:34:35.595799,0
-0.4557,NORMAL,False,2026-06-04T23:34:35.742345,0
-0.4093,NORMAL,False,2026-06-04T23:34:35.928659,0
-0.4042,NORMAL,False,2026-06-04T23:34:36.073851,0
-0.4036,NORMAL,False,2026-06-04T23:34:36.219655,0
-0.4018,NORMAL,False,2026-06-04T23:34:36.369378,0
-0.4025,NORMAL,False,2026-06-04T23:34:36.518994,0
-0.4059,NORMAL,False,2026-06-04T23:34:36.665810,0
-0.4055,NORMAL,False,2026-06-04T23:34:36.812947,0
-0.4048,NORMAL,False,2026-06-04T23:34:36.985897,0
-0.4067,NORMAL,False,2026-06-04T23:34:37.152708,0
-0.4015,NORMAL,False,2026-06-04T23:34:37.297920,0
-0.4027,NORMAL,False,2026-06-04T23:34:37.519548,0
-0.4029,NORMAL,False,2026-06-04T23:34:37.666074,0
-0.401,NORMAL,False,2026-06-04T23:34:37.815968,0
-0.4025,NORMAL,False,2026-06-04T23:34:37.966110,0
-0.4012,NORMAL,False,2026-06-04T23:34:38.126240,0
-0.4016,NORMAL,False,2026-06-04T23:34:38.272287,0
-0.3998,NORMAL,False,2026-06-04T23:34:38.422799,0
-0.4019,NORMAL,False,2026-06-04T23:34:38.570161,0
-0.4033,NORMAL,False,2026-06-04T23:34:38.724460,0
-0.4027,NORMAL,False,2026-06-04T23:34:38.870563,0
-0.4027,NORMAL,False,2026-06-04T23:34:39.087921,0
-0.3997,NORMAL,False,2026-06-04T23:34:39.250811,0
-0.3992,NORMAL,False,2026-06-04T23:34:39.403361,0
-0.3975,NORMAL,False,2026-06-04T23:34:39.550901,0
-0.4009,NORMAL,False,2026-06-04T23:34:39.696817,0
-0.4029,NORMAL,False,2026-06-04T23:34:39.848945,0
-0.4025,NORMAL,False,2026-06-04T23:34:40.000710,0
-0.4098,NORMAL,False,2026-06-04T23:34:40.149892,0
-0.4034,NORMAL,False,2026-06-04T23:34:40.296584,0
-0.4134,NORMAL,False,2026-06-04T23:34:40.446896,0
-0.4189,NORMAL,False,2026-06-04T23:34:40.596161,0
-0.42,NORMAL,False,2026-06-04T23:34:40.747311,0
-0.4374,NORMAL,False,2026-06-04T23:34:40.894911,0
-0.4448,NORMAL,False,2026-06-04T23:34:41.047287,0
-0.4444,NORMAL,False,2026-06-04T23:34:41.211237,0
-0.4403,NORMAL,False,2026-06-04T23:34:41.371856,0
-0.4553,NORMAL,False,2026-06-04T23:34:41.524881,0
-0.4563,NORMAL,False,2026-06-04T23:34:41.674597,0
-0.4605,NORMAL,False,2026-06-04T23:34:41.820297,0
-0.4645,NORMAL,False,2026-06-04T23:34:41.966075,0
-0.4587,NORMAL,False,2026-06-04T23:34:42.110945,0
-0.477,NORMAL,False,2026-06-04T23:34:42.294158,0
-0.4664,NORMAL,False,2026-06-04T23:34:42.440520,0
-0.4632,NORMAL,False,2026-06-04T23:34:42.586613,0
-0.4653,NORMAL,False,2026-06-04T23:34:42.734140,0
-0.4481,NORMAL,False,2026-06-04T23:34:42.886419,0
-0.451,NORMAL,False,2026-06-04T23:34:43.033237,0
-0.4722,NORMAL,False,2026-06-04T23:34:43.179675,0
-0.4732,NORMAL,False,2026-06-04T23:34:43.326194,0
-0.4695,NORMAL,False,2026-06-04T23:34:43.487663,0
-0.4714,NORMAL,False,2026-06-04T23:34:43.671469,0
-0.4635,NORMAL,False,2026-06-04T23:34:43.889197,0
-0.4149,NORMAL,False,2026-06-04T23:34:44.035831,0
-0.4235,NORMAL,False,2026-06-04T23:34:44.191335,0
-0.4195,NORMAL,False,2026-06-04T23:34:44.354577,0
-0.4185,NORMAL,False,2026-06-04T23:34:44.503946,0
-0.4177,NORMAL,False,2026-06-04T23:34:44.656973,0
-0.4155,NORMAL,False,2026-06-04T23:34:44.806852,0
-0.4872,NORMAL,False,2026-06-04T23:34:44.956626,1
-0.4844,NORMAL,False,2026-06-04T23:34:45.104460,0
-0.4831,NORMAL,False,2026-06-04T23:34:45.264319,0
-0.4909,NORMAL,False,2026-06-04T23:34:45.472022,0
-0.4918,NORMAL,False,2026-06-04T23:34:45.625713,0
-0.4937,NORMAL,False,2026-06-04T23:34:45.777050,0
-0.4948,NORMAL,False,2026-06-04T23:34:45.941721,0
-0.4986,NORMAL,False,2026-06-04T23:34:46.095306,0
-0.5047,LOW,False,2026-06-04T23:34:46.264175,0
-0.504,LOW,False,2026-06-04T23:34:46.436565,0
-0.5059,LOW,False,2026-06-04T23:34:46.590839,0
-0.5072,LOW,False,2026-06-04T23:34:46.740093,1
-0.5015,LOW,False,2026-06-04T23:34:46.887445,0
-0.5049,LOW,False,2026-06-04T23:34:47.045215,0
-0.5053,LOW,False,2026-06-04T23:34:47.197155,0
-0.5134,LOW,False,2026-06-04T23:34:47.347150,0
-0.5049,LOW,False,2026-06-04T23:34:47.527248,0
-0.5089,LOW,False,2026-06-04T23:34:47.675510,0
-0.5156,LOW,False,2026-06-04T23:34:47.824062,0
-0.5123,LOW,False,2026-06-04T23:34:47.969487,0
-0.518,LOW,False,2026-06-04T23:34:48.118943,0
-0.5174,LOW,False,2026-06-04T23:34:48.268629,0
-0.5186,LOW,False,2026-06-04T23:34:48.419816,0
-0.5133,LOW,False,2026-06-04T23:34:48.615830,0
-0.5084,LOW,False,2026-06-04T23:34:48.765122,0
-0.5139,LOW,False,2026-06-04T23:34:48.911186,0
-0.5073,LOW,False,2026-06-04T23:34:49.059675,0
-0.5047,LOW,False,2026-06-04T23:34:49.208060,0
-0.4853,NORMAL,False,2026-06-04T23:34:49.357251,0
-0.4837,NORMAL,False,2026-06-04T23:34:49.504159,0
-0.4848,NORMAL,False,2026-06-04T23:34:49.649550,0
-0.4815,NORMAL,False,2026-06-04T23:34:49.795343,0
-0.487,NORMAL,False,2026-06-04T23:34:49.949858,0
-0.4931,NORMAL,False,2026-06-04T23:34:50.101675,0
-0.4927,NORMAL,False,2026-06-04T23:34:50.252603,0
-0.4974,NORMAL,False,2026-06-04T23:34:50.408434,0
-0.4967,NORMAL,False,2026-06-04T23:34:50.615619,0
-0.5014,LOW,False,2026-06-04T23:34:50.765627,0
-0.5012,LOW,False,2026-06-04T23:34:50.911720,0
-0.5123,LOW,False,2026-06-04T23:34:51.057626,0
-0.5093,LOW,False,2026-06-04T23:34:51.201823,0
-0.5029,LOW,False,2026-06-04T23:34:51.347512,0
-0.4817,NORMAL,False,2026-06-04T23:34:51.498613,0
-0.4837,NORMAL,False,2026-06-04T23:34:51.650180,0
-0.5053,LOW,False,2026-06-04T23:34:51.795491,0
-0.5066,LOW,False,2026-06-04T23:34:51.941929,0
-0.5172,LOW,False,2026-06-04T23:34:52.087057,0
-0.503,LOW,False,2026-06-04T23:34:52.235440,0
-0.5069,LOW,False,2026-06-04T23:34:52.383032,0
-0.5174,LOW,False,2026-06-04T23:34:52.527177,0
-0.4728,NORMAL,False,2026-06-04T23:34:52.693856,0
-0.4751,NORMAL,False,2026-06-04T23:34:52.846796,0
-0.4735,NORMAL,False,2026-06-04T23:34:52.992131,0
-0.4749,NORMAL,False,2026-06-04T23:34:53.139156,0
-0.4706,NORMAL,False,2026-06-04T23:34:53.286140,0
-0.4738,NORMAL,False,2026-06-04T23:34:53.434804,0
-0.4716,NORMAL,False,2026-06-04T23:34:53.595081,0
-0.4695,NORMAL,False,2026-06-04T23:34:53.740217,0
-0.4577,NORMAL,False,2026-06-04T23:34:53.885376,0
-0.4583,NORMAL,False,2026-06-04T23:34:54.039089,0
-0.4502,NORMAL,False,2026-06-04T23:34:54.185638,0
-0.4679,NORMAL,False,2026-06-04T23:34:54.333029,0
-0.4679,NORMAL,False,2026-06-04T23:34:54.490065,0
-0.4619,NORMAL,False,2026-06-04T23:34:54.645278,0
-0.458,NORMAL,False,2026-06-04T23:34:54.798441,0
-0.4495,NORMAL,False,2026-06-04T23:34:54.951467,0
-0.4541,NORMAL,False,2026-06-04T23:34:55.101084,1
-0.4572,NORMAL,False,2026-06-04T23:34:55.244820,0
-0.4515,NORMAL,False,2026-06-04T23:34:55.390311,0
-0.4477,NORMAL,False,2026-06-04T23:34:55.535509,0
-0.4484,NORMAL,False,2026-06-04T23:34:55.683745,0
-0.4461,NORMAL,False,2026-06-04T23:34:55.831665,0
-0.4503,NORMAL,False,2026-06-04T23:34:55.977549,0
-0.4626,NORMAL,False,2026-06-04T23:34:56.123018,0
-0.4616,NORMAL,False,2026-06-04T23:34:56.267675,0
-0.4592,NORMAL,False,2026-06-04T23:34:56.419485,0
-0.458,NORMAL,False,2026-06-04T23:34:56.579688,0
-0.4617,NORMAL,False,2026-06-04T23:34:56.724729,0
-0.4558,NORMAL,False,2026-06-04T23:34:56.869724,0
-0.4562,NORMAL,False,2026-06-04T23:34:57.019319,0
-0.4524,NORMAL,False,2026-06-04T23:34:57.171485,0
-0.4582,NORMAL,False,2026-06-04T23:34:57.316744,0
-0.4493,NORMAL,False,2026-06-04T23:34:57.467004,0
-0.4426,NORMAL,False,2026-06-04T23:34:57.613938,0
-0.4361,NORMAL,False,2026-06-04T23:34:57.764225,0
-0.4388,NORMAL,False,2026-06-04T23:34:57.916551,0
-0.4309,NORMAL,False,2026-06-04T23:34:58.077436,0
-0.4296,NORMAL,False,2026-06-04T23:34:58.253553,0
-0.4343,NORMAL,False,2026-06-04T23:34:58.408549,0
-0.4346,NORMAL,False,2026-06-04T23:34:58.555369,0
-0.4348,NORMAL,False,2026-06-04T23:34:58.704800,0
-0.4348,NORMAL,False,2026-06-04T23:34:58.855180,0
-0.4376,NORMAL,False,2026-06-04T23:34:59.001192,0
-0.437,NORMAL,False,2026-06-04T23:34:59.147201,0
-0.4406,NORMAL,False,2026-06-04T23:34:59.321736,0
-0.4439,NORMAL,False,2026-06-04T23:34:59.471603,0
-0.446,NORMAL,False,2026-06-04T23:34:59.630912,0
-0.446,NORMAL,False,2026-06-04T23:34:59.782052,0
-0.452,NORMAL,False,2026-06-04T23:34:59.928268,1
-0.4559,NORMAL,False,2026-06-04T23:35:00.081562,1
-0.4548,NORMAL,False,2026-06-04T23:35:00.227845,0
-0.4609,NORMAL,False,2026-06-04T23:35:00.378091,0
-0.4472,NORMAL,False,2026-06-04T23:35:00.533456,0
-0.4439,NORMAL,False,2026-06-04T23:35:00.679551,0
-0.4335,NORMAL,False,2026-06-04T23:35:00.825259,0
-0.4291,NORMAL,False,2026-06-04T23:35:00.970716,0
-0.4361,NORMAL,False,2026-06-04T23:35:01.119341,0
-0.4429,NORMAL,False,2026-06-04T23:35:01.266885,0
-0.4615,NORMAL,False,2026-06-04T23:35:01.412779,0
-0.4353,NORMAL,False,2026-06-04T23:35:01.580592,0
-0.4375,NORMAL,False,2026-06-04T23:35:01.729416,0
-0.436,NORMAL,False,2026-06-04T23:35:01.875052,0
-0.4289,NORMAL,False,2026-06-04T23:35:02.021700,0
-0.4322,NORMAL,False,2026-06-04T23:35:02.175219,0
-0.4497,NORMAL,False,2026-06-04T23:35:02.322238,0
-0.4492,NORMAL,False,2026-06-04T23:35:02.466567,0
-0.4461,NORMAL,False,2026-06-04T23:35:02.626410,0
-0.436,NORMAL,False,2026-06-04T23:35:02.775884,0
-0.4363,NORMAL,False,2026-06-04T23:35:02.926724,0
-0.4403,NORMAL,False,2026-06-04T23:35:03.072086,0
-0.4195,NORMAL,False,2026-06-04T23:35:03.217612,0
-0.4214,NORMAL,False,2026-06-04T23:35:03.361671,0
-0.4244,NORMAL,False,2026-06-04T23:35:03.515472,0
-0.4164,NORMAL,False,2026-06-04T23:35:03.661723,0
-0.4133,NORMAL,False,2026-06-04T23:35:03.809090,0
-0.4145,NORMAL,False,2026-06-04T23:35:03.958452,0
-0.419,NORMAL,False,2026-06-04T23:35:04.112187,0
-0.4229,NORMAL,False,2026-06-04T23:35:04.264331,0
-0.4189,NORMAL,False,2026-06-04T23:35:04.412546,0
-0.4186,NORMAL,False,2026-06-04T23:35:04.558694,0
-0.4266,NORMAL,False,2026-06-04T23:35:04.708915,0
-0.4263,NORMAL,False,2026-06-04T23:35:04.854938,0
-0.4189,NORMAL,False,2026-06-04T23:35:05.000759,0
-0.4188,NORMAL,False,2026-06-04T23:35:05.150267,0
-0.4186,NORMAL,False,2026-06-04T23:35:05.306610,0
-0.416,NORMAL,False,2026-06-04T23:35:05.459126,0
-0.4148,NORMAL,False,2026-06-04T23:35:05.618668,0
-0.413,NORMAL,False,2026-06-04T23:35:05.764259,0
-0.4136,NORMAL,False,2026-06-04T23:35:05.931727,0
-0.4192,NORMAL,False,2026-06-04T23:35:06.078411,0
-0.423,NORMAL,False,2026-06-04T23:35:06.223097,0
-0.427,NORMAL,False,2026-06-04T23:35:06.368567,0
-0.4299,NORMAL,False,2026-06-04T23:35:06.522000,0
-0.4317,NORMAL,False,2026-06-04T23:35:06.666072,0
-0.4319,NORMAL,False,2026-06-04T23:35:06.811628,0
-0.4412,NORMAL,False,2026-06-04T23:35:06.962392,0
-0.4519,NORMAL,False,2026-06-04T23:35:07.110720,0
-0.4683,NORMAL,False,2026-06-04T23:35:07.258331,0
-0.4609,NORMAL,False,2026-06-04T23:35:07.411245,0
-0.4508,NORMAL,False,2026-06-04T23:35:07.557119,0
-0.4368,NORMAL,False,2026-06-04T23:35:07.704079,0
-0.4401,NORMAL,False,2026-06-04T23:35:07.850146,0
-0.4336,NORMAL,False,2026-06-04T23:35:07.996805,0
-0.4324,NORMAL,False,2026-06-04T23:35:08.162917,0
-0.4311,NORMAL,False,2026-06-04T23:35:08.316598,0
-0.433,NORMAL,False,2026-06-04T23:35:08.465173,0
-0.4257,NORMAL,False,2026-06-04T23:35:08.626307,0
-0.4251,NORMAL,False,2026-06-04T23:35:08.777368,0
-0.4257,NORMAL,False,2026-06-04T23:35:08.927108,0
-0.4284,NORMAL,False,2026-06-04T23:35:09.072558,0
-0.429,NORMAL,False,2026-06-04T23:35:09.217830,0
-0.4321,NORMAL,False,2026-06-04T23:35:09.367800,0
-0.4299,NORMAL,False,2026-06-04T23:35:09.523230,0
-0.4277,NORMAL,False,2026-06-04T23:35:09.668372,0
-0.4294,NORMAL,False,2026-06-04T23:35:09.814622,0
-0.4291,NORMAL,False,2026-06-04T23:35:09.959054,0
-0.4286,NORMAL,False,2026-06-04T23:35:10.109746,0
-0.43,NORMAL,False,2026-06-04T23:35:10.256251,0
-0.4284,NORMAL,False,2026-06-04T23:35:10.444613,0
-0.4264,NORMAL,False,2026-06-04T23:35:10.595197,0
-0.4335,NORMAL,False,2026-06-04T23:35:10.740459,0
-0.4164,NORMAL,False,2026-06-04T23:35:10.885806,0
-0.4163,NORMAL,False,2026-06-04T23:35:11.033676,0
-0.4173,NORMAL,False,2026-06-04T23:35:11.181863,0
-0.4196,NORMAL,False,2026-06-04T23:35:11.330740,0
-0.4183,NORMAL,False,2026-06-04T23:35:11.476771,0
-0.4214,NORMAL,False,2026-06-04T23:35:11.635779,0
-0.4156,NORMAL,False,2026-06-04T23:35:11.788510,0
-0.4167,NORMAL,False,2026-06-04T23:35:11.934684,0
-0.4206,NORMAL,False,2026-06-04T23:35:12.080440,0
-0.4198,NORMAL,False,2026-06-04T23:35:12.227488,0
-0.4066,NORMAL,False,2026-06-04T23:35:12.382025,0
-0.4161,NORMAL,False,2026-06-04T23:35:12.533741,0
-0.417,NORMAL,False,2026-06-04T23:35:12.702073,0
-0.4137,NORMAL,False,2026-06-04T23:35:12.856836,0
-0.4148,NORMAL,False,2026-06-04T23:35:13.006179,0
-0.4113,NORMAL,False,2026-06-04T23:35:13.152089,0
-0.4204,NORMAL,False,2026-06-04T23:35:13.297338,0
-0.4512,NORMAL,False,2026-06-04T23:35:13.444223,0
-0.4546,NORMAL,False,2026-06-04T23:35:13.592280,0
-0.4422,NORMAL,False,2026-06-04T23:35:13.737772,0
-0.4353,NORMAL,False,2026-06-04T23:35:13.883353,0
-0.4357,NORMAL,False,2026-06-04T23:35:14.029236,0
-0.4463,NORMAL,False,2026-06-04T23:35:14.178038,1
-0.4462,NORMAL,False,2026-06-04T23:35:14.328052,0
-0.441,NORMAL,False,2026-06-04T23:35:14.474769,0
-0.439,NORMAL,False,2026-06-04T23:35:14.635735,0
-0.4347,NORMAL,False,2026-06-04T23:35:14.784789,0
-0.4389,NORMAL,False,2026-06-04T23:35:14.955370,0
-0.4405,NORMAL,False,2026-06-04T23:35:15.102156,0
-0.443,NORMAL,False,2026-06-04T23:35:15.248726,0
-0.4439,NORMAL,False,2026-06-04T23:35:15.398092,0
-0.4414,NORMAL,False,2026-06-04T23:35:15.545013,0
-0.4446,NORMAL,False,2026-06-04T23:35:15.690613,0
-0.4414,NORMAL,False,2026-06-04T23:35:15.836095,0
-0.4425,NORMAL,False,2026-06-04T23:35:15.983598,0
-0.4425,NORMAL,False,2026-06-04T23:35:16.129275,0
-0.4409,NORMAL,False,2026-06-04T23:35:16.275686,0
-0.4392,NORMAL,False,2026-06-04T23:35:16.422447,0
-0.4383,NORMAL,False,2026-06-04T23:35:16.569630,0
-0.4397,NORMAL,False,2026-06-04T23:35:16.729590,0
-0.4689,NORMAL,False,2026-06-04T23:35:16.876219,1
-0.4753,NORMAL,False,2026-06-04T23:35:17.022032,0
-0.4773,NORMAL,False,2026-06-04T23:35:17.176512,0
-0.4808,NORMAL,False,2026-06-04T23:35:17.323884,0
-0.4808,NORMAL,False,2026-06-04T23:35:17.469545,0
-0.4831,NORMAL,False,2026-06-04T23:35:17.628748,0
-0.4763,NORMAL,False,2026-06-04T23:35:17.784483,0
-0.4768,NORMAL,False,2026-06-04T23:35:17.931366,0
-0.4876,NORMAL,False,2026-06-04T23:35:18.077859,0
-0.4879,NORMAL,False,2026-06-04T23:35:18.223114,0
-0.4839,NORMAL,False,2026-06-04T23:35:18.372308,0
-0.4924,NORMAL,False,2026-06-04T23:35:18.525975,0
-0.4951,NORMAL,False,2026-06-04T23:35:18.671778,0
-0.4967,NORMAL,False,2026-06-04T23:35:18.818262,0
-0.4972,NORMAL,False,2026-06-04T23:35:18.966726,0
-0.4979,NORMAL,False,2026-06-04T23:35:19.122320,0
-0.5017,LOW,False,2026-06-04T23:35:19.268767,0
-0.5,LOW,False,2026-06-04T23:35:19.417819,0
-0.4963,NORMAL,False,2026-06-04T23:35:19.562765,0
-0.5144,LOW,False,2026-06-04T23:35:19.711873,0
-0.5116,LOW,False,2026-06-04T23:35:19.857718,0
-0.512,LOW,False,2026-06-04T23:35:20.002302,0
-0.5137,LOW,False,2026-06-04T23:35:20.146264,0
-0.5119,LOW,False,2026-06-04T23:35:20.299730,0
-0.5121,LOW,False,2026-06-04T23:35:20.448364,0
-0.5094,LOW,False,2026-06-04T23:35:20.610236,0
-0.5076,LOW,False,2026-06-04T23:35:20.757209,0
-0.4862,NORMAL,False,2026-06-04T23:35:20.907450,0
-0.4868,NORMAL,False,2026-06-04T23:35:21.058077,0
-0.4878,NORMAL,False,2026-06-04T23:35:21.208545,0
-0.483,NORMAL,False,2026-06-04T23:35:21.355469,0
-0.4778,NORMAL,False,2026-06-04T23:35:21.507974,0
-0.4817,NORMAL,False,2026-06-04T23:35:21.655727,0
-0.4879,NORMAL,False,2026-06-04T23:35:21.801118,0
-0.489,NORMAL,False,2026-06-04T23:35:21.946322,0
-0.487,NORMAL,False,2026-06-04T23:35:22.095210,0
-0.483,NORMAL,False,2026-06-04T23:35:22.248563,0
-0.4875,NORMAL,False,2026-06-04T23:35:22.397098,0
-0.4898,NORMAL,False,2026-06-04T23:35:22.543516,0
-0.4869,NORMAL,False,2026-06-04T23:35:22.690343,0
-0.4888,NORMAL,False,2026-06-04T23:35:22.838416,0
-0.4924,NORMAL,False,2026-06-04T23:35:22.984416,0
-0.4899,NORMAL,False,2026-06-04T23:35:23.131255,0
-0.4886,NORMAL,False,2026-06-04T23:35:23.277640,0
-0.491,NORMAL,False,2026-06-04T23:35:23.426080,0
-0.4963,NORMAL,False,2026-06-04T23:35:23.586841,0
-0.4866,NORMAL,False,2026-06-04T23:35:23.734803,0
-0.4926,NORMAL,False,2026-06-04T23:35:23.888332,0
-0.4908,NORMAL,False,2026-06-04T23:35:24.074184,0
-0.4934,NORMAL,False,2026-06-04T23:35:24.218378,0
-0.4669,NORMAL,False,2026-06-04T23:35:24.368063,1
-0.4734,NORMAL,False,2026-06-04T23:35:24.516868,0
-0.4687,NORMAL,False,2026-06-04T23:35:24.664235,0
-0.4706,NORMAL,False,2026-06-04T23:35:24.809993,0
-0.4568,NORMAL,False,2026-06-04T23:35:24.957599,0
-0.4584,NORMAL,False,2026-06-04T23:35:25.112999,0
-0.4544,NORMAL,False,2026-06-04T23:35:25.258945,0
-0.4622,NORMAL,False,2026-06-04T23:35:25.405549,0
-0.4489,NORMAL,False,2026-06-04T23:35:25.551166,1
-0.4478,NORMAL,False,2026-06-04T23:35:25.702320,0
-0.456,NORMAL,False,2026-06-04T23:35:25.851842,0
-0.5173,LOW,False,2026-06-04T23:35:26.020913,0
-0.5166,LOW,False,2026-06-04T23:35:26.177555,0
-0.5168,LOW,False,2026-06-04T23:35:26.326002,0
-0.5113,LOW,False,2026-06-04T23:35:26.471986,0
-0.5031,LOW,False,2026-06-04T23:35:26.633326,0
-0.5033,LOW,False,2026-06-04T23:35:26.779780,0
-0.5019,LOW,False,2026-06-04T23:35:26.926742,0
-0.5073,LOW,False,2026-06-04T23:35:27.073040,0
-0.5069,LOW,False,2026-06-04T23:35:27.218295,0
-0.4374,NORMAL,False,2026-06-04T23:35:27.366595,0
-0.4348,NORMAL,False,2026-06-04T23:35:27.532109,0
-0.423,NORMAL,False,2026-06-04T23:35:27.676870,0
-0.4271,NORMAL,False,2026-06-04T23:35:27.821602,0
-0.4279,NORMAL,False,2026-06-04T23:35:27.970931,0
-0.4251,NORMAL,False,2026-06-04T23:35:28.124265,0
-0.4241,NORMAL,False,2026-06-04T23:35:28.285145,0
-0.4241,NORMAL,False,2026-06-04T23:35:28.432059,0
-0.4233,NORMAL,False,2026-06-04T23:35:28.579535,0
-0.4198,NORMAL,False,2026-06-04T23:35:28.726370,0
-0.4269,NORMAL,False,2026-06-04T23:35:28.871930,0
-0.4203,NORMAL,False,2026-06-04T23:35:29.017382,0
-0.4192,NORMAL,False,2026-06-04T23:35:29.166514,0
-0.4211,NORMAL,False,2026-06-04T23:35:29.313849,0
-0.4161,NORMAL,False,2026-06-04T23:35:29.460960,0
-0.4144,NORMAL,False,2026-06-04T23:35:29.622728,0
-0.4183,NORMAL,False,2026-06-04T23:35:29.778995,0
-0.4142,NORMAL,False,2026-06-04T23:35:29.926674,0
-0.4142,NORMAL,False,2026-06-04T23:35:30.079198,0
-0.4154,NORMAL,False,2026-06-04T23:35:30.225936,0
-0.4118,NORMAL,False,2026-06-04T23:35:30.381767,0
-0.4095,NORMAL,False,2026-06-04T23:35:30.532494,0
-0.4144,NORMAL,False,2026-06-04T23:35:30.678675,0
-0.4163,NORMAL,False,2026-06-04T23:35:30.833211,0
-0.4168,NORMAL,False,2026-06-04T23:35:31.005763,0
-0.4202,NORMAL,False,2026-06-04T23:35:31.151391,0
-0.4203,NORMAL,False,2026-06-04T23:35:31.296082,0
-0.4215,NORMAL,False,2026-06-04T23:35:31.441119,0
-0.4375,NORMAL,False,2026-06-04T23:35:31.600310,0
-0.4267,NORMAL,False,2026-06-04T23:35:31.754392,0
-0.4291,NORMAL,False,2026-06-04T23:35:31.903573,0
-0.4373,NORMAL,False,2026-06-04T23:35:32.050435,0
-0.4386,NORMAL,False,2026-06-04T23:35:32.206652,0
-0.445,NORMAL,False,2026-06-04T23:35:32.353492,0
-0.4465,NORMAL,False,2026-06-04T23:35:32.499662,0
-0.4485,NORMAL,False,2026-06-04T23:35:32.679179,0
-0.4472,NORMAL,False,2026-06-04T23:35:32.824572,0
-0.4483,NORMAL,False,2026-06-04T23:35:32.970614,0
-0.4529,NORMAL,False,2026-06-04T23:35:33.118355,0
-0.4461,NORMAL,False,2026-06-04T23:35:33.271811,0
-0.4392,NORMAL,False,2026-06-04T23:35:33.419781,0
-0.4415,NORMAL,False,2026-06-04T23:35:33.566643,0
-0.4379,NORMAL,False,2026-06-04T23:35:33.714204,0
-0.4381,NORMAL,False,2026-06-04T23:35:33.865503,0
-0.4337,NORMAL,False,2026-06-04T23:35:34.014260,0
-0.4324,NORMAL,False,2026-06-04T23:35:34.159348,0
-0.4222,NORMAL,False,2026-06-04T23:35:34.306114,0
-0.4247,NORMAL,False,2026-06-04T23:35:34.456068,0
-0.4256,NORMAL,False,2026-06-04T23:35:34.609262,0
-0.4244,NORMAL,False,2026-06-04T23:35:34.754620,0
-0.433,NORMAL,False,2026-06-04T23:35:34.925938,0
-0.425,NORMAL,False,2026-06-04T23:35:35.084721,0
-0.4237,NORMAL,False,2026-06-04T23:35:35.235461,0
-0.4231,NORMAL,False,2026-06-04T23:35:35.381101,0
-0.4246,NORMAL,False,2026-06-04T23:35:35.527169,0
-0.4228,NORMAL,False,2026-06-04T23:35:35.693094,0
-0.4171,NORMAL,False,2026-06-04T23:35:35.837483,0
-0.4134,NORMAL,False,2026-06-04T23:35:35.981999,0
-0.4114,NORMAL,False,2026-06-04T23:35:36.131420,0
-0.4097,NORMAL,False,2026-06-04T23:35:36.279721,0
-0.4098,NORMAL,False,2026-06-04T23:35:36.425570,0
-0.4156,NORMAL,False,2026-06-04T23:35:36.577172,0
-0.4148,NORMAL,False,2026-06-04T23:35:36.723599,0
-0.4188,NORMAL,False,2026-06-04T23:35:36.874683,0
-0.4168,NORMAL,False,2026-06-04T23:35:37.021448,0
-0.4183,NORMAL,False,2026-06-04T23:35:37.194680,0
-0.427,NORMAL,False,2026-06-04T23:35:37.344880,0
-0.4171,NORMAL,False,2026-06-04T23:35:37.490365,1
-0.4232,NORMAL,False,2026-06-04T23:35:37.637128,0
-0.4161,NORMAL,False,2026-06-04T23:35:37.784918,0
-0.4094,NORMAL,False,2026-06-04T23:35:37.932898,0
-0.4142,NORMAL,False,2026-06-04T23:35:38.115698,0
-0.4148,NORMAL,False,2026-06-04T23:35:38.262028,0
-0.4265,NORMAL,False,2026-06-04T23:35:38.414559,0
-0.4275,NORMAL,False,2026-06-04T23:35:38.564275,0
-0.4447,NORMAL,False,2026-06-04T23:35:38.725233,0
-0.4362,NORMAL,False,2026-06-04T23:35:38.870866,0
-0.4455,NORMAL,False,2026-06-04T23:35:39.017797,0
-0.4417,NORMAL,False,2026-06-04T23:35:39.166014,0
-0.4428,NORMAL,False,2026-06-04T23:35:39.313296,0
-0.4355,NORMAL,False,2026-06-04T23:35:39.459014,0
-0.4356,NORMAL,False,2026-06-04T23:35:39.608878,0
-0.4353,NORMAL,False,2026-06-04T23:35:39.758031,0
-0.4328,NORMAL,False,2026-06-04T23:35:39.903242,0
-0.4595,NORMAL,False,2026-06-04T23:35:40.048151,1
-0.4519,NORMAL,False,2026-06-04T23:35:40.201909,0
-0.4509,NORMAL,False,2026-06-04T23:35:40.349447,0
-0.4522,NORMAL,False,2026-06-04T23:35:40.495377,0
-0.4493,NORMAL,False,2026-06-04T23:35:40.640774,0
-0.448,NORMAL,False,2026-06-04T23:35:40.786697,0
-0.4475,NORMAL,False,2026-06-04T23:35:40.935709,0
-0.4471,NORMAL,False,2026-06-04T23:35:41.083648,0
-0.4469,NORMAL,False,2026-06-04T23:35:41.229863,0
-0.4472,NORMAL,False,2026-06-04T23:35:41.380943,0
-0.45,NORMAL,False,2026-06-04T23:35:41.530572,0
-0.4517,NORMAL,False,2026-06-04T23:35:41.711653,0
-0.4518,NORMAL,False,2026-06-04T23:35:41.864698,0
-0.4478,NORMAL,False,2026-06-04T23:35:42.068544,0
-0.4802,NORMAL,False,2026-06-04T23:35:42.247006,0
-0.4797,NORMAL,False,2026-06-04T23:35:42.417369,0
-0.482,NORMAL,False,2026-06-04T23:35:42.569197,0
-0.477,NORMAL,False,2026-06-04T23:35:42.714457,0
-0.4981,NORMAL,False,2026-06-04T23:35:42.862081,0
-0.5009,LOW,False,2026-06-04T23:35:43.009529,0
-0.4971,NORMAL,False,2026-06-04T23:35:43.154334,0
-0.5055,LOW,False,2026-06-04T23:35:43.300276,0
-0.5069,LOW,False,2026-06-04T23:35:43.451646,0
-0.5062,LOW,False,2026-06-04T23:35:43.602938,0
-0.5021,LOW,False,2026-06-04T23:35:43.763812,0
-0.5019,LOW,False,2026-06-04T23:35:43.909674,0
-0.5035,LOW,False,2026-06-04T23:35:44.060496,0
-0.5019,LOW,False,2026-06-04T23:35:44.212076,0
-0.503,LOW,False,2026-06-04T23:35:44.358986,0
-0.5062,LOW,False,2026-06-04T23:35:44.504702,0
-0.5143,LOW,False,2026-06-04T23:35:44.653932,0
-0.5302,MEDIUM,True,2026-06-04T23:35:44.819784,0
-0.5397,MEDIUM,True,2026-06-04T23:35:45.625643,0
-0.5365,MEDIUM,True,2026-06-04T23:35:46.918751,0
-0.5391,MEDIUM,True,2026-06-04T23:35:47.241338,0
-0.55,MEDIUM,True,2026-06-04T23:35:47.705646,0
-0.5529,HIGH,True,2026-06-04T23:35:48.168033,0
-0.5557,HIGH,True,2026-06-04T23:35:48.546959,0
-0.5548,HIGH,True,2026-06-04T23:35:48.950343,0
-0.5642,HIGH,True,2026-06-04T23:35:49.268013,0
-0.5668,HIGH,True,2026-06-04T23:35:49.634103,0
-0.5692,HIGH,True,2026-06-04T23:35:51.202242,0
-0.5679,HIGH,True,2026-06-04T23:35:51.753897,0
-0.5664,HIGH,True,2026-06-04T23:35:52.172126,0
-0.5613,HIGH,True,2026-06-04T23:35:52.481840,0
-0.5603,HIGH,True,2026-06-04T23:35:52.834908,0
-0.5604,HIGH,True,2026-06-04T23:35:53.199208,0
-0.5408,MEDIUM,True,2026-06-04T23:35:53.533378,0
-0.5394,MEDIUM,True,2026-06-04T23:35:55.046804,0
-0.5328,MEDIUM,True,2026-06-04T23:35:55.372803,0
-0.5211,MEDIUM,True,2026-06-04T23:35:55.784497,0
-0.5127,LOW,False,2026-06-04T23:35:56.109333,0
-0.5134,LOW,False,2026-06-04T23:35:56.254202,0
-0.5058,LOW,False,2026-06-04T23:35:56.402574,0
-0.4959,NORMAL,False,2026-06-04T23:35:56.556794,0
-0.4832,NORMAL,False,2026-06-04T23:35:56.702638,0
-0.4763,NORMAL,False,2026-06-04T23:35:56.849029,0
-0.4784,NORMAL,False,2026-06-04T23:35:56.998317,0
-0.4802,NORMAL,False,2026-06-04T23:35:57.176538,0
-0.4806,NORMAL,False,2026-06-04T23:35:57.326384,0
-0.4838,NORMAL,False,2026-06-04T23:35:57.471912,0
-0.4849,NORMAL,False,2026-06-04T23:35:57.619618,0
-0.4887,NORMAL,False,2026-06-04T23:35:57.844196,0
-0.4998,NORMAL,False,2026-06-04T23:35:57.995978,0
-0.4573,NORMAL,False,2026-06-04T23:35:58.146674,0
-0.454,NORMAL,False,2026-06-04T23:35:58.293349,0
-0.4626,NORMAL,False,2026-06-04T23:35:58.438960,0
-0.4723,NORMAL,False,2026-06-04T23:35:58.589393,0
-0.4448,NORMAL,False,2026-06-04T23:35:58.735233,0
-0.4539,NORMAL,False,2026-06-04T23:35:58.881895,0
-0.461,NORMAL,False,2026-06-04T23:35:59.027236,0
-0.4604,NORMAL,False,2026-06-04T23:35:59.193594,0
-0.4456,NORMAL,False,2026-06-04T23:35:59.442153,0
-0.4375,NORMAL,False,2026-06-04T23:35:59.595534,1
-0.4272,NORMAL,False,2026-06-04T23:35:59.744676,0
-0.4288,NORMAL,False,2026-06-04T23:35:59.895730,0
-0.426,NORMAL,False,2026-06-04T23:36:00.058265,0
-0.4217,NORMAL,False,2026-06-04T23:36:00.203922,0
-0.4173,NORMAL,False,2026-06-04T23:36:00.349342,0
-0.419,NORMAL,False,2026-06-04T23:36:00.496700,0
-0.4164,NORMAL,False,2026-06-04T23:36:00.645246,0
-0.4169,NORMAL,False,2026-06-04T23:36:00.791076,0
-0.418,NORMAL,False,2026-06-04T23:36:01.000115,0
-0.4225,NORMAL,False,2026-06-04T23:36:01.148354,0
-0.424,NORMAL,False,2026-06-04T23:36:01.298046,0
-0.41,NORMAL,False,2026-06-04T23:36:01.447672,0
-0.412,NORMAL,False,2026-06-04T23:36:01.601030,0
-0.4143,NORMAL,False,2026-06-04T23:36:01.747656,0
-0.4121,NORMAL,False,2026-06-04T23:36:01.892738,0
-0.4123,NORMAL,False,2026-06-04T23:36:02.039237,0
-0.411,NORMAL,False,2026-06-04T23:36:02.190638,0
-0.4116,NORMAL,False,2026-06-04T23:36:02.353123,0
-0.4125,NORMAL,False,2026-06-04T23:36:02.499129,0
-0.4124,NORMAL,False,2026-06-04T23:36:02.646227,0
-0.4108,NORMAL,False,2026-06-04T23:36:02.792511,0
-0.4112,NORMAL,False,2026-06-04T23:36:02.936527,0
-0.4123,NORMAL,False,2026-06-04T23:36:03.082393,0
-0.4075,NORMAL,False,2026-06-04T23:36:03.233062,0
-0.4061,NORMAL,False,2026-06-04T23:36:03.382092,0
-0.4136,NORMAL,False,2026-06-04T23:36:03.535463,0
-0.4187,NORMAL,False,2026-06-04T23:36:03.680309,0
-0.4238,NORMAL,False,2026-06-04T23:36:03.833173,0
-0.4182,NORMAL,False,2026-06-04T23:36:03.991730,0
-0.4092,NORMAL,False,2026-06-04T23:36:04.136904,0
-0.4105,NORMAL,False,2026-06-04T23:36:04.283606,0
-0.4057,NORMAL,False,2026-06-04T23:36:04.434388,0
-0.4066,NORMAL,False,2026-06-04T23:36:04.582019,0
-0.4222,NORMAL,False,2026-06-04T23:36:04.764511,0
-0.4219,NORMAL,False,2026-06-04T23:36:04.909963,0
-0.427,NORMAL,False,2026-06-04T23:36:05.064628,0
-0.4347,NORMAL,False,2026-06-04T23:36:05.214723,0
-0.4385,NORMAL,False,2026-06-04T23:36:05.379554,0
-0.4428,NORMAL,False,2026-06-04T23:36:05.535244,0
-0.442,NORMAL,False,2026-06-04T23:36:05.681596,0
-0.441,NORMAL,False,2026-06-04T23:36:05.827504,0
-0.4444,NORMAL,False,2026-06-04T23:36:05.972917,0
-0.4472,NORMAL,False,2026-06-04T23:36:06.136858,0
-0.4472,NORMAL,False,2026-06-04T23:36:06.291407,0
-0.4453,NORMAL,False,2026-06-04T23:36:06.442029,0
-0.4494,NORMAL,False,2026-06-04T23:36:06.599299,0
-0.4486,NORMAL,False,2026-06-04T23:36:06.748430,0
-0.4515,NORMAL,False,2026-06-04T23:36:06.894422,0
-0.4566,NORMAL,False,2026-06-04T23:36:07.044969,0
-0.4597,NORMAL,False,2026-06-04T23:36:07.189342,0
-0.4601,NORMAL,False,2026-06-04T23:36:07.342357,0
-0.461,NORMAL,False,2026-06-04T23:36:07.492711,0
-0.4599,NORMAL,False,2026-06-04T23:36:07.639730,0
-0.4592,NORMAL,False,2026-06-04T23:36:07.786645,0
-0.4522,NORMAL,False,2026-06-04T23:36:07.932867,0
-0.4502,NORMAL,False,2026-06-04T23:36:08.087518,0
-0.4553,NORMAL,False,2026-06-04T23:36:08.236922,0
-0.4518,NORMAL,False,2026-06-04T23:36:08.404731,0
-0.445,NORMAL,False,2026-06-04T23:36:08.555860,0
-0.4426,NORMAL,False,2026-06-04T23:36:08.703837,0
-0.444,NORMAL,False,2026-06-04T23:36:08.850745,0
-0.4408,NORMAL,False,2026-06-04T23:36:08.999892,0
-0.44,NORMAL,False,2026-06-04T23:36:09.150517,0
-0.4407,NORMAL,False,2026-06-04T23:36:09.298806,0
-0.4412,NORMAL,False,2026-06-04T23:36:09.445054,0
-0.4426,NORMAL,False,2026-06-04T23:36:09.591165,0
-0.4416,NORMAL,False,2026-06-04T23:36:09.740869,0
-0.4346,NORMAL,False,2026-06-04T23:36:09.891681,0
-0.4415,NORMAL,False,2026-06-04T23:36:10.037698,0
-0.446,NORMAL,False,2026-06-04T23:36:10.182448,0
-0.4397,NORMAL,False,2026-06-04T23:36:10.329770,0
-0.4414,NORMAL,False,2026-06-04T23:36:10.502363,0
-0.4452,NORMAL,False,2026-06-04T23:36:10.653457,0
-0.4576,NORMAL,False,2026-06-04T23:36:10.803497,0
-0.4575,NORMAL,False,2026-06-04T23:36:10.951933,0
-0.4437,NORMAL,False,2026-06-04T23:36:11.101662,0
-0.446,NORMAL,False,2026-06-04T23:36:11.246293,0
-0.4447,NORMAL,False,2026-06-04T23:36:11.410447,1
-0.4401,NORMAL,False,2026-06-04T23:36:11.555801,0
-0.4473,NORMAL,False,2026-06-04T23:36:11.702088,0
-0.4443,NORMAL,False,2026-06-04T23:36:11.846871,0
-0.4431,NORMAL,False,2026-06-04T23:36:11.997437,0
-0.4451,NORMAL,False,2026-06-04T23:36:12.149681,0
-0.4328,NORMAL,False,2026-06-04T23:36:12.317673,0
-0.4289,NORMAL,False,2026-06-04T23:36:12.469963,0
-0.4307,NORMAL,False,2026-06-04T23:36:12.628829,0
-0.4513,NORMAL,False,2026-06-04T23:36:12.796012,0
-0.4516,NORMAL,False,2026-06-04T23:36:12.951834,0
-0.4545,NORMAL,False,2026-06-04T23:36:13.108033,0
-0.4521,NORMAL,False,2026-06-04T23:36:13.272244,1
-0.4513,NORMAL,False,2026-06-04T23:36:13.435715,0
-0.4544,NORMAL,False,2026-06-04T23:36:13.588530,0
-0.4425,NORMAL,False,2026-06-04T23:36:13.744443,0
-0.4441,NORMAL,False,2026-06-04T23:36:13.900301,0
-0.4356,NORMAL,False,2026-06-04T23:36:14.052360,0
-0.4302,NORMAL,False,2026-06-04T23:36:14.206847,0
-0.4321,NORMAL,False,2026-06-04T23:36:14.358934,0
-0.4386,NORMAL,False,2026-06-04T23:36:14.530643,0
-0.4353,NORMAL,False,2026-06-04T23:36:14.682218,0
-0.4247,NORMAL,False,2026-06-04T23:36:14.831409,0
-0.4165,NORMAL,False,2026-06-04T23:36:14.990242,0
-0.4118,NORMAL,False,2026-06-04T23:36:15.143521,0
-0.4108,NORMAL,False,2026-06-04T23:36:15.290743,0
-0.4072,NORMAL,False,2026-06-04T23:36:15.438873,0
-0.4041,NORMAL,False,2026-06-04T23:36:15.592436,0
-0.4025,NORMAL,False,2026-06-04T23:36:15.742080,0
-0.4008,NORMAL,False,2026-06-04T23:36:15.894781,0
-0.4015,NORMAL,False,2026-06-04T23:36:16.051941,0
-0.4013,NORMAL,False,2026-06-04T23:36:16.200494,0
-0.4033,NORMAL,False,2026-06-04T23:36:16.351407,0
-0.3993,NORMAL,False,2026-06-04T23:36:16.499048,0
-0.3988,NORMAL,False,2026-06-04T23:36:16.645218,0
-0.4003,NORMAL,False,2026-06-04T23:36:16.791695,0
-0.3975,NORMAL,False,2026-06-04T23:36:16.943427,0
-0.398,NORMAL,False,2026-06-04T23:36:17.091006,0
-0.4005,NORMAL,False,2026-06-04T23:36:17.236789,0
-0.3994,NORMAL,False,2026-06-04T23:36:17.385601,0
-0.4011,NORMAL,False,2026-06-04T23:36:17.550548,0
-0.408,NORMAL,False,2026-06-04T23:36:17.702952,0
-0.4081,NORMAL,False,2026-06-04T23:36:17.848542,0
-0.4043,NORMAL,False,2026-06-04T23:36:17.997348,0
-0.4032,NORMAL,False,2026-06-04T23:36:18.144954,0
-0.4049,NORMAL,False,2026-06-04T23:36:18.292324,0
-0.4053,NORMAL,False,2026-06-04T23:36:18.445961,0
-0.4054,NORMAL,False,2026-06-04T23:36:18.591409,0
-0.4067,NORMAL,False,2026-06-04T23:36:18.743981,0
-0.4049,NORMAL,False,2026-06-04T23:36:18.890297,0
-0.4089,NORMAL,False,2026-06-04T23:36:19.036199,0
-0.4114,NORMAL,False,2026-06-04T23:36:19.186363,0
-0.4118,NORMAL,False,2026-06-04T23:36:19.354391,0
-0.4172,NORMAL,False,2026-06-04T23:36:19.508908,0
-0.4227,NORMAL,False,2026-06-04T23:36:19.654490,0
-0.426,NORMAL,False,2026-06-04T23:36:19.802161,0
-0.4257,NORMAL,False,2026-06-04T23:36:19.950526,0
-0.4385,NORMAL,False,2026-06-04T23:36:20.096795,0
-0.4476,NORMAL,False,2026-06-04T23:36:20.251457,0
-0.4513,NORMAL,False,2026-06-04T23:36:20.398271,0
-0.4457,NORMAL,False,2026-06-04T23:36:20.566512,0
-0.4452,NORMAL,False,2026-06-04T23:36:20.713306,0
-0.4368,NORMAL,False,2026-06-04T23:36:20.858836,0
-0.4344,NORMAL,False,2026-06-04T23:36:21.004329,0
-0.4425,NORMAL,False,2026-06-04T23:36:21.153885,0
-0.4382,NORMAL,False,2026-06-04T23:36:21.301062,0
-0.4303,NORMAL,False,2026-06-04T23:36:21.450293,0
-0.4288,NORMAL,False,2026-06-04T23:36:21.613798,0
-0.4361,NORMAL,False,2026-06-04T23:36:21.766970,0
-0.4335,NORMAL,False,2026-06-04T23:36:21.915315,0
-0.4306,NORMAL,False,2026-06-04T23:36:22.113142,0
-0.4295,NORMAL,False,2026-06-04T23:36:22.259426,0
-0.4304,NORMAL,False,2026-06-04T23:36:22.409153,0
-0.4289,NORMAL,False,2026-06-04T23:36:22.555125,0
-0.4353,NORMAL,False,2026-06-04T23:36:22.704807,0
-0.4363,NORMAL,False,2026-06-04T23:36:22.853799,0
-0.4351,NORMAL,False,2026-06-04T23:36:23.001770,0
-0.4336,NORMAL,False,2026-06-04T23:36:23.147177,0
-0.4295,NORMAL,False,2026-06-04T23:36:23.296794,0
-0.4265,NORMAL,False,2026-06-04T23:36:23.446943,0
-0.4254,NORMAL,False,2026-06-04T23:36:23.709266,0
-0.4238,NORMAL,False,2026-06-04T23:36:23.862851,0
-0.4273,NORMAL,False,2026-06-04T23:36:24.010067,0
-0.4258,NORMAL,False,2026-06-04T23:36:24.158722,0
-0.4149,NORMAL,False,2026-06-04T23:36:24.305832,0
-0.415,NORMAL,False,2026-06-04T23:36:24.451368,0
-0.4134,NORMAL,False,2026-06-04T23:36:24.598345,0
-0.4195,NORMAL,False,2026-06-04T23:36:24.751268,0
-0.4199,NORMAL,False,2026-06-04T23:36:24.936974,0
-0.4187,NORMAL,False,2026-06-04T23:36:25.090783,0
-0.422,NORMAL,False,2026-06-04T23:36:25.296354,0
-0.4203,NORMAL,False,2026-06-04T23:36:25.447119,0
-0.4208,NORMAL,False,2026-06-04T23:36:25.601355,0
-0.4238,NORMAL,False,2026-06-04T23:36:25.748192,0
-0.4256,NORMAL,False,2026-06-04T23:36:25.895709,0
-0.4271,NORMAL,False,2026-06-04T23:36:26.065221,0
-0.4242,NORMAL,False,2026-06-04T23:36:26.215221,0
-0.4254,NORMAL,False,2026-06-04T23:36:26.362154,0
-0.4295,NORMAL,False,2026-06-04T23:36:26.508899,0
-0.4287,NORMAL,False,2026-06-04T23:36:26.659768,0
-0.4258,NORMAL,False,2026-06-04T23:36:26.864443,0
-0.4289,NORMAL,False,2026-06-04T23:36:27.016490,0
-0.4304,NORMAL,False,2026-06-04T23:36:27.176100,0
-0.4361,NORMAL,False,2026-06-04T23:36:27.323126,0
-0.4324,NORMAL,False,2026-06-04T23:36:27.469933,0
-0.4387,NORMAL,False,2026-06-04T23:36:27.618635,0
-0.444,NORMAL,False,2026-06-04T23:36:27.767399,0
-0.4473,NORMAL,False,2026-06-04T23:36:27.913755,0
-0.4522,NORMAL,False,2026-06-04T23:36:28.062406,0
-0.4567,NORMAL,False,2026-06-04T23:36:28.240445,1
-0.4616,NORMAL,False,2026-06-04T23:36:28.470947,0
-0.4484,NORMAL,False,2026-06-04T23:36:28.616992,0
-0.4407,NORMAL,False,2026-06-04T23:36:28.762380,0
-0.4418,NORMAL,False,2026-06-04T23:36:28.908372,0
-0.4436,NORMAL,False,2026-06-04T23:36:29.060995,0
-0.4418,NORMAL,False,2026-06-04T23:36:29.214569,1
-0.4778,NORMAL,False,2026-06-04T23:36:29.360214,0
-0.4689,NORMAL,False,2026-06-04T23:36:29.505611,0
-0.4699,NORMAL,False,2026-06-04T23:36:29.656934,0
-0.4722,NORMAL,False,2026-06-04T23:36:29.807510,0
-0.4671,NORMAL,False,2026-06-04T23:36:29.970921,0
-0.4623,NORMAL,False,2026-06-04T23:36:30.120927,0
-0.4599,NORMAL,False,2026-06-04T23:36:30.268762,0
-0.4525,NORMAL,False,2026-06-04T23:36:30.416235,0
-0.4613,NORMAL,False,2026-06-04T23:36:30.564931,0
-0.461,NORMAL,False,2026-06-04T23:36:30.710460,0
-0.4563,NORMAL,False,2026-06-04T23:36:30.866916,0
-0.4587,NORMAL,False,2026-06-04T23:36:31.013453,0
-0.4589,NORMAL,False,2026-06-04T23:36:31.158829,0
-0.4619,NORMAL,False,2026-06-04T23:36:31.304629,0
-0.4594,NORMAL,False,2026-06-04T23:36:31.449466,1
-0.4514,NORMAL,False,2026-06-04T23:36:31.600687,0
-0.4515,NORMAL,False,2026-06-04T23:36:31.746857,0
-0.4498,NORMAL,False,2026-06-04T23:36:31.892371,0
-0.4522,NORMAL,False,2026-06-04T23:36:32.039142,0
-0.4485,NORMAL,False,2026-06-04T23:36:32.187817,0
-0.4362,NORMAL,False,2026-06-04T23:36:32.332974,0
-0.4382,NORMAL,False,2026-06-04T23:36:32.480561,0
-0.4383,NORMAL,False,2026-06-04T23:36:32.625181,0
-0.4378,NORMAL,False,2026-06-04T23:36:32.778232,0
-0.4373,NORMAL,False,2026-06-04T23:36:32.940368,0
-0.4401,NORMAL,False,2026-06-04T23:36:33.084742,0
-0.439,NORMAL,False,2026-06-04T23:36:33.229946,0
-0.439,NORMAL,False,2026-06-04T23:36:33.379718,0
-0.4388,NORMAL,False,2026-06-04T23:36:33.531822,0
-0.4368,NORMAL,False,2026-06-04T23:36:33.677562,0
-0.4364,NORMAL,False,2026-06-04T23:36:33.830780,0
-0.4363,NORMAL,False,2026-06-04T23:36:33.980834,0
-0.4342,NORMAL,False,2026-06-04T23:36:34.132937,0
-0.4353,NORMAL,False,2026-06-04T23:36:34.278127,0
-0.4344,NORMAL,False,2026-06-04T23:36:34.423457,0
-0.4357,NORMAL,False,2026-06-04T23:36:34.575040,0
-0.4349,NORMAL,False,2026-06-04T23:36:34.726084,0
-0.4407,NORMAL,False,2026-06-04T23:36:34.890539,0
-0.4398,NORMAL,False,2026-06-04T23:36:35.038827,0
-0.4893,NORMAL,False,2026-06-04T23:36:35.189242,0
-0.4893,NORMAL,False,2026-06-04T23:36:35.340164,0
-0.4935,NORMAL,False,2026-06-04T23:36:35.487189,0
-0.4977,NORMAL,False,2026-06-04T23:36:35.634708,0
-0.5001,LOW,False,2026-06-04T23:36:35.785604,0
-0.5041,LOW,False,2026-06-04T23:36:35.948414,0
-0.5131,LOW,False,2026-06-04T23:36:36.093753,0
-0.513,LOW,False,2026-06-04T23:36:36.241015,0
-0.5168,LOW,False,2026-06-04T23:36:36.391011,0
-0.5137,LOW,False,2026-06-04T23:36:36.536764,0
-0.497,NORMAL,False,2026-06-04T23:36:36.682973,0
-0.4859,NORMAL,False,2026-06-04T23:36:36.832891,0
-0.4821,NORMAL,False,2026-06-04T23:36:36.986686,0
-0.4892,NORMAL,False,2026-06-04T23:36:37.153529,0
-0.4924,NORMAL,False,2026-06-04T23:36:37.301403,0
-0.4872,NORMAL,False,2026-06-04T23:36:37.447847,0
-0.4903,NORMAL,False,2026-06-04T23:36:37.601331,0
-0.4834,NORMAL,False,2026-06-04T23:36:37.748155,0
-0.4835,NORMAL,False,2026-06-04T23:36:37.893603,0
-0.483,NORMAL,False,2026-06-04T23:36:38.039722,0
-0.4852,NORMAL,False,2026-06-04T23:36:38.187740,0
-0.4862,NORMAL,False,2026-06-04T23:36:38.334379,0
-0.4809,NORMAL,False,2026-06-04T23:36:38.485342,0
-0.4777,NORMAL,False,2026-06-04T23:36:38.629887,0
-0.4742,NORMAL,False,2026-06-04T23:36:38.781897,0
-0.4725,NORMAL,False,2026-06-04T23:36:38.944436,0
-0.4705,NORMAL,False,2026-06-04T23:36:39.097186,0
-0.4691,NORMAL,False,2026-06-04T23:36:39.251522,0
-0.4687,NORMAL,False,2026-06-04T23:36:39.405738,0
-0.4619,NORMAL,False,2026-06-04T23:36:39.551743,0
-0.459,NORMAL,False,2026-06-04T23:36:39.701069,0
-0.4594,NORMAL,False,2026-06-04T23:36:39.850485,0
-0.4671,NORMAL,False,2026-06-04T23:36:40.002197,0
-0.4632,NORMAL,False,2026-06-04T23:36:40.149513,0
-0.4665,NORMAL,False,2026-06-04T23:36:40.298984,0
-0.4655,NORMAL,False,2026-06-04T23:36:40.448483,0
-0.4678,NORMAL,False,2026-06-04T23:36:40.602161,0
-0.4706,NORMAL,False,2026-06-04T23:36:40.758715,1
-0.4621,NORMAL,False,2026-06-04T23:36:40.904559,0
-0.4667,NORMAL,False,2026-06-04T23:36:41.057737,0
-0.4662,NORMAL,False,2026-06-04T23:36:41.208054,0
-0.4707,NORMAL,False,2026-06-04T23:36:41.358930,0
-0.4658,NORMAL,False,2026-06-04T23:36:41.519479,0
-0.4645,NORMAL,False,2026-06-04T23:36:41.668694,0
-0.4683,NORMAL,False,2026-06-04T23:36:41.814308,0
-0.4642,NORMAL,False,2026-06-04T23:36:41.977795,0
-0.4604,NORMAL,False,2026-06-04T23:36:42.124349,0
-0.4634,NORMAL,False,2026-06-04T23:36:42.281380,0
-0.4674,NORMAL,False,2026-06-04T23:36:42.432710,0
-0.4624,NORMAL,False,2026-06-04T23:36:42.579314,0
-0.437,NORMAL,False,2026-06-04T23:36:42.728178,0
-0.4386,NORMAL,False,2026-06-04T23:36:42.885813,0
-0.4419,NORMAL,False,2026-06-04T23:36:43.031370,0
-0.4391,NORMAL,False,2026-06-04T23:36:43.177068,0
-0.4364,NORMAL,False,2026-06-04T23:36:43.327408,0
-0.4359,NORMAL,False,2026-06-04T23:36:43.474880,0
-0.4367,NORMAL,False,2026-06-04T23:36:43.630036,0
-0.4372,NORMAL,False,2026-06-04T23:36:43.789414,0
-0.4362,NORMAL,False,2026-06-04T23:36:43.939106,0
-0.436,NORMAL,False,2026-06-04T23:36:44.087546,0
-0.4311,NORMAL,False,2026-06-04T23:36:44.236482,0
-0.4336,NORMAL,False,2026-06-04T23:36:44.384171,0
-0.4359,NORMAL,False,2026-06-04T23:36:44.532141,0
-0.4332,NORMAL,False,2026-06-04T23:36:44.683480,0
-0.4333,NORMAL,False,2026-06-04T23:36:44.828972,0
-0.4323,NORMAL,False,2026-06-04T23:36:44.991808,0
-0.43,NORMAL,False,2026-06-04T23:36:45.144942,0
-0.4306,NORMAL,False,2026-06-04T23:36:45.294292,0
-0.4334,NORMAL,False,2026-06-04T23:36:45.440312,0
-0.4326,NORMAL,False,2026-06-04T23:36:45.585378,0
-0.4324,NORMAL,False,2026-06-04T23:36:45.735696,0
-0.4279,NORMAL,False,2026-06-04T23:36:45.888896,0
-0.4277,NORMAL,False,2026-06-04T23:36:46.037115,0
-0.4367,NORMAL,False,2026-06-04T23:36:46.182414,0
-0.4478,NORMAL,False,2026-06-04T23:36:46.355172,0
-0.444,NORMAL,False,2026-06-04T23:36:46.501541,0
-0.4515,NORMAL,False,2026-06-04T23:36:46.647004,0
-0.4519,NORMAL,False,2026-06-04T23:36:46.792831,0
-0.4549,NORMAL,False,2026-06-04T23:36:46.945061,0
-0.4403,NORMAL,False,2026-06-04T23:36:47.096169,0
-0.4473,NORMAL,False,2026-06-04T23:36:47.244591,0
-0.4488,NORMAL,False,2026-06-04T23:36:47.389869,0
-0.4512,NORMAL,False,2026-06-04T23:36:47.540528,0
-0.4478,NORMAL,False,2026-06-04T23:36:47.688367,0
-0.4474,NORMAL,False,2026-06-04T23:36:47.834873,0
-0.4493,NORMAL,False,2026-06-04T23:36:47.999833,0
-0.4242,NORMAL,False,2026-06-04T23:36:48.149598,0
-0.43,NORMAL,False,2026-06-04T23:36:48.296877,0
-0.4272,NORMAL,False,2026-06-04T23:36:48.442127,0
-0.4176,NORMAL,False,2026-06-04T23:36:48.586509,0
-0.4128,NORMAL,False,2026-06-04T23:36:48.739932,0
-0.422,NORMAL,False,2026-06-04T23:36:48.894492,0
-0.4185,NORMAL,False,2026-06-04T23:36:49.039591,0
-0.4107,NORMAL,False,2026-06-04T23:36:49.188539,0
-0.4126,NORMAL,False,2026-06-04T23:36:49.338527,0
-0.4165,NORMAL,False,2026-06-04T23:36:49.485626,0
-0.4703,NORMAL,False,2026-06-04T23:36:49.631697,1
-0.4703,NORMAL,False,2026-06-04T23:36:49.777819,0
-0.4732,NORMAL,False,2026-06-04T23:36:49.928955,0
-0.4727,NORMAL,False,2026-06-04T23:36:50.080260,0
-0.4751,NORMAL,False,2026-06-04T23:36:50.228092,0
-0.4755,NORMAL,False,2026-06-04T23:36:50.381319,0
-0.4767,NORMAL,False,2026-06-04T23:36:50.538850,0
-0.4738,NORMAL,False,2026-06-04T23:36:50.684955,0
-0.4775,NORMAL,False,2026-06-04T23:36:50.829732,0
-0.4805,NORMAL,False,2026-06-04T23:36:50.993636,0
-0.4748,NORMAL,False,2026-06-04T23:36:51.143178,0
-0.4836,NORMAL,False,2026-06-04T23:36:51.291851,0
-0.4812,NORMAL,False,2026-06-04T23:36:51.452186,0
-0.4786,NORMAL,False,2026-06-04T23:36:51.598610,0
-0.4948,NORMAL,False,2026-06-04T23:36:51.750202,0
-0.5036,LOW,False,2026-06-04T23:36:51.897394,0
-0.5038,LOW,False,2026-06-04T23:36:52.045208,0
-0.5056,LOW,False,2026-06-04T23:36:52.190623,0
-0.5119,LOW,False,2026-06-04T23:36:52.339131,0
-0.5073,LOW,False,2026-06-04T23:36:52.486759,1
-0.5077,LOW,False,2026-06-04T23:36:52.633933,0
-0.5108,LOW,False,2026-06-04T23:36:52.779294,0
-0.5084,LOW,False,2026-06-04T23:36:52.924069,0
-0.5026,LOW,False,2026-06-04T23:36:53.106268,0
-0.5089,LOW,False,2026-06-04T23:36:53.283119,0
-0.5151,LOW,False,2026-06-04T23:36:53.448323,0
-0.5208,MEDIUM,True,2026-06-04T23:36:53.603546,0
-0.5317,MEDIUM,True,2026-06-04T23:36:54.090942,0
-0.5245,MEDIUM,True,2026-06-04T23:36:55.575051,0
-0.5174,LOW,False,2026-06-04T23:36:56.017481,0
-0.5119,LOW,False,2026-06-04T23:36:56.165377,0
-0.5074,LOW,False,2026-06-04T23:36:56.314045,0
-0.5115,LOW,False,2026-06-04T23:36:56.462906,0
-0.5055,LOW,False,2026-06-04T23:36:56.680772,0
-0.5045,LOW,False,2026-06-04T23:36:56.828943,0
-0.5116,LOW,False,2026-06-04T23:36:56.976170,0
-0.5076,LOW,False,2026-06-04T23:36:57.136782,0
-0.5022,LOW,False,2026-06-04T23:36:57.289787,0
-0.5018,LOW,False,2026-06-04T23:36:57.436356,0
-0.4953,NORMAL,False,2026-06-04T23:36:57.581482,0
-0.499,NORMAL,False,2026-06-04T23:36:57.733180,0
-0.4934,NORMAL,False,2026-06-04T23:36:57.885320,0
-0.4972,NORMAL,False,2026-06-04T23:36:58.033891,0
-0.4847,NORMAL,False,2026-06-04T23:36:58.273585,0
-0.4793,NORMAL,False,2026-06-04T23:36:58.421958,0
-0.4772,NORMAL,False,2026-06-04T23:36:58.605218,0
-0.4735,NORMAL,False,2026-06-04T23:36:58.750474,0
-0.471,NORMAL,False,2026-06-04T23:36:58.895576,0
-0.471,NORMAL,False,2026-06-04T23:36:59.040392,0
-0.4627,NORMAL,False,2026-06-04T23:36:59.211942,0
-0.4156,NORMAL,False,2026-06-04T23:36:59.369740,0
-0.4134,NORMAL,False,2026-06-04T23:36:59.520796,0
-0.4177,NORMAL,False,2026-06-04T23:36:59.668408,0
-0.4124,NORMAL,False,2026-06-04T23:36:59.893004,0
-0.4113,NORMAL,False,2026-06-04T23:37:00.050262,0
-0.4128,NORMAL,False,2026-06-04T23:37:00.196315,0
-0.4112,NORMAL,False,2026-06-04T23:37:00.345864,0
-0.4064,NORMAL,False,2026-06-04T23:37:00.497052,0
-0.4067,NORMAL,False,2026-06-04T23:37:00.644148,0
-0.4068,NORMAL,False,2026-06-04T23:37:00.790451,0
-0.4067,NORMAL,False,2026-06-04T23:37:00.936835,0
-0.3977,NORMAL,False,2026-06-04T23:37:01.087109,0
-0.4004,NORMAL,False,2026-06-04T23:37:01.240226,0
-0.3989,NORMAL,False,2026-06-04T23:37:01.391482,0
-0.4042,NORMAL,False,2026-06-04T23:37:01.550426,0
-0.4053,NORMAL,False,2026-06-04T23:37:01.702253,0
-0.4071,NORMAL,False,2026-06-04T23:37:01.851784,0
-0.4085,NORMAL,False,2026-06-04T23:37:01.996747,0
-0.4096,NORMAL,False,2026-06-04T23:37:02.141521,0
-0.4128,NORMAL,False,2026-06-04T23:37:02.307350,0
-0.4177,NORMAL,False,2026-06-04T23:37:02.463969,0
-0.424,NORMAL,False,2026-06-04T23:37:02.609486,0
-0.4196,NORMAL,False,2026-06-04T23:37:02.759386,0
-0.4204,NORMAL,False,2026-06-04T23:37:02.912889,0
-0.4269,NORMAL,False,2026-06-04T23:37:03.059184,0
-0.4208,NORMAL,False,2026-06-04T23:37:03.204795,0
-0.4266,NORMAL,False,2026-06-04T23:37:03.349686,0
-0.4253,NORMAL,False,2026-06-04T23:37:03.500644,0
-0.4233,NORMAL,False,2026-06-04T23:37:03.649857,0
-0.4254,NORMAL,False,2026-06-04T23:37:03.986415,0
-0.4229,NORMAL,False,2026-06-04T23:37:04.150474,0
-0.431,NORMAL,False,2026-06-04T23:37:04.303340,0
-0.4303,NORMAL,False,2026-06-04T23:37:04.453678,0
-0.4336,NORMAL,False,2026-06-04T23:37:04.603783,0
-0.4358,NORMAL,False,2026-06-04T23:37:04.750598,0
-0.4181,NORMAL,False,2026-06-04T23:37:04.896861,0
-0.4245,NORMAL,False,2026-06-04T23:37:05.048427,0
-0.4096,NORMAL,False,2026-06-04T23:37:05.202830,0
-0.409,NORMAL,False,2026-06-04T23:37:05.353317,0
-0.4117,NORMAL,False,2026-06-04T23:37:05.516804,0
-0.4136,NORMAL,False,2026-06-04T23:37:05.663545,0
-0.4071,NORMAL,False,2026-06-04T23:37:05.810862,0
-0.4249,NORMAL,False,2026-06-04T23:37:05.956961,0
-0.4309,NORMAL,False,2026-06-04T23:37:06.103670,0
-0.4303,NORMAL,False,2026-06-04T23:37:06.262858,0
-0.4306,NORMAL,False,2026-06-04T23:37:06.420100,0
-0.4338,NORMAL,False,2026-06-04T23:37:06.565260,0
-0.4335,NORMAL,False,2026-06-04T23:37:06.711648,0
-0.4379,NORMAL,False,2026-06-04T23:37:06.859084,0
-0.4313,NORMAL,False,2026-06-04T23:37:07.015666,0
-0.4301,NORMAL,False,2026-06-04T23:37:07.161130,0
-0.4326,NORMAL,False,2026-06-04T23:37:07.306202,0
-0.431,NORMAL,False,2026-06-04T23:37:07.454391,0
-0.4382,NORMAL,False,2026-06-04T23:37:07.605832,0
-0.4404,NORMAL,False,2026-06-04T23:37:07.752247,0
-0.4425,NORMAL,False,2026-06-04T23:37:07.897191,0
-0.4464,NORMAL,False,2026-06-04T23:37:08.046066,0
-0.4503,NORMAL,False,2026-06-04T23:37:08.197611,0
-0.4472,NORMAL,False,2026-06-04T23:37:08.343636,0
-0.4481,NORMAL,False,2026-06-04T23:37:08.525051,0
-0.4237,NORMAL,False,2026-06-04T23:37:08.675012,0
-0.4309,NORMAL,False,2026-06-04T23:37:08.822086,0
-0.4328,NORMAL,False,2026-06-04T23:37:08.968366,0
-0.4292,NORMAL,False,2026-06-04T23:37:09.119826,0
-0.428,NORMAL,False,2026-06-04T23:37:09.269127,0
-0.4268,NORMAL,False,2026-06-04T23:37:09.417856,0
-0.4251,NORMAL,False,2026-06-04T23:37:09.563739,0
-0.4224,NORMAL,False,2026-06-04T23:37:09.708947,0
-0.4125,NORMAL,False,2026-06-04T23:37:09.858522,0
-0.4115,NORMAL,False,2026-06-04T23:37:10.007630,0
-0.4084,NORMAL,False,2026-06-04T23:37:10.154618,0
-0.4068,NORMAL,False,2026-06-04T23:37:10.299221,0
-0.4036,NORMAL,False,2026-06-04T23:37:10.444778,0
-0.4006,NORMAL,False,2026-06-04T23:37:10.591810,0
-0.3959,NORMAL,False,2026-06-04T23:37:10.747295,0
-0.3987,NORMAL,False,2026-06-04T23:37:10.898097,0
-0.3997,NORMAL,False,2026-06-04T23:37:11.046688,0
-0.397,NORMAL,False,2026-06-04T23:37:11.196639,0
-0.3992,NORMAL,False,2026-06-04T23:37:11.340643,0
-0.4023,NORMAL,False,2026-06-04T23:37:11.503672,0
-0.4048,NORMAL,False,2026-06-04T23:37:11.651357,0
-0.4039,NORMAL,False,2026-06-04T23:37:11.798173,0
-0.4056,NORMAL,False,2026-06-04T23:37:11.944365,0
-0.3997,NORMAL,False,2026-06-04T23:37:12.094155,0
-0.4034,NORMAL,False,2026-06-04T23:37:12.245567,0
-0.4149,NORMAL,False,2026-06-04T23:37:12.411956,0
-0.4263,NORMAL,False,2026-06-04T23:37:12.560755,0
-0.4281,NORMAL,False,2026-06-04T23:37:12.707846,0
-0.4166,NORMAL,False,2026-06-04T23:37:12.871299,0
-0.4165,NORMAL,False,2026-06-04T23:37:13.018299,0
-0.4698,NORMAL,False,2026-06-04T23:37:13.164785,1
-0.4691,NORMAL,False,2026-06-04T23:37:13.311792,0
-0.466,NORMAL,False,2026-06-04T23:37:13.467862,0
-0.4673,NORMAL,False,2026-06-04T23:37:13.617004,0
-0.4733,NORMAL,False,2026-06-04T23:37:13.762489,0
-0.474,NORMAL,False,2026-06-04T23:37:13.908873,0
-0.4631,NORMAL,False,2026-06-04T23:37:14.058898,0
-0.467,NORMAL,False,2026-06-04T23:37:14.209101,0
-0.4704,NORMAL,False,2026-06-04T23:37:14.354727,0
-0.4719,NORMAL,False,2026-06-04T23:37:14.518588,0
-0.4719,NORMAL,False,2026-06-04T23:37:14.670155,0
-0.4691,NORMAL,False,2026-06-04T23:37:14.815101,0
-0.4754,NORMAL,False,2026-06-04T23:37:14.961170,0
-0.475,NORMAL,False,2026-06-04T23:37:15.126080,0
-0.4761,NORMAL,False,2026-06-04T23:37:15.286862,0
-0.4724,NORMAL,False,2026-06-04T23:37:15.462172,0
-0.4744,NORMAL,False,2026-06-04T23:37:15.609952,0
-0.474,NORMAL,False,2026-06-04T23:37:15.761536,0
-0.465,NORMAL,False,2026-06-04T23:37:15.908122,0
-0.4788,NORMAL,False,2026-06-04T23:37:16.053718,0
-0.4722,NORMAL,False,2026-06-04T23:37:16.198390,0
-0.4783,NORMAL,False,2026-06-04T23:37:16.349138,0
-0.4764,NORMAL,False,2026-06-04T23:37:16.494572,0
-0.4796,NORMAL,False,2026-06-04T23:37:16.640902,0
-0.4809,NORMAL,False,2026-06-04T23:37:16.789457,0
-0.477,NORMAL,False,2026-06-04T23:37:16.941588,0
-0.478,NORMAL,False,2026-06-04T23:37:17.090596,0
-0.4767,NORMAL,False,2026-06-04T23:37:17.235000,0
-0.4774,NORMAL,False,2026-06-04T23:37:17.409762,0
-0.4823,NORMAL,False,2026-06-04T23:37:17.576480,0
-0.4883,NORMAL,False,2026-06-04T23:37:17.722128,0
-0.5049,LOW,False,2026-06-04T23:37:17.867906,0
-0.5041,LOW,False,2026-06-04T23:37:18.014292,0
-0.5017,LOW,False,2026-06-04T23:37:18.163830,0
-0.4995,NORMAL,False,2026-06-04T23:37:18.309242,0
-0.5169,LOW,False,2026-06-04T23:37:18.457397,0
-0.5168,LOW,False,2026-06-04T23:37:18.602666,0
-0.5173,LOW,False,2026-06-04T23:37:18.752258,0
-0.5127,LOW,False,2026-06-04T23:37:18.928438,0
-0.5112,LOW,False,2026-06-04T23:37:19.073110,0
-0.5154,LOW,False,2026-06-04T23:37:19.231703,0
-0.5199,LOW,False,2026-06-04T23:37:19.377717,0
-0.517,LOW,False,2026-06-04T23:37:19.523809,0
-0.5178,LOW,False,2026-06-04T23:37:19.672344,0
-0.5171,LOW,False,2026-06-04T23:37:19.824201,0
-0.5124,LOW,False,2026-06-04T23:37:19.974410,0
-0.5131,LOW,False,2026-06-04T23:37:20.120157,0
-0.5098,LOW,False,2026-06-04T23:37:20.266581,0
-0.5103,LOW,False,2026-06-04T23:37:20.414228,0
-0.5149,LOW,False,2026-06-04T23:37:20.579850,0
-0.4724,NORMAL,False,2026-06-04T23:37:20.725566,0
-0.4691,NORMAL,False,2026-06-04T23:37:20.872847,0
-0.4744,NORMAL,False,2026-06-04T23:37:21.025778,0
-0.4724,NORMAL,False,2026-06-04T23:37:21.172523,0
-0.4764,NORMAL,False,2026-06-04T23:37:21.319540,0
-0.4675,NORMAL,False,2026-06-04T23:37:21.468806,0
-0.4836,NORMAL,False,2026-06-04T23:37:21.623331,0
-0.4797,NORMAL,False,2026-06-04T23:37:21.788603,0
-0.4804,NORMAL,False,2026-06-04T23:37:21.936237,0
-0.4826,NORMAL,False,2026-06-04T23:37:22.084445,0
-0.4817,NORMAL,False,2026-06-04T23:37:22.236465,0
-0.4768,NORMAL,False,2026-06-04T23:37:22.385054,0
-0.4727,NORMAL,False,2026-06-04T23:37:22.532554,0
-0.4766,NORMAL,False,2026-06-04T23:37:22.678847,0
-0.4721,NORMAL,False,2026-06-04T23:37:22.828734,0
-0.4766,NORMAL,False,2026-06-04T23:37:22.978678,0
-0.4758,NORMAL,False,2026-06-04T23:37:23.134066,0
-0.4759,NORMAL,False,2026-06-04T23:37:23.279163,0
-0.4751,NORMAL,False,2026-06-04T23:37:23.438379,0
-0.4708,NORMAL,False,2026-06-04T23:37:23.608518,0
-0.4706,NORMAL,False,2026-06-04T23:37:23.755348,0
-0.4838,NORMAL,False,2026-06-04T23:37:23.902684,0
-0.4863,NORMAL,False,2026-06-04T23:37:24.079787,0
-0.4823,NORMAL,False,2026-06-04T23:37:24.225446,0
-0.4806,NORMAL,False,2026-06-04T23:37:24.372375,0
-0.3942,NORMAL,False,2026-06-04T23:37:24.537545,0
-0.3929,NORMAL,False,2026-06-04T23:37:24.705319,0
-0.3944,NORMAL,False,2026-06-04T23:37:24.851584,0
-0.3961,NORMAL,False,2026-06-04T23:37:25.001359,0
-0.3973,NORMAL,False,2026-06-04T23:37:25.149050,0
-0.4072,NORMAL,False,2026-06-04T23:37:25.294394,0
-0.4106,NORMAL,False,2026-06-04T23:37:25.440958,0
-0.4082,NORMAL,False,2026-06-04T23:37:25.592300,0
-0.4053,NORMAL,False,2026-06-04T23:37:25.741613,0
-0.4039,NORMAL,False,2026-06-04T23:37:25.887677,0
-0.4041,NORMAL,False,2026-06-04T23:37:26.032770,0
-0.4047,NORMAL,False,2026-06-04T23:37:26.181573,0
-0.4019,NORMAL,False,2026-06-04T23:37:26.329448,0
-0.4096,NORMAL,False,2026-06-04T23:37:26.473907,0
-0.4117,NORMAL,False,2026-06-04T23:37:26.643304,0
-0.4128,NORMAL,False,2026-06-04T23:37:26.798614,0
-0.4161,NORMAL,False,2026-06-04T23:37:26.946759,0
-0.4217,NORMAL,False,2026-06-04T23:37:27.092488,0
-0.4257,NORMAL,False,2026-06-04T23:37:27.236536,0
-0.431,NORMAL,False,2026-06-04T23:37:27.390167,0
-0.429,NORMAL,False,2026-06-04T23:37:27.537480,0
-0.4294,NORMAL,False,2026-06-04T23:37:27.684980,1
-0.4391,NORMAL,False,2026-06-04T23:37:27.832003,0
-0.4363,NORMAL,False,2026-06-04T23:37:27.982482,0
-0.446,NORMAL,False,2026-06-04T23:37:28.130235,0
-0.4454,NORMAL,False,2026-06-04T23:37:28.275922,0
-0.4427,NORMAL,False,2026-06-04T23:37:28.506746,0
-0.4518,NORMAL,False,2026-06-04T23:37:28.686173,0
-0.4492,NORMAL,False,2026-06-04T23:37:28.854660,0
-0.4488,NORMAL,False,2026-06-04T23:37:29.000074,0
-0.4453,NORMAL,False,2026-06-04T23:37:29.146396,0
-0.4406,NORMAL,False,2026-06-04T23:37:29.293760,0
-0.4396,NORMAL,False,2026-06-04T23:37:29.592954,0
-0.4375,NORMAL,False,2026-06-04T23:37:29.739204,0
-0.4432,NORMAL,False,2026-06-04T23:37:29.905535,0
-0.4458,NORMAL,False,2026-06-04T23:37:30.051845,0
-0.447,NORMAL,False,2026-06-04T23:37:30.203405,0
-0.4476,NORMAL,False,2026-06-04T23:37:30.354754,0
-0.4453,NORMAL,False,2026-06-04T23:37:30.501300,0
-0.4402,NORMAL,False,2026-06-04T23:37:30.647673,0
-0.4344,NORMAL,False,2026-06-04T23:37:30.847613,0
-0.4292,NORMAL,False,2026-06-04T23:37:30.996153,0
-0.4253,NORMAL,False,2026-06-04T23:37:31.141728,0
-0.4154,NORMAL,False,2026-06-04T23:37:31.287735,0
-0.4174,NORMAL,False,2026-06-04T23:37:31.440270,0
-0.4336,NORMAL,False,2026-06-04T23:37:31.624167,0
-0.4464,NORMAL,False,2026-06-04T23:37:31.769377,0
-0.4434,NORMAL,False,2026-06-04T23:37:31.913494,0
-0.4313,NORMAL,False,2026-06-04T23:37:32.061852,0
-0.4286,NORMAL,False,2026-06-04T23:37:32.213023,0
-0.4109,NORMAL,False,2026-06-04T23:37:32.448923,0
-0.4095,NORMAL,False,2026-06-04T23:37:32.593792,1
-0.4096,NORMAL,False,2026-06-04T23:37:32.739329,0
-0.4134,NORMAL,False,2026-06-04T23:37:32.888201,0
-0.4156,NORMAL,False,2026-06-04T23:37:33.056671,0
-0.4184,NORMAL,False,2026-06-04T23:37:33.200812,0
-0.4246,NORMAL,False,2026-06-04T23:37:33.350415,0
-0.4294,NORMAL,False,2026-06-04T23:37:33.496200,0
-0.4323,NORMAL,False,2026-06-04T23:37:33.644645,0
-0.4264,NORMAL,False,2026-06-04T23:37:33.790583,0
-0.4327,NORMAL,False,2026-06-04T23:37:33.934660,0
-0.4334,NORMAL,False,2026-06-04T23:37:34.080713,0
-0.4314,NORMAL,False,2026-06-04T23:37:34.230774,0
-0.4236,NORMAL,False,2026-06-04T23:37:34.378267,0
-0.4221,NORMAL,False,2026-06-04T23:37:34.524566,0
-0.4113,NORMAL,False,2026-06-04T23:37:34.670611,0
-0.4044,NORMAL,False,2026-06-04T23:37:34.818893,0
-0.4012,NORMAL,False,2026-06-04T23:37:34.971949,0
-0.3965,NORMAL,False,2026-06-04T23:37:35.117436,0
-0.394,NORMAL,False,2026-06-04T23:37:35.262307,0
-0.3934,NORMAL,False,2026-06-04T23:37:35.415189,0
-0.3887,NORMAL,False,2026-06-04T23:37:35.570086,0
-0.3892,NORMAL,False,2026-06-04T23:37:35.718957,0
-0.3929,NORMAL,False,2026-06-04T23:37:35.865124,0
-0.3912,NORMAL,False,2026-06-04T23:37:36.035528,0
-0.3911,NORMAL,False,2026-06-04T23:37:36.179608,0
-0.3899,NORMAL,False,2026-06-04T23:37:36.325081,0
-0.3879,NORMAL,False,2026-06-04T23:37:36.472547,0
-0.3889,NORMAL,False,2026-06-04T23:37:36.618974,0
-0.3902,NORMAL,False,2026-06-04T23:37:36.766735,0
-0.3914,NORMAL,False,2026-06-04T23:37:36.914164,0
-0.3939,NORMAL,False,2026-06-04T23:37:37.065646,0
-0.3962,NORMAL,False,2026-06-04T23:37:37.212151,0
-0.3966,NORMAL,False,2026-06-04T23:37:37.369099,0
-0.4064,NORMAL,False,2026-06-04T23:37:37.515679,0
-0.4081,NORMAL,False,2026-06-04T23:37:37.667394,0
-0.416,NORMAL,False,2026-06-04T23:37:37.813057,0
-0.4222,NORMAL,False,2026-06-04T23:37:37.964128,0
-0.428,NORMAL,False,2026-06-04T23:37:38.110557,0
-0.4231,NORMAL,False,2026-06-04T23:37:38.260376,0
-0.4052,NORMAL,False,2026-06-04T23:37:38.408462,0
-0.4015,NORMAL,False,2026-06-04T23:37:38.555892,0
-0.4044,NORMAL,False,2026-06-04T23:37:38.703198,0
-0.4132,NORMAL,False,2026-06-04T23:37:38.848408,0
-0.4224,NORMAL,False,2026-06-04T23:37:39.013985,0
-0.451,NORMAL,False,2026-06-04T23:37:39.163959,0
-0.4578,NORMAL,False,2026-06-04T23:37:39.309683,0
-0.4542,NORMAL,False,2026-06-04T23:37:39.455945,0
-0.4437,NORMAL,False,2026-06-04T23:37:39.601256,0
-0.4458,NORMAL,False,2026-06-04T23:37:39.752681,0
-0.4423,NORMAL,False,2026-06-04T23:37:39.935379,0
-0.4369,NORMAL,False,2026-06-04T23:37:40.092567,0
-0.433,NORMAL,False,2026-06-04T23:37:40.245745,0
-0.4375,NORMAL,False,2026-06-04T23:37:40.396086,0
-0.4387,NORMAL,False,2026-06-04T23:37:40.541573,0
-0.4697,NORMAL,False,2026-06-04T23:37:40.691563,0
-0.475,NORMAL,False,2026-06-04T23:37:40.840255,0
-0.4798,NORMAL,False,2026-06-04T23:37:40.986950,0
-0.4931,NORMAL,False,2026-06-04T23:37:41.133221,0
-0.4919,NORMAL,False,2026-06-04T23:37:41.280410,0
-0.489,NORMAL,False,2026-06-04T23:37:41.428561,0
-0.4702,NORMAL,False,2026-06-04T23:37:41.577079,0
-0.4966,NORMAL,False,2026-06-04T23:37:41.724145,0
-0.4965,NORMAL,False,2026-06-04T23:37:41.871657,0
-0.4829,NORMAL,False,2026-06-04T23:37:42.039053,0
-0.4786,NORMAL,False,2026-06-04T23:37:42.193412,0
-0.4788,NORMAL,False,2026-06-04T23:37:42.338392,0
-0.48,NORMAL,False,2026-06-04T23:37:42.514005,0
-0.4777,NORMAL,False,2026-06-04T23:37:42.662099,0
-0.4738,NORMAL,False,2026-06-04T23:37:42.807245,0
-0.4741,NORMAL,False,2026-06-04T23:37:42.956822,0
-0.4701,NORMAL,False,2026-06-04T23:37:43.110028,0
-0.4698,NORMAL,False,2026-06-04T23:37:43.254970,0
-0.4705,NORMAL,False,2026-06-04T23:37:43.403088,0
-0.4775,NORMAL,False,2026-06-04T23:37:43.547834,0
-0.4789,NORMAL,False,2026-06-04T23:37:43.695831,0
-0.4738,NORMAL,False,2026-06-04T23:37:43.846825,0
-0.4678,NORMAL,False,2026-06-04T23:37:43.992361,0
-0.4678,NORMAL,False,2026-06-04T23:37:44.138294,0
-0.4657,NORMAL,False,2026-06-04T23:37:44.286708,0
-0.4669,NORMAL,False,2026-06-04T23:37:44.436187,0
-0.4656,NORMAL,False,2026-06-04T23:37:44.582047,0
-0.4636,NORMAL,False,2026-06-04T23:37:44.728245,0
-0.4652,NORMAL,False,2026-06-04T23:37:44.879617,0
-0.4636,NORMAL,False,2026-06-04T23:37:45.050825,0
-0.471,NORMAL,False,2026-06-04T23:37:45.197299,1
-0.4684,NORMAL,False,2026-06-04T23:37:45.347766,0
-0.4679,NORMAL,False,2026-06-04T23:37:45.494991,0
-0.4658,NORMAL,False,2026-06-04T23:37:45.646079,0
-0.4706,NORMAL,False,2026-06-04T23:37:45.792210,0
-0.4743,NORMAL,False,2026-06-04T23:37:45.942204,0
-0.4707,NORMAL,False,2026-06-04T23:37:46.089382,1
-0.4709,NORMAL,False,2026-06-04T23:37:46.243312,0
-0.4713,NORMAL,False,2026-06-04T23:37:46.413920,0
-0.4748,NORMAL,False,2026-06-04T23:37:46.589959,0
-0.4756,NORMAL,False,2026-06-04T23:37:46.743513,0
-0.476,NORMAL,False,2026-06-04T23:37:46.888768,0
-0.4843,NORMAL,False,2026-06-04T23:37:47.034175,0
-0.4841,NORMAL,False,2026-06-04T23:37:47.184702,0
-0.4681,NORMAL,False,2026-06-04T23:37:47.331520,0
-0.4709,NORMAL,False,2026-06-04T23:37:47.478234,0
-0.4624,NORMAL,False,2026-06-04T23:37:47.626244,0
-0.457,NORMAL,False,2026-06-04T23:37:47.777186,0
-0.4536,NORMAL,False,2026-06-04T23:37:47.931420,0
-0.5128,LOW,False,2026-06-04T23:37:48.095907,1
-0.512,LOW,False,2026-06-04T23:37:48.242427,0
-0.5155,LOW,False,2026-06-04T23:37:48.395073,0
-0.5157,LOW,False,2026-06-04T23:37:48.542260,0
-0.514,LOW,False,2026-06-04T23:37:48.688265,0
-0.5033,LOW,False,2026-06-04T23:37:48.845728,0
-0.5011,LOW,False,2026-06-04T23:37:48.994237,0
-0.5042,LOW,False,2026-06-04T23:37:49.141242,0
-0.5131,LOW,False,2026-06-04T23:37:49.287448,0
-0.5142,LOW,False,2026-06-04T23:37:49.433533,0
-0.5121,LOW,False,2026-06-04T23:37:49.580921,0
-0.5206,MEDIUM,True,2026-06-04T23:37:49.729794,0
-0.5136,LOW,False,2026-06-04T23:37:50.410336,0
-0.5167,LOW,False,2026-06-04T23:37:50.565577,0
-0.5221,MEDIUM,True,2026-06-04T23:37:50.710739,0
-0.5241,MEDIUM,True,2026-06-04T23:37:51.057549,0
-0.5228,MEDIUM,True,2026-06-04T23:37:51.398291,0
-0.521,MEDIUM,True,2026-06-04T23:37:51.851017,0
-0.523,MEDIUM,True,2026-06-04T23:37:52.322930,0
-0.5214,MEDIUM,True,2026-06-04T23:37:53.608137,0
-0.5212,MEDIUM,True,2026-06-04T23:37:53.958872,0
-0.5214,MEDIUM,True,2026-06-04T23:37:54.416821,0
-0.5293,MEDIUM,True,2026-06-04T23:37:54.914883,0
-0.5298,MEDIUM,True,2026-06-04T23:37:55.241251,0
-0.5264,MEDIUM,True,2026-06-04T23:37:55.709022,0
-0.5303,MEDIUM,True,2026-06-04T23:37:56.168921,0
-0.5245,MEDIUM,True,2026-06-04T23:37:57.857656,0
-0.533,MEDIUM,True,2026-06-04T23:37:58.304870,0
-0.5392,MEDIUM,True,2026-06-04T23:37:58.723319,0
-0.5374,MEDIUM,True,2026-06-04T23:37:59.040029,0
-0.5419,MEDIUM,True,2026-06-04T23:37:59.364704,0
-0.5365,MEDIUM,True,2026-06-04T23:37:59.682629,0
-0.5379,MEDIUM,True,2026-06-04T23:38:00.023765,0
-0.5458,MEDIUM,True,2026-06-04T23:38:00.344321,0
-0.5517,HIGH,True,2026-06-04T23:38:01.703621,0
-0.5425,MEDIUM,True,2026-06-04T23:38:02.111954,0
-0.5442,MEDIUM,True,2026-06-04T23:38:02.566136,0
-0.5472,MEDIUM,True,2026-06-04T23:38:02.926053,0
-0.5492,MEDIUM,True,2026-06-04T23:38:03.378084,0
-0.5435,MEDIUM,True,2026-06-04T23:38:03.853669,0
-0.5423,MEDIUM,True,2026-06-04T23:38:04.225852,0
-0.5465,MEDIUM,True,2026-06-04T23:38:05.962443,0
-0.5457,MEDIUM,True,2026-06-04T23:38:06.409272,0
-0.5388,MEDIUM,True,2026-06-04T23:38:06.740234,0
-0.5391,MEDIUM,True,2026-06-04T23:38:07.106763,0
-0.5375,MEDIUM,True,2026-06-04T23:38:07.469118,0
-0.5355,MEDIUM,True,2026-06-04T23:38:07.855924,0
-0.5364,MEDIUM,True,2026-06-04T23:38:08.331469,0
-0.5451,MEDIUM,True,2026-06-04T23:38:08.653366,0
-0.5446,MEDIUM,True,2026-06-04T23:38:09.154731,0
-0.4254,NORMAL,False,2026-06-04T23:38:09.869225,0
-0.415,NORMAL,False,2026-06-04T23:38:10.095067,0
-0.4385,NORMAL,False,2026-06-04T23:38:10.268938,0
-0.4419,NORMAL,False,2026-06-04T23:38:10.437293,0
-0.4416,NORMAL,False,2026-06-04T23:38:10.612180,0
-0.4393,NORMAL,False,2026-06-04T23:38:10.761878,0
-0.4419,NORMAL,False,2026-06-04T23:38:10.913833,0
-0.4398,NORMAL,False,2026-06-04T23:38:11.072502,0
-0.4403,NORMAL,False,2026-06-04T23:38:11.222392,0
-0.4385,NORMAL,False,2026-06-04T23:38:11.368746,0
-0.4397,NORMAL,False,2026-06-04T23:38:11.540632,0
-0.4325,NORMAL,False,2026-06-04T23:38:11.691434,0
-0.4321,NORMAL,False,2026-06-04T23:38:11.840257,0
-0.4126,NORMAL,False,2026-06-04T23:38:11.986221,0
-0.4067,NORMAL,False,2026-06-04T23:38:12.134294,0
-0.4075,NORMAL,False,2026-06-04T23:38:12.288626,0
-0.4066,NORMAL,False,2026-06-04T23:38:12.441705,0
-0.4044,NORMAL,False,2026-06-04T23:38:12.589256,0
-0.4159,NORMAL,False,2026-06-04T23:38:12.738728,0
-0.4253,NORMAL,False,2026-06-04T23:38:12.901189,0
-0.4275,NORMAL,False,2026-06-04T23:38:13.052738,0
-0.4321,NORMAL,False,2026-06-04T23:38:13.236316,0
-0.4306,NORMAL,False,2026-06-04T23:38:13.394547,0
-0.4297,NORMAL,False,2026-06-04T23:38:13.541003,0
-0.4271,NORMAL,False,2026-06-04T23:38:13.688443,0
-0.4294,NORMAL,False,2026-06-04T23:38:13.846320,0
-0.4305,NORMAL,False,2026-06-04T23:38:13.994060,0
-0.4372,NORMAL,False,2026-06-04T23:38:14.167947,0
-0.4358,NORMAL,False,2026-06-04T23:38:14.323112,0
-0.4412,NORMAL,False,2026-06-04T23:38:14.471505,0
-0.4441,NORMAL,False,2026-06-04T23:38:14.646996,0
-0.4496,NORMAL,False,2026-06-04T23:38:14.796617,0
-0.4426,NORMAL,False,2026-06-04T23:38:14.942846,0
-0.4498,NORMAL,False,2026-06-04T23:38:15.093473,0
-0.4454,NORMAL,False,2026-06-04T23:38:15.240099,0
-0.4398,NORMAL,False,2026-06-04T23:38:15.393261,0
-0.4335,NORMAL,False,2026-06-04T23:38:15.541817,0
-0.4294,NORMAL,False,2026-06-04T23:38:15.690121,0
-0.478,NORMAL,False,2026-06-04T23:38:15.835952,1
-0.481,NORMAL,False,2026-06-04T23:38:16.003261,0
-0.4711,NORMAL,False,2026-06-04T23:38:16.158601,0
-0.4616,NORMAL,False,2026-06-04T23:38:16.327287,0
-0.4591,NORMAL,False,2026-06-04T23:38:16.493198,0
-0.4649,NORMAL,False,2026-06-04T23:38:16.655805,0
-0.4683,NORMAL,False,2026-06-04T23:38:16.820044,0
-0.4642,NORMAL,False,2026-06-04T23:38:16.973723,0
-0.4701,NORMAL,False,2026-06-04T23:38:17.124691,0
-0.4635,NORMAL,False,2026-06-04T23:38:17.277181,0
-0.4673,NORMAL,False,2026-06-04T23:38:17.451104,0
-0.4693,NORMAL,False,2026-06-04T23:38:17.650895,0
-0.4633,NORMAL,False,2026-06-04T23:38:17.841402,0
-0.4575,NORMAL,False,2026-06-04T23:38:17.988275,0
-0.4523,NORMAL,False,2026-06-04T23:38:18.143787,0
-0.456,NORMAL,False,2026-06-04T23:38:18.295031,0
-0.4544,NORMAL,False,2026-06-04T23:38:18.442670,0
-0.4559,NORMAL,False,2026-06-04T23:38:18.611275,0
-0.4557,NORMAL,False,2026-06-04T23:38:18.774076,0
-0.4555,NORMAL,False,2026-06-04T23:38:18.929751,0
-0.4568,NORMAL,False,2026-06-04T23:38:19.107250,0
-0.4562,NORMAL,False,2026-06-04T23:38:19.272840,0
-0.4575,NORMAL,False,2026-06-04T23:38:19.432036,0
-0.4579,NORMAL,False,2026-06-04T23:38:19.591968,0
-0.4599,NORMAL,False,2026-06-04T23:38:19.739286,0
-0.4597,NORMAL,False,2026-06-04T23:38:19.931860,0
-0.4674,NORMAL,False,2026-06-04T23:38:20.089339,0
-0.4679,NORMAL,False,2026-06-04T23:38:20.239817,0
-0.4689,NORMAL,False,2026-06-04T23:38:20.386837,0
-0.4652,NORMAL,False,2026-06-04T23:38:20.542529,0
-0.4703,NORMAL,False,2026-06-04T23:38:20.706651,0
-0.4764,NORMAL,False,2026-06-04T23:38:20.856055,0
-0.473,NORMAL,False,2026-06-04T23:38:21.032924,0
-0.4695,NORMAL,False,2026-06-04T23:38:21.179556,0
-0.4687,NORMAL,False,2026-06-04T23:38:21.326547,0
-0.4856,NORMAL,False,2026-06-04T23:38:21.475399,0
-0.4874,NORMAL,False,2026-06-04T23:38:21.624149,0
-0.4875,NORMAL,False,2026-06-04T23:38:21.776109,0
-0.4914,NORMAL,False,2026-06-04T23:38:21.923695,0
-0.495,NORMAL,False,2026-06-04T23:38:22.085411,0
-0.4965,NORMAL,False,2026-06-04T23:38:22.239146,0
-0.4982,NORMAL,False,2026-06-04T23:38:22.394368,0
-0.4937,NORMAL,False,2026-06-04T23:38:22.551479,0
-0.5011,LOW,False,2026-06-04T23:38:22.700360,0
-0.5002,LOW,False,2026-06-04T23:38:22.850110,0
-0.4989,NORMAL,False,2026-06-04T23:38:23.000601,0
-0.5035,LOW,False,2026-06-04T23:38:23.146934,0
-0.5066,LOW,False,2026-06-04T23:38:23.293503,0
-0.5079,LOW,False,2026-06-04T23:38:23.444710,0
-0.4961,NORMAL,False,2026-06-04T23:38:23.590794,0
-0.4328,NORMAL,False,2026-06-04T23:38:23.738370,0
-0.4365,NORMAL,False,2026-06-04T23:38:23.888598,0
-0.4306,NORMAL,False,2026-06-04T23:38:24.083172,0
-0.421,NORMAL,False,2026-06-04T23:38:24.236562,0
-0.4277,NORMAL,False,2026-06-04T23:38:24.417237,0
-0.4265,NORMAL,False,2026-06-04T23:38:24.574476,0
-0.4283,NORMAL,False,2026-06-04T23:38:24.721286,0
-0.4276,NORMAL,False,2026-06-04T23:38:24.877616,0
-0.4249,NORMAL,False,2026-06-04T23:38:25.031041,0
-0.42,NORMAL,False,2026-06-04T23:38:25.179183,0
-0.4206,NORMAL,False,2026-06-04T23:38:25.328029,0
-0.448,NORMAL,False,2026-06-04T23:38:25.519264,0
-0.4472,NORMAL,False,2026-06-04T23:38:25.664531,0
-0.4496,NORMAL,False,2026-06-04T23:38:25.815991,0
-0.4518,NORMAL,False,2026-06-04T23:38:25.965357,0
-0.4491,NORMAL,False,2026-06-04T23:38:26.112188,0
-0.453,NORMAL,False,2026-06-04T23:38:26.274371,0
-0.4518,NORMAL,False,2026-06-04T23:38:26.459351,0
-0.452,NORMAL,False,2026-06-04T23:38:26.646236,0
-0.4501,NORMAL,False,2026-06-04T23:38:26.810460,0
-0.4548,NORMAL,False,2026-06-04T23:38:26.969525,0
-0.463,NORMAL,False,2026-06-04T23:38:27.119772,1
-0.4658,NORMAL,False,2026-06-04T23:38:27.294057,1
-0.4519,NORMAL,False,2026-06-04T23:38:27.441510,0
-0.461,NORMAL,False,2026-06-04T23:38:27.596630,0
-0.4591,NORMAL,False,2026-06-04T23:38:27.749616,0
-0.4529,NORMAL,False,2026-06-04T23:38:27.899511,0
-0.4497,NORMAL,False,2026-06-04T23:38:28.046662,0
-0.4473,NORMAL,False,2026-06-04T23:38:28.195844,0
-0.4473,NORMAL,False,2026-06-04T23:38:28.346525,0
-0.426,NORMAL,False,2026-06-04T23:38:28.492639,0
-0.4307,NORMAL,False,2026-06-04T23:38:28.639559,0
-0.4291,NORMAL,False,2026-06-04T23:38:28.807548,0
-0.429,NORMAL,False,2026-06-04T23:38:28.966147,0
-0.4254,NORMAL,False,2026-06-04T23:38:29.112514,0
-0.4204,NORMAL,False,2026-06-04T23:38:29.258165,0
-0.4155,NORMAL,False,2026-06-04T23:38:29.425351,0
-0.4162,NORMAL,False,2026-06-04T23:38:29.583322,0
-0.4157,NORMAL,False,2026-06-04T23:38:29.751243,0
-0.4145,NORMAL,False,2026-06-04T23:38:29.907588,0
-0.4104,NORMAL,False,2026-06-04T23:38:30.056847,0
-0.4157,NORMAL,False,2026-06-04T23:38:30.203976,0
-0.4146,NORMAL,False,2026-06-04T23:38:30.374430,0
-0.415,NORMAL,False,2026-06-04T23:38:30.524749,0
-0.4104,NORMAL,False,2026-06-04T23:38:30.669748,0
-0.4091,NORMAL,False,2026-06-04T23:38:30.815668,0
-0.4108,NORMAL,False,2026-06-04T23:38:30.959894,0
-0.4181,NORMAL,False,2026-06-04T23:38:31.128264,0
-0.4083,NORMAL,False,2026-06-04T23:38:31.275715,0
-0.4086,NORMAL,False,2026-06-04T23:38:31.422101,0
-0.4073,NORMAL,False,2026-06-04T23:38:31.570252,0
-0.4101,NORMAL,False,2026-06-04T23:38:31.719637,0
-0.4095,NORMAL,False,2026-06-04T23:38:31.883142,0
-0.4061,NORMAL,False,2026-06-04T23:38:32.031426,0
-0.4119,NORMAL,False,2026-06-04T23:38:32.183612,0
-0.4149,NORMAL,False,2026-06-04T23:38:32.330590,0
-0.4231,NORMAL,False,2026-06-04T23:38:32.479048,0
-0.4231,NORMAL,False,2026-06-04T23:38:32.650617,0
-0.4176,NORMAL,False,2026-06-04T23:38:32.800487,0
-0.4263,NORMAL,False,2026-06-04T23:38:32.948843,0
-0.428,NORMAL,False,2026-06-04T23:38:33.096207,0
-0.418,NORMAL,False,2026-06-04T23:38:33.256082,0
-0.4229,NORMAL,False,2026-06-04T23:38:33.438015,0
-0.4218,NORMAL,False,2026-06-04T23:38:33.586010,0
-0.4248,NORMAL,False,2026-06-04T23:38:33.733491,0
-0.4214,NORMAL,False,2026-06-04T23:38:33.884143,0
-0.4225,NORMAL,False,2026-06-04T23:38:34.031015,0
-0.4222,NORMAL,False,2026-06-04T23:38:34.218300,0
-0.4229,NORMAL,False,2026-06-04T23:38:34.366282,0
-0.4154,NORMAL,False,2026-06-04T23:38:34.512903,0
-0.4188,NORMAL,False,2026-06-04T23:38:34.658493,0
-0.4279,NORMAL,False,2026-06-04T23:38:34.804601,0
-0.5107,LOW,False,2026-06-04T23:38:34.955472,1
-0.5122,LOW,False,2026-06-04T23:38:35.100949,0
-0.5088,LOW,False,2026-06-04T23:38:35.246737,0
-0.5025,LOW,False,2026-06-04T23:38:35.394214,0
-0.4949,NORMAL,False,2026-06-04T23:38:35.558484,0
-0.5354,MEDIUM,True,2026-06-04T23:38:35.704263,0
-0.5399,MEDIUM,True,2026-06-04T23:38:36.236357,0
-0.541,MEDIUM,True,2026-06-04T23:38:36.630556,0
-0.5428,MEDIUM,True,2026-06-04T23:38:37.141465,0
-0.5369,MEDIUM,True,2026-06-04T23:38:37.801513,0
-0.5349,MEDIUM,True,2026-06-04T23:38:38.140199,0
-0.5383,MEDIUM,True,2026-06-04T23:38:38.585330,0
-0.5366,MEDIUM,True,2026-06-04T23:38:40.335689,0
-0.5386,MEDIUM,True,2026-06-04T23:38:40.687958,0
-0.5349,MEDIUM,True,2026-06-04T23:38:41.145190,0
-0.535,MEDIUM,True,2026-06-04T23:38:41.597922,0
-0.5354,MEDIUM,True,2026-06-04T23:38:41.929834,0
-0.5388,MEDIUM,True,2026-06-04T23:38:42.432387,0
-0.5357,MEDIUM,True,2026-06-04T23:38:43.773330,0
-0.5368,MEDIUM,True,2026-06-04T23:38:44.182653,0
-0.5392,MEDIUM,True,2026-06-04T23:38:44.520841,0
-0.538,MEDIUM,True,2026-06-04T23:38:44.981057,0
-0.5409,MEDIUM,True,2026-06-04T23:38:45.384229,0
-0.5433,MEDIUM,True,2026-06-04T23:38:45.711535,0
-0.5399,MEDIUM,True,2026-06-04T23:38:46.101045,0
-0.5419,MEDIUM,True,2026-06-04T23:38:46.462313,0
-0.5384,MEDIUM,True,2026-06-04T23:38:48.015183,0
-0.531,MEDIUM,True,2026-06-04T23:38:48.342440,0
-0.5358,MEDIUM,True,2026-06-04T23:38:48.844501,0
-0.5362,MEDIUM,True,2026-06-04T23:38:49.294013,0
-0.536,MEDIUM,True,2026-06-04T23:38:49.625530,0
-0.5385,MEDIUM,True,2026-06-04T23:38:50.106882,0
-0.5384,MEDIUM,True,2026-06-04T23:38:50.575029,1
-0.5389,MEDIUM,True,2026-06-04T23:38:52.491493,0
-0.5413,MEDIUM,True,2026-06-04T23:38:52.838193,0
-0.5431,MEDIUM,True,2026-06-04T23:38:53.318905,0
-0.5476,MEDIUM,True,2026-06-04T23:38:53.772325,0
-0.5469,MEDIUM,True,2026-06-04T23:38:54.159144,0
-0.5478,MEDIUM,True,2026-06-04T23:38:54.586877,0
-0.5496,MEDIUM,True,2026-06-04T23:38:55.996693,0
-0.5503,HIGH,True,2026-06-04T23:38:56.339922,0
-0.5443,MEDIUM,True,2026-06-04T23:38:56.672045,0
-0.5455,MEDIUM,True,2026-06-04T23:38:57.000633,0
-0.5434,MEDIUM,True,2026-06-04T23:38:57.373268,0
-0.5425,MEDIUM,True,2026-06-04T23:38:57.790339,0
-0.5424,MEDIUM,True,2026-06-04T23:38:58.176993,0
-0.5497,MEDIUM,True,2026-06-04T23:38:58.497150,0
-0.5662,HIGH,True,2026-06-04T23:39:00.993105,0
-0.5682,HIGH,True,2026-06-04T23:39:01.450924,0
-0.5689,HIGH,True,2026-06-04T23:39:01.809083,0
-0.5308,MEDIUM,True,2026-06-04T23:39:02.310081,0
-0.5251,MEDIUM,True,2026-06-04T23:39:02.716297,0
-0.5181,LOW,False,2026-06-04T23:39:03.043030,0
-0.5197,LOW,False,2026-06-04T23:39:03.192049,0
-0.5213,MEDIUM,True,2026-06-04T23:39:03.338244,0
-0.4732,NORMAL,False,2026-06-04T23:39:03.663790,0
-0.4888,NORMAL,False,2026-06-04T23:39:03.810744,0
-0.4898,NORMAL,False,2026-06-04T23:39:03.958404,0
-0.4834,NORMAL,False,2026-06-04T23:39:04.107904,0
-0.4849,NORMAL,False,2026-06-04T23:39:04.256721,0
-0.4459,NORMAL,False,2026-06-04T23:39:04.426056,0
-0.4471,NORMAL,False,2026-06-04T23:39:04.577557,0
-0.4502,NORMAL,False,2026-06-04T23:39:04.727565,0
-0.446,NORMAL,False,2026-06-04T23:39:04.873088,0
-0.4467,NORMAL,False,2026-06-04T23:39:05.019186,0
-0.4503,NORMAL,False,2026-06-04T23:39:05.165076,0
-0.4495,NORMAL,False,2026-06-04T23:39:05.320702,0
-0.4441,NORMAL,False,2026-06-04T23:39:05.467911,0
-0.443,NORMAL,False,2026-06-04T23:39:05.615994,0
-0.4401,NORMAL,False,2026-06-04T23:39:05.761753,0
-0.4463,NORMAL,False,2026-06-04T23:39:05.932494,0
-0.4448,NORMAL,False,2026-06-04T23:39:06.077237,0
-0.4422,NORMAL,False,2026-06-04T23:39:06.224983,0
-0.4401,NORMAL,False,2026-06-04T23:39:06.374372,0
-0.441,NORMAL,False,2026-06-04T23:39:06.522627,0
-0.4453,NORMAL,False,2026-06-04T23:39:06.676143,0
-0.4456,NORMAL,False,2026-06-04T23:39:06.822645,0
-0.4497,NORMAL,False,2026-06-04T23:39:06.971272,0
-0.4428,NORMAL,False,2026-06-04T23:39:07.126602,0
-0.4769,NORMAL,False,2026-06-04T23:39:07.273483,0
-0.4798,NORMAL,False,2026-06-04T23:39:07.418911,0
-0.4709,NORMAL,False,2026-06-04T23:39:07.564476,0
-0.49,NORMAL,False,2026-06-04T23:39:07.713294,0
-0.4793,NORMAL,False,2026-06-04T23:39:07.859524,0
-0.466,NORMAL,False,2026-06-04T23:39:08.006207,0
-0.4643,NORMAL,False,2026-06-04T23:39:08.153338,0
-0.4611,NORMAL,False,2026-06-04T23:39:08.303276,0
-0.4579,NORMAL,False,2026-06-04T23:39:08.451768,0
-0.4468,NORMAL,False,2026-06-04T23:39:08.597513,0
-0.4449,NORMAL,False,2026-06-04T23:39:08.745641,0
-0.4464,NORMAL,False,2026-06-04T23:39:08.921983,0
-0.4437,NORMAL,False,2026-06-04T23:39:09.068353,0
-0.4439,NORMAL,False,2026-06-04T23:39:09.213076,0
-0.4458,NORMAL,False,2026-06-04T23:39:09.362548,0
-0.4449,NORMAL,False,2026-06-04T23:39:09.509431,0
-0.4418,NORMAL,False,2026-06-04T23:39:09.654485,0
-0.4363,NORMAL,False,2026-06-04T23:39:09.805889,0
-0.4409,NORMAL,False,2026-06-04T23:39:09.951802,0
-0.4358,NORMAL,False,2026-06-04T23:39:10.107254,0
-0.4358,NORMAL,False,2026-06-04T23:39:10.255895,0
-0.4368,NORMAL,False,2026-06-04T23:39:10.405253,0
-0.443,NORMAL,False,2026-06-04T23:39:10.565986,0
-0.4412,NORMAL,False,2026-06-04T23:39:10.717516,0
-0.44,NORMAL,False,2026-06-04T23:39:10.863422,0
-0.4416,NORMAL,False,2026-06-04T23:39:11.026413,0
-0.4393,NORMAL,False,2026-06-04T23:39:11.181835,1
-0.4435,NORMAL,False,2026-06-04T23:39:11.329833,0
-0.4426,NORMAL,False,2026-06-04T23:39:11.474369,0
-0.4397,NORMAL,False,2026-06-04T23:39:11.619399,0
-0.4364,NORMAL,False,2026-06-04T23:39:11.774780,0
-0.4336,NORMAL,False,2026-06-04T23:39:11.940499,0
-0.4332,NORMAL,False,2026-06-04T23:39:12.086302,0
-0.4291,NORMAL,False,2026-06-04T23:39:12.232965,0
-0.4321,NORMAL,False,2026-06-04T23:39:12.383163,0
-0.4321,NORMAL,False,2026-06-04T23:39:12.529562,0
-0.4316,NORMAL,False,2026-06-04T23:39:12.676318,0
-0.4332,NORMAL,False,2026-06-04T23:39:12.832771,1
-0.4208,NORMAL,False,2026-06-04T23:39:12.987188,0
-0.4213,NORMAL,False,2026-06-04T23:39:13.137681,0
-0.4232,NORMAL,False,2026-06-04T23:39:13.362107,0
-0.4227,NORMAL,False,2026-06-04T23:39:13.522533,0
-0.4201,NORMAL,False,2026-06-04T23:39:13.668238,0
-0.4222,NORMAL,False,2026-06-04T23:39:13.818963,0
-0.4225,NORMAL,False,2026-06-04T23:39:13.969455,0
-0.4207,NORMAL,False,2026-06-04T23:39:14.116405,0
-0.4195,NORMAL,False,2026-06-04T23:39:14.261787,0
-0.4163,NORMAL,False,2026-06-04T23:39:14.409977,0
-0.4156,NORMAL,False,2026-06-04T23:39:14.563082,0
-0.4158,NORMAL,False,2026-06-04T23:39:14.708582,0
-0.4143,NORMAL,False,2026-06-04T23:39:14.917272,0
-0.4142,NORMAL,False,2026-06-04T23:39:15.083198,0
-0.4155,NORMAL,False,2026-06-04T23:39:15.227624,0
-0.4098,NORMAL,False,2026-06-04T23:39:15.376695,0
-0.4104,NORMAL,False,2026-06-04T23:39:15.534802,0
-0.4098,NORMAL,False,2026-06-04T23:39:15.680826,0
-0.4115,NORMAL,False,2026-06-04T23:39:15.827196,0
-0.4098,NORMAL,False,2026-06-04T23:39:15.978954,0
-0.4117,NORMAL,False,2026-06-04T23:39:16.127056,0
-0.4123,NORMAL,False,2026-06-04T23:39:16.272784,0
-0.4124,NORMAL,False,2026-06-04T23:39:16.512701,0
-0.41,NORMAL,False,2026-06-04T23:39:16.659724,0
-0.4059,NORMAL,False,2026-06-04T23:39:16.810341,0
-0.4066,NORMAL,False,2026-06-04T23:39:16.959478,0
-0.4057,NORMAL,False,2026-06-04T23:39:17.106153,0
-0.4095,NORMAL,False,2026-06-04T23:39:17.251283,0
-0.4092,NORMAL,False,2026-06-04T23:39:17.422105,0
-0.4077,NORMAL,False,2026-06-04T23:39:17.583562,0
-0.4108,NORMAL,False,2026-06-04T23:39:17.765503,0
-0.4179,NORMAL,False,2026-06-04T23:39:17.919155,0
-0.4161,NORMAL,False,2026-06-04T23:39:18.063771,0
-0.4164,NORMAL,False,2026-06-04T23:39:18.230128,0
-0.4177,NORMAL,False,2026-06-04T23:39:18.379361,0
-0.4174,NORMAL,False,2026-06-04T23:39:18.527831,0
-0.418,NORMAL,False,2026-06-04T23:39:18.672333,0
-0.4209,NORMAL,False,2026-06-04T23:39:18.817103,0
-0.4198,NORMAL,False,2026-06-04T23:39:18.968253,0
-0.4197,NORMAL,False,2026-06-04T23:39:19.126799,0
-0.4223,NORMAL,False,2026-06-04T23:39:19.276043,0
-0.4237,NORMAL,False,2026-06-04T23:39:19.422631,0
-0.4241,NORMAL,False,2026-06-04T23:39:19.572061,0
-0.4242,NORMAL,False,2026-06-04T23:39:19.720890,0
-0.4251,NORMAL,False,2026-06-04T23:39:19.867426,0
-0.424,NORMAL,False,2026-06-04T23:39:20.036444,0
-0.4282,NORMAL,False,2026-06-04T23:39:20.187739,0
-0.4259,NORMAL,False,2026-06-04T23:39:20.334176,0
-0.426,NORMAL,False,2026-06-04T23:39:20.479592,0
-0.445,NORMAL,False,2026-06-04T23:39:20.625906,0
-0.4435,NORMAL,False,2026-06-04T23:39:20.780867,0
-0.4438,NORMAL,False,2026-06-04T23:39:20.930556,0
-0.4421,NORMAL,False,2026-06-04T23:39:21.077136,0
-0.4424,NORMAL,False,2026-06-04T23:39:21.249506,0
-0.4422,NORMAL,False,2026-06-04T23:39:21.400580,0
-0.4391,NORMAL,False,2026-06-04T23:39:21.548056,0
-0.4384,NORMAL,False,2026-06-04T23:39:21.693358,0
-0.4323,NORMAL,False,2026-06-04T23:39:21.842278,0
-0.438,NORMAL,False,2026-06-04T23:39:21.998180,0
-0.434,NORMAL,False,2026-06-04T23:39:22.152706,0
-0.4312,NORMAL,False,2026-06-04T23:39:22.297710,0
-0.4331,NORMAL,False,2026-06-04T23:39:22.450750,0
-0.4332,NORMAL,False,2026-06-04T23:39:22.598114,0
-0.4333,NORMAL,False,2026-06-04T23:39:22.747335,0
-0.4309,NORMAL,False,2026-06-04T23:39:22.894222,1
-0.4284,NORMAL,False,2026-06-04T23:39:23.039861,0
-0.4301,NORMAL,False,2026-06-04T23:39:23.190129,0
-0.4291,NORMAL,False,2026-06-04T23:39:23.334785,0
-0.4338,NORMAL,False,2026-06-04T23:39:23.480431,0
-0.4389,NORMAL,False,2026-06-04T23:39:23.627084,0
-0.4476,NORMAL,False,2026-06-04T23:39:23.780845,0
-0.4416,NORMAL,False,2026-06-04T23:39:23.929784,0
-0.4447,NORMAL,False,2026-06-04T23:39:24.078291,0
-0.4446,NORMAL,False,2026-06-04T23:39:24.247832,0
-0.4466,NORMAL,False,2026-06-04T23:39:24.414248,0
-0.4541,NORMAL,False,2026-06-04T23:39:24.561723,0
-0.4526,NORMAL,False,2026-06-04T23:39:24.707780,0
-0.4427,NORMAL,False,2026-06-04T23:39:24.854814,0
-0.4447,NORMAL,False,2026-06-04T23:39:25.006038,0
-0.4459,NORMAL,False,2026-06-04T23:39:25.153193,0
-0.4455,NORMAL,False,2026-06-04T23:39:25.299232,0
-0.4461,NORMAL,False,2026-06-04T23:39:25.451450,0
-0.4437,NORMAL,False,2026-06-04T23:39:25.610358,0
-0.4534,NORMAL,False,2026-06-04T23:39:25.755782,0
-0.4522,NORMAL,False,2026-06-04T23:39:25.901419,0
-0.448,NORMAL,False,2026-06-04T23:39:26.049926,0
-0.4352,NORMAL,False,2026-06-04T23:39:26.200612,0
-0.4317,NORMAL,False,2026-06-04T23:39:26.347517,0
-0.4303,NORMAL,False,2026-06-04T23:39:26.493095,0
-0.4422,NORMAL,False,2026-06-04T23:39:26.671650,0
-0.4396,NORMAL,False,2026-06-04T23:39:26.824786,0
-0.4384,NORMAL,False,2026-06-04T23:39:26.971331,1
-0.4346,NORMAL,False,2026-06-04T23:39:27.117008,0
-0.4342,NORMAL,False,2026-06-04T23:39:27.289266,0
-0.4335,NORMAL,False,2026-06-04T23:39:27.434529,0
-0.4346,NORMAL,False,2026-06-04T23:39:27.580152,0
-0.437,NORMAL,False,2026-06-04T23:39:27.759409,0
-0.4483,NORMAL,False,2026-06-04T23:39:27.905326,1
-0.447,NORMAL,False,2026-06-04T23:39:28.050418,0
-0.4404,NORMAL,False,2026-06-04T23:39:28.199925,0
-0.4526,NORMAL,False,2026-06-04T23:39:28.349455,0
-0.4514,NORMAL,False,2026-06-04T23:39:28.496468,0
-0.4473,NORMAL,False,2026-06-04T23:39:28.644728,0
-0.4475,NORMAL,False,2026-06-04T23:39:28.793590,0
-0.441,NORMAL,False,2026-06-04T23:39:28.946835,0
-0.4396,NORMAL,False,2026-06-04T23:39:29.093259,0
-0.4372,NORMAL,False,2026-06-04T23:39:29.239205,0
-0.4367,NORMAL,False,2026-06-04T23:39:29.385885,0
-0.4358,NORMAL,False,2026-06-04T23:39:29.532744,0
-0.4344,NORMAL,False,2026-06-04T23:39:29.684811,0
-0.435,NORMAL,False,2026-06-04T23:39:29.830319,1
-0.4345,NORMAL,False,2026-06-04T23:39:29.977274,0
-0.4345,NORMAL,False,2026-06-04T23:39:30.127459,0
-0.4226,NORMAL,False,2026-06-04T23:39:30.293698,0
-0.4224,NORMAL,False,2026-06-04T23:39:30.439127,0
-0.419,NORMAL,False,2026-06-04T23:39:30.587957,0
-0.4185,NORMAL,False,2026-06-04T23:39:30.738383,0
-0.4196,NORMAL,False,2026-06-04T23:39:30.889497,0
-0.4138,NORMAL,False,2026-06-04T23:39:31.049100,1
-0.414,NORMAL,False,2026-06-04T23:39:31.196043,0
-0.4173,NORMAL,False,2026-06-04T23:39:31.343407,0
-0.4197,NORMAL,False,2026-06-04T23:39:31.490851,0
-0.4216,NORMAL,False,2026-06-04T23:39:31.636526,0
-0.4215,NORMAL,False,2026-06-04T23:39:31.783331,0
-0.4216,NORMAL,False,2026-06-04T23:39:31.930816,0
-0.4207,NORMAL,False,2026-06-04T23:39:32.081482,0
-0.4231,NORMAL,False,2026-06-04T23:39:32.235429,0
-0.4305,NORMAL,False,2026-06-04T23:39:32.429450,0
-0.4304,NORMAL,False,2026-06-04T23:39:32.585844,0
-0.4356,NORMAL,False,2026-06-04T23:39:32.743126,0
-0.4297,NORMAL,False,2026-06-04T23:39:32.903837,0
-0.4477,NORMAL,False,2026-06-04T23:39:33.052131,0
-0.4443,NORMAL,False,2026-06-04T23:39:33.199514,0
-0.4376,NORMAL,False,2026-06-04T23:39:33.368263,1
-0.4377,NORMAL,False,2026-06-04T23:39:33.514297,0
-0.4377,NORMAL,False,2026-06-04T23:39:33.660423,0
-0.4343,NORMAL,False,2026-06-04T23:39:33.807005,0
-0.4345,NORMAL,False,2026-06-04T23:39:33.953088,0
-0.4267,NORMAL,False,2026-06-04T23:39:34.107942,0
-0.426,NORMAL,False,2026-06-04T23:39:34.299180,0
-0.4225,NORMAL,False,2026-06-04T23:39:34.446021,0
-0.418,NORMAL,False,2026-06-04T23:39:34.592313,0
-0.4165,NORMAL,False,2026-06-04T23:39:34.740339,0
-0.4141,NORMAL,False,2026-06-04T23:39:34.886550,0
-0.4156,NORMAL,False,2026-06-04T23:39:35.038428,0
-0.4132,NORMAL,False,2026-06-04T23:39:35.186612,0
-0.4119,NORMAL,False,2026-06-04T23:39:35.332371,0
-0.41,NORMAL,False,2026-06-04T23:39:35.506199,0
-0.4118,NORMAL,False,2026-06-04T23:39:35.657633,0
-0.4122,NORMAL,False,2026-06-04T23:39:35.811659,0
-0.4141,NORMAL,False,2026-06-04T23:39:35.957073,0
-0.4154,NORMAL,False,2026-06-04T23:39:36.104465,0
-0.4193,NORMAL,False,2026-06-04T23:39:36.253598,0
-0.4215,NORMAL,False,2026-06-04T23:39:36.425298,0
-0.43,NORMAL,False,2026-06-04T23:39:36.572108,0
-0.4318,NORMAL,False,2026-06-04T23:39:36.719009,0
-0.4252,NORMAL,False,2026-06-04T23:39:36.867872,0
-0.4255,NORMAL,False,2026-06-04T23:39:37.017868,0
-0.4406,NORMAL,False,2026-06-04T23:39:37.164219,1
-0.443,NORMAL,False,2026-06-04T23:39:37.314033,0
-0.4384,NORMAL,False,2026-06-04T23:39:37.463479,0
-0.4393,NORMAL,False,2026-06-04T23:39:37.611537,0
-0.4426,NORMAL,False,2026-06-04T23:39:37.774868,0
-0.4475,NORMAL,False,2026-06-04T23:39:37.921022,0
-0.4542,NORMAL,False,2026-06-04T23:39:38.069312,0
-0.4583,NORMAL,False,2026-06-04T23:39:38.218339,0
-0.4603,NORMAL,False,2026-06-04T23:39:38.364309,0
-0.4557,NORMAL,False,2026-06-04T23:39:38.509985,0
-0.4576,NORMAL,False,2026-06-04T23:39:38.660724,0
-0.4596,NORMAL,False,2026-06-04T23:39:38.811149,1
-0.4702,NORMAL,False,2026-06-04T23:39:38.956920,0
-0.5643,HIGH,True,2026-06-04T23:39:39.103071,1
-0.5668,HIGH,True,2026-06-04T23:39:39.660929,0
-0.5653,HIGH,True,2026-06-04T23:39:40.065816,0
-0.5678,HIGH,True,2026-06-04T23:39:40.471985,0
-0.5613,HIGH,True,2026-06-04T23:39:40.782438,0
-0.5668,HIGH,True,2026-06-04T23:39:41.123658,0
-0.5633,HIGH,True,2026-06-04T23:39:41.465199,0
-0.5532,HIGH,True,2026-06-04T23:39:41.919271,0
-0.5458,MEDIUM,True,2026-06-04T23:39:42.401028,0
-0.54,MEDIUM,True,2026-06-04T23:39:42.754830,0
-0.5393,MEDIUM,True,2026-06-04T23:39:43.209366,0
-0.537,MEDIUM,True,2026-06-04T23:39:43.676488,0
-0.5346,MEDIUM,True,2026-06-04T23:39:44.003377,0
-0.5463,MEDIUM,True,2026-06-04T23:39:44.478619,0
-0.5502,HIGH,True,2026-06-04T23:39:44.959124,0
-0.5492,MEDIUM,True,2026-06-04T23:39:46.249927,0
-0.5462,MEDIUM,True,2026-06-04T23:39:46.602146,0
-0.5493,MEDIUM,True,2026-06-04T23:39:47.036125,0
-0.5413,MEDIUM,True,2026-06-04T23:39:47.456948,0
-0.5432,MEDIUM,True,2026-06-04T23:39:47.872111,0
-0.543,MEDIUM,True,2026-06-04T23:39:48.220516,0
-0.5432,MEDIUM,True,2026-06-04T23:39:48.564314,0
-0.5422,MEDIUM,True,2026-06-04T23:39:48.927622,0
-0.5395,MEDIUM,True,2026-06-04T23:39:49.332982,0
-0.5399,MEDIUM,True,2026-06-04T23:39:49.665832,0
-0.5398,MEDIUM,True,2026-06-04T23:39:50.004503,0
-0.54,MEDIUM,True,2026-06-04T23:39:50.452845,0
-0.5374,MEDIUM,True,2026-06-04T23:39:50.861421,0
-0.54,MEDIUM,True,2026-06-04T23:39:51.178056,0
-0.5386,MEDIUM,True,2026-06-04T23:39:51.503190,0
-0.5392,MEDIUM,True,2026-06-04T23:39:51.815238,0
-0.5432,MEDIUM,True,2026-06-04T23:39:52.155214,0
-0.5371,MEDIUM,True,2026-06-04T23:39:52.653351,0
-0.5401,MEDIUM,True,2026-06-04T23:39:52.975313,0
-0.5403,MEDIUM,True,2026-06-04T23:39:53.447264,0
-0.548,MEDIUM,True,2026-06-04T23:39:53.947269,0
-0.547,MEDIUM,True,2026-06-04T23:39:54.311213,0
-0.5172,LOW,False,2026-06-04T23:39:54.698745,0
-0.5199,LOW,False,2026-06-04T23:39:54.845846,0
-0.5318,MEDIUM,True,2026-06-04T23:39:55.014121,0
-0.528,MEDIUM,True,2026-06-04T23:39:55.383799,0
-0.5267,MEDIUM,True,2026-06-04T23:39:55.849440,0
-0.5298,MEDIUM,True,2026-06-04T23:39:56.200611,0
-0.5341,MEDIUM,True,2026-06-04T23:39:56.537110,0
-0.5344,MEDIUM,True,2026-06-04T23:39:56.854820,0
-0.5351,MEDIUM,True,2026-06-04T23:39:57.296665,0
-0.5308,MEDIUM,True,2026-06-04T23:39:57.811624,0
-0.528,MEDIUM,True,2026-06-04T23:39:58.151380,0
-0.5291,MEDIUM,True,2026-06-04T23:39:58.579708,0
-0.532,MEDIUM,True,2026-06-04T23:39:59.031334,0
-0.4504,NORMAL,False,2026-06-04T23:39:59.364409,0
-0.4472,NORMAL,False,2026-06-04T23:39:59.511273,0
-0.4446,NORMAL,False,2026-06-04T23:39:59.662174,0
-0.4479,NORMAL,False,2026-06-04T23:39:59.810220,0
-0.4461,NORMAL,False,2026-06-04T23:39:59.963690,0
-0.4412,NORMAL,False,2026-06-04T23:40:00.110752,0
-0.4411,NORMAL,False,2026-06-04T23:40:00.258615,0
-0.4384,NORMAL,False,2026-06-04T23:40:00.440907,0
-0.4412,NORMAL,False,2026-06-04T23:40:00.589731,0
-0.4407,NORMAL,False,2026-06-04T23:40:00.739349,0
-0.4389,NORMAL,False,2026-06-04T23:40:00.889134,0
-0.4397,NORMAL,False,2026-06-04T23:40:01.035984,1
-0.4395,NORMAL,False,2026-06-04T23:40:01.215469,0
-0.4257,NORMAL,False,2026-06-04T23:40:01.371523,0
-0.4314,NORMAL,False,2026-06-04T23:40:01.521113,0
-0.4421,NORMAL,False,2026-06-04T23:40:01.673754,0
-0.4438,NORMAL,False,2026-06-04T23:40:01.831724,0
-0.4435,NORMAL,False,2026-06-04T23:40:01.985144,0
-0.4694,NORMAL,False,2026-06-04T23:40:02.144882,1
-0.4869,NORMAL,False,2026-06-04T23:40:02.330639,0
-0.4924,NORMAL,False,2026-06-04T23:40:02.480907,0
-0.486,NORMAL,False,2026-06-04T23:40:02.626972,0
-0.4852,NORMAL,False,2026-06-04T23:40:02.774664,0
-0.4847,NORMAL,False,2026-06-04T23:40:02.924626,0
-0.5008,LOW,False,2026-06-04T23:40:03.070199,0
-0.4956,NORMAL,False,2026-06-04T23:40:03.226340,0
-0.4932,NORMAL,False,2026-06-04T23:40:03.375972,1
-0.4901,NORMAL,False,2026-06-04T23:40:03.528923,0
-0.4803,NORMAL,False,2026-06-04T23:40:03.676965,0
-0.4814,NORMAL,False,2026-06-04T23:40:03.823410,0
-0.4854,NORMAL,False,2026-06-04T23:40:03.973202,0
-0.4829,NORMAL,False,2026-06-04T23:40:04.156494,0
-0.478,NORMAL,False,2026-06-04T23:40:04.347220,0
-0.4809,NORMAL,False,2026-06-04T23:40:04.578261,0
-0.4777,NORMAL,False,2026-06-04T23:40:04.759486,0
-0.4738,NORMAL,False,2026-06-04T23:40:04.910485,0
-0.4703,NORMAL,False,2026-06-04T23:40:05.110024,0
-0.4848,NORMAL,False,2026-06-04T23:40:05.298865,0
-0.4784,NORMAL,False,2026-06-04T23:40:05.465164,0
-0.4861,NORMAL,False,2026-06-04T23:40:05.633268,0
-0.4815,NORMAL,False,2026-06-04T23:40:05.782370,0
-0.4722,NORMAL,False,2026-06-04T23:40:05.932230,0
-0.4707,NORMAL,False,2026-06-04T23:40:06.082394,0
-0.4647,NORMAL,False,2026-06-04T23:40:06.230949,0
-0.4673,NORMAL,False,2026-06-04T23:40:06.418074,0
-0.4734,NORMAL,False,2026-06-04T23:40:06.583375,0
-0.4712,NORMAL,False,2026-06-04T23:40:06.761092,0
-0.4739,NORMAL,False,2026-06-04T23:40:06.926753,0
-0.4705,NORMAL,False,2026-06-04T23:40:07.127068,0
-0.4686,NORMAL,False,2026-06-04T23:40:07.272502,0
-0.4668,NORMAL,False,2026-06-04T23:40:07.423123,0
-0.4662,NORMAL,False,2026-06-04T23:40:07.574404,0
-0.462,NORMAL,False,2026-06-04T23:40:07.751007,0
-0.4543,NORMAL,False,2026-06-04T23:40:07.913026,0
-0.4566,NORMAL,False,2026-06-04T23:40:08.063460,0
-0.4519,NORMAL,False,2026-06-04T23:40:08.228532,0
-0.4505,NORMAL,False,2026-06-04T23:40:08.376759,0
-0.4503,NORMAL,False,2026-06-04T23:40:08.527382,0
-0.4528,NORMAL,False,2026-06-04T23:40:08.681483,0
-0.4513,NORMAL,False,2026-06-04T23:40:08.830468,0
-0.4512,NORMAL,False,2026-06-04T23:40:08.999074,0
-0.4555,NORMAL,False,2026-06-04T23:40:09.148336,0
-0.4583,NORMAL,False,2026-06-04T23:40:09.295264,0
-0.4626,NORMAL,False,2026-06-04T23:40:09.445569,0
-0.465,NORMAL,False,2026-06-04T23:40:09.591589,0
-0.4704,NORMAL,False,2026-06-04T23:40:09.745561,0
-0.4772,NORMAL,False,2026-06-04T23:40:09.914702,0
-0.4811,NORMAL,False,2026-06-04T23:40:10.060078,0
-0.4631,NORMAL,False,2026-06-04T23:40:10.206086,0
-0.4714,NORMAL,False,2026-06-04T23:40:10.362656,0
-0.4769,NORMAL,False,2026-06-04T23:40:10.512068,0
-0.4792,NORMAL,False,2026-06-04T23:40:10.663400,0
-0.4676,NORMAL,False,2026-06-04T23:40:10.836688,0
-0.4725,NORMAL,False,2026-06-04T23:40:10.995858,0
-0.4693,NORMAL,False,2026-06-04T23:40:11.141417,0
-0.476,NORMAL,False,2026-06-04T23:40:11.310100,0
-0.4575,NORMAL,False,2026-06-04T23:40:11.457080,0
-0.4603,NORMAL,False,2026-06-04T23:40:11.601015,0
-0.4607,NORMAL,False,2026-06-04T23:40:11.746367,0
-0.4622,NORMAL,False,2026-06-04T23:40:11.895644,0
-0.4552,NORMAL,False,2026-06-04T23:40:12.046329,0
-0.4588,NORMAL,False,2026-06-04T23:40:12.194548,0
-0.4977,NORMAL,False,2026-06-04T23:40:12.349311,0
-0.4876,NORMAL,False,2026-06-04T23:40:12.503582,0
-0.4708,NORMAL,False,2026-06-04T23:40:12.657241,0
-0.45,NORMAL,False,2026-06-04T23:40:12.809074,1
-0.4445,NORMAL,False,2026-06-04T23:40:12.974227,0
-0.452,NORMAL,False,2026-06-04T23:40:13.123594,0
-0.4489,NORMAL,False,2026-06-04T23:40:13.270557,0
-0.4431,NORMAL,False,2026-06-04T23:40:13.420610,0
-0.4402,NORMAL,False,2026-06-04T23:40:13.590127,0
-0.441,NORMAL,False,2026-06-04T23:40:13.736690,0
-0.4386,NORMAL,False,2026-06-04T23:40:13.907371,0
-0.4331,NORMAL,False,2026-06-04T23:40:14.058605,0
-0.433,NORMAL,False,2026-06-04T23:40:14.208468,0
-0.4447,NORMAL,False,2026-06-04T23:40:14.355570,0
-0.4425,NORMAL,False,2026-06-04T23:40:14.501160,0
-0.4416,NORMAL,False,2026-06-04T23:40:14.650590,0
-0.44,NORMAL,False,2026-06-04T23:40:14.804045,0
-0.4407,NORMAL,False,2026-06-04T23:40:14.953787,0
-0.4367,NORMAL,False,2026-06-04T23:40:15.103110,0
-0.435,NORMAL,False,2026-06-04T23:40:15.266381,0
-0.4338,NORMAL,False,2026-06-04T23:40:15.461441,0
-0.4316,NORMAL,False,2026-06-04T23:40:15.612644,0
-0.4344,NORMAL,False,2026-06-04T23:40:15.778525,0
-0.4296,NORMAL,False,2026-06-04T23:40:15.946303,0
-0.4282,NORMAL,False,2026-06-04T23:40:16.106603,0
-0.4291,NORMAL,False,2026-06-04T23:40:16.254685,1
-0.4368,NORMAL,False,2026-06-04T23:40:16.404011,0
-0.4383,NORMAL,False,2026-06-04T23:40:16.561651,0
-0.4419,NORMAL,False,2026-06-04T23:40:16.709768,0
-0.4439,NORMAL,False,2026-06-04T23:40:16.863822,0
-0.4474,NORMAL,False,2026-06-04T23:40:17.042393,0
-0.4429,NORMAL,False,2026-06-04T23:40:17.191451,0
-0.4464,NORMAL,False,2026-06-04T23:40:17.339924,0
-0.4459,NORMAL,False,2026-06-04T23:40:17.497287,1
-0.4484,NORMAL,False,2026-06-04T23:40:17.676799,0
-0.4519,NORMAL,False,2026-06-04T23:40:17.823631,1
-0.4633,NORMAL,False,2026-06-04T23:40:18.001908,0
-0.467,NORMAL,False,2026-06-04T23:40:18.183116,0
-0.464,NORMAL,False,2026-06-04T23:40:18.345951,0
-0.4606,NORMAL,False,2026-06-04T23:40:18.500066,0
-0.4471,NORMAL,False,2026-06-04T23:40:18.651957,0
-0.4457,NORMAL,False,2026-06-04T23:40:18.798380,0
-0.4415,NORMAL,False,2026-06-04T23:40:18.944051,0
-0.4421,NORMAL,False,2026-06-04T23:40:19.121620,0
-0.4437,NORMAL,False,2026-06-04T23:40:19.267671,0
-0.4428,NORMAL,False,2026-06-04T23:40:19.418784,1
-0.4411,NORMAL,False,2026-06-04T23:40:19.567594,0
-0.4428,NORMAL,False,2026-06-04T23:40:19.736394,0
-0.4393,NORMAL,False,2026-06-04T23:40:19.901000,0
-0.5066,LOW,False,2026-06-04T23:40:20.057507,1
-0.5092,LOW,False,2026-06-04T23:40:20.262063,0
-0.505,LOW,False,2026-06-04T23:40:20.467799,0
-0.5058,LOW,False,2026-06-04T23:40:20.623331,0
-0.5056,LOW,False,2026-06-04T23:40:20.799367,0
-0.5013,LOW,False,2026-06-04T23:40:20.996473,0
-0.5092,LOW,False,2026-06-04T23:40:21.144657,0
-0.5161,LOW,False,2026-06-04T23:40:21.291276,0
-0.5226,MEDIUM,True,2026-06-04T23:40:21.437711,0
-0.5245,MEDIUM,True,2026-06-04T23:40:27.213184,0
-0.5254,MEDIUM,True,2026-06-04T23:40:29.210297,0
-0.5219,MEDIUM,True,2026-06-04T23:40:29.860562,0
-0.5201,MEDIUM,True,2026-06-04T23:40:30.622564,0
-0.5264,MEDIUM,True,2026-06-04T23:40:31.305427,0
-0.5114,LOW,False,2026-06-04T23:40:32.464274,0
-0.5251,MEDIUM,True,2026-06-04T23:40:32.622663,0
-0.5126,LOW,False,2026-06-04T23:40:33.629674,0
-0.5117,LOW,False,2026-06-04T23:40:33.780335,0
-0.5133,LOW,False,2026-06-04T23:40:33.927687,0
-0.5072,LOW,False,2026-06-04T23:40:34.075460,0
-0.4991,NORMAL,False,2026-06-04T23:40:34.231166,0
-0.4993,NORMAL,False,2026-06-04T23:40:34.400850,0
-0.4998,NORMAL,False,2026-06-04T23:40:34.547406,0
-0.5206,MEDIUM,True,2026-06-04T23:40:34.695763,1
-0.5233,MEDIUM,True,2026-06-04T23:40:35.571592,0
-0.5276,MEDIUM,True,2026-06-04T23:40:37.058657,0
-0.5217,MEDIUM,True,2026-06-04T23:40:38.100471,0
-0.5349,MEDIUM,True,2026-06-04T23:40:38.921533,0
-0.5368,MEDIUM,True,2026-06-04T23:40:39.651503,0
-0.5404,MEDIUM,True,2026-06-04T23:40:41.056244,0
-0.5425,MEDIUM,True,2026-06-04T23:40:41.689257,1
-0.5438,MEDIUM,True,2026-06-04T23:40:43.334479,0
-0.5561,HIGH,True,2026-06-04T23:40:44.263316,1
-0.5574,HIGH,True,2026-06-04T23:40:45.021340,1
-0.5583,HIGH,True,2026-06-04T23:40:45.782252,0
-0.56,HIGH,True,2026-06-04T23:40:50.966171,0
-0.5442,MEDIUM,True,2026-06-04T23:40:52.197042,0
-0.5396,MEDIUM,True,2026-06-04T23:40:52.966259,0
-0.5351,MEDIUM,True,2026-06-04T23:40:54.747624,0
-0.5324,MEDIUM,True,2026-06-04T23:40:55.361165,1
-0.5322,MEDIUM,True,2026-06-04T23:40:56.154618,0
-0.5344,MEDIUM,True,2026-06-04T23:40:56.739227,0
-0.5349,MEDIUM,True,2026-06-04T23:40:58.559425,0
-0.5336,MEDIUM,True,2026-06-04T23:40:59.214944,0
-0.5324,MEDIUM,True,2026-06-04T23:40:59.890396,0
-0.5306,MEDIUM,True,2026-06-04T23:41:00.493671,0
-0.5308,MEDIUM,True,2026-06-04T23:41:03.732235,0
-0.531,MEDIUM,True,2026-06-04T23:41:04.490684,0
-0.529,MEDIUM,True,2026-06-04T23:41:05.029029,1
-0.5297,MEDIUM,True,2026-06-04T23:41:06.622105,0
-0.4885,NORMAL,False,2026-06-04T23:41:07.211594,0
-0.489,NORMAL,False,2026-06-04T23:41:07.357572,0
-0.4891,NORMAL,False,2026-06-04T23:41:07.505232,0
-0.5057,LOW,False,2026-06-04T23:41:07.690129,0
-0.5001,LOW,False,2026-06-04T23:41:07.835342,0
-0.4781,NORMAL,False,2026-06-04T23:41:07.981852,0
-0.4813,NORMAL,False,2026-06-04T23:41:08.129075,0
-0.4743,NORMAL,False,2026-06-04T23:41:08.277568,0
-0.4762,NORMAL,False,2026-06-04T23:41:08.424149,0
-0.4825,NORMAL,False,2026-06-04T23:41:08.581848,0
-0.4876,NORMAL,False,2026-06-04T23:41:08.799476,0
-0.4897,NORMAL,False,2026-06-04T23:41:08.994593,0
-0.4852,NORMAL,False,2026-06-04T23:41:09.227014,0
-0.4841,NORMAL,False,2026-06-04T23:41:09.385015,0
-0.4782,NORMAL,False,2026-06-04T23:41:09.537973,0
-0.4774,NORMAL,False,2026-06-04T23:41:09.691046,0
-0.4775,NORMAL,False,2026-06-04T23:41:09.862748,0
-0.4811,NORMAL,False,2026-06-04T23:41:10.013281,0
-0.4836,NORMAL,False,2026-06-04T23:41:10.165442,0
-0.4862,NORMAL,False,2026-06-04T23:41:10.315397,1
-0.4879,NORMAL,False,2026-06-04T23:41:10.463132,0
-0.4888,NORMAL,False,2026-06-04T23:41:10.609427,1
-0.4886,NORMAL,False,2026-06-04T23:41:10.755731,1
-0.4627,NORMAL,False,2026-06-04T23:41:10.906169,1
-0.4686,NORMAL,False,2026-06-04T23:41:11.055606,0
-0.4659,NORMAL,False,2026-06-04T23:41:11.203866,0
-0.4582,NORMAL,False,2026-06-04T23:41:11.374813,0
-0.4555,NORMAL,False,2026-06-04T23:41:11.522171,0
-0.4552,NORMAL,False,2026-06-04T23:41:11.671155,0
-0.4516,NORMAL,False,2026-06-04T23:41:11.820538,0
-0.4469,NORMAL,False,2026-06-04T23:41:11.969047,0
-0.4313,NORMAL,False,2026-06-04T23:41:12.158715,0
-0.4292,NORMAL,False,2026-06-04T23:41:12.313177,1
-0.4225,NORMAL,False,2026-06-04T23:41:12.479919,0
-0.4189,NORMAL,False,2026-06-04T23:41:12.633702,0
-0.4197,NORMAL,False,2026-06-04T23:41:12.782337,0
-0.4159,NORMAL,False,2026-06-04T23:41:12.933143,0
-0.4173,NORMAL,False,2026-06-04T23:41:13.090560,0
-0.4217,NORMAL,False,2026-06-04T23:41:13.243071,0
-0.4232,NORMAL,False,2026-06-04T23:41:13.402837,0
-0.4205,NORMAL,False,2026-06-04T23:41:13.562922,1
-0.4212,NORMAL,False,2026-06-04T23:41:13.719185,0
-0.4238,NORMAL,False,2026-06-04T23:41:13.873030,1
-0.4227,NORMAL,False,2026-06-04T23:41:14.031406,0
-0.423,NORMAL,False,2026-06-04T23:41:14.184607,0
-0.4254,NORMAL,False,2026-06-04T23:41:14.331221,0
-0.422,NORMAL,False,2026-06-04T23:41:14.475561,0
-0.4245,NORMAL,False,2026-06-04T23:41:14.624510,0
-0.4216,NORMAL,False,2026-06-04T23:41:14.782159,0
-0.4255,NORMAL,False,2026-06-04T23:41:14.928959,0
-0.4266,NORMAL,False,2026-06-04T23:41:15.077499,0
-0.4208,NORMAL,False,2026-06-04T23:41:15.246059,0
-0.4191,NORMAL,False,2026-06-04T23:41:15.394773,0
-0.4242,NORMAL,False,2026-06-04T23:41:15.539628,1
-0.4221,NORMAL,False,2026-06-04T23:41:15.685891,0
-0.439,NORMAL,False,2026-06-04T23:41:15.849635,1
-0.433,NORMAL,False,2026-06-04T23:41:16.000382,0
-0.4358,NORMAL,False,2026-06-04T23:41:16.198379,1
-0.4301,NORMAL,False,2026-06-04T23:41:16.345430,0
-0.443,NORMAL,False,2026-06-04T23:41:16.491547,1
-0.4441,NORMAL,False,2026-06-04T23:41:16.637404,0
-0.4415,NORMAL,False,2026-06-04T23:41:16.783352,0
-0.4373,NORMAL,False,2026-06-04T23:41:16.930284,0
-0.4417,NORMAL,False,2026-06-04T23:41:17.076446,0
-0.4398,NORMAL,False,2026-06-04T23:41:17.223626,0
-0.4384,NORMAL,False,2026-06-04T23:41:17.368785,0
-0.4379,NORMAL,False,2026-06-04T23:41:17.513795,1
-0.4353,NORMAL,False,2026-06-04T23:41:17.663284,0
-0.4304,NORMAL,False,2026-06-04T23:41:17.807347,0
-0.4296,NORMAL,False,2026-06-04T23:41:17.953760,0
-0.4313,NORMAL,False,2026-06-04T23:41:18.100301,0
-0.4307,NORMAL,False,2026-06-04T23:41:18.268165,0
-0.4276,NORMAL,False,2026-06-04T23:41:18.422012,1
-0.4365,NORMAL,False,2026-06-04T23:41:18.567134,0
-0.4392,NORMAL,False,2026-06-04T23:41:18.711988,0
-0.4371,NORMAL,False,2026-06-04T23:41:18.857185,1
-0.433,NORMAL,False,2026-06-04T23:41:19.003302,0
-0.4321,NORMAL,False,2026-06-04T23:41:19.153909,0
-0.43,NORMAL,False,2026-06-04T23:41:19.366234,0
-0.4434,NORMAL,False,2026-06-04T23:41:19.512520,0
-0.4404,NORMAL,False,2026-06-04T23:41:19.659042,0
-0.4422,NORMAL,False,2026-06-04T23:41:19.804412,1
-0.4381,NORMAL,False,2026-06-04T23:41:19.954171,0
-0.4367,NORMAL,False,2026-06-04T23:41:20.100042,0
-0.4389,NORMAL,False,2026-06-04T23:41:20.264633,1
-0.4376,NORMAL,False,2026-06-04T23:41:20.416670,0
-0.4367,NORMAL,False,2026-06-04T23:41:20.566851,1
-0.4374,NORMAL,False,2026-06-04T23:41:20.716066,1
-0.4383,NORMAL,False,2026-06-04T23:41:20.932828,0
-0.4358,NORMAL,False,2026-06-04T23:41:21.078639,0
-0.4304,NORMAL,False,2026-06-04T23:41:21.224591,0
-0.4303,NORMAL,False,2026-06-04T23:41:21.397592,0
-0.4285,NORMAL,False,2026-06-04T23:41:21.544287,0
-0.4349,NORMAL,False,2026-06-04T23:41:21.689643,0
-0.4329,NORMAL,False,2026-06-04T23:41:21.835651,0
-0.4355,NORMAL,False,2026-06-04T23:41:21.982812,0
-0.4268,NORMAL,False,2026-06-04T23:41:22.127982,0
-0.425,NORMAL,False,2026-06-04T23:41:22.275316,0
-0.4235,NORMAL,False,2026-06-04T23:41:22.443706,0
-0.4251,NORMAL,False,2026-06-04T23:41:22.590331,0
-0.4334,NORMAL,False,2026-06-04T23:41:22.738534,0
-0.4334,NORMAL,False,2026-06-04T23:41:22.885656,0
-0.4361,NORMAL,False,2026-06-04T23:41:23.032923,0
-0.4268,NORMAL,False,2026-06-04T23:41:23.180233,0
-0.4292,NORMAL,False,2026-06-04T23:41:23.326094,0
-0.4241,NORMAL,False,2026-06-04T23:41:23.471558,0
-0.4288,NORMAL,False,2026-06-04T23:41:23.616716,0
-0.4323,NORMAL,False,2026-06-04T23:41:23.762157,0
-0.4409,NORMAL,False,2026-06-04T23:41:23.937384,0
-0.4461,NORMAL,False,2026-06-04T23:41:24.083056,1
-0.4473,NORMAL,False,2026-06-04T23:41:24.227745,0
-0.4484,NORMAL,False,2026-06-04T23:41:24.416259,0
-0.4499,NORMAL,False,2026-06-04T23:41:24.565961,0
-0.43,NORMAL,False,2026-06-04T23:41:24.736272,1
-0.4265,NORMAL,False,2026-06-04T23:41:24.882055,0
-0.4227,NORMAL,False,2026-06-04T23:41:25.027079,0
-0.4354,NORMAL,False,2026-06-04T23:41:25.171931,0
-0.4294,NORMAL,False,2026-06-04T23:41:25.318729,0
-0.4306,NORMAL,False,2026-06-04T23:41:25.464434,0
-0.4283,NORMAL,False,2026-06-04T23:41:25.615427,0
-0.4202,NORMAL,False,2026-06-04T23:41:25.767736,0
-0.4209,NORMAL,False,2026-06-04T23:41:25.913520,0
-0.4435,NORMAL,False,2026-06-04T23:41:26.060132,0
-0.4477,NORMAL,False,2026-06-04T23:41:26.206081,0
-0.4525,NORMAL,False,2026-06-04T23:41:26.351110,0
-0.4444,NORMAL,False,2026-06-04T23:41:26.496767,0
-0.4445,NORMAL,False,2026-06-04T23:41:26.642546,0
-0.4346,NORMAL,False,2026-06-04T23:41:26.788118,1
-0.4344,NORMAL,False,2026-06-04T23:41:26.942603,0
-0.4347,NORMAL,False,2026-06-04T23:41:27.087018,0
-0.4318,NORMAL,False,2026-06-04T23:41:27.232151,0
-0.4292,NORMAL,False,2026-06-04T23:41:27.407283,0
-0.4293,NORMAL,False,2026-06-04T23:41:27.559494,0
-0.4262,NORMAL,False,2026-06-04T23:41:27.704047,0
-0.4281,NORMAL,False,2026-06-04T23:41:27.849867,0
-0.4261,NORMAL,False,2026-06-04T23:41:27.995184,0
-0.4293,NORMAL,False,2026-06-04T23:41:28.141184,0
-0.4298,NORMAL,False,2026-06-04T23:41:28.301783,0
-0.4313,NORMAL,False,2026-06-04T23:41:28.447166,0
-0.4294,NORMAL,False,2026-06-04T23:41:28.594405,0
-0.4317,NORMAL,False,2026-06-04T23:41:28.739888,0
-0.432,NORMAL,False,2026-06-04T23:41:28.884396,0
-0.4393,NORMAL,False,2026-06-04T23:41:29.029385,0
-0.4378,NORMAL,False,2026-06-04T23:41:29.176197,0
-0.4362,NORMAL,False,2026-06-04T23:41:29.322347,0
-0.4358,NORMAL,False,2026-06-04T23:41:29.468324,0
-0.4398,NORMAL,False,2026-06-04T23:41:29.613327,0
-0.4446,NORMAL,False,2026-06-04T23:41:29.758873,0
-0.4448,NORMAL,False,2026-06-04T23:41:29.904149,0
-0.4447,NORMAL,False,2026-06-04T23:41:30.049563,1
-0.4457,NORMAL,False,2026-06-04T23:41:30.195476,0
-0.4439,NORMAL,False,2026-06-04T23:41:30.364347,1
-0.4505,NORMAL,False,2026-06-04T23:41:30.509541,0
-0.4468,NORMAL,False,2026-06-04T23:41:30.656365,1
-0.4478,NORMAL,False,2026-06-04T23:41:30.803496,0
-0.4546,NORMAL,False,2026-06-04T23:41:30.948804,1
-0.4801,NORMAL,False,2026-06-04T23:41:31.095014,1
-0.4931,NORMAL,False,2026-06-04T23:41:31.244688,0
-0.4915,NORMAL,False,2026-06-04T23:41:31.455518,0
-0.4973,NORMAL,False,2026-06-04T23:41:31.601958,0
-0.5063,LOW,False,2026-06-04T23:41:31.748486,1
-0.5036,LOW,False,2026-06-04T23:41:31.892918,0
-0.5023,LOW,False,2026-06-04T23:41:32.038512,0
-0.4956,NORMAL,False,2026-06-04T23:41:32.184916,0
-0.4829,NORMAL,False,2026-06-04T23:41:32.330879,0
-0.4822,NORMAL,False,2026-06-04T23:41:32.477953,0
-0.4775,NORMAL,False,2026-06-04T23:41:32.625510,0
-0.4768,NORMAL,False,2026-06-04T23:41:32.770982,0
-0.4731,NORMAL,False,2026-06-04T23:41:32.917500,0
-0.4774,NORMAL,False,2026-06-04T23:41:33.063028,0
-0.4781,NORMAL,False,2026-06-04T23:41:33.208433,0
-0.4806,NORMAL,False,2026-06-04T23:41:33.380458,0
-0.4762,NORMAL,False,2026-06-04T23:41:33.549071,1
-0.473,NORMAL,False,2026-06-04T23:41:33.699778,0
-0.4705,NORMAL,False,2026-06-04T23:41:33.845003,0
-0.4733,NORMAL,False,2026-06-04T23:41:33.991737,0
-0.4801,NORMAL,False,2026-06-04T23:41:34.141230,0
-0.4977,NORMAL,False,2026-06-04T23:41:34.287004,0
-0.508,LOW,False,2026-06-04T23:41:34.431812,0
-0.4984,NORMAL,False,2026-06-04T23:41:34.577693,0
-0.5076,LOW,False,2026-06-04T23:41:34.723717,0
-0.5096,LOW,False,2026-06-04T23:41:34.869163,1
-0.5124,LOW,False,2026-06-04T23:41:35.014690,0
-0.5147,LOW,False,2026-06-04T23:41:35.161611,0
-0.5224,MEDIUM,True,2026-06-04T23:41:35.306428,1
-0.522,MEDIUM,True,2026-06-04T23:41:36.327160,1
-0.5223,MEDIUM,True,2026-06-04T23:41:36.997285,0
-0.5329,MEDIUM,True,2026-06-04T23:41:37.591280,1
-0.5289,MEDIUM,True,2026-06-04T23:41:38.229669,0
-0.5256,MEDIUM,True,2026-06-04T23:41:38.878671,0
-0.5248,MEDIUM,True,2026-06-04T23:41:39.523307,0
-0.5204,MEDIUM,True,2026-06-04T23:41:40.265174,0
-0.5211,MEDIUM,True,2026-06-04T23:41:40.797730,0
-0.5286,MEDIUM,True,2026-06-04T23:41:41.449297,0
-0.5648,HIGH,True,2026-06-04T23:41:42.023511,1
-0.571,HIGH,True,2026-06-04T23:41:42.718160,0
-0.5737,HIGH,True,2026-06-04T23:41:43.357725,0
-0.5743,HIGH,True,2026-06-04T23:41:43.985818,0
-0.6098,HIGH,True,2026-06-04T23:41:44.649628,1
-0.6057,HIGH,True,2026-06-04T23:41:45.283611,0
-0.5921,HIGH,True,2026-06-04T23:41:45.911756,0
-0.5961,HIGH,True,2026-06-04T23:41:46.558923,0
-0.5945,HIGH,True,2026-06-04T23:41:47.188086,0
-0.5935,HIGH,True,2026-06-04T23:41:47.861940,0
-0.5921,HIGH,True,2026-06-04T23:41:48.487419,0
-0.5923,HIGH,True,2026-06-04T23:41:49.105395,0
-0.5971,HIGH,True,2026-06-04T23:41:49.755672,0
-0.5964,HIGH,True,2026-06-04T23:41:50.390970,0
-0.5979,HIGH,True,2026-06-04T23:41:51.052266,0
-0.5974,HIGH,True,2026-06-04T23:41:53.325021,1
-0.5978,HIGH,True,2026-06-04T23:41:53.939956,0
-0.5956,HIGH,True,2026-06-04T23:41:54.627102,0
-0.5929,HIGH,True,2026-06-04T23:41:55.242613,0
-0.5915,HIGH,True,2026-06-04T23:41:56.148585,0
-0.5852,HIGH,True,2026-06-04T23:41:56.991520,0
-0.5855,HIGH,True,2026-06-04T23:41:59.359098,0
-0.5851,HIGH,True,2026-06-04T23:42:00.003417,0
-0.5873,HIGH,True,2026-06-04T23:42:01.376680,0
-0.5809,HIGH,True,2026-06-04T23:42:02.155275,0
-0.5818,HIGH,True,2026-06-04T23:42:03.203135,0
-0.5763,HIGH,True,2026-06-04T23:42:03.842560,0
-0.5758,HIGH,True,2026-06-04T23:42:04.722844,0
-0.5775,HIGH,True,2026-06-04T23:42:06.182508,0
-0.5756,HIGH,True,2026-06-04T23:42:06.811180,0
-0.5728,HIGH,True,2026-06-04T23:42:07.500069,0
-0.5561,HIGH,True,2026-06-04T23:42:09.722978,1
-0.5489,MEDIUM,True,2026-06-04T23:42:20.969832,0
-0.5262,MEDIUM,True,2026-06-04T23:42:21.549106,0
-0.5161,LOW,False,2026-06-04T23:42:23.059686,1
-0.5095,LOW,False,2026-06-04T23:42:23.212207,0
-0.5086,LOW,False,2026-06-04T23:42:23.358974,1
-0.5122,LOW,False,2026-06-04T23:42:23.541515,0
-0.5069,LOW,False,2026-06-04T23:42:23.704001,0
-0.5053,LOW,False,2026-06-04T23:42:23.864070,0
-0.5063,LOW,False,2026-06-04T23:42:24.036346,0
-0.512,LOW,False,2026-06-04T23:42:24.197893,0
-0.5151,LOW,False,2026-06-04T23:42:24.353023,0
-0.5211,MEDIUM,True,2026-06-04T23:42:24.536635,0
-0.5197,LOW,False,2026-06-04T23:42:25.221712,0
-0.5229,MEDIUM,True,2026-06-04T23:42:25.381987,0
-0.5226,MEDIUM,True,2026-06-04T23:42:25.958644,0
-0.5206,MEDIUM,True,2026-06-04T23:42:26.646805,0
-0.5268,MEDIUM,True,2026-06-04T23:42:27.240220,0
-0.5309,MEDIUM,True,2026-06-04T23:42:27.953909,0
-0.5407,MEDIUM,True,2026-06-04T23:42:28.785548,1
-0.5477,MEDIUM,True,2026-06-04T23:42:29.543413,0
-0.5549,HIGH,True,2026-06-04T23:42:30.143200,0
-0.5564,HIGH,True,2026-06-04T23:42:31.016322,0
-0.5495,MEDIUM,True,2026-06-04T23:42:31.633396,0
-0.5322,MEDIUM,True,2026-06-04T23:42:33.643224,0
-0.5285,MEDIUM,True,2026-06-04T23:42:34.552220,0
-0.5221,MEDIUM,True,2026-06-04T23:42:35.221707,0
-0.5251,MEDIUM,True,2026-06-04T23:42:36.114187,0
-0.5255,MEDIUM,True,2026-06-04T23:42:36.869132,0
-0.444,NORMAL,False,2026-06-04T23:42:37.998233,0
-0.4493,NORMAL,False,2026-06-04T23:42:38.148926,1
-0.4542,NORMAL,False,2026-06-04T23:42:38.297014,0
-0.4599,NORMAL,False,2026-06-04T23:42:38.444965,1
-0.4868,NORMAL,False,2026-06-04T23:42:38.596490,0
-0.4769,NORMAL,False,2026-06-04T23:42:38.757224,0
-0.4776,NORMAL,False,2026-06-04T23:42:38.904710,0
-0.4787,NORMAL,False,2026-06-04T23:42:39.055473,0
-0.4986,NORMAL,False,2026-06-04T23:42:39.204586,0
-0.4973,NORMAL,False,2026-06-04T23:42:39.352215,1
-0.4969,NORMAL,False,2026-06-04T23:42:39.499360,0
-0.4588,NORMAL,False,2026-06-04T23:42:39.647302,0
-0.4588,NORMAL,False,2026-06-04T23:42:39.794843,0
-0.4539,NORMAL,False,2026-06-04T23:42:39.943531,0
-0.4599,NORMAL,False,2026-06-04T23:42:40.091229,0
-0.4606,NORMAL,False,2026-06-04T23:42:40.264692,0
-0.4617,NORMAL,False,2026-06-04T23:42:40.421523,0
-0.4595,NORMAL,False,2026-06-04T23:42:40.602732,0
-0.4635,NORMAL,False,2026-06-04T23:42:40.751465,1
-0.4711,NORMAL,False,2026-06-04T23:42:40.899447,0
-0.4695,NORMAL,False,2026-06-04T23:42:41.047439,0
-0.4635,NORMAL,False,2026-06-04T23:42:41.193809,0
-0.4639,NORMAL,False,2026-06-04T23:42:41.340961,0
-0.4632,NORMAL,False,2026-06-04T23:42:41.492713,0
-0.4578,NORMAL,False,2026-06-04T23:42:41.642095,0
-0.4647,NORMAL,False,2026-06-04T23:42:41.787464,0
-0.4666,NORMAL,False,2026-06-04T23:42:41.935008,0
-0.4669,NORMAL,False,2026-06-04T23:42:42.087019,0
-0.4674,NORMAL,False,2026-06-04T23:42:42.232217,0
-0.4779,NORMAL,False,2026-06-04T23:42:42.381853,0
-0.4789,NORMAL,False,2026-06-04T23:42:42.535344,0
-0.4892,NORMAL,False,2026-06-04T23:42:42.689538,1
-0.4874,NORMAL,False,2026-06-04T23:42:42.835168,0
-0.4904,NORMAL,False,2026-06-04T23:42:42.981038,1
-0.4819,NORMAL,False,2026-06-04T23:42:43.130782,0
-0.4871,NORMAL,False,2026-06-04T23:42:43.275472,0
-0.4841,NORMAL,False,2026-06-04T23:42:43.426653,0
-0.483,NORMAL,False,2026-06-04T23:42:43.605312,1
-0.4779,NORMAL,False,2026-06-04T23:42:43.752623,0
-0.477,NORMAL,False,2026-06-04T23:42:43.899900,1
-0.4567,NORMAL,False,2026-06-04T23:42:44.046798,0
-0.4535,NORMAL,False,2026-06-04T23:42:44.195856,0
-0.4514,NORMAL,False,2026-06-04T23:42:44.342039,0
-0.4549,NORMAL,False,2026-06-04T23:42:44.489844,0
-0.4561,NORMAL,False,2026-06-04T23:42:44.732581,0
-0.4698,NORMAL,False,2026-06-04T23:42:44.899576,0
-0.4642,NORMAL,False,2026-06-04T23:42:45.054985,0
-0.4584,NORMAL,False,2026-06-04T23:42:45.200476,0
-0.4628,NORMAL,False,2026-06-04T23:42:45.371787,1
-0.4666,NORMAL,False,2026-06-04T23:42:45.539712,0
-0.468,NORMAL,False,2026-06-04T23:42:45.689103,0
-0.4667,NORMAL,False,2026-06-04T23:42:45.847952,0
-0.4639,NORMAL,False,2026-06-04T23:42:45.999240,0
-0.4618,NORMAL,False,2026-06-04T23:42:46.148598,1
-0.4732,NORMAL,False,2026-06-04T23:42:46.333069,1
-0.4788,NORMAL,False,2026-06-04T23:42:46.515018,0
-0.4506,NORMAL,False,2026-06-04T23:42:46.674712,0
-0.4571,NORMAL,False,2026-06-04T23:42:46.850044,1
-0.4585,NORMAL,False,2026-06-04T23:42:47.003422,0
-0.4512,NORMAL,False,2026-06-04T23:42:47.161881,0
-0.4561,NORMAL,False,2026-06-04T23:42:47.316008,0
-0.4729,NORMAL,False,2026-06-04T23:42:47.466331,0
-0.4723,NORMAL,False,2026-06-04T23:42:47.613666,0
-0.473,NORMAL,False,2026-06-04T23:42:47.760402,0
-0.4726,NORMAL,False,2026-06-04T23:42:47.906646,0
-0.4883,NORMAL,False,2026-06-04T23:42:48.053804,1
-0.4905,NORMAL,False,2026-06-04T23:42:48.200021,0
-0.5861,HIGH,True,2026-06-04T23:42:48.347650,1
-0.5779,HIGH,True,2026-06-04T23:42:49.062733,0
-0.5782,HIGH,True,2026-06-04T23:42:49.449826,1
-0.5547,HIGH,True,2026-06-04T23:42:49.907216,0
-0.5549,HIGH,True,2026-06-04T23:42:50.229897,0
-0.5552,HIGH,True,2026-06-04T23:42:50.564637,0
-0.5564,HIGH,True,2026-06-04T23:42:50.886554,0
-0.5637,HIGH,True,2026-06-04T23:42:51.235632,0
-0.5648,HIGH,True,2026-06-04T23:42:51.571283,1
-0.5609,HIGH,True,2026-06-04T23:42:52.014482,0
-0.5625,HIGH,True,2026-06-04T23:42:52.493797,0
-0.5666,HIGH,True,2026-06-04T23:42:52.810433,0
-0.5755,HIGH,True,2026-06-04T23:42:53.301518,0
-0.5846,HIGH,True,2026-06-04T23:42:53.759403,0
-0.5707,HIGH,True,2026-06-04T23:42:54.084306,0
-0.5605,HIGH,True,2026-06-04T23:42:54.562604,0
-0.5327,MEDIUM,True,2026-06-04T23:42:55.031837,1
-0.5286,MEDIUM,True,2026-06-04T23:42:55.350144,0
-0.5334,MEDIUM,True,2026-06-04T23:42:55.680625,0
-0.5315,MEDIUM,True,2026-06-04T23:42:56.003616,0
-0.538,MEDIUM,True,2026-06-04T23:42:56.478309,0
-0.5392,MEDIUM,True,2026-06-04T23:42:56.945979,0
-0.5348,MEDIUM,True,2026-06-04T23:42:57.264344,1
-0.5317,MEDIUM,True,2026-06-04T23:42:57.599677,0
-0.5324,MEDIUM,True,2026-06-04T23:42:57.924792,0
-0.5297,MEDIUM,True,2026-06-04T23:42:58.293730,0
-0.5279,MEDIUM,True,2026-06-04T23:42:58.615050,0
-0.5283,MEDIUM,True,2026-06-04T23:42:58.928618,0
-0.5252,MEDIUM,True,2026-06-04T23:42:59.248746,0
-0.5291,MEDIUM,True,2026-06-04T23:42:59.570910,1
-0.5247,MEDIUM,True,2026-06-04T23:42:59.911892,1
-0.5271,MEDIUM,True,2026-06-04T23:43:00.366861,0
-0.5348,MEDIUM,True,2026-06-04T23:43:00.797863,0
-0.5339,MEDIUM,True,2026-06-04T23:43:01.139483,0
-0.5342,MEDIUM,True,2026-06-04T23:43:01.588475,0
-0.5312,MEDIUM,True,2026-06-04T23:43:01.903936,0
-0.5333,MEDIUM,True,2026-06-04T23:43:02.261979,0
-0.53,MEDIUM,True,2026-06-04T23:43:02.646222,0
-0.5283,MEDIUM,True,2026-06-04T23:43:02.982728,0
-0.5284,MEDIUM,True,2026-06-04T23:43:03.355840,0
-0.5261,MEDIUM,True,2026-06-04T23:43:03.686923,0
-0.5218,MEDIUM,True,2026-06-04T23:43:04.147720,0
-0.5217,MEDIUM,True,2026-06-04T23:43:04.706117,0
-0.5212,MEDIUM,True,2026-06-04T23:43:05.050741,1
-0.5212,MEDIUM,True,2026-06-04T23:43:05.448805,0
-0.5255,MEDIUM,True,2026-06-04T23:43:05.912176,0
-0.5301,MEDIUM,True,2026-06-04T23:43:06.241146,0
-0.5338,MEDIUM,True,2026-06-04T23:43:06.662816,0
-0.5327,MEDIUM,True,2026-06-04T23:43:06.974235,0
-0.5357,MEDIUM,True,2026-06-04T23:43:07.305641,0
-0.4793,NORMAL,False,2026-06-04T23:43:07.653509,1
-0.4693,NORMAL,False,2026-06-04T23:43:07.802960,0
-0.4733,NORMAL,False,2026-06-04T23:43:07.950462,0
-0.4703,NORMAL,False,2026-06-04T23:43:08.096838,0
-0.4656,NORMAL,False,2026-06-04T23:43:08.244675,0
-0.4675,NORMAL,False,2026-06-04T23:43:08.395944,0
-0.4666,NORMAL,False,2026-06-04T23:43:08.546725,1
-0.4625,NORMAL,False,2026-06-04T23:43:08.695248,0
-0.4606,NORMAL,False,2026-06-04T23:43:08.841472,0
-0.4616,NORMAL,False,2026-06-04T23:43:08.989365,0
-0.4607,NORMAL,False,2026-06-04T23:43:09.135515,0
-0.4602,NORMAL,False,2026-06-04T23:43:09.308673,1
-0.4528,NORMAL,False,2026-06-04T23:43:09.461903,0
-0.4499,NORMAL,False,2026-06-04T23:43:09.608038,0
-0.45,NORMAL,False,2026-06-04T23:43:09.755338,0
-0.445,NORMAL,False,2026-06-04T23:43:09.901008,0
-0.4412,NORMAL,False,2026-06-04T23:43:10.048823,0
-0.4356,NORMAL,False,2026-06-04T23:43:10.197005,0
-0.4382,NORMAL,False,2026-06-04T23:43:10.343298,0
-0.439,NORMAL,False,2026-06-04T23:43:10.490987,0
-0.4369,NORMAL,False,2026-06-04T23:43:10.666428,0
-0.4401,NORMAL,False,2026-06-04T23:43:10.812234,0
-0.4409,NORMAL,False,2026-06-04T23:43:10.959933,0
-0.4407,NORMAL,False,2026-06-04T23:43:11.108078,0
-0.4406,NORMAL,False,2026-06-04T23:43:11.254038,0
-0.4248,NORMAL,False,2026-06-04T23:43:11.406981,0
-0.4291,NORMAL,False,2026-06-04T23:43:11.557772,1
-0.4316,NORMAL,False,2026-06-04T23:43:11.706199,0
-0.4329,NORMAL,False,2026-06-04T23:43:11.852045,0
-0.436,NORMAL,False,2026-06-04T23:43:12.001396,0
-0.4405,NORMAL,False,2026-06-04T23:43:12.148008,0
-0.4428,NORMAL,False,2026-06-04T23:43:12.303056,0
-0.4382,NORMAL,False,2026-06-04T23:43:12.453071,1
-0.4415,NORMAL,False,2026-06-04T23:43:12.601402,0
-0.4481,NORMAL,False,2026-06-04T23:43:12.749552,0
-0.4525,NORMAL,False,2026-06-04T23:43:12.895347,0
-0.448,NORMAL,False,2026-06-04T23:43:13.042106,0
-0.4536,NORMAL,False,2026-06-04T23:43:13.189583,0
-0.4581,NORMAL,False,2026-06-04T23:43:13.337123,0
-0.4587,NORMAL,False,2026-06-04T23:43:13.485838,0
-0.4537,NORMAL,False,2026-06-04T23:43:13.685004,0
-0.454,NORMAL,False,2026-06-04T23:43:13.840272,1
-0.4502,NORMAL,False,2026-06-04T23:43:13.985517,0
-0.414,NORMAL,False,2026-06-04T23:43:14.132297,0
-0.4212,NORMAL,False,2026-06-04T23:43:14.281310,0
-0.4212,NORMAL,False,2026-06-04T23:43:14.429310,0
-0.4202,NORMAL,False,2026-06-04T23:43:14.579415,0
-0.4229,NORMAL,False,2026-06-04T23:43:14.727035,0
-0.4212,NORMAL,False,2026-06-04T23:43:14.874365,0
-0.4189,NORMAL,False,2026-06-04T23:43:15.028460,0
-0.4356,NORMAL,False,2026-06-04T23:43:15.175915,0
-0.4314,NORMAL,False,2026-06-04T23:43:15.324931,0
-0.4389,NORMAL,False,2026-06-04T23:43:15.473365,0
-0.4411,NORMAL,False,2026-06-04T23:43:15.623333,0
-0.4378,NORMAL,False,2026-06-04T23:43:15.777286,0
-0.4358,NORMAL,False,2026-06-04T23:43:15.940869,0
-0.4354,NORMAL,False,2026-06-04T23:43:16.090758,0
-0.4328,NORMAL,False,2026-06-04T23:43:16.237288,0
-0.4281,NORMAL,False,2026-06-04T23:43:16.393618,1
-0.4314,NORMAL,False,2026-06-04T23:43:16.543167,0
-0.4338,NORMAL,False,2026-06-04T23:43:16.731425,0
-0.4364,NORMAL,False,2026-06-04T23:43:16.898297,0
-0.438,NORMAL,False,2026-06-04T23:43:17.053227,0
-0.4391,NORMAL,False,2026-06-04T23:43:17.199466,0
-0.4363,NORMAL,False,2026-06-04T23:43:17.346999,1
-0.4398,NORMAL,False,2026-06-04T23:43:17.493716,0
-0.4354,NORMAL,False,2026-06-04T23:43:17.640457,0
-0.4333,NORMAL,False,2026-06-04T23:43:17.788894,1
-0.4225,NORMAL,False,2026-06-04T23:43:17.936167,0
-0.4299,NORMAL,False,2026-06-04T23:43:18.103154,0
-0.4327,NORMAL,False,2026-06-04T23:43:18.257810,0
-0.4304,NORMAL,False,2026-06-04T23:43:18.406373,0
-0.4355,NORMAL,False,2026-06-04T23:43:18.553164,0
-0.4403,NORMAL,False,2026-06-04T23:43:18.702279,0
-0.4348,NORMAL,False,2026-06-04T23:43:18.848448,0
-0.4425,NORMAL,False,2026-06-04T23:43:18.997819,1
-0.4403,NORMAL,False,2026-06-04T23:43:19.145088,0
-0.4404,NORMAL,False,2026-06-04T23:43:19.291789,0
-0.4364,NORMAL,False,2026-06-04T23:43:19.443135,0
-0.436,NORMAL,False,2026-06-04T23:43:19.590464,0
-0.4357,NORMAL,False,2026-06-04T23:43:19.764152,0
-0.4374,NORMAL,False,2026-06-04T23:43:19.910071,0
-0.4543,NORMAL,False,2026-06-04T23:43:20.058689,0
-0.4628,NORMAL,False,2026-06-04T23:43:20.206422,0
-0.444,NORMAL,False,2026-06-04T23:43:20.365512,0
-0.4461,NORMAL,False,2026-06-04T23:43:20.511802,0
-0.4453,NORMAL,False,2026-06-04T23:43:20.660853,0
-0.4402,NORMAL,False,2026-06-04T23:43:20.809285,1
-0.4357,NORMAL,False,2026-06-04T23:43:20.957233,0
-0.4233,NORMAL,False,2026-06-04T23:43:21.104385,1
-0.422,NORMAL,False,2026-06-04T23:43:21.253342,0
-0.4337,NORMAL,False,2026-06-04T23:43:21.404189,0
-0.4457,NORMAL,False,2026-06-04T23:43:21.553318,0
-0.4307,NORMAL,False,2026-06-04T23:43:21.702113,0
-0.4163,NORMAL,False,2026-06-04T23:43:21.850795,0
-0.412,NORMAL,False,2026-06-04T23:43:22.000759,0
-0.4052,NORMAL,False,2026-06-04T23:43:22.148869,1
-0.4023,NORMAL,False,2026-06-04T23:43:22.298073,0
-0.4002,NORMAL,False,2026-06-04T23:43:22.446571,0
-0.4008,NORMAL,False,2026-06-04T23:43:22.596101,0
-0.4014,NORMAL,False,2026-06-04T23:43:22.772803,0
-0.4,NORMAL,False,2026-06-04T23:43:22.921081,1
-0.4002,NORMAL,False,2026-06-04T23:43:23.067298,0
-0.4058,NORMAL,False,2026-06-04T23:43:23.215835,0
-0.4053,NORMAL,False,2026-06-04T23:43:23.368536,0
-0.4059,NORMAL,False,2026-06-04T23:43:23.515791,0
-0.4074,NORMAL,False,2026-06-04T23:43:23.665857,0
-0.4107,NORMAL,False,2026-06-04T23:43:23.811868,0
-0.4201,NORMAL,False,2026-06-04T23:43:23.958608,0
-0.4187,NORMAL,False,2026-06-04T23:43:24.104451,0
-0.4231,NORMAL,False,2026-06-04T23:43:24.251380,1
-0.4215,NORMAL,False,2026-06-04T23:43:24.403624,0
-0.4238,NORMAL,False,2026-06-04T23:43:24.551027,0
-0.4231,NORMAL,False,2026-06-04T23:43:24.715789,0
-0.4224,NORMAL,False,2026-06-04T23:43:24.871852,0
-0.425,NORMAL,False,2026-06-04T23:43:25.019614,0
-0.4237,NORMAL,False,2026-06-04T23:43:25.167644,0
-0.4241,NORMAL,False,2026-06-04T23:43:25.314545,0
-0.4222,NORMAL,False,2026-06-04T23:43:25.461064,0
-0.4236,NORMAL,False,2026-06-04T23:43:25.606653,0
-0.4206,NORMAL,False,2026-06-04T23:43:25.781710,0
-0.4233,NORMAL,False,2026-06-04T23:43:25.929606,0
-0.4219,NORMAL,False,2026-06-04T23:43:26.077504,0
-0.4225,NORMAL,False,2026-06-04T23:43:26.222412,0
-0.4258,NORMAL,False,2026-06-04T23:43:26.376384,0
-0.4291,NORMAL,False,2026-06-04T23:43:26.523096,0
-0.428,NORMAL,False,2026-06-04T23:43:26.677827,0
-0.4275,NORMAL,False,2026-06-04T23:43:26.823389,1
-0.4287,NORMAL,False,2026-06-04T23:43:26.988688,0
-0.4327,NORMAL,False,2026-06-04T23:43:27.138648,0
-0.4307,NORMAL,False,2026-06-04T23:43:27.286093,0
-0.4329,NORMAL,False,2026-06-04T23:43:27.435786,1
-0.4327,NORMAL,False,2026-06-04T23:43:27.582769,1
-0.4446,NORMAL,False,2026-06-04T23:43:27.730346,0
-0.4402,NORMAL,False,2026-06-04T23:43:27.884287,0
-0.4387,NORMAL,False,2026-06-04T23:43:28.032420,0
-0.437,NORMAL,False,2026-06-04T23:43:28.180915,0
-0.4301,NORMAL,False,2026-06-04T23:43:28.327284,0
-0.4327,NORMAL,False,2026-06-04T23:43:28.484112,0
-0.4285,NORMAL,False,2026-06-04T23:43:28.630430,0
-0.4254,NORMAL,False,2026-06-04T23:43:28.803890,0
-0.4264,NORMAL,False,2026-06-04T23:43:28.951840,0
-0.4261,NORMAL,False,2026-06-04T23:43:29.105675,1
-0.4286,NORMAL,False,2026-06-04T23:43:29.254057,0
-0.4285,NORMAL,False,2026-06-04T23:43:29.404476,0
-0.4292,NORMAL,False,2026-06-04T23:43:29.552702,0
-0.4286,NORMAL,False,2026-06-04T23:43:29.699177,0
-0.4278,NORMAL,False,2026-06-04T23:43:29.845924,0
-0.4309,NORMAL,False,2026-06-04T23:43:29.993999,0
-0.4332,NORMAL,False,2026-06-04T23:43:30.140531,1
-0.4427,NORMAL,False,2026-06-04T23:43:30.286682,0
-0.4421,NORMAL,False,2026-06-04T23:43:30.435626,1
-0.4456,NORMAL,False,2026-06-04T23:43:30.580784,1
-0.4459,NORMAL,False,2026-06-04T23:43:30.728307,0
-0.4477,NORMAL,False,2026-06-04T23:43:30.877261,0
-0.4498,NORMAL,False,2026-06-04T23:43:31.023423,0
-0.4556,NORMAL,False,2026-06-04T23:43:31.169928,0
-0.4511,NORMAL,False,2026-06-04T23:43:31.331261,0
-0.4474,NORMAL,False,2026-06-04T23:43:31.480268,0
-0.4456,NORMAL,False,2026-06-04T23:43:31.627117,0
-0.447,NORMAL,False,2026-06-04T23:43:31.801914,0
-0.4508,NORMAL,False,2026-06-04T23:43:31.947414,0
-0.4494,NORMAL,False,2026-06-04T23:43:32.094080,0
-0.4511,NORMAL,False,2026-06-04T23:43:32.239441,1
-0.4575,NORMAL,False,2026-06-04T23:43:32.394726,0
-0.4616,NORMAL,False,2026-06-04T23:43:32.543219,0
-0.4718,NORMAL,False,2026-06-04T23:43:32.694223,0
-0.4691,NORMAL,False,2026-06-04T23:43:32.841703,0
-0.4738,NORMAL,False,2026-06-04T23:43:32.990841,0
-0.4743,NORMAL,False,2026-06-04T23:43:33.136459,0
-0.4761,NORMAL,False,2026-06-04T23:43:33.284189,0
-0.486,NORMAL,False,2026-06-04T23:43:33.433080,0
-0.4836,NORMAL,False,2026-06-04T23:43:33.598124,0
-0.483,NORMAL,False,2026-06-04T23:43:33.755322,1
-0.4892,NORMAL,False,2026-06-04T23:43:33.901646,1
-0.487,NORMAL,False,2026-06-04T23:43:34.048058,0
-0.492,NORMAL,False,2026-06-04T23:43:34.196122,0
-0.4908,NORMAL,False,2026-06-04T23:43:34.342725,1
-0.5035,LOW,False,2026-06-04T23:43:34.489984,0
-0.5028,LOW,False,2026-06-04T23:43:34.640340,0
-0.5017,LOW,False,2026-06-04T23:43:34.815892,0
-0.4955,NORMAL,False,2026-06-04T23:43:34.961576,0
-0.4882,NORMAL,False,2026-06-04T23:43:35.109356,1
-0.4878,NORMAL,False,2026-06-04T23:43:35.259843,0
-0.4794,NORMAL,False,2026-06-04T23:43:35.408049,0
-0.4745,NORMAL,False,2026-06-04T23:43:35.556390,0
-0.4794,NORMAL,False,2026-06-04T23:43:35.706022,0
-0.4811,NORMAL,False,2026-06-04T23:43:35.866323,0
-0.4671,NORMAL,False,2026-06-04T23:43:36.012370,0
-0.4675,NORMAL,False,2026-06-04T23:43:36.160720,0
-0.4633,NORMAL,False,2026-06-04T23:43:36.307576,0
-0.4625,NORMAL,False,2026-06-04T23:43:36.455084,0
-0.4597,NORMAL,False,2026-06-04T23:43:36.600785,1
-0.4567,NORMAL,False,2026-06-04T23:43:36.747336,0
-0.4564,NORMAL,False,2026-06-04T23:43:36.895227,0
-0.4587,NORMAL,False,2026-06-04T23:43:37.043529,0
-0.4566,NORMAL,False,2026-06-04T23:43:37.192515,1
-0.4474,NORMAL,False,2026-06-04T23:43:37.339205,0
-0.4473,NORMAL,False,2026-06-04T23:43:37.487635,0
-0.4421,NORMAL,False,2026-06-04T23:43:37.634482,0
-0.4529,NORMAL,False,2026-06-04T23:43:37.806835,1
-0.4455,NORMAL,False,2026-06-04T23:43:37.954616,0
-0.444,NORMAL,False,2026-06-04T23:43:38.101111,0
-0.449,NORMAL,False,2026-06-04T23:43:38.253705,0
-0.4486,NORMAL,False,2026-06-04T23:43:38.401707,0
-0.4498,NORMAL,False,2026-06-04T23:43:38.548114,0
-0.4499,NORMAL,False,2026-06-04T23:43:38.698094,0
-0.4488,NORMAL,False,2026-06-04T23:43:38.846632,0
-0.4471,NORMAL,False,2026-06-04T23:43:38.996130,0
-0.4558,NORMAL,False,2026-06-04T23:43:39.143031,0
-0.4599,NORMAL,False,2026-06-04T23:43:39.289995,0
-0.4607,NORMAL,False,2026-06-04T23:43:39.437751,0
-0.4593,NORMAL,False,2026-06-04T23:43:39.585764,0
-0.4518,NORMAL,False,2026-06-04T23:43:39.733915,0
-0.4595,NORMAL,False,2026-06-04T23:43:39.882870,0
-0.4521,NORMAL,False,2026-06-04T23:43:40.030511,1
-0.4524,NORMAL,False,2026-06-04T23:43:40.192122,0
-0.455,NORMAL,False,2026-06-04T23:43:40.340045,0
-0.4479,NORMAL,False,2026-06-04T23:43:40.487464,0
-0.4528,NORMAL,False,2026-06-04T23:43:40.633365,0
-0.455,NORMAL,False,2026-06-04T23:43:40.812966,0
-0.4557,NORMAL,False,2026-06-04T23:43:40.959782,0
-0.4595,NORMAL,False,2026-06-04T23:43:41.108719,0
-0.4578,NORMAL,False,2026-06-04T23:43:41.261429,0
-0.4649,NORMAL,False,2026-06-04T23:43:41.411272,0
-0.4641,NORMAL,False,2026-06-04T23:43:41.558085,0
-0.4528,NORMAL,False,2026-06-04T23:43:41.710836,0
-0.4389,NORMAL,False,2026-06-04T23:43:41.857914,0
-0.4383,NORMAL,False,2026-06-04T23:43:42.005786,0
-0.4386,NORMAL,False,2026-06-04T23:43:42.155766,0
-0.4421,NORMAL,False,2026-06-04T23:43:42.305446,0
-0.4392,NORMAL,False,2026-06-04T23:43:42.478473,0
-0.4422,NORMAL,False,2026-06-04T23:43:42.630563,0
-0.4704,NORMAL,False,2026-06-04T23:43:42.777506,1
-0.4649,NORMAL,False,2026-06-04T23:43:42.930456,0
-0.473,NORMAL,False,2026-06-04T23:43:43.078954,0
-0.474,NORMAL,False,2026-06-04T23:43:43.233760,0
-0.4663,NORMAL,False,2026-06-04T23:43:43.392187,0
-0.4636,NORMAL,False,2026-06-04T23:43:43.543894,0
-0.4609,NORMAL,False,2026-06-04T23:43:43.703921,0
-0.4588,NORMAL,False,2026-06-04T23:43:43.878210,0
-0.4629,NORMAL,False,2026-06-04T23:43:44.025275,0
-0.4679,NORMAL,False,2026-06-04T23:43:44.172867,0
-0.4707,NORMAL,False,2026-06-04T23:43:44.321594,0
-0.4768,NORMAL,False,2026-06-04T23:43:44.468404,0
-0.4905,NORMAL,False,2026-06-04T23:43:44.632620,0
-0.4931,NORMAL,False,2026-06-04T23:43:44.780205,0
-0.492,NORMAL,False,2026-06-04T23:43:44.930361,0
-0.4912,NORMAL,False,2026-06-04T23:43:45.077861,0
-0.4802,NORMAL,False,2026-06-04T23:43:45.225823,1
-0.486,NORMAL,False,2026-06-04T23:43:45.372816,0
-0.484,NORMAL,False,2026-06-04T23:43:45.519304,1
-0.4937,NORMAL,False,2026-06-04T23:43:45.665915,0
-0.4949,NORMAL,False,2026-06-04T23:43:45.816908,0
-0.4927,NORMAL,False,2026-06-04T23:43:45.964594,1
-0.4962,NORMAL,False,2026-06-04T23:43:46.115746,0
-0.4948,NORMAL,False,2026-06-04T23:43:46.260893,0
-0.4959,NORMAL,False,2026-06-04T23:43:46.433324,0
-0.4958,NORMAL,False,2026-06-04T23:43:46.597990,1
-0.4984,NORMAL,False,2026-06-04T23:43:46.743918,0
-0.4937,NORMAL,False,2026-06-04T23:43:46.926934,1
-0.4957,NORMAL,False,2026-06-04T23:43:47.075231,0
-0.4931,NORMAL,False,2026-06-04T23:43:47.222580,1
-0.4933,NORMAL,False,2026-06-04T23:43:47.371100,0
-0.4971,NORMAL,False,2026-06-04T23:43:47.522486,0
-0.4974,NORMAL,False,2026-06-04T23:43:47.668352,0
-0.5006,LOW,False,2026-06-04T23:43:47.819764,0
-0.503,LOW,False,2026-06-04T23:43:47.966447,0
-0.493,NORMAL,False,2026-06-04T23:43:48.112641,1
-0.4912,NORMAL,False,2026-06-04T23:43:48.260142,0
-0.4868,NORMAL,False,2026-06-04T23:43:48.408086,1
-0.4821,NORMAL,False,2026-06-04T23:43:48.553703,0
-0.4752,NORMAL,False,2026-06-04T23:43:48.701919,0
-0.4775,NORMAL,False,2026-06-04T23:43:48.847451,0
-0.475,NORMAL,False,2026-06-04T23:43:48.999722,0
-0.4691,NORMAL,False,2026-06-04T23:43:49.153040,0
-0.4677,NORMAL,False,2026-06-04T23:43:49.299267,0
-0.4626,NORMAL,False,2026-06-04T23:43:49.446157,0
-0.4631,NORMAL,False,2026-06-04T23:43:49.593967,0
-0.4612,NORMAL,False,2026-06-04T23:43:49.739003,1
-0.4611,NORMAL,False,2026-06-04T23:43:49.913825,0
-0.4605,NORMAL,False,2026-06-04T23:43:50.060817,0
-0.4589,NORMAL,False,2026-06-04T23:43:50.209147,0
-0.4386,NORMAL,False,2026-06-04T23:43:50.355165,0
-0.4406,NORMAL,False,2026-06-04T23:43:50.503385,0
-0.4408,NORMAL,False,2026-06-04T23:43:50.652111,0
-0.4526,NORMAL,False,2026-06-04T23:43:50.804509,1
-0.4585,NORMAL,False,2026-06-04T23:43:50.952331,0
-0.4502,NORMAL,False,2026-06-04T23:43:51.100034,0
-0.4544,NORMAL,False,2026-06-04T23:43:51.289707,0
-0.4529,NORMAL,False,2026-06-04T23:43:51.438144,1
-0.4529,NORMAL,False,2026-06-04T23:43:51.583924,0
-0.4618,NORMAL,False,2026-06-04T23:43:51.731269,1
-0.5218,MEDIUM,True,2026-06-04T23:43:51.881460,1
-0.5242,MEDIUM,True,2026-06-04T23:43:52.637386,0
-0.5302,MEDIUM,True,2026-06-04T23:43:52.991279,0
-0.5221,MEDIUM,True,2026-06-04T23:43:53.381256,0
-0.5171,LOW,False,2026-06-04T23:43:53.710643,0
-0.518,LOW,False,2026-06-04T23:43:53.858000,0
-0.5172,LOW,False,2026-06-04T23:43:54.004486,1
-0.5186,LOW,False,2026-06-04T23:43:54.178759,0
-0.5199,LOW,False,2026-06-04T23:43:54.324715,1
-0.5277,MEDIUM,True,2026-06-04T23:43:54.472623,0
-0.527,MEDIUM,True,2026-06-04T23:43:54.794318,0
-0.5274,MEDIUM,True,2026-06-04T23:43:55.180859,0
-0.523,MEDIUM,True,2026-06-04T23:43:55.502855,0
-0.5216,MEDIUM,True,2026-06-04T23:43:55.834191,0
-0.5303,MEDIUM,True,2026-06-04T23:43:56.144584,0
-0.5275,MEDIUM,True,2026-06-04T23:43:56.480424,0
-0.5327,MEDIUM,True,2026-06-04T23:43:56.809986,1
-0.5338,MEDIUM,True,2026-06-04T23:43:57.299285,0
-0.5437,MEDIUM,True,2026-06-04T23:43:57.747612,0
-0.5487,MEDIUM,True,2026-06-04T23:43:58.060697,0
-0.5519,HIGH,True,2026-06-04T23:43:58.391951,0
-0.5534,HIGH,True,2026-06-04T23:43:58.708174,0
-0.555,HIGH,True,2026-06-04T23:43:59.141042,0
-0.5675,HIGH,True,2026-06-04T23:43:59.463862,0
-0.5658,HIGH,True,2026-06-04T23:43:59.831265,0
-0.5654,HIGH,True,2026-06-04T23:44:01.405296,0
-0.5667,HIGH,True,2026-06-04T23:44:01.758782,0
-0.5693,HIGH,True,2026-06-04T23:44:02.257504,0
-0.5741,HIGH,True,2026-06-04T23:44:02.582300,0
-0.5722,HIGH,True,2026-06-04T23:44:03.042688,0
-0.5727,HIGH,True,2026-06-04T23:44:03.511193,0
-0.5695,HIGH,True,2026-06-04T23:44:03.820816,0
-0.5732,HIGH,True,2026-06-04T23:44:05.424305,0
-0.5709,HIGH,True,2026-06-04T23:44:05.748033,0
-0.5718,HIGH,True,2026-06-04T23:44:06.129842,0
-0.5739,HIGH,True,2026-06-04T23:44:06.467329,0
-0.5751,HIGH,True,2026-06-04T23:44:06.916892,0
-0.5742,HIGH,True,2026-06-04T23:44:07.429703,0
-0.5651,HIGH,True,2026-06-04T23:44:07.757377,0
-0.5661,HIGH,True,2026-06-04T23:44:09.326355,0
-0.5576,HIGH,True,2026-06-04T23:44:09.645670,0
-0.5468,MEDIUM,True,2026-06-04T23:44:10.083261,0
-0.5447,MEDIUM,True,2026-06-04T23:44:10.880676,0
-0.5478,MEDIUM,True,2026-06-04T23:44:11.370447,0
-0.5574,HIGH,True,2026-06-04T23:44:11.820874,0
-0.5529,HIGH,True,2026-06-04T23:44:14.451094,0
-0.5508,HIGH,True,2026-06-04T23:44:14.795540,0
-0.5463,MEDIUM,True,2026-06-04T23:44:15.275405,0
-0.5368,MEDIUM,True,2026-06-04T23:44:15.699131,0
-0.5343,MEDIUM,True,2026-06-04T23:44:16.028208,0
-0.4969,NORMAL,False,2026-06-04T23:44:16.494542,0
-0.5002,LOW,False,2026-06-04T23:44:16.641664,0
-0.4995,NORMAL,False,2026-06-04T23:44:16.789346,1
-0.519,LOW,False,2026-06-04T23:44:16.936128,0
-0.5161,LOW,False,2026-06-04T23:44:17.083546,1
-0.5054,LOW,False,2026-06-04T23:44:17.231910,0
-0.4779,NORMAL,False,2026-06-04T23:44:17.394480,0
-0.475,NORMAL,False,2026-06-04T23:44:17.543107,0
-0.4708,NORMAL,False,2026-06-04T23:44:17.690963,0
-0.4698,NORMAL,False,2026-06-04T23:44:17.858163,0
-0.4687,NORMAL,False,2026-06-04T23:44:18.009967,0
-0.4676,NORMAL,False,2026-06-04T23:44:18.157278,0
-0.4672,NORMAL,False,2026-06-04T23:44:18.305912,0
-0.467,NORMAL,False,2026-06-04T23:44:18.452797,0
-0.4592,NORMAL,False,2026-06-04T23:44:18.599871,0
-0.4607,NORMAL,False,2026-06-04T23:44:18.748979,0
-0.4615,NORMAL,False,2026-06-04T23:44:18.933637,0
-0.4595,NORMAL,False,2026-06-04T23:44:19.147946,0
-0.4562,NORMAL,False,2026-06-04T23:44:19.303450,0
-0.4539,NORMAL,False,2026-06-04T23:44:19.461579,1
-0.4585,NORMAL,False,2026-06-04T23:44:19.622090,0
-0.4607,NORMAL,False,2026-06-04T23:44:19.778446,1
-0.4618,NORMAL,False,2026-06-04T23:44:19.925241,0
-0.4597,NORMAL,False,2026-06-04T23:44:20.095494,0
-0.4657,NORMAL,False,2026-06-04T23:44:20.244693,1
-0.4644,NORMAL,False,2026-06-04T23:44:20.394703,0
-0.4651,NORMAL,False,2026-06-04T23:44:20.541703,0
-0.4629,NORMAL,False,2026-06-04T23:44:20.689132,0
-0.4716,NORMAL,False,2026-06-04T23:44:20.838936,1
-0.4693,NORMAL,False,2026-06-04T23:44:20.985158,0
-0.4623,NORMAL,False,2026-06-04T23:44:21.131583,0
-0.4618,NORMAL,False,2026-06-04T23:44:21.280754,0
-0.4601,NORMAL,False,2026-06-04T23:44:21.426506,1
-0.46,NORMAL,False,2026-06-04T23:44:21.573093,0
-0.4598,NORMAL,False,2026-06-04T23:44:21.722636,0
-0.4623,NORMAL,False,2026-06-04T23:44:21.868352,0
-0.4668,NORMAL,False,2026-06-04T23:44:22.014905,0
-0.469,NORMAL,False,2026-06-04T23:44:22.306350,0
-0.475,NORMAL,False,2026-06-04T23:44:22.459585,0
-0.4775,NORMAL,False,2026-06-04T23:44:22.608436,1
-0.4811,NORMAL,False,2026-06-04T23:44:22.756174,0
-0.4847,NORMAL,False,2026-06-04T23:44:22.903245,0
-0.4901,NORMAL,False,2026-06-04T23:44:23.055429,0
-0.4801,NORMAL,False,2026-06-04T23:44:23.206027,0
-0.4732,NORMAL,False,2026-06-04T23:44:23.360474,0
-0.4738,NORMAL,False,2026-06-04T23:44:23.509495,0
-0.4735,NORMAL,False,2026-06-04T23:44:23.655012,0
-0.4739,NORMAL,False,2026-06-04T23:44:23.846927,0
-0.476,NORMAL,False,2026-06-04T23:44:23.993807,0
-0.4765,NORMAL,False,2026-06-04T23:44:24.140445,0
-0.4796,NORMAL,False,2026-06-04T23:44:24.287477,0
-0.4835,NORMAL,False,2026-06-04T23:44:24.434908,0
-0.4884,NORMAL,False,2026-06-04T23:44:24.584758,0
-0.4822,NORMAL,False,2026-06-04T23:44:24.733082,0
-0.494,NORMAL,False,2026-06-04T23:44:24.879087,0
-0.4923,NORMAL,False,2026-06-04T23:44:25.027038,0
-0.4891,NORMAL,False,2026-06-04T23:44:25.177741,0
-0.4922,NORMAL,False,2026-06-04T23:44:25.353925,0
-0.4923,NORMAL,False,2026-06-04T23:44:25.502507,0
-0.4943,NORMAL,False,2026-06-04T23:44:25.648839,0
-0.4966,NORMAL,False,2026-06-04T23:44:25.798005,0
-0.494,NORMAL,False,2026-06-04T23:44:25.945686,0
-0.4944,NORMAL,False,2026-06-04T23:44:26.091686,0
-0.4908,NORMAL,False,2026-06-04T23:44:26.246332,0
-0.4767,NORMAL,False,2026-06-04T23:44:26.392970,0
-0.4684,NORMAL,False,2026-06-04T23:44:26.537815,0
-0.4684,NORMAL,False,2026-06-04T23:44:26.705644,0
-0.4696,NORMAL,False,2026-06-04T23:44:26.859770,0
-0.4706,NORMAL,False,2026-06-04T23:44:27.007575,0
-0.463,NORMAL,False,2026-06-04T23:44:27.154060,0
-0.4659,NORMAL,False,2026-06-04T23:44:27.302566,0
-0.4645,NORMAL,False,2026-06-04T23:44:27.459680,0
-0.4662,NORMAL,False,2026-06-04T23:44:27.609265,0
-0.4613,NORMAL,False,2026-06-04T23:44:27.756759,0
-0.4594,NORMAL,False,2026-06-04T23:44:27.907247,0
-0.461,NORMAL,False,2026-06-04T23:44:28.055435,0
-0.4713,NORMAL,False,2026-06-04T23:44:28.201599,0
-0.4708,NORMAL,False,2026-06-04T23:44:28.379412,0
-0.4725,NORMAL,False,2026-06-04T23:44:28.527425,0
-0.4833,NORMAL,False,2026-06-04T23:44:28.675721,0
-0.4901,NORMAL,False,2026-06-04T23:44:28.824292,0
-0.491,NORMAL,False,2026-06-04T23:44:28.989373,0
-0.4972,NORMAL,False,2026-06-04T23:44:29.137151,0
-0.4983,NORMAL,False,2026-06-04T23:44:29.286139,0
-0.4827,NORMAL,False,2026-06-04T23:44:29.433326,0
-0.485,NORMAL,False,2026-06-04T23:44:29.582105,0
-0.4877,NORMAL,False,2026-06-04T23:44:29.730838,0
-0.4873,NORMAL,False,2026-06-04T23:44:29.879432,0
-0.4798,NORMAL,False,2026-06-04T23:44:30.035042,0
-0.482,NORMAL,False,2026-06-04T23:44:30.183354,0
-0.4816,NORMAL,False,2026-06-04T23:44:30.328593,0
-0.4798,NORMAL,False,2026-06-04T23:44:30.479409,0
-0.4836,NORMAL,False,2026-06-04T23:44:30.629184,0
-0.485,NORMAL,False,2026-06-04T23:44:30.775112,0
-0.4844,NORMAL,False,2026-06-04T23:44:30.925097,0
-0.4801,NORMAL,False,2026-06-04T23:44:31.071880,0
-0.4791,NORMAL,False,2026-06-04T23:44:31.222744,0
-0.477,NORMAL,False,2026-06-04T23:44:31.426965,0
-0.4787,NORMAL,False,2026-06-04T23:44:31.594049,0
-0.4759,NORMAL,False,2026-06-04T23:44:31.763311,0
-0.4686,NORMAL,False,2026-06-04T23:44:31.923716,0
-0.4669,NORMAL,False,2026-06-04T23:44:32.081808,0
-0.4643,NORMAL,False,2026-06-04T23:44:32.240397,0
-0.4659,NORMAL,False,2026-06-04T23:44:32.401510,0
-0.4559,NORMAL,False,2026-06-04T23:44:32.574413,0
-0.4615,NORMAL,False,2026-06-04T23:44:32.719390,0
-0.4678,NORMAL,False,2026-06-04T23:44:32.864933,0
-0.4657,NORMAL,False,2026-06-04T23:44:33.012572,0
-0.5046,LOW,False,2026-06-04T23:44:33.160241,1
-0.494,NORMAL,False,2026-06-04T23:44:33.324310,0
-0.5016,LOW,False,2026-06-04T23:44:33.472049,0
-0.4988,NORMAL,False,2026-06-04T23:44:33.619577,0
-0.4947,NORMAL,False,2026-06-04T23:44:33.770748,0
-0.4916,NORMAL,False,2026-06-04T23:44:33.918091,0
-0.4937,NORMAL,False,2026-06-04T23:44:34.067510,0
-0.4904,NORMAL,False,2026-06-04T23:44:34.213583,0
-0.4948,NORMAL,False,2026-06-04T23:44:34.362051,0
-0.4913,NORMAL,False,2026-06-04T23:44:34.542350,0
-0.4897,NORMAL,False,2026-06-04T23:44:34.689724,0
-0.4936,NORMAL,False,2026-06-04T23:44:34.841134,0
-0.4932,NORMAL,False,2026-06-04T23:44:34.991224,0
-0.498,NORMAL,False,2026-06-04T23:44:35.139294,0
-0.4947,NORMAL,False,2026-06-04T23:44:35.288694,0
-0.4984,NORMAL,False,2026-06-04T23:44:35.436060,0
-0.5188,LOW,False,2026-06-04T23:44:35.600203,1
-0.5193,LOW,False,2026-06-04T23:44:35.751089,0
-0.5209,MEDIUM,True,2026-06-04T23:44:35.897859,0
-0.5182,LOW,False,2026-06-04T23:44:37.297642,0
-0.5142,LOW,False,2026-06-04T23:44:37.444749,0
-0.5211,MEDIUM,True,2026-06-04T23:44:37.592114,0
-0.5311,MEDIUM,True,2026-06-04T23:44:38.063462,0
-0.531,MEDIUM,True,2026-06-04T23:44:38.382286,0
-0.5308,MEDIUM,True,2026-06-04T23:44:38.733341,0
-0.5278,MEDIUM,True,2026-06-04T23:44:39.056414,0
-0.5294,MEDIUM,True,2026-06-04T23:44:39.541743,0
-0.5364,MEDIUM,True,2026-06-04T23:44:40.013478,0
-0.528,MEDIUM,True,2026-06-04T23:44:40.334052,0
-0.5384,MEDIUM,True,2026-06-04T23:44:40.825496,0
-0.5376,MEDIUM,True,2026-06-04T23:44:41.263129,0
-0.5332,MEDIUM,True,2026-06-04T23:44:41.578215,0
-0.5242,MEDIUM,True,2026-06-04T23:44:41.901693,0
-0.5098,LOW,False,2026-06-04T23:44:42.227998,0
-0.5066,LOW,False,2026-06-04T23:44:42.382641,0
-0.5051,LOW,False,2026-06-04T23:44:42.531348,0
-0.5306,MEDIUM,True,2026-06-04T23:44:42.677652,0
-0.5304,MEDIUM,True,2026-06-04T23:44:43.533122,0
-0.5288,MEDIUM,True,2026-06-04T23:44:44.002371,0
-0.5349,MEDIUM,True,2026-06-04T23:44:44.481173,0
-0.533,MEDIUM,True,2026-06-04T23:44:44.863518,0
-0.5388,MEDIUM,True,2026-06-04T23:44:45.185157,0
-0.539,MEDIUM,True,2026-06-04T23:44:45.500578,0
-0.534,MEDIUM,True,2026-06-04T23:44:45.930203,0
-0.5391,MEDIUM,True,2026-06-04T23:44:48.412109,0
-0.539,MEDIUM,True,2026-06-04T23:44:48.743151,0
-0.5389,MEDIUM,True,2026-06-04T23:44:49.109131,0
-0.5348,MEDIUM,True,2026-06-04T23:44:49.614935,0
-0.5337,MEDIUM,True,2026-06-04T23:44:49.933151,0
-0.535,MEDIUM,True,2026-06-04T23:44:50.293246,0
-0.5328,MEDIUM,True,2026-06-04T23:44:51.589751,0
-0.5454,MEDIUM,True,2026-06-04T23:44:51.894204,0
-0.5498,MEDIUM,True,2026-06-04T23:44:52.297778,0
-0.5438,MEDIUM,True,2026-06-04T23:44:52.657756,0
-0.5475,MEDIUM,True,2026-06-04T23:44:52.971203,0
-0.545,MEDIUM,True,2026-06-04T23:44:53.421194,0
-0.5361,MEDIUM,True,2026-06-04T23:44:53.751001,1
-0.5373,MEDIUM,True,2026-06-04T23:44:54.238358,0
-0.5403,MEDIUM,True,2026-06-04T23:44:55.959628,0
-0.5479,MEDIUM,True,2026-06-04T23:44:56.276707,0
-0.5508,HIGH,True,2026-06-04T23:44:56.624393,0
-0.5536,HIGH,True,2026-06-04T23:44:56.934464,0
-0.5559,HIGH,True,2026-06-04T23:44:57.277079,0
-0.5639,HIGH,True,2026-06-04T23:44:57.588439,0
-0.5537,HIGH,True,2026-06-04T23:44:57.932983,1
-0.5602,HIGH,True,2026-06-04T23:44:58.249227,0
-0.5185,LOW,False,2026-06-04T23:44:59.534059,0
-0.5148,LOW,False,2026-06-04T23:44:59.680295,0
-0.5477,MEDIUM,True,2026-06-04T23:44:59.829917,1
-0.5487,MEDIUM,True,2026-06-04T23:45:00.181118,0
-0.5384,MEDIUM,True,2026-06-04T23:45:00.504166,0
-0.5351,MEDIUM,True,2026-06-04T23:45:00.842855,0
-0.5255,MEDIUM,True,2026-06-04T23:45:01.277148,0
-0.5358,MEDIUM,True,2026-06-04T23:45:01.762201,0
-0.5398,MEDIUM,True,2026-06-04T23:45:02.119359,0
-0.541,MEDIUM,True,2026-06-04T23:45:03.857725,0
-0.5346,MEDIUM,True,2026-06-04T23:45:04.332752,0
-0.5563,HIGH,True,2026-06-04T23:45:04.659640,1
-0.5504,HIGH,True,2026-06-04T23:45:05.042605,0
-0.5468,MEDIUM,True,2026-06-04T23:45:05.349569,0
-0.546,MEDIUM,True,2026-06-04T23:45:05.799039,0
-0.5422,MEDIUM,True,2026-06-04T23:45:06.222013,0
-0.5441,MEDIUM,True,2026-06-04T23:45:07.547541,0
-0.5401,MEDIUM,True,2026-06-04T23:45:07.874479,0
-0.5355,MEDIUM,True,2026-06-04T23:45:08.329341,0
-0.5345,MEDIUM,True,2026-06-04T23:45:09.121486,0
-0.5356,MEDIUM,True,2026-06-04T23:45:09.451998,0
-0.5325,MEDIUM,True,2026-06-04T23:45:09.780832,0
-0.5301,MEDIUM,True,2026-06-04T23:45:10.260064,0
-0.5275,MEDIUM,True,2026-06-04T23:45:11.817578,0
-0.5262,MEDIUM,True,2026-06-04T23:45:12.183046,0
-0.5226,MEDIUM,True,2026-06-04T23:45:12.620658,0
-0.5313,MEDIUM,True,2026-06-04T23:45:12.936427,0
-0.5269,MEDIUM,True,2026-06-04T23:45:13.493058,0
-0.5268,MEDIUM,True,2026-06-04T23:45:13.823368,0
-0.5277,MEDIUM,True,2026-06-04T23:45:14.148344,0
-0.5174,LOW,False,2026-06-04T23:45:15.883632,0
-0.5185,LOW,False,2026-06-04T23:45:16.029435,0
-0.5203,MEDIUM,True,2026-06-04T23:45:16.176629,0
-0.5229,MEDIUM,True,2026-06-04T23:45:16.639712,0
-0.5331,MEDIUM,True,2026-06-04T23:45:17.097709,0
-0.5348,MEDIUM,True,2026-06-04T23:45:17.480823,0
-0.5266,MEDIUM,True,2026-06-04T23:45:17.957869,0
-0.5231,MEDIUM,True,2026-06-04T23:45:18.388362,0
-0.5252,MEDIUM,True,2026-06-04T23:45:20.028208,0
-0.5252,MEDIUM,True,2026-06-04T23:45:20.474794,0
-0.5286,MEDIUM,True,2026-06-04T23:45:20.941806,0
-0.5262,MEDIUM,True,2026-06-04T23:45:21.263168,0
-0.5352,MEDIUM,True,2026-06-04T23:45:21.584411,0
-0.5329,MEDIUM,True,2026-06-04T23:45:21.963012,0
-0.528,MEDIUM,True,2026-06-04T23:45:22.338901,0
-0.532,MEDIUM,True,2026-06-04T23:45:22.652952,0
-0.5349,MEDIUM,True,2026-06-04T23:45:23.043723,0
-0.534,MEDIUM,True,2026-06-04T23:45:23.508944,0
-0.536,MEDIUM,True,2026-06-04T23:45:23.846825,0
-0.5417,MEDIUM,True,2026-06-04T23:45:24.321702,0
-0.5368,MEDIUM,True,2026-06-04T23:45:25.805195,0
-0.5465,MEDIUM,True,2026-06-04T23:45:26.218172,0
-0.5414,MEDIUM,True,2026-06-04T23:45:26.557126,0
-0.5366,MEDIUM,True,2026-06-04T23:45:26.900972,0
-0.5339,MEDIUM,True,2026-06-04T23:45:27.369167,0
-0.5277,MEDIUM,True,2026-06-04T23:45:27.711836,0
-0.5276,MEDIUM,True,2026-06-04T23:45:28.153270,0
-0.5345,MEDIUM,True,2026-06-04T23:45:28.632392,0
-0.5369,MEDIUM,True,2026-06-04T23:45:28.939430,0
-0.5392,MEDIUM,True,2026-06-04T23:45:29.270943,0
-0.5407,MEDIUM,True,2026-06-04T23:45:29.592511,0
-0.4619,NORMAL,False,2026-06-04T23:45:30.077467,0
-0.494,NORMAL,False,2026-06-04T23:45:30.223769,1
-0.4943,NORMAL,False,2026-06-04T23:45:30.402611,0
-0.4994,NORMAL,False,2026-06-04T23:45:30.550667,0
-0.5134,LOW,False,2026-06-04T23:45:30.696993,0
-0.5173,LOW,False,2026-06-04T23:45:30.844752,0
-0.5176,LOW,False,2026-06-04T23:45:31.005576,0
-0.5179,LOW,False,2026-06-04T23:45:31.153366,0
-0.519,LOW,False,2026-06-04T23:45:31.300348,0
-0.5184,LOW,False,2026-06-04T23:45:31.456844,0
-0.5205,MEDIUM,True,2026-06-04T23:45:31.625463,0
-0.522,MEDIUM,True,2026-06-04T23:45:32.044554,0
-0.5156,LOW,False,2026-06-04T23:45:32.467996,0
-0.5163,LOW,False,2026-06-04T23:45:32.613723,0
-0.5317,MEDIUM,True,2026-06-04T23:45:32.759812,1
-0.5481,MEDIUM,True,2026-06-04T23:45:33.115411,0
-0.5357,MEDIUM,True,2026-06-04T23:45:33.450162,0
-0.5382,MEDIUM,True,2026-06-04T23:45:33.910113,0
-0.544,MEDIUM,True,2026-06-04T23:45:34.377900,0
-0.5386,MEDIUM,True,2026-06-04T23:45:35.790369,0
-0.5344,MEDIUM,True,2026-06-04T23:45:36.102369,0
-0.5374,MEDIUM,True,2026-06-04T23:45:36.509505,0
-0.5395,MEDIUM,True,2026-06-04T23:45:36.977734,0
-0.5358,MEDIUM,True,2026-06-04T23:45:37.299938,0
-0.5405,MEDIUM,True,2026-06-04T23:45:37.756696,0
-0.5388,MEDIUM,True,2026-06-04T23:45:38.232417,0
-0.5409,MEDIUM,True,2026-06-04T23:45:38.555286,0
-0.5394,MEDIUM,True,2026-06-04T23:45:39.771433,0
-0.5445,MEDIUM,True,2026-06-04T23:45:40.155648,0
-0.5466,MEDIUM,True,2026-06-04T23:45:40.475778,0
-0.5228,MEDIUM,True,2026-06-04T23:45:40.957754,0
-0.5254,MEDIUM,True,2026-06-04T23:45:41.450896,0
-0.5278,MEDIUM,True,2026-06-04T23:45:41.763969,0
-0.5268,MEDIUM,True,2026-06-04T23:45:42.236350,0
-0.5266,MEDIUM,True,2026-06-04T23:45:44.718853,0
-0.5335,MEDIUM,True,2026-06-04T23:45:45.116401,0
-0.535,MEDIUM,True,2026-06-04T23:45:45.434419,0
-0.5062,LOW,False,2026-06-04T23:45:45.835577,0
-0.5017,LOW,False,2026-06-04T23:45:45.980563,0
-0.5019,LOW,False,2026-06-04T23:45:46.127952,0
-0.5014,LOW,False,2026-06-04T23:45:46.273869,0
-0.5037,LOW,False,2026-06-04T23:45:46.434850,0
-0.5115,LOW,False,2026-06-04T23:45:46.730385,0
-0.511,LOW,False,2026-06-04T23:45:46.878346,0
-0.51,LOW,False,2026-06-04T23:45:47.031856,0
-0.5101,LOW,False,2026-06-04T23:45:47.180317,0
-0.5083,LOW,False,2026-06-04T23:45:47.327958,0
-0.5086,LOW,False,2026-06-04T23:45:47.482028,0
-0.5141,LOW,False,2026-06-04T23:45:47.628039,0
-0.5095,LOW,False,2026-06-04T23:45:47.776207,0
-0.5178,LOW,False,2026-06-04T23:45:47.922140,0
-0.4975,NORMAL,False,2026-06-04T23:45:48.070534,0
-0.4989,NORMAL,False,2026-06-04T23:45:48.292920,0
-0.5129,LOW,False,2026-06-04T23:45:48.441216,0
-0.5141,LOW,False,2026-06-04T23:45:48.588413,0
-0.5051,LOW,False,2026-06-04T23:45:48.749989,0
-0.5178,LOW,False,2026-06-04T23:45:48.896222,0
-0.5252,MEDIUM,True,2026-06-04T23:45:49.043742,0
-0.5307,MEDIUM,True,2026-06-04T23:45:49.355660,0
-0.5233,MEDIUM,True,2026-06-04T23:45:49.737637,0
-0.5256,MEDIUM,True,2026-06-04T23:45:50.060373,0
-0.5285,MEDIUM,True,2026-06-04T23:45:50.390735,0
-0.5262,MEDIUM,True,2026-06-04T23:45:51.898738,0
-0.5171,LOW,False,2026-06-04T23:45:52.301492,0
-0.5222,MEDIUM,True,2026-06-04T23:45:52.450432,0
-0.5362,MEDIUM,True,2026-06-04T23:45:52.944001,0
-0.5358,MEDIUM,True,2026-06-04T23:45:53.269643,0
-0.5383,MEDIUM,True,2026-06-04T23:45:53.760424,0
-0.5286,MEDIUM,True,2026-06-04T23:45:54.235871,0
-0.5363,MEDIUM,True,2026-06-04T23:45:54.553847,0
-0.5273,MEDIUM,True,2026-06-04T23:45:55.044576,0
-0.5306,MEDIUM,True,2026-06-04T23:45:55.455159,0
-0.5319,MEDIUM,True,2026-06-04T23:45:55.773795,0
-0.5363,MEDIUM,True,2026-06-04T23:45:56.138189,0
-0.534,MEDIUM,True,2026-06-04T23:45:56.481329,0
-0.5271,MEDIUM,True,2026-06-04T23:45:58.058603,0
-0.5256,MEDIUM,True,2026-06-04T23:45:58.374029,0
-0.5286,MEDIUM,True,2026-06-04T23:45:58.705189,0
-0.5253,MEDIUM,True,2026-06-04T23:45:59.014632,0
-0.5077,LOW,False,2026-06-04T23:45:59.338810,0
-0.5126,LOW,False,2026-06-04T23:45:59.485515,0
-0.5115,LOW,False,2026-06-04T23:45:59.631598,0
-0.5017,LOW,False,2026-06-04T23:45:59.830745,0
-0.5012,LOW,False,2026-06-04T23:45:59.984196,0
-0.5013,LOW,False,2026-06-04T23:46:00.130134,0
-0.5032,LOW,False,2026-06-04T23:46:00.278892,0
-0.5066,LOW,False,2026-06-04T23:46:00.426991,0
-0.5135,LOW,False,2026-06-04T23:46:00.574401,0
-0.5087,LOW,False,2026-06-04T23:46:00.748266,0
-0.4969,NORMAL,False,2026-06-04T23:46:00.897800,0
-0.5097,LOW,False,2026-06-04T23:46:01.045524,0
-0.5093,LOW,False,2026-06-04T23:46:01.191748,0
-0.5041,LOW,False,2026-06-04T23:46:01.346483,0
-0.5006,LOW,False,2026-06-04T23:46:01.491669,0
-0.5006,LOW,False,2026-06-04T23:46:01.639527,1
-0.4984,NORMAL,False,2026-06-04T23:46:01.786723,0
-0.5007,LOW,False,2026-06-04T23:46:01.936113,0
-0.5,NORMAL,False,2026-06-04T23:46:02.091466,0
-0.4967,NORMAL,False,2026-06-04T23:46:02.255162,0
-0.4961,NORMAL,False,2026-06-04T23:46:02.404145,0
-0.4942,NORMAL,False,2026-06-04T23:46:02.551651,0
-0.4919,NORMAL,False,2026-06-04T23:46:02.699933,0
-0.4886,NORMAL,False,2026-06-04T23:46:02.875069,0
-0.4881,NORMAL,False,2026-06-04T23:46:03.022088,0
-0.4806,NORMAL,False,2026-06-04T23:46:03.168743,0
-0.5386,MEDIUM,True,2026-06-04T23:46:03.314295,0
-0.5383,MEDIUM,True,2026-06-04T23:46:03.647065,0
-0.5355,MEDIUM,True,2026-06-04T23:46:03.979813,0
-0.5477,MEDIUM,True,2026-06-04T23:46:04.295650,0
-0.5471,MEDIUM,True,2026-06-04T23:46:04.619008,0
-0.5411,MEDIUM,True,2026-06-04T23:46:05.053936,0
-0.5431,MEDIUM,True,2026-06-04T23:46:05.361282,0
-0.5438,MEDIUM,True,2026-06-04T23:46:05.747567,0
-0.546,MEDIUM,True,2026-06-04T23:46:06.112399,0
-0.5425,MEDIUM,True,2026-06-04T23:46:06.551746,0
-0.5449,MEDIUM,True,2026-06-04T23:46:07.737716,0
-0.5498,MEDIUM,True,2026-06-04T23:46:08.053729,0
-0.5486,MEDIUM,True,2026-06-04T23:46:08.467837,0
-0.55,MEDIUM,True,2026-06-04T23:46:08.950212,0
-0.5575,HIGH,True,2026-06-04T23:46:09.294669,0
-0.5585,HIGH,True,2026-06-04T23:46:09.749247,0
-0.5564,HIGH,True,2026-06-04T23:46:10.221978,0
-0.5574,HIGH,True,2026-06-04T23:46:10.563336,0
-0.5555,HIGH,True,2026-06-04T23:46:12.147832,0
-0.5449,MEDIUM,True,2026-06-04T23:46:12.472778,0
-0.5422,MEDIUM,True,2026-06-04T23:46:12.966085,0
-0.5403,MEDIUM,True,2026-06-04T23:46:13.424231,0
-0.5397,MEDIUM,True,2026-06-04T23:46:13.742064,0
-0.5428,MEDIUM,True,2026-06-04T23:46:14.065973,0
-0.5415,MEDIUM,True,2026-06-04T23:46:14.404659,0
-0.5337,MEDIUM,True,2026-06-04T23:46:14.874759,0
-0.5413,MEDIUM,True,2026-06-04T23:46:15.353326,0
-0.537,MEDIUM,True,2026-06-04T23:46:15.680764,0
-0.5395,MEDIUM,True,2026-06-04T23:46:16.153172,0
-0.5376,MEDIUM,True,2026-06-04T23:46:16.638285,0
-0.5437,MEDIUM,True,2026-06-04T23:46:18.555371,0
-0.5441,MEDIUM,True,2026-06-04T23:46:18.876883,0
-0.5447,MEDIUM,True,2026-06-04T23:46:19.197139,0
-0.5498,MEDIUM,True,2026-06-04T23:46:19.550379,0
-0.5547,HIGH,True,2026-06-04T23:46:20.027971,0
-0.5488,MEDIUM,True,2026-06-04T23:46:20.462435,0
-0.5555,HIGH,True,2026-06-04T23:46:21.890302,0
-0.5507,HIGH,True,2026-06-04T23:46:22.472311,0
-0.5512,HIGH,True,2026-06-04T23:46:22.802791,0
-0.5542,HIGH,True,2026-06-04T23:46:23.170714,0
-0.5607,HIGH,True,2026-06-04T23:46:23.482907,0
-0.5567,HIGH,True,2026-06-04T23:46:23.837460,0
-0.5538,HIGH,True,2026-06-04T23:46:24.255686,0
-0.5474,MEDIUM,True,2026-06-04T23:46:24.583188,0
-0.5465,MEDIUM,True,2026-06-04T23:46:26.260131,0
-0.5465,MEDIUM,True,2026-06-04T23:46:26.574680,0
-0.5408,MEDIUM,True,2026-06-04T23:46:27.026584,0
-0.5429,MEDIUM,True,2026-06-04T23:46:27.520390,0
-0.5392,MEDIUM,True,2026-06-04T23:46:27.833256,0
-0.5405,MEDIUM,True,2026-06-04T23:46:28.255034,0
-0.5005,LOW,False,2026-06-04T23:46:28.599097,0
-0.5151,LOW,False,2026-06-04T23:46:28.800832,0
-0.5149,LOW,False,2026-06-04T23:46:28.947009,0
-0.5084,LOW,False,2026-06-04T23:46:29.094816,0
-0.5123,LOW,False,2026-06-04T23:46:29.241805,0
-0.5079,LOW,False,2026-06-04T23:46:29.389127,0
-0.5107,LOW,False,2026-06-04T23:46:29.537586,0
-0.5118,LOW,False,2026-06-04T23:46:29.712691,0
-0.5121,LOW,False,2026-06-04T23:46:29.859960,0
-0.5061,LOW,False,2026-06-04T23:46:30.011445,0
-0.5069,LOW,False,2026-06-04T23:46:30.161833,0
-0.5034,LOW,False,2026-06-04T23:46:30.382934,0
-0.5041,LOW,False,2026-06-04T23:46:30.529545,0
-0.5044,LOW,False,2026-06-04T23:46:30.676801,0
-0.5054,LOW,False,2026-06-04T23:46:30.826550,0
-0.5034,LOW,False,2026-06-04T23:46:30.973486,0
-0.5052,LOW,False,2026-06-04T23:46:31.126897,0
-0.5112,LOW,False,2026-06-04T23:46:31.274230,1
-0.5126,LOW,False,2026-06-04T23:46:31.422989,0
-0.5135,LOW,False,2026-06-04T23:46:31.569668,0
-0.4937,NORMAL,False,2026-06-04T23:46:31.717196,0
-0.4963,NORMAL,False,2026-06-04T23:46:31.868254,0
-0.4913,NORMAL,False,2026-06-04T23:46:32.014148,0
-0.4956,NORMAL,False,2026-06-04T23:46:32.161427,0
-0.4915,NORMAL,False,2026-06-04T23:46:32.309203,0
-0.4895,NORMAL,False,2026-06-04T23:46:32.458003,0
-0.4891,NORMAL,False,2026-06-04T23:46:32.604370,0
-0.4846,NORMAL,False,2026-06-04T23:46:32.781929,0
-0.489,NORMAL,False,2026-06-04T23:46:32.931256,0
-0.4847,NORMAL,False,2026-06-04T23:46:33.101223,0
-0.4837,NORMAL,False,2026-06-04T23:46:33.253962,0
-0.4831,NORMAL,False,2026-06-04T23:46:33.399798,0
-0.4824,NORMAL,False,2026-06-04T23:46:33.546336,0
-0.4796,NORMAL,False,2026-06-04T23:46:33.703400,0
-0.4586,NORMAL,False,2026-06-04T23:46:33.849100,0
-0.4647,NORMAL,False,2026-06-04T23:46:33.998604,0
-0.4664,NORMAL,False,2026-06-04T23:46:34.144589,0
-0.4556,NORMAL,False,2026-06-04T23:46:34.290935,0
-0.4558,NORMAL,False,2026-06-04T23:46:34.440293,0
-0.4521,NORMAL,False,2026-06-04T23:46:34.587384,0
-0.4469,NORMAL,False,2026-06-04T23:46:34.737379,0
-0.4489,NORMAL,False,2026-06-04T23:46:34.883731,0
-0.4481,NORMAL,False,2026-06-04T23:46:35.030930,0
-0.4489,NORMAL,False,2026-06-04T23:46:35.178316,0
-0.4474,NORMAL,False,2026-06-04T23:46:35.345094,0
-0.4465,NORMAL,False,2026-06-04T23:46:35.494741,0
-0.4445,NORMAL,False,2026-06-04T23:46:35.643468,0
-0.454,NORMAL,False,2026-06-04T23:46:35.822115,0
-0.4465,NORMAL,False,2026-06-04T23:46:35.968854,0
-0.4486,NORMAL,False,2026-06-04T23:46:36.120634,0
-0.4507,NORMAL,False,2026-06-04T23:46:36.268486,0
-0.4481,NORMAL,False,2026-06-04T23:46:36.416388,0
-0.4526,NORMAL,False,2026-06-04T23:46:36.562785,0
-0.4568,NORMAL,False,2026-06-04T23:46:36.714807,0
-0.4638,NORMAL,False,2026-06-04T23:46:36.874179,0
-0.4695,NORMAL,False,2026-06-04T23:46:37.023783,0
-0.4763,NORMAL,False,2026-06-04T23:46:37.171856,0
-0.4774,NORMAL,False,2026-06-04T23:46:37.318447,0
-0.4843,NORMAL,False,2026-06-04T23:46:37.468172,0
-0.4809,NORMAL,False,2026-06-04T23:46:37.623544,0
-0.4714,NORMAL,False,2026-06-04T23:46:37.771289,0
-0.4661,NORMAL,False,2026-06-04T23:46:37.920082,0
-0.4672,NORMAL,False,2026-06-04T23:46:38.066519,0
-0.4762,NORMAL,False,2026-06-04T23:46:38.214118,0
-0.4888,NORMAL,False,2026-06-04T23:46:38.371127,0
-0.4901,NORMAL,False,2026-06-04T23:46:38.583723,0
-0.4941,NORMAL,False,2026-06-04T23:46:38.763142,0
-0.4932,NORMAL,False,2026-06-04T23:46:38.995584,0
-0.5037,LOW,False,2026-06-04T23:46:39.157497,0
-0.5032,LOW,False,2026-06-04T23:46:39.317945,0
-0.5071,LOW,False,2026-06-04T23:46:39.466977,0
-0.5052,LOW,False,2026-06-04T23:46:39.617311,0
-0.5004,LOW,False,2026-06-04T23:46:39.789933,0
-0.4935,NORMAL,False,2026-06-04T23:46:39.942650,0
-0.4927,NORMAL,False,2026-06-04T23:46:40.088441,0
-0.492,NORMAL,False,2026-06-04T23:46:40.235225,0
-0.489,NORMAL,False,2026-06-04T23:46:40.382386,0
-0.4829,NORMAL,False,2026-06-04T23:46:40.530459,0
-0.4895,NORMAL,False,2026-06-04T23:46:40.675603,0
-0.4888,NORMAL,False,2026-06-04T23:46:40.835465,0
-0.4825,NORMAL,False,2026-06-04T23:46:40.986909,0
-0.4794,NORMAL,False,2026-06-04T23:46:41.144563,0
-0.4805,NORMAL,False,2026-06-04T23:46:41.301036,0
-0.482,NORMAL,False,2026-06-04T23:46:41.458380,0
-0.4815,NORMAL,False,2026-06-04T23:46:41.616141,0
-0.4835,NORMAL,False,2026-06-04T23:46:41.768944,0
-0.484,NORMAL,False,2026-06-04T23:46:41.921745,0
-0.4796,NORMAL,False,2026-06-04T23:46:42.131351,0
-0.4792,NORMAL,False,2026-06-04T23:46:42.281119,0
-0.4801,NORMAL,False,2026-06-04T23:46:42.432055,0
-0.4778,NORMAL,False,2026-06-04T23:46:42.582992,0
-0.4807,NORMAL,False,2026-06-04T23:46:42.732404,0
-0.4839,NORMAL,False,2026-06-04T23:46:42.881498,0
-0.4892,NORMAL,False,2026-06-04T23:46:43.110652,0
-0.4949,NORMAL,False,2026-06-04T23:46:43.312454,0
-0.4925,NORMAL,False,2026-06-04T23:46:43.478757,0
-0.4891,NORMAL,False,2026-06-04T23:46:43.636304,0
-0.4913,NORMAL,False,2026-06-04T23:46:43.786755,0
-0.4862,NORMAL,False,2026-06-04T23:46:43.938420,0
-0.4854,NORMAL,False,2026-06-04T23:46:44.139440,0
-0.4785,NORMAL,False,2026-06-04T23:46:44.491432,0
-0.4825,NORMAL,False,2026-06-04T23:46:44.640547,0
-0.4993,NORMAL,False,2026-06-04T23:46:44.791805,0
-0.4886,NORMAL,False,2026-06-04T23:46:44.979269,0
-0.485,NORMAL,False,2026-06-04T23:46:45.182935,0
-0.4838,NORMAL,False,2026-06-04T23:46:45.383974,0
-0.4888,NORMAL,False,2026-06-04T23:46:45.537259,0
-0.4901,NORMAL,False,2026-06-04T23:46:45.731407,1
-0.4863,NORMAL,False,2026-06-04T23:46:45.939886,0
-0.4898,NORMAL,False,2026-06-04T23:46:46.104316,0
-0.4868,NORMAL,False,2026-06-04T23:46:46.263547,0
-0.4884,NORMAL,False,2026-06-04T23:46:46.445241,0
-0.4863,NORMAL,False,2026-06-04T23:46:46.620369,0
-0.4845,NORMAL,False,2026-06-04T23:46:46.842515,0
-0.4782,NORMAL,False,2026-06-04T23:46:47.011765,0
-0.469,NORMAL,False,2026-06-04T23:46:47.169432,0
-0.4737,NORMAL,False,2026-06-04T23:46:47.321319,0
-0.4723,NORMAL,False,2026-06-04T23:46:47.471589,0
-0.4662,NORMAL,False,2026-06-04T23:46:47.633051,0
-0.4656,NORMAL,False,2026-06-04T23:46:47.782337,0
-0.4629,NORMAL,False,2026-06-04T23:46:47.933259,0
-0.4597,NORMAL,False,2026-06-04T23:46:48.081440,0
-0.4587,NORMAL,False,2026-06-04T23:46:48.241456,0
-0.455,NORMAL,False,2026-06-04T23:46:48.429794,0
-0.4594,NORMAL,False,2026-06-04T23:46:48.591734,0
-0.4549,NORMAL,False,2026-06-04T23:46:48.752424,0
-0.4559,NORMAL,False,2026-06-04T23:46:48.913177,0
-0.4562,NORMAL,False,2026-06-04T23:46:49.132104,0
-0.4557,NORMAL,False,2026-06-04T23:46:49.289917,0
-0.4592,NORMAL,False,2026-06-04T23:46:49.442863,0
-0.4607,NORMAL,False,2026-06-04T23:46:49.602658,0
-0.46,NORMAL,False,2026-06-04T23:46:49.764813,0
-0.5288,MEDIUM,True,2026-06-04T23:46:49.920915,1
-0.531,MEDIUM,True,2026-06-04T23:46:50.367832,0
-0.5312,MEDIUM,True,2026-06-04T23:46:50.789112,0
-0.5292,MEDIUM,True,2026-06-04T23:46:51.203625,0
-0.528,MEDIUM,True,2026-06-04T23:46:51.566879,0
-0.5263,MEDIUM,True,2026-06-04T23:46:52.005759,0
-0.5285,MEDIUM,True,2026-06-04T23:46:52.514056,0
-0.532,MEDIUM,True,2026-06-04T23:46:53.000682,0
-0.5356,MEDIUM,True,2026-06-04T23:46:54.159160,0
-0.5344,MEDIUM,True,2026-06-04T23:46:54.571821,0
-0.5333,MEDIUM,True,2026-06-04T23:46:55.027734,0
-0.5286,MEDIUM,True,2026-06-04T23:46:55.417207,0
-0.5266,MEDIUM,True,2026-06-04T23:46:55.905714,0
-0.5509,HIGH,True,2026-06-04T23:46:56.357201,0
-0.5629,HIGH,True,2026-06-04T23:46:56.720682,0
-0.5618,HIGH,True,2026-06-04T23:46:58.303432,0
-0.566,HIGH,True,2026-06-04T23:46:58.689399,0
-0.5745,HIGH,True,2026-06-04T23:46:59.043780,0
-0.5746,HIGH,True,2026-06-04T23:46:59.574707,0
-0.5732,HIGH,True,2026-06-04T23:46:59.966459,0
-0.5867,HIGH,True,2026-06-04T23:47:00.372382,0
-0.5933,HIGH,True,2026-06-04T23:47:00.855149,0
-0.5915,HIGH,True,2026-06-04T23:47:02.496965,0
-0.5746,HIGH,True,2026-06-04T23:47:02.896578,0
-0.556,HIGH,True,2026-06-04T23:47:03.350544,0
-0.5398,MEDIUM,True,2026-06-04T23:47:03.731226,0
-0.5414,MEDIUM,True,2026-06-04T23:47:04.166528,0
-0.5422,MEDIUM,True,2026-06-04T23:47:04.638614,0
-0.5388,MEDIUM,True,2026-06-04T23:47:05.005557,0
-0.5377,MEDIUM,True,2026-06-04T23:47:06.182556,0
-0.5356,MEDIUM,True,2026-06-04T23:47:06.632578,0
-0.5358,MEDIUM,True,2026-06-04T23:47:07.007395,0
-0.5383,MEDIUM,True,2026-06-04T23:47:07.380266,0
-0.5297,MEDIUM,True,2026-06-04T23:47:07.892520,0
-0.5295,MEDIUM,True,2026-06-04T23:47:08.230007,0
-0.5313,MEDIUM,True,2026-06-04T23:47:09.114473,0
-0.5357,MEDIUM,True,2026-06-04T23:47:10.259559,0
-0.5346,MEDIUM,True,2026-06-04T23:47:10.628466,0
-0.5427,MEDIUM,True,2026-06-04T23:47:11.040629,0
-0.5379,MEDIUM,True,2026-06-04T23:47:11.377875,0
-0.5397,MEDIUM,True,2026-06-04T23:47:11.858221,0
-0.5438,MEDIUM,True,2026-06-04T23:47:12.313203,0
-0.5449,MEDIUM,True,2026-06-04T23:47:12.676699,0
-0.5438,MEDIUM,True,2026-06-04T23:47:14.086171,0
-0.5439,MEDIUM,True,2026-06-04T23:47:14.415766,0
-0.5485,MEDIUM,True,2026-06-04T23:47:14.879826,0
-0.5484,MEDIUM,True,2026-06-04T23:47:15.311328,0
-0.5459,MEDIUM,True,2026-06-04T23:47:15.847881,0
-0.5435,MEDIUM,True,2026-06-04T23:47:16.324560,0
-0.5497,MEDIUM,True,2026-06-04T23:47:16.795627,0
-0.4614,NORMAL,False,2026-06-04T23:47:18.444345,0
-0.4603,NORMAL,False,2026-06-04T23:47:18.628835,0
-0.46,NORMAL,False,2026-06-04T23:47:18.774878,0
-0.4603,NORMAL,False,2026-06-04T23:47:19.032512,0
-0.4647,NORMAL,False,2026-06-04T23:47:19.318404,0
-0.4624,NORMAL,False,2026-06-04T23:47:19.526401,0
-0.4668,NORMAL,False,2026-06-04T23:47:19.678112,0
-0.472,NORMAL,False,2026-06-04T23:47:19.845572,0
-0.4801,NORMAL,False,2026-06-04T23:47:20.025528,0
-0.4781,NORMAL,False,2026-06-04T23:47:20.188505,0
-0.5248,MEDIUM,True,2026-06-04T23:47:20.351166,1
-0.5241,MEDIUM,True,2026-06-04T23:47:20.805590,0
-0.5221,MEDIUM,True,2026-06-04T23:47:22.125735,0
-0.5269,MEDIUM,True,2026-06-04T23:47:22.579817,0
-0.5245,MEDIUM,True,2026-06-04T23:47:22.938283,0
-0.522,MEDIUM,True,2026-06-04T23:47:23.361043,1
-0.5175,LOW,False,2026-06-04T23:47:23.837631,1
-0.5125,LOW,False,2026-06-04T23:47:23.993263,1
-0.5379,MEDIUM,True,2026-06-04T23:47:24.143060,0
-0.5416,MEDIUM,True,2026-06-04T23:47:24.637448,0
-0.5404,MEDIUM,True,2026-06-04T23:47:26.216264,0
-0.5363,MEDIUM,True,2026-06-04T23:47:26.565077,0
-0.5397,MEDIUM,True,2026-06-04T23:47:27.043339,0
-0.5379,MEDIUM,True,2026-06-04T23:47:27.402948,0
-0.5408,MEDIUM,True,2026-06-04T23:47:27.856047,0
-0.5441,MEDIUM,True,2026-06-04T23:47:28.339958,0
-0.5444,MEDIUM,True,2026-06-04T23:47:28.651953,0
-0.5351,MEDIUM,True,2026-06-04T23:47:29.116140,0
-0.5319,MEDIUM,True,2026-06-04T23:47:29.704763,0
-0.5309,MEDIUM,True,2026-06-04T23:47:30.267901,0
-0.5247,MEDIUM,True,2026-06-04T23:47:30.609045,0
-0.5227,MEDIUM,True,2026-06-04T23:47:31.050405,0
-0.5239,MEDIUM,True,2026-06-04T23:47:32.775764,0
-0.5235,MEDIUM,True,2026-06-04T23:47:33.102771,0
-0.5261,MEDIUM,True,2026-06-04T23:47:33.447435,0
-0.5305,MEDIUM,True,2026-06-04T23:47:33.758986,0
-0.5354,MEDIUM,True,2026-06-04T23:47:34.234273,0
-0.5324,MEDIUM,True,2026-06-04T23:47:34.723810,0
-0.5341,MEDIUM,True,2026-06-04T23:47:35.065580,0
-0.5365,MEDIUM,True,2026-06-04T23:47:35.529626,0
-0.5358,MEDIUM,True,2026-06-04T23:47:35.936342,0
-0.526,MEDIUM,True,2026-06-04T23:47:36.265390,0
-0.5219,MEDIUM,True,2026-06-04T23:47:36.627820,0
-0.5203,MEDIUM,True,2026-06-04T23:47:37.006410,0
-0.5229,MEDIUM,True,2026-06-04T23:47:38.335195,0
-0.5197,LOW,False,2026-06-04T23:47:38.741982,0
-0.511,LOW,False,2026-06-04T23:47:38.891679,0
-0.5126,LOW,False,2026-06-04T23:47:39.038407,0
-0.5139,LOW,False,2026-06-04T23:47:39.184959,0
-0.5126,LOW,False,2026-06-04T23:47:39.337165,0
-0.5107,LOW,False,2026-06-04T23:47:39.489375,0
-0.5165,LOW,False,2026-06-04T23:47:39.647695,0
-0.5156,LOW,False,2026-06-04T23:47:39.854085,0
-0.5152,LOW,False,2026-06-04T23:47:40.053571,0
-0.5123,LOW,False,2026-06-04T23:47:40.217099,0
-0.5086,LOW,False,2026-06-04T23:47:40.365985,0
-0.5143,LOW,False,2026-06-04T23:47:40.511572,0
-0.5079,LOW,False,2026-06-04T23:47:40.659490,0
-0.5122,LOW,False,2026-06-04T23:47:40.807045,0
-0.5145,LOW,False,2026-06-04T23:47:40.954419,0
-0.4853,NORMAL,False,2026-06-04T23:47:41.160721,0
-0.4957,NORMAL,False,2026-06-04T23:47:41.309582,0
-0.5036,LOW,False,2026-06-04T23:47:41.457041,0
-0.5029,LOW,False,2026-06-04T23:47:41.605074,0
-0.5,LOW,False,2026-06-04T23:47:41.765562,0
-0.5049,LOW,False,2026-06-04T23:47:41.970216,0
-0.5041,LOW,False,2026-06-04T23:47:42.128540,0
-0.4825,NORMAL,False,2026-06-04T23:47:42.281093,0
-0.481,NORMAL,False,2026-06-04T23:47:42.429392,0
-0.4774,NORMAL,False,2026-06-04T23:47:42.577708,0
-0.4805,NORMAL,False,2026-06-04T23:47:42.739822,0
-0.4742,NORMAL,False,2026-06-04T23:47:42.887801,0
-0.4701,NORMAL,False,2026-06-04T23:47:43.036570,0
-0.4727,NORMAL,False,2026-06-04T23:47:43.184469,0
-0.4704,NORMAL,False,2026-06-04T23:47:43.330897,0
-0.4698,NORMAL,False,2026-06-04T23:47:43.481698,0
-0.4668,NORMAL,False,2026-06-04T23:47:43.650560,0
-0.4648,NORMAL,False,2026-06-04T23:47:43.795935,0
-0.4686,NORMAL,False,2026-06-04T23:47:43.943638,0
-0.4731,NORMAL,False,2026-06-04T23:47:44.089622,0
-0.4738,NORMAL,False,2026-06-04T23:47:44.254092,0
-0.473,NORMAL,False,2026-06-04T23:47:44.418208,0
-0.4764,NORMAL,False,2026-06-04T23:47:44.572410,0
-0.477,NORMAL,False,2026-06-04T23:47:44.722883,0
-0.4772,NORMAL,False,2026-06-04T23:47:44.868880,0
-0.4806,NORMAL,False,2026-06-04T23:47:45.161150,0
-0.478,NORMAL,False,2026-06-04T23:47:45.424034,0
-0.4625,NORMAL,False,2026-06-04T23:47:45.644752,0
-0.466,NORMAL,False,2026-06-04T23:47:45.792016,0
-0.4647,NORMAL,False,2026-06-04T23:47:45.946315,0
-0.4651,NORMAL,False,2026-06-04T23:47:46.092743,0
-0.4594,NORMAL,False,2026-06-04T23:47:46.240638,0
-0.4621,NORMAL,False,2026-06-04T23:47:46.418619,0
-0.4555,NORMAL,False,2026-06-04T23:47:46.580291,0
-0.4555,NORMAL,False,2026-06-04T23:47:46.762508,0
-0.4552,NORMAL,False,2026-06-04T23:47:46.925028,0
-0.4569,NORMAL,False,2026-06-04T23:47:47.093424,0
-0.466,NORMAL,False,2026-06-04T23:47:47.248738,0
-0.4651,NORMAL,False,2026-06-04T23:47:47.402664,0
-0.4702,NORMAL,False,2026-06-04T23:47:47.549214,0
-0.4735,NORMAL,False,2026-06-04T23:47:47.714291,0
-0.4755,NORMAL,False,2026-06-04T23:47:47.859928,0
-0.4768,NORMAL,False,2026-06-04T23:47:48.006998,0
-0.4797,NORMAL,False,2026-06-04T23:47:48.153942,0
-0.4839,NORMAL,False,2026-06-04T23:47:48.306363,1
-0.4834,NORMAL,False,2026-06-04T23:47:48.484463,0
-0.5128,LOW,False,2026-06-04T23:47:48.637877,1
-0.5154,LOW,False,2026-06-04T23:47:48.800151,0
-0.5144,LOW,False,2026-06-04T23:47:48.968522,0
-0.5122,LOW,False,2026-06-04T23:47:49.122289,0
-0.507,LOW,False,2026-06-04T23:47:49.268494,0
-0.5062,LOW,False,2026-06-04T23:47:49.421938,0
-0.4964,NORMAL,False,2026-06-04T23:47:49.568211,0
-0.4935,NORMAL,False,2026-06-04T23:47:49.716202,0
-0.4935,NORMAL,False,2026-06-04T23:47:49.865311,0
-0.4616,NORMAL,False,2026-06-04T23:47:50.018842,0
-0.4591,NORMAL,False,2026-06-04T23:47:50.173085,0
-0.4589,NORMAL,False,2026-06-04T23:47:50.334811,0
-0.46,NORMAL,False,2026-06-04T23:47:50.499806,0
-0.4593,NORMAL,False,2026-06-04T23:47:50.714011,0
-0.4553,NORMAL,False,2026-06-04T23:47:50.870893,0
-0.4507,NORMAL,False,2026-06-04T23:47:51.024458,0
-0.4515,NORMAL,False,2026-06-04T23:47:51.175285,0
-0.4516,NORMAL,False,2026-06-04T23:47:51.329250,0
-0.4587,NORMAL,False,2026-06-04T23:47:51.499110,0
-0.4558,NORMAL,False,2026-06-04T23:47:51.701283,0
-0.4674,NORMAL,False,2026-06-04T23:47:51.862063,0
-0.4681,NORMAL,False,2026-06-04T23:47:52.015213,0
-0.4674,NORMAL,False,2026-06-04T23:47:52.190811,0
-0.4699,NORMAL,False,2026-06-04T23:47:52.341581,0
-0.4692,NORMAL,False,2026-06-04T23:47:52.489188,0
-0.4687,NORMAL,False,2026-06-04T23:47:52.636604,0
-0.4662,NORMAL,False,2026-06-04T23:47:52.783954,0
-0.4637,NORMAL,False,2026-06-04T23:47:52.930453,0
-0.4661,NORMAL,False,2026-06-04T23:47:53.079264,0
-0.4662,NORMAL,False,2026-06-04T23:47:53.249070,0
-0.465,NORMAL,False,2026-06-04T23:47:53.399212,0
-0.4641,NORMAL,False,2026-06-04T23:47:53.546783,0
-0.464,NORMAL,False,2026-06-04T23:47:53.692331,0
-0.4637,NORMAL,False,2026-06-04T23:47:53.850223,0
-0.4668,NORMAL,False,2026-06-04T23:47:54.008981,0
-0.4682,NORMAL,False,2026-06-04T23:47:54.173657,0
-0.4703,NORMAL,False,2026-06-04T23:47:54.330920,0
-0.4672,NORMAL,False,2026-06-04T23:47:54.493143,0
-0.4638,NORMAL,False,2026-06-04T23:47:54.640517,0
-0.4666,NORMAL,False,2026-06-04T23:47:54.829096,0
-0.4699,NORMAL,False,2026-06-04T23:47:54.976965,0
-0.4681,NORMAL,False,2026-06-04T23:47:55.124797,0
-0.4657,NORMAL,False,2026-06-04T23:47:55.271736,0
-0.4662,NORMAL,False,2026-06-04T23:47:55.421031,0
-0.474,NORMAL,False,2026-06-04T23:47:55.567853,0
-0.4754,NORMAL,False,2026-06-04T23:47:55.715433,0
-0.4827,NORMAL,False,2026-06-04T23:47:55.966006,1
-0.4822,NORMAL,False,2026-06-04T23:47:56.165665,0
-0.4751,NORMAL,False,2026-06-04T23:47:56.312955,0
-0.4693,NORMAL,False,2026-06-04T23:47:56.476427,0
-0.4515,NORMAL,False,2026-06-04T23:47:56.661786,0
-0.4491,NORMAL,False,2026-06-04T23:47:56.821088,0
-0.4516,NORMAL,False,2026-06-04T23:47:56.975224,0
-0.4413,NORMAL,False,2026-06-04T23:47:57.122603,0
-0.443,NORMAL,False,2026-06-04T23:47:57.273184,0
-0.4486,NORMAL,False,2026-06-04T23:47:57.420895,0
-0.4458,NORMAL,False,2026-06-04T23:47:57.569123,0
-0.4406,NORMAL,False,2026-06-04T23:47:57.717160,0
-0.4339,NORMAL,False,2026-06-04T23:47:57.864928,0
-0.4378,NORMAL,False,2026-06-04T23:47:58.042413,0
-0.4345,NORMAL,False,2026-06-04T23:47:58.188995,0
-0.4363,NORMAL,False,2026-06-04T23:47:58.337737,0
-0.4294,NORMAL,False,2026-06-04T23:47:58.486747,0
-0.4307,NORMAL,False,2026-06-04T23:47:58.634525,0
-0.4265,NORMAL,False,2026-06-04T23:47:58.782313,0
-0.4283,NORMAL,False,2026-06-04T23:47:58.967698,0
-0.4353,NORMAL,False,2026-06-04T23:47:59.129822,0
-0.4342,NORMAL,False,2026-06-04T23:47:59.279297,0
-0.4294,NORMAL,False,2026-06-04T23:47:59.429755,0
-0.432,NORMAL,False,2026-06-04T23:47:59.577983,0
-0.437,NORMAL,False,2026-06-04T23:47:59.732649,0
-0.4445,NORMAL,False,2026-06-04T23:47:59.883500,0
-0.4445,NORMAL,False,2026-06-04T23:48:00.043894,0
-0.4355,NORMAL,False,2026-06-04T23:48:00.191686,0
-0.4513,NORMAL,False,2026-06-04T23:48:00.349403,0
-0.4417,NORMAL,False,2026-06-04T23:48:00.499520,0
-0.4482,NORMAL,False,2026-06-04T23:48:00.648375,0
-0.4366,NORMAL,False,2026-06-04T23:48:00.797696,0
-0.4573,NORMAL,False,2026-06-04T23:48:00.957500,0
-0.4606,NORMAL,False,2026-06-04T23:48:01.144647,0
-0.4576,NORMAL,False,2026-06-04T23:48:01.360609,0
-0.4571,NORMAL,False,2026-06-04T23:48:01.528294,0
-0.4526,NORMAL,False,2026-06-04T23:48:01.674597,0
-0.4437,NORMAL,False,2026-06-04T23:48:01.843939,0
-0.4502,NORMAL,False,2026-06-04T23:48:02.000892,0
-0.4558,NORMAL,False,2026-06-04T23:48:02.258038,0
-0.4572,NORMAL,False,2026-06-04T23:48:02.510034,0
-0.4554,NORMAL,False,2026-06-04T23:48:02.737470,0
-0.4543,NORMAL,False,2026-06-04T23:48:02.898553,0
-0.4408,NORMAL,False,2026-06-04T23:48:03.069095,0
-0.4448,NORMAL,False,2026-06-04T23:48:03.299542,0
-0.4434,NORMAL,False,2026-06-04T23:48:03.466021,0
-0.4119,NORMAL,False,2026-06-04T23:48:03.749690,0
-0.411,NORMAL,False,2026-06-04T23:48:03.952468,0
-0.4115,NORMAL,False,2026-06-04T23:48:04.154055,0
-0.4107,NORMAL,False,2026-06-04T23:48:04.305982,0
-0.4111,NORMAL,False,2026-06-04T23:48:04.476493,0
-0.4134,NORMAL,False,2026-06-04T23:48:04.622949,0
-0.4244,NORMAL,False,2026-06-04T23:48:04.773825,0
-0.4202,NORMAL,False,2026-06-04T23:48:04.955545,0
-0.4235,NORMAL,False,2026-06-04T23:48:05.110843,0
-0.4237,NORMAL,False,2026-06-04T23:48:05.343139,0
-0.4276,NORMAL,False,2026-06-04T23:48:05.512225,0
-0.4243,NORMAL,False,2026-06-04T23:48:05.749582,0
-0.4173,NORMAL,False,2026-06-04T23:48:05.922768,0
-0.4153,NORMAL,False,2026-06-04T23:48:06.079589,0
-0.4181,NORMAL,False,2026-06-04T23:48:06.250155,0
-0.4198,NORMAL,False,2026-06-04T23:48:06.421988,0
-0.4262,NORMAL,False,2026-06-04T23:48:06.616930,0
-0.4263,NORMAL,False,2026-06-04T23:48:06.802180,0
-0.4311,NORMAL,False,2026-06-04T23:48:06.956226,0
-0.4437,NORMAL,False,2026-06-04T23:48:07.148629,0
-0.4396,NORMAL,False,2026-06-04T23:48:07.296220,0
-0.4355,NORMAL,False,2026-06-04T23:48:07.446785,0
-0.4349,NORMAL,False,2026-06-04T23:48:07.594312,0
-0.431,NORMAL,False,2026-06-04T23:48:07.776859,0
-0.4275,NORMAL,False,2026-06-04T23:48:07.942344,0
-0.4259,NORMAL,False,2026-06-04T23:48:08.091522,0
-0.4303,NORMAL,False,2026-06-04T23:48:08.242057,0
-0.4379,NORMAL,False,2026-06-04T23:48:08.427659,0
-0.4416,NORMAL,False,2026-06-04T23:48:08.594857,0
-0.4422,NORMAL,False,2026-06-04T23:48:08.762911,0
-0.4448,NORMAL,False,2026-06-04T23:48:08.919384,0
-0.4426,NORMAL,False,2026-06-04T23:48:09.066665,0
-0.4456,NORMAL,False,2026-06-04T23:48:09.220380,0
-0.5025,LOW,False,2026-06-04T23:48:09.374829,1
-0.5049,LOW,False,2026-06-04T23:48:09.529826,0
-0.5029,LOW,False,2026-06-04T23:48:09.741805,1
-0.5055,LOW,False,2026-06-04T23:48:09.886915,0
-0.5038,LOW,False,2026-06-04T23:48:10.041495,0
-0.502,LOW,False,2026-06-04T23:48:10.187875,0
-0.5028,LOW,False,2026-06-04T23:48:10.335407,0
-0.4981,NORMAL,False,2026-06-04T23:48:10.497627,0
-0.498,NORMAL,False,2026-06-04T23:48:10.644803,0
-0.4914,NORMAL,False,2026-06-04T23:48:10.792715,0
-0.4926,NORMAL,False,2026-06-04T23:48:10.950012,0
-0.4951,NORMAL,False,2026-06-04T23:48:11.117343,0
-0.4929,NORMAL,False,2026-06-04T23:48:11.349011,0
-0.4924,NORMAL,False,2026-06-04T23:48:11.495249,0
-0.4936,NORMAL,False,2026-06-04T23:48:11.674530,0
-0.4917,NORMAL,False,2026-06-04T23:48:11.873462,0
-0.491,NORMAL,False,2026-06-04T23:48:12.049659,0
-0.4861,NORMAL,False,2026-06-04T23:48:12.233694,0
-0.4826,NORMAL,False,2026-06-04T23:48:12.391756,0
-0.4819,NORMAL,False,2026-06-04T23:48:12.555267,0
-0.4851,NORMAL,False,2026-06-04T23:48:12.702794,0
-0.4795,NORMAL,False,2026-06-04T23:48:12.910491,0
-0.4802,NORMAL,False,2026-06-04T23:48:13.058998,0
-0.4825,NORMAL,False,2026-06-04T23:48:13.206150,0
-0.4869,NORMAL,False,2026-06-04T23:48:13.363928,0
-0.4851,NORMAL,False,2026-06-04T23:48:13.523337,0
-0.4834,NORMAL,False,2026-06-04T23:48:13.687644,0
-0.486,NORMAL,False,2026-06-04T23:48:13.854535,0
-0.4851,NORMAL,False,2026-06-04T23:48:14.006670,0
-0.491,NORMAL,False,2026-06-04T23:48:14.266855,0
-0.4946,NORMAL,False,2026-06-04T23:48:14.492725,0
-0.4927,NORMAL,False,2026-06-04T23:48:14.642117,0
-0.5148,LOW,False,2026-06-04T23:48:14.787878,0
-0.5123,LOW,False,2026-06-04T23:48:14.935337,0
-0.5164,LOW,False,2026-06-04T23:48:15.117948,0
-0.5204,MEDIUM,True,2026-06-04T23:48:15.263571,0
-0.522,MEDIUM,True,2026-06-04T23:48:17.227640,0
-0.5163,LOW,False,2026-06-04T23:48:17.579049,0
-0.5215,MEDIUM,True,2026-06-04T23:48:17.731863,0
-0.5338,MEDIUM,True,2026-06-04T23:48:18.242645,0
-0.5396,MEDIUM,True,2026-06-04T23:48:18.566490,0
-0.541,MEDIUM,True,2026-06-04T23:48:19.046942,0
-0.5374,MEDIUM,True,2026-06-04T23:48:21.683583,0
-0.5436,MEDIUM,True,2026-06-04T23:48:22.111696,0
-0.5365,MEDIUM,True,2026-06-04T23:48:22.434579,0
-0.5315,MEDIUM,True,2026-06-04T23:48:23.008111,0
-0.5353,MEDIUM,True,2026-06-04T23:48:23.441800,0
-0.5266,MEDIUM,True,2026-06-04T23:48:24.663981,0
-0.5245,MEDIUM,True,2026-06-04T23:48:25.003678,0
-0.5259,MEDIUM,True,2026-06-04T23:48:25.481671,0
-0.4702,NORMAL,False,2026-06-04T23:48:25.930134,0
-0.4669,NORMAL,False,2026-06-04T23:48:26.105511,0
-0.453,NORMAL,False,2026-06-04T23:48:26.260087,0
-0.4508,NORMAL,False,2026-06-04T23:48:26.417715,0
-0.4533,NORMAL,False,2026-06-04T23:48:26.603708,0
-0.4495,NORMAL,False,2026-06-04T23:48:26.755416,0
-0.4505,NORMAL,False,2026-06-04T23:48:26.912058,0
-0.449,NORMAL,False,2026-06-04T23:48:27.066533,0
-0.4474,NORMAL,False,2026-06-04T23:48:27.219969,0
-0.4506,NORMAL,False,2026-06-04T23:48:27.437168,0
-0.4538,NORMAL,False,2026-06-04T23:48:27.621593,0
-0.4585,NORMAL,False,2026-06-04T23:48:27.793051,0
-0.4584,NORMAL,False,2026-06-04T23:48:27.999716,0
-0.4602,NORMAL,False,2026-06-04T23:48:28.219681,0
-0.4605,NORMAL,False,2026-06-04T23:48:28.411728,0
-0.4627,NORMAL,False,2026-06-04T23:48:28.615975,0
-0.4582,NORMAL,False,2026-06-04T23:48:28.835479,0
-0.4565,NORMAL,False,2026-06-04T23:48:29.040260,0
-0.457,NORMAL,False,2026-06-04T23:48:29.205999,0
-0.4562,NORMAL,False,2026-06-04T23:48:29.357232,0
-0.4559,NORMAL,False,2026-06-04T23:48:29.524263,0
-0.4478,NORMAL,False,2026-06-04T23:48:29.693115,0
-0.4429,NORMAL,False,2026-06-04T23:48:29.844469,0
-0.4464,NORMAL,False,2026-06-04T23:48:29.997865,0
-0.4453,NORMAL,False,2026-06-04T23:48:30.217206,0
-0.4472,NORMAL,False,2026-06-04T23:48:30.408098,0
-0.4476,NORMAL,False,2026-06-04T23:48:30.715375,0
-0.4529,NORMAL,False,2026-06-04T23:48:30.868654,0
-0.4527,NORMAL,False,2026-06-04T23:48:31.020909,0
-0.4539,NORMAL,False,2026-06-04T23:48:31.184477,0
-0.4613,NORMAL,False,2026-06-04T23:48:31.346266,0
-0.4615,NORMAL,False,2026-06-04T23:48:31.501609,0
-0.4463,NORMAL,False,2026-06-04T23:48:31.650552,0
-0.4369,NORMAL,False,2026-06-04T23:48:31.805627,0
-0.4292,NORMAL,False,2026-06-04T23:48:31.956314,0
-0.4331,NORMAL,False,2026-06-04T23:48:32.178986,0
-0.4392,NORMAL,False,2026-06-04T23:48:32.326865,0
-0.4324,NORMAL,False,2026-06-04T23:48:32.569056,0
-0.4455,NORMAL,False,2026-06-04T23:48:32.758947,0
-0.4533,NORMAL,False,2026-06-04T23:48:32.939763,0
-0.4489,NORMAL,False,2026-06-04T23:48:33.090264,0
-0.4845,NORMAL,False,2026-06-04T23:48:33.280361,1
-0.4874,NORMAL,False,2026-06-04T23:48:33.583067,0
-0.4858,NORMAL,False,2026-06-04T23:48:33.775859,0
-0.4908,NORMAL,False,2026-06-04T23:48:34.013092,0
-0.4878,NORMAL,False,2026-06-04T23:48:34.162107,0
-0.4833,NORMAL,False,2026-06-04T23:48:34.311452,0
-0.488,NORMAL,False,2026-06-04T23:48:34.461172,0
-0.4895,NORMAL,False,2026-06-04T23:48:34.611373,0
-0.4888,NORMAL,False,2026-06-04T23:48:34.770236,0
-0.495,NORMAL,False,2026-06-04T23:48:34.959711,0
-0.4935,NORMAL,False,2026-06-04T23:48:35.155533,0
-0.4995,NORMAL,False,2026-06-04T23:48:35.391247,0
-0.5002,LOW,False,2026-06-04T23:48:35.556102,0
-0.5009,LOW,False,2026-06-04T23:48:35.741348,0
-0.4982,NORMAL,False,2026-06-04T23:48:35.914984,0
-0.4988,NORMAL,False,2026-06-04T23:48:36.094483,0
-0.5103,LOW,False,2026-06-04T23:48:36.248104,0
-0.5098,LOW,False,2026-06-04T23:48:36.407439,0
-0.5113,LOW,False,2026-06-04T23:48:36.574612,0
-0.5086,LOW,False,2026-06-04T23:48:36.737865,0
-0.5085,LOW,False,2026-06-04T23:48:36.922947,0
-0.5047,LOW,False,2026-06-04T23:48:37.171714,0
-0.5113,LOW,False,2026-06-04T23:48:37.332101,0
-0.5112,LOW,False,2026-06-04T23:48:37.555070,0
-0.499,NORMAL,False,2026-06-04T23:48:37.760377,0
-0.4849,NORMAL,False,2026-06-04T23:48:37.966582,0
-0.4873,NORMAL,False,2026-06-04T23:48:38.121677,0
-0.4935,NORMAL,False,2026-06-04T23:48:38.273370,0
-0.5018,LOW,False,2026-06-04T23:48:38.446535,1
-0.5004,LOW,False,2026-06-04T23:48:38.635783,0
-0.5048,LOW,False,2026-06-04T23:48:38.789007,0
-0.5116,LOW,False,2026-06-04T23:48:38.942165,0
-0.5059,LOW,False,2026-06-04T23:48:39.089227,0
-0.5081,LOW,False,2026-06-04T23:48:39.238722,0
-0.5061,LOW,False,2026-06-04T23:48:39.436993,0
-0.5019,LOW,False,2026-06-04T23:48:39.592845,0
-0.4942,NORMAL,False,2026-06-04T23:48:39.747569,0
-0.4942,NORMAL,False,2026-06-04T23:48:39.911976,0
-0.4956,NORMAL,False,2026-06-04T23:48:40.071589,0
-0.4693,NORMAL,False,2026-06-04T23:48:40.247612,0
-0.4668,NORMAL,False,2026-06-04T23:48:40.403593,0
-0.4636,NORMAL,False,2026-06-04T23:48:40.570622,0
-0.4598,NORMAL,False,2026-06-04T23:48:40.721433,0
-0.4706,NORMAL,False,2026-06-04T23:48:40.902906,0
-0.4557,NORMAL,False,2026-06-04T23:48:41.054646,0
-0.4578,NORMAL,False,2026-06-04T23:48:41.220726,0
-0.4565,NORMAL,False,2026-06-04T23:48:41.370039,0
-0.4485,NORMAL,False,2026-06-04T23:48:41.605512,0
-0.4508,NORMAL,False,2026-06-04T23:48:41.866638,0
-0.4478,NORMAL,False,2026-06-04T23:48:42.022000,0
-0.4055,NORMAL,False,2026-06-04T23:48:42.179864,0
-0.4379,NORMAL,False,2026-06-04T23:48:42.334683,0
-0.4419,NORMAL,False,2026-06-04T23:48:42.511108,0
-0.4468,NORMAL,False,2026-06-04T23:48:42.677834,0
-0.4426,NORMAL,False,2026-06-04T23:48:42.825674,0
-0.4415,NORMAL,False,2026-06-04T23:48:42.978034,0
-0.4326,NORMAL,False,2026-06-04T23:48:43.129639,0
-0.4298,NORMAL,False,2026-06-04T23:48:43.278068,0
-0.4335,NORMAL,False,2026-06-04T23:48:43.426077,0
-0.4286,NORMAL,False,2026-06-04T23:48:43.574013,0
-0.4252,NORMAL,False,2026-06-04T23:48:43.725727,0
-0.4254,NORMAL,False,2026-06-04T23:48:43.875011,0
-0.4276,NORMAL,False,2026-06-04T23:48:44.055853,0
-0.4283,NORMAL,False,2026-06-04T23:48:44.246719,0
-0.4243,NORMAL,False,2026-06-04T23:48:44.394808,0
-0.4253,NORMAL,False,2026-06-04T23:48:44.551598,0
-0.426,NORMAL,False,2026-06-04T23:48:44.700637,0
-0.4263,NORMAL,False,2026-06-04T23:48:44.858622,0
-0.4306,NORMAL,False,2026-06-04T23:48:45.048142,0
-0.4353,NORMAL,False,2026-06-04T23:48:45.212015,0
-0.4363,NORMAL,False,2026-06-04T23:48:45.380198,0
-0.4395,NORMAL,False,2026-06-04T23:48:45.532642,0
-0.4403,NORMAL,False,2026-06-04T23:48:45.680169,0
-0.4432,NORMAL,False,2026-06-04T23:48:45.826688,0
-0.449,NORMAL,False,2026-06-04T23:48:45.988465,0
-0.4484,NORMAL,False,2026-06-04T23:48:46.138513,0
-0.4523,NORMAL,False,2026-06-04T23:48:46.342345,0
-0.4544,NORMAL,False,2026-06-04T23:48:46.664838,0
-0.4556,NORMAL,False,2026-06-04T23:48:46.866461,0
-0.448,NORMAL,False,2026-06-04T23:48:47.041963,0
-0.4366,NORMAL,False,2026-06-04T23:48:47.218119,0
-0.4509,NORMAL,False,2026-06-04T23:48:47.489361,0
-0.4444,NORMAL,False,2026-06-04T23:48:47.640294,0
-0.4438,NORMAL,False,2026-06-04T23:48:47.831731,0
-0.4358,NORMAL,False,2026-06-04T23:48:47.981356,0
-0.4315,NORMAL,False,2026-06-04T23:48:48.131799,0
-0.4296,NORMAL,False,2026-06-04T23:48:48.284078,0
-0.431,NORMAL,False,2026-06-04T23:48:48.444249,0
-0.4315,NORMAL,False,2026-06-04T23:48:48.634510,0
-0.4322,NORMAL,False,2026-06-04T23:48:48.900117,0
-0.4407,NORMAL,False,2026-06-04T23:48:49.127461,0
-0.4512,NORMAL,False,2026-06-04T23:48:49.279866,0
-0.4629,NORMAL,False,2026-06-04T23:48:49.433326,0
-0.4717,NORMAL,False,2026-06-04T23:48:49.608227,0
-0.4896,NORMAL,False,2026-06-04T23:48:49.780674,0
-0.4887,NORMAL,False,2026-06-04T23:48:49.988117,0
-0.4759,NORMAL,False,2026-06-04T23:48:50.150742,0
-0.4533,NORMAL,False,2026-06-04T23:48:50.300718,0
-0.4584,NORMAL,False,2026-06-04T23:48:50.454956,0
-0.4542,NORMAL,False,2026-06-04T23:48:50.686093,0
-0.4556,NORMAL,False,2026-06-04T23:48:50.841900,0
-0.4591,NORMAL,False,2026-06-04T23:48:51.004551,0
-0.4496,NORMAL,False,2026-06-04T23:48:51.162708,0
-0.4518,NORMAL,False,2026-06-04T23:48:51.347004,0
-0.4496,NORMAL,False,2026-06-04T23:48:51.537523,0
-0.453,NORMAL,False,2026-06-04T23:48:51.689811,0
-0.4532,NORMAL,False,2026-06-04T23:48:51.843534,0
-0.4544,NORMAL,False,2026-06-04T23:48:51.993928,0
-0.4533,NORMAL,False,2026-06-04T23:48:52.148944,0
-0.4538,NORMAL,False,2026-06-04T23:48:52.323741,0
-0.4551,NORMAL,False,2026-06-04T23:48:52.547642,0
-0.4536,NORMAL,False,2026-06-04T23:48:52.997032,0
-0.459,NORMAL,False,2026-06-04T23:48:53.286041,0
-0.4674,NORMAL,False,2026-06-04T23:48:53.465821,0
-0.4658,NORMAL,False,2026-06-04T23:48:53.616568,0
-0.4611,NORMAL,False,2026-06-04T23:48:53.865332,0
-0.4642,NORMAL,False,2026-06-04T23:48:54.017921,0
-0.4712,NORMAL,False,2026-06-04T23:48:54.169738,0
-0.4738,NORMAL,False,2026-06-04T23:48:54.324179,0
-0.4885,NORMAL,False,2026-06-04T23:48:54.474957,0
-0.4911,NORMAL,False,2026-06-04T23:48:54.624447,0
-0.5009,LOW,False,2026-06-04T23:48:54.788544,0
-0.4996,NORMAL,False,2026-06-04T23:48:54.953396,0
-0.4999,NORMAL,False,2026-06-04T23:48:55.137070,0
-0.5011,LOW,False,2026-06-04T23:48:55.284204,0
-0.4887,NORMAL,False,2026-06-04T23:48:55.431876,0
-0.4832,NORMAL,False,2026-06-04T23:48:55.595476,0
-0.4756,NORMAL,False,2026-06-04T23:48:55.756764,0
-0.4721,NORMAL,False,2026-06-04T23:48:55.907341,0
-0.4686,NORMAL,False,2026-06-04T23:48:56.064331,0
-0.4642,NORMAL,False,2026-06-04T23:48:56.210525,0
-0.4591,NORMAL,False,2026-06-04T23:48:56.357000,0
-0.4704,NORMAL,False,2026-06-04T23:48:56.504512,0
-0.4747,NORMAL,False,2026-06-04T23:48:56.652693,0
-0.4838,NORMAL,False,2026-06-04T23:48:56.799205,0
-0.499,NORMAL,False,2026-06-04T23:48:56.954540,0
-0.4906,NORMAL,False,2026-06-04T23:48:57.099529,0
-0.4898,NORMAL,False,2026-06-04T23:48:57.263378,0
-0.4895,NORMAL,False,2026-06-04T23:48:57.430495,0
-0.4625,NORMAL,False,2026-06-04T23:48:57.622618,0
-0.4797,NORMAL,False,2026-06-04T23:48:57.828962,0
-0.4823,NORMAL,False,2026-06-04T23:48:57.991111,0
-0.4607,NORMAL,False,2026-06-04T23:48:58.138198,0
-0.4537,NORMAL,False,2026-06-04T23:48:58.346091,0
-0.4584,NORMAL,False,2026-06-04T23:48:58.560483,0
-0.4568,NORMAL,False,2026-06-04T23:48:58.718719,0
-0.465,NORMAL,False,2026-06-04T23:48:58.864859,0
-0.4602,NORMAL,False,2026-06-04T23:48:59.012437,0
-0.452,NORMAL,False,2026-06-04T23:48:59.213565,0
-0.4499,NORMAL,False,2026-06-04T23:48:59.361302,0
-0.4525,NORMAL,False,2026-06-04T23:48:59.508524,0
-0.4516,NORMAL,False,2026-06-04T23:48:59.657104,0
-0.4483,NORMAL,False,2026-06-04T23:48:59.818322,0
-0.4477,NORMAL,False,2026-06-04T23:48:59.995190,0
-0.4545,NORMAL,False,2026-06-04T23:49:00.150734,0
-0.4518,NORMAL,False,2026-06-04T23:49:00.297708,0
-0.4484,NORMAL,False,2026-06-04T23:49:00.444216,0
-0.4468,NORMAL,False,2026-06-04T23:49:00.592979,0
-0.449,NORMAL,False,2026-06-04T23:49:00.792561,0
-0.4535,NORMAL,False,2026-06-04T23:49:00.966680,0
-0.4516,NORMAL,False,2026-06-04T23:49:01.114515,0
-0.4528,NORMAL,False,2026-06-04T23:49:01.261245,0
-0.4539,NORMAL,False,2026-06-04T23:49:01.414606,0
-0.454,NORMAL,False,2026-06-04T23:49:01.597433,0
-0.4636,NORMAL,False,2026-06-04T23:49:01.744532,0
-0.4706,NORMAL,False,2026-06-04T23:49:01.895647,0
-0.4746,NORMAL,False,2026-06-04T23:49:02.046107,0
-0.4786,NORMAL,False,2026-06-04T23:49:02.195624,0
-0.4795,NORMAL,False,2026-06-04T23:49:02.353175,0
-0.4808,NORMAL,False,2026-06-04T23:49:02.515443,0
-0.48,NORMAL,False,2026-06-04T23:49:02.681582,0
-0.4768,NORMAL,False,2026-06-04T23:49:02.830197,0
-0.4699,NORMAL,False,2026-06-04T23:49:02.984418,0
-0.4683,NORMAL,False,2026-06-04T23:49:03.136506,0
-0.4673,NORMAL,False,2026-06-04T23:49:03.283462,0
-0.4714,NORMAL,False,2026-06-04T23:49:03.430814,0
-0.4684,NORMAL,False,2026-06-04T23:49:03.578101,0
-0.4782,NORMAL,False,2026-06-04T23:49:03.789120,0
-0.4789,NORMAL,False,2026-06-04T23:49:04.013791,0
-0.4793,NORMAL,False,2026-06-04T23:49:04.160174,0
-0.4796,NORMAL,False,2026-06-04T23:49:04.312406,0
-0.4757,NORMAL,False,2026-06-04T23:49:04.473880,0
-0.4754,NORMAL,False,2026-06-04T23:49:04.654034,0
-0.4699,NORMAL,False,2026-06-04T23:49:04.867084,0
-0.4701,NORMAL,False,2026-06-04T23:49:05.022522,0
-0.468,NORMAL,False,2026-06-04T23:49:05.192810,0
-0.4679,NORMAL,False,2026-06-04T23:49:05.338689,0
-0.4687,NORMAL,False,2026-06-04T23:49:05.486365,0
-0.4622,NORMAL,False,2026-06-04T23:49:05.632561,0
-0.458,NORMAL,False,2026-06-04T23:49:05.794965,0
-0.4467,NORMAL,False,2026-06-04T23:49:05.942236,0
-0.4622,NORMAL,False,2026-06-04T23:49:06.090114,0
-0.4456,NORMAL,False,2026-06-04T23:49:06.237056,0
-0.4628,NORMAL,False,2026-06-04T23:49:06.460462,0
-0.4564,NORMAL,False,2026-06-04T23:49:06.616062,0
-0.4483,NORMAL,False,2026-06-04T23:49:06.776724,0
-0.4465,NORMAL,False,2026-06-04T23:49:06.922823,0
-0.4478,NORMAL,False,2026-06-04T23:49:07.167188,0
-0.4421,NORMAL,False,2026-06-04T23:49:07.333019,0
-0.4426,NORMAL,False,2026-06-04T23:49:07.487860,0
-0.4563,NORMAL,False,2026-06-04T23:49:07.639994,0
-0.448,NORMAL,False,2026-06-04T23:49:07.788204,0
-0.4436,NORMAL,False,2026-06-04T23:49:07.935121,0
-0.4595,NORMAL,False,2026-06-04T23:49:08.119305,1
-0.4559,NORMAL,False,2026-06-04T23:49:08.266676,0
-0.4635,NORMAL,False,2026-06-04T23:49:08.470208,0
-0.457,NORMAL,False,2026-06-04T23:49:08.618086,0
-0.4617,NORMAL,False,2026-06-04T23:49:08.766191,0
-0.4569,NORMAL,False,2026-06-04T23:49:08.993491,0
-0.4598,NORMAL,False,2026-06-04T23:49:09.202075,0
-0.4557,NORMAL,False,2026-06-04T23:49:09.353332,0
-0.4604,NORMAL,False,2026-06-04T23:49:09.553388,0
-0.4644,NORMAL,False,2026-06-04T23:49:09.704919,0
-0.4594,NORMAL,False,2026-06-04T23:49:09.857213,0
-0.4688,NORMAL,False,2026-06-04T23:49:10.007891,0
-0.4721,NORMAL,False,2026-06-04T23:49:10.155649,0
-0.4694,NORMAL,False,2026-06-04T23:49:10.357534,0
-0.4695,NORMAL,False,2026-06-04T23:49:10.510972,0
-0.4721,NORMAL,False,2026-06-04T23:49:10.677288,0
-0.4801,NORMAL,False,2026-06-04T23:49:10.850181,0
-0.4788,NORMAL,False,2026-06-04T23:49:11.003493,0
-0.4794,NORMAL,False,2026-06-04T23:49:11.150281,0
-0.4821,NORMAL,False,2026-06-04T23:49:11.305500,0
-0.4794,NORMAL,False,2026-06-04T23:49:11.497025,0
-0.4804,NORMAL,False,2026-06-04T23:49:11.646817,0
-0.4904,NORMAL,False,2026-06-04T23:49:11.796520,0
-0.491,NORMAL,False,2026-06-04T23:49:11.961510,0
-0.4919,NORMAL,False,2026-06-04T23:49:12.121115,0
-0.4918,NORMAL,False,2026-06-04T23:49:12.280180,0
-0.4914,NORMAL,False,2026-06-04T23:49:12.436050,0
-0.4916,NORMAL,False,2026-06-04T23:49:12.591359,0
-0.4924,NORMAL,False,2026-06-04T23:49:12.741700,0
-0.4775,NORMAL,False,2026-06-04T23:49:12.893400,0
-0.4703,NORMAL,False,2026-06-04T23:49:13.042403,0
-0.4724,NORMAL,False,2026-06-04T23:49:13.194849,0
-0.466,NORMAL,False,2026-06-04T23:49:13.344522,1
-0.4507,NORMAL,False,2026-06-04T23:49:13.518843,0
-0.4427,NORMAL,False,2026-06-04T23:49:13.670654,0
-0.444,NORMAL,False,2026-06-04T23:49:13.821841,0
-0.4336,NORMAL,False,2026-06-04T23:49:13.971259,0
-0.431,NORMAL,False,2026-06-04T23:49:14.118338,0
-0.4307,NORMAL,False,2026-06-04T23:49:14.330577,0
-0.4187,NORMAL,False,2026-06-04T23:49:14.515359,0
-0.4258,NORMAL,False,2026-06-04T23:49:14.718933,0
-0.4234,NORMAL,False,2026-06-04T23:49:14.865419,0
-0.4269,NORMAL,False,2026-06-04T23:49:15.100691,0
-0.4299,NORMAL,False,2026-06-04T23:49:15.249730,0
-0.445,NORMAL,False,2026-06-04T23:49:15.402881,0
-0.4416,NORMAL,False,2026-06-04T23:49:15.553293,0
-0.4459,NORMAL,False,2026-06-04T23:49:15.731597,0
-0.4488,NORMAL,False,2026-06-04T23:49:15.882674,0
-0.4503,NORMAL,False,2026-06-04T23:49:16.029437,0
-0.4517,NORMAL,False,2026-06-04T23:49:16.179135,0
-0.4509,NORMAL,False,2026-06-04T23:49:16.326190,0
-0.4426,NORMAL,False,2026-06-04T23:49:16.479214,0
-0.4428,NORMAL,False,2026-06-04T23:49:16.674339,0
-0.4412,NORMAL,False,2026-06-04T23:49:16.828672,0
-0.4374,NORMAL,False,2026-06-04T23:49:16.991108,0
-0.4372,NORMAL,False,2026-06-04T23:49:17.151704,0
-0.4308,NORMAL,False,2026-06-04T23:49:17.299805,0
-0.421,NORMAL,False,2026-06-04T23:49:17.565708,0
-0.4184,NORMAL,False,2026-06-04T23:49:17.714823,0
-0.4132,NORMAL,False,2026-06-04T23:49:17.862441,0
-0.4148,NORMAL,False,2026-06-04T23:49:18.055110,0
-0.4225,NORMAL,False,2026-06-04T23:49:18.258612,0
-0.4233,NORMAL,False,2026-06-04T23:49:18.408309,0
-0.4276,NORMAL,False,2026-06-04T23:49:18.557641,0
-0.43,NORMAL,False,2026-06-04T23:49:18.706582,0
-0.4312,NORMAL,False,2026-06-04T23:49:18.853706,0
-0.4388,NORMAL,False,2026-06-04T23:49:19.004942,0
-0.431,NORMAL,False,2026-06-04T23:49:19.163953,0
-0.427,NORMAL,False,2026-06-04T23:49:19.329421,0
-0.4215,NORMAL,False,2026-06-04T23:49:19.510378,0
-0.4141,NORMAL,False,2026-06-04T23:49:19.719656,0
-0.4121,NORMAL,False,2026-06-04T23:49:19.887094,0
-0.421,NORMAL,False,2026-06-04T23:49:20.038356,0
-0.4248,NORMAL,False,2026-06-04T23:49:20.199045,0
-0.4334,NORMAL,False,2026-06-04T23:49:20.351718,0
-0.4346,NORMAL,False,2026-06-04T23:49:20.498562,0
-0.432,NORMAL,False,2026-06-04T23:49:20.652244,0
-0.4343,NORMAL,False,2026-06-04T23:49:20.802502,0
-0.4435,NORMAL,False,2026-06-04T23:49:20.955353,0
-0.423,NORMAL,False,2026-06-04T23:49:21.104845,0
-0.4221,NORMAL,False,2026-06-04T23:49:21.285009,0
-0.4242,NORMAL,False,2026-06-04T23:49:21.432832,0
-0.4258,NORMAL,False,2026-06-04T23:49:21.601925,0
-0.4279,NORMAL,False,2026-06-04T23:49:21.767655,0
-0.4283,NORMAL,False,2026-06-04T23:49:21.929193,0
-0.4566,NORMAL,False,2026-06-04T23:49:22.090101,0
-0.4499,NORMAL,False,2026-06-04T23:49:22.238613,0
-0.446,NORMAL,False,2026-06-04T23:49:22.416337,0
-0.4478,NORMAL,False,2026-06-04T23:49:22.566439,0
-0.4738,NORMAL,False,2026-06-04T23:49:22.716888,0
-0.4711,NORMAL,False,2026-06-04T23:49:22.864094,1
-0.4734,NORMAL,False,2026-06-04T23:49:23.016439,0
-0.4713,NORMAL,False,2026-06-04T23:49:23.162341,0
-0.4649,NORMAL,False,2026-06-04T23:49:23.318773,0
-0.4607,NORMAL,False,2026-06-04T23:49:23.469015,0
-0.4588,NORMAL,False,2026-06-04T23:49:23.615849,0
-0.4518,NORMAL,False,2026-06-04T23:49:23.762634,0
-0.4249,NORMAL,False,2026-06-04T23:49:23.911437,0
-0.427,NORMAL,False,2026-06-04T23:49:24.059232,0
-0.4264,NORMAL,False,2026-06-04T23:49:24.206695,0
-0.4182,NORMAL,False,2026-06-04T23:49:24.395362,0
-0.4165,NORMAL,False,2026-06-04T23:49:24.620677,0
-0.4226,NORMAL,False,2026-06-04T23:49:24.772672,0
-0.4256,NORMAL,False,2026-06-04T23:49:24.989709,0
-0.4244,NORMAL,False,2026-06-04T23:49:25.174377,0
-0.4274,NORMAL,False,2026-06-04T23:49:25.329125,0
-0.4244,NORMAL,False,2026-06-04T23:49:25.488203,0
-0.4234,NORMAL,False,2026-06-04T23:49:25.633876,0
-0.4184,NORMAL,False,2026-06-04T23:49:25.781419,0
-0.4137,NORMAL,False,2026-06-04T23:49:26.015637,0
-0.4139,NORMAL,False,2026-06-04T23:49:26.162718,0
-0.4127,NORMAL,False,2026-06-04T23:49:26.312686,0
-0.4164,NORMAL,False,2026-06-04T23:49:26.471330,0
-0.416,NORMAL,False,2026-06-04T23:49:26.653207,0
-0.4192,NORMAL,False,2026-06-04T23:49:26.843982,0
-0.4253,NORMAL,False,2026-06-04T23:49:27.004635,1
-0.4327,NORMAL,False,2026-06-04T23:49:27.151385,0
-0.4343,NORMAL,False,2026-06-04T23:49:27.299055,0
-0.4377,NORMAL,False,2026-06-04T23:49:27.447892,0
-0.4374,NORMAL,False,2026-06-04T23:49:27.595513,0
-0.4371,NORMAL,False,2026-06-04T23:49:27.879064,0
-0.4386,NORMAL,False,2026-06-04T23:49:28.034026,0
-0.4352,NORMAL,False,2026-06-04T23:49:28.182701,0
-0.436,NORMAL,False,2026-06-04T23:49:28.331772,0
-0.4379,NORMAL,False,2026-06-04T23:49:28.479626,0
-0.4371,NORMAL,False,2026-06-04T23:49:28.639688,0
-0.4354,NORMAL,False,2026-06-04T23:49:28.802356,0
-0.4339,NORMAL,False,2026-06-04T23:49:28.963718,0
-0.4387,NORMAL,False,2026-06-04T23:49:29.121664,0
-0.4372,NORMAL,False,2026-06-04T23:49:29.287126,0
-0.4432,NORMAL,False,2026-06-04T23:49:29.457086,0
-0.443,NORMAL,False,2026-06-04T23:49:29.604894,0
-0.4487,NORMAL,False,2026-06-04T23:49:29.765644,0
-0.4464,NORMAL,False,2026-06-04T23:49:29.910865,0
-0.4541,NORMAL,False,2026-06-04T23:49:30.058707,0
-0.4626,NORMAL,False,2026-06-04T23:49:30.266166,0
-0.4734,NORMAL,False,2026-06-04T23:49:30.438319,0
-0.4812,NORMAL,False,2026-06-04T23:49:30.585283,0
-0.4769,NORMAL,False,2026-06-04T23:49:30.732919,0
-0.4759,NORMAL,False,2026-06-04T23:49:30.879486,0
-0.4575,NORMAL,False,2026-06-04T23:49:31.058499,0
-0.4508,NORMAL,False,2026-06-04T23:49:31.228342,0
-0.4474,NORMAL,False,2026-06-04T23:49:31.397935,0
-0.4521,NORMAL,False,2026-06-04T23:49:31.558868,0
-0.4249,NORMAL,False,2026-06-04T23:49:31.724104,0
-0.4241,NORMAL,False,2026-06-04T23:49:31.869714,0
-0.4232,NORMAL,False,2026-06-04T23:49:32.016956,0
-0.4163,NORMAL,False,2026-06-04T23:49:32.177948,0
-0.4121,NORMAL,False,2026-06-04T23:49:32.325737,0
-0.4117,NORMAL,False,2026-06-04T23:49:32.472815,0
-0.4348,NORMAL,False,2026-06-04T23:49:32.629758,0
-0.4295,NORMAL,False,2026-06-04T23:49:32.777260,0
-0.4338,NORMAL,False,2026-06-04T23:49:32.924574,0
-0.4345,NORMAL,False,2026-06-04T23:49:33.072977,0
-0.4329,NORMAL,False,2026-06-04T23:49:33.221474,0
-0.4271,NORMAL,False,2026-06-04T23:49:33.373874,0
-0.4222,NORMAL,False,2026-06-04T23:49:33.544271,0
-0.4167,NORMAL,False,2026-06-04T23:49:33.723577,0
-0.4179,NORMAL,False,2026-06-04T23:49:33.904709,0
-0.4288,NORMAL,False,2026-06-04T23:49:34.160397,0
-0.4291,NORMAL,False,2026-06-04T23:49:34.408897,0
-0.4295,NORMAL,False,2026-06-04T23:49:34.556474,0
-0.4245,NORMAL,False,2026-06-04T23:49:34.704724,0
-0.4243,NORMAL,False,2026-06-04T23:49:34.854349,0
-0.4256,NORMAL,False,2026-06-04T23:49:35.003142,0
-0.4089,NORMAL,False,2026-06-04T23:49:35.150808,0
-0.4127,NORMAL,False,2026-06-04T23:49:35.306522,0
-0.4162,NORMAL,False,2026-06-04T23:49:35.521565,0
-0.4171,NORMAL,False,2026-06-04T23:49:35.703660,0
-0.4129,NORMAL,False,2026-06-04T23:49:35.853014,1
-0.414,NORMAL,False,2026-06-04T23:49:36.007945,0
-0.4134,NORMAL,False,2026-06-04T23:49:36.157524,0
-0.4147,NORMAL,False,2026-06-04T23:49:36.314656,0
-0.4129,NORMAL,False,2026-06-04T23:49:36.462673,0
-0.4134,NORMAL,False,2026-06-04T23:49:36.613612,0
-0.4106,NORMAL,False,2026-06-04T23:49:36.761217,0
-0.4148,NORMAL,False,2026-06-04T23:49:36.911787,0
-0.4175,NORMAL,False,2026-06-04T23:49:37.065103,0
-0.4172,NORMAL,False,2026-06-04T23:49:37.238407,0
-0.417,NORMAL,False,2026-06-04T23:49:37.388866,0
-0.4101,NORMAL,False,2026-06-04T23:49:37.570009,0
-0.4179,NORMAL,False,2026-06-04T23:49:37.721139,0
-0.4173,NORMAL,False,2026-06-04T23:49:37.869150,0
-0.4166,NORMAL,False,2026-06-04T23:49:38.018994,0
-0.4142,NORMAL,False,2026-06-04T23:49:38.166818,0
-0.4149,NORMAL,False,2026-06-04T23:49:38.312945,0
-0.4171,NORMAL,False,2026-06-04T23:49:38.472145,0
-0.4192,NORMAL,False,2026-06-04T23:49:38.627291,0
-0.4122,NORMAL,False,2026-06-04T23:49:38.785167,0
-0.4203,NORMAL,False,2026-06-04T23:49:38.934212,0
-0.4215,NORMAL,False,2026-06-04T23:49:39.094684,0
-0.4261,NORMAL,False,2026-06-04T23:49:39.241981,0
-0.4366,NORMAL,False,2026-06-04T23:49:39.397264,0
-0.4259,NORMAL,False,2026-06-04T23:49:39.545691,0
-0.423,NORMAL,False,2026-06-04T23:49:39.743844,0
-0.4226,NORMAL,False,2026-06-04T23:49:39.903517,0
-0.4238,NORMAL,False,2026-06-04T23:49:40.052773,0
-0.4152,NORMAL,False,2026-06-04T23:49:40.211518,0
-0.4077,NORMAL,False,2026-06-04T23:49:40.359733,0
-0.4093,NORMAL,False,2026-06-04T23:49:40.506143,0
-0.4009,NORMAL,False,2026-06-04T23:49:40.756286,0
-0.4013,NORMAL,False,2026-06-04T23:49:41.022265,0
-0.3993,NORMAL,False,2026-06-04T23:49:41.212112,0
-0.4045,NORMAL,False,2026-06-04T23:49:41.372386,0
-0.4018,NORMAL,False,2026-06-04T23:49:41.548888,0
-0.405,NORMAL,False,2026-06-04T23:49:41.700431,0
-0.4008,NORMAL,False,2026-06-04T23:49:41.851032,0
-0.399,NORMAL,False,2026-06-04T23:49:42.010558,0
-0.3979,NORMAL,False,2026-06-04T23:49:42.164251,0
-0.4051,NORMAL,False,2026-06-04T23:49:42.326479,0
-0.411,NORMAL,False,2026-06-04T23:49:42.482114,0
-0.418,NORMAL,False,2026-06-04T23:49:42.643906,0
-0.4192,NORMAL,False,2026-06-04T23:49:42.794087,0
-0.4114,NORMAL,False,2026-06-04T23:49:42.945269,0
-0.4143,NORMAL,False,2026-06-04T23:49:43.100400,0
-0.4141,NORMAL,False,2026-06-04T23:49:43.266804,0
-0.4175,NORMAL,False,2026-06-04T23:49:43.441444,0
-0.4214,NORMAL,False,2026-06-04T23:49:43.597529,0
-0.445,NORMAL,False,2026-06-04T23:49:43.753075,0
-0.447,NORMAL,False,2026-06-04T23:49:43.899619,0
-0.4431,NORMAL,False,2026-06-04T23:49:44.091875,0
-0.4416,NORMAL,False,2026-06-04T23:49:44.254755,0
-0.4382,NORMAL,False,2026-06-04T23:49:44.425607,0
-0.4339,NORMAL,False,2026-06-04T23:49:44.588657,0
-0.4334,NORMAL,False,2026-06-04T23:49:44.749737,0
-0.4318,NORMAL,False,2026-06-04T23:49:44.898160,0
-0.4289,NORMAL,False,2026-06-04T23:49:45.053324,0
-0.4269,NORMAL,False,2026-06-04T23:49:45.200729,0
-0.4194,NORMAL,False,2026-06-04T23:49:45.348601,0
-0.4192,NORMAL,False,2026-06-04T23:49:45.496924,0
-0.4179,NORMAL,False,2026-06-04T23:49:45.648406,0
-0.4184,NORMAL,False,2026-06-04T23:49:45.819323,0
-0.4157,NORMAL,False,2026-06-04T23:49:45.983099,0
-0.4139,NORMAL,False,2026-06-04T23:49:46.196116,0
-0.4159,NORMAL,False,2026-06-04T23:49:46.408170,0
-0.4187,NORMAL,False,2026-06-04T23:49:46.566068,0
-0.4208,NORMAL,False,2026-06-04T23:49:46.735242,0
-0.42,NORMAL,False,2026-06-04T23:49:46.888794,0
-0.422,NORMAL,False,2026-06-04T23:49:47.044257,0
-0.4215,NORMAL,False,2026-06-04T23:49:47.193146,0
-0.4199,NORMAL,False,2026-06-04T23:49:47.387197,0
-0.4227,NORMAL,False,2026-06-04T23:49:47.534845,0
-0.4224,NORMAL,False,2026-06-04T23:49:47.682225,0
-0.4252,NORMAL,False,2026-06-04T23:49:47.830833,0
-0.4242,NORMAL,False,2026-06-04T23:49:47.979370,1
-0.4265,NORMAL,False,2026-06-04T23:49:48.171480,0
-0.4285,NORMAL,False,2026-06-04T23:49:48.334378,0
-0.4328,NORMAL,False,2026-06-04T23:49:48.500037,0
-0.4349,NORMAL,False,2026-06-04T23:49:48.663581,0
-0.4368,NORMAL,False,2026-06-04T23:49:48.815425,0
-0.4369,NORMAL,False,2026-06-04T23:49:48.970332,1
-0.4371,NORMAL,False,2026-06-04T23:49:49.116366,0
-0.441,NORMAL,False,2026-06-04T23:49:49.267344,0
-0.4418,NORMAL,False,2026-06-04T23:49:49.491005,0
-0.4422,NORMAL,False,2026-06-04T23:49:49.646455,0
-0.4463,NORMAL,False,2026-06-04T23:49:49.795274,0
-0.4489,NORMAL,False,2026-06-04T23:49:49.947049,0
-0.4515,NORMAL,False,2026-06-04T23:49:50.100309,0
-0.4461,NORMAL,False,2026-06-04T23:49:50.248321,0
-0.4488,NORMAL,False,2026-06-04T23:49:50.400869,0
-0.4482,NORMAL,False,2026-06-04T23:49:50.611549,0
-0.451,NORMAL,False,2026-06-04T23:49:50.768971,0
-0.4484,NORMAL,False,2026-06-04T23:49:50.982824,0
-0.4541,NORMAL,False,2026-06-04T23:49:51.148865,1
-0.4686,NORMAL,False,2026-06-04T23:49:51.311770,0
-0.4721,NORMAL,False,2026-06-04T23:49:51.468520,0
-0.4619,NORMAL,False,2026-06-04T23:49:51.625182,0
-0.4631,NORMAL,False,2026-06-04T23:49:51.775326,0
-0.4528,NORMAL,False,2026-06-04T23:49:51.923444,0
-0.468,NORMAL,False,2026-06-04T23:49:52.072213,1
-0.4664,NORMAL,False,2026-06-04T23:49:52.225360,0
-0.463,NORMAL,False,2026-06-04T23:49:52.377800,0
-0.4623,NORMAL,False,2026-06-04T23:49:52.527443,0
-0.4615,NORMAL,False,2026-06-04T23:49:52.680662,0
-0.4592,NORMAL,False,2026-06-04T23:49:52.832520,0
-0.4572,NORMAL,False,2026-06-04T23:49:52.994907,0
-0.4568,NORMAL,False,2026-06-04T23:49:53.162998,0
-0.456,NORMAL,False,2026-06-04T23:49:53.323677,0
-0.4472,NORMAL,False,2026-06-04T23:49:53.499616,0
-0.4504,NORMAL,False,2026-06-04T23:49:53.652358,0
-0.4577,NORMAL,False,2026-06-04T23:49:53.853759,0
-0.4549,NORMAL,False,2026-06-04T23:49:54.031247,0
-0.4632,NORMAL,False,2026-06-04T23:49:54.267319,0
-0.4584,NORMAL,False,2026-06-04T23:49:54.522124,0
-0.4609,NORMAL,False,2026-06-04T23:49:54.671862,0
-0.4583,NORMAL,False,2026-06-04T23:49:54.856874,0
-0.4594,NORMAL,False,2026-06-04T23:49:55.006963,0
-0.4607,NORMAL,False,2026-06-04T23:49:55.154903,0
-0.4585,NORMAL,False,2026-06-04T23:49:55.306910,0
-0.4588,NORMAL,False,2026-06-04T23:49:55.470607,0
-0.4614,NORMAL,False,2026-06-04T23:49:55.651766,0
-0.4617,NORMAL,False,2026-06-04T23:49:55.822187,0
-0.4619,NORMAL,False,2026-06-04T23:49:55.983267,0
-0.457,NORMAL,False,2026-06-04T23:49:56.142644,0
-0.45,NORMAL,False,2026-06-04T23:49:56.293179,0
-0.4481,NORMAL,False,2026-06-04T23:49:56.453867,0
-0.4484,NORMAL,False,2026-06-04T23:49:56.604353,0
-0.4519,NORMAL,False,2026-06-04T23:49:56.755206,0
-0.45,NORMAL,False,2026-06-04T23:49:56.904166,0
-0.4469,NORMAL,False,2026-06-04T23:49:57.052153,0
-0.446,NORMAL,False,2026-06-04T23:49:57.237442,0
-0.4443,NORMAL,False,2026-06-04T23:49:57.454791,0
-0.4433,NORMAL,False,2026-06-04T23:49:57.657652,0
-0.4409,NORMAL,False,2026-06-04T23:49:57.934982,0
-0.4434,NORMAL,False,2026-06-04T23:49:58.212933,0
-0.4413,NORMAL,False,2026-06-04T23:49:58.422435,0
-0.4423,NORMAL,False,2026-06-04T23:49:58.569173,0
-0.4436,NORMAL,False,2026-06-04T23:49:58.721484,0
-0.4488,NORMAL,False,2026-06-04T23:49:58.869016,0
-0.4555,NORMAL,False,2026-06-04T23:49:59.016859,0
-0.4567,NORMAL,False,2026-06-04T23:49:59.164459,0
-0.4575,NORMAL,False,2026-06-04T23:49:59.313759,0
-0.4548,NORMAL,False,2026-06-04T23:49:59.468662,0
-0.4505,NORMAL,False,2026-06-04T23:49:59.636401,0
-0.45,NORMAL,False,2026-06-04T23:49:59.845574,0
-0.447,NORMAL,False,2026-06-04T23:49:59.995687,0
-0.4429,NORMAL,False,2026-06-04T23:50:00.142605,0
-0.4335,NORMAL,False,2026-06-04T23:50:00.323491,0
-0.4289,NORMAL,False,2026-06-04T23:50:00.485785,0
-0.4118,NORMAL,False,2026-06-04T23:50:00.640887,0
-0.4104,NORMAL,False,2026-06-04T23:50:00.858043,0
-0.4106,NORMAL,False,2026-06-04T23:50:01.008187,0
-0.4038,NORMAL,False,2026-06-04T23:50:01.157304,0
-0.4015,NORMAL,False,2026-06-04T23:50:01.309783,0
-0.4019,NORMAL,False,2026-06-04T23:50:01.457564,0
-0.4011,NORMAL,False,2026-06-04T23:50:01.611149,0
-0.4003,NORMAL,False,2026-06-04T23:50:01.760600,0
-0.4021,NORMAL,False,2026-06-04T23:50:01.909609,0
-0.4055,NORMAL,False,2026-06-04T23:50:02.059941,0
-0.404,NORMAL,False,2026-06-04T23:50:02.208360,0
-0.4036,NORMAL,False,2026-06-04T23:50:02.358274,0
-0.4048,NORMAL,False,2026-06-04T23:50:02.507275,0
-0.4086,NORMAL,False,2026-06-04T23:50:02.654263,0
-0.4073,NORMAL,False,2026-06-04T23:50:02.813558,0
-0.4082,NORMAL,False,2026-06-04T23:50:02.981652,0
-0.4077,NORMAL,False,2026-06-04T23:50:03.141124,0
-0.4113,NORMAL,False,2026-06-04T23:50:03.313211,0
-0.4177,NORMAL,False,2026-06-04T23:50:03.461211,0
-0.4219,NORMAL,False,2026-06-04T23:50:03.608571,0
-0.4297,NORMAL,False,2026-06-04T23:50:03.761063,1
-0.4322,NORMAL,False,2026-06-04T23:50:03.958701,0
-0.4352,NORMAL,False,2026-06-04T23:50:04.113988,0
-0.439,NORMAL,False,2026-06-04T23:50:04.292790,0
-0.4366,NORMAL,False,2026-06-04T23:50:04.452959,0
-0.4311,NORMAL,False,2026-06-04T23:50:04.606174,0
-0.4304,NORMAL,False,2026-06-04T23:50:04.780941,0
-0.4354,NORMAL,False,2026-06-04T23:50:05.120997,1
-0.4411,NORMAL,False,2026-06-04T23:50:05.466249,1
-0.4323,NORMAL,False,2026-06-04T23:50:06.011957,0
-0.4354,NORMAL,False,2026-06-04T23:50:06.309600,0
-0.437,NORMAL,False,2026-06-04T23:50:06.470020,0
-0.4364,NORMAL,False,2026-06-04T23:50:06.623288,0
-0.4342,NORMAL,False,2026-06-04T23:50:06.770377,0
-0.4275,NORMAL,False,2026-06-04T23:50:06.918798,0
-0.4238,NORMAL,False,2026-06-04T23:50:07.089083,0
-0.4179,NORMAL,False,2026-06-04T23:50:07.240605,0
-0.4158,NORMAL,False,2026-06-04T23:50:07.392268,0
-0.421,NORMAL,False,2026-06-04T23:50:07.543764,0
-0.4181,NORMAL,False,2026-06-04T23:50:07.701745,0
-0.4155,NORMAL,False,2026-06-04T23:50:07.876738,0
-0.4144,NORMAL,False,2026-06-04T23:50:08.078436,0
-0.4047,NORMAL,False,2026-06-04T23:50:08.226697,0
-0.4024,NORMAL,False,2026-06-04T23:50:08.388051,0
-0.4042,NORMAL,False,2026-06-04T23:50:08.539103,0
-0.4015,NORMAL,False,2026-06-04T23:50:08.689421,0
-0.3999,NORMAL,False,2026-06-04T23:50:08.838371,0
-0.4007,NORMAL,False,2026-06-04T23:50:08.992453,0
-0.4123,NORMAL,False,2026-06-04T23:50:09.141958,0
-0.4126,NORMAL,False,2026-06-04T23:50:09.310675,0
-0.4135,NORMAL,False,2026-06-04T23:50:09.463627,0
-0.42,NORMAL,False,2026-06-04T23:50:09.621267,0
-0.4209,NORMAL,False,2026-06-04T23:50:09.769644,0
-0.4182,NORMAL,False,2026-06-04T23:50:09.918998,0
-0.4175,NORMAL,False,2026-06-04T23:50:10.086214,0
-0.4094,NORMAL,False,2026-06-04T23:50:10.273167,0
-0.4108,NORMAL,False,2026-06-04T23:50:10.444985,0
-0.4083,NORMAL,False,2026-06-04T23:50:10.647087,0
-0.4093,NORMAL,False,2026-06-04T23:50:10.854796,0
-0.4052,NORMAL,False,2026-06-04T23:50:11.003482,0
-0.4053,NORMAL,False,2026-06-04T23:50:11.154669,0
-0.4078,NORMAL,False,2026-06-04T23:50:11.347844,0
-0.4054,NORMAL,False,2026-06-04T23:50:11.520110,0
-0.4088,NORMAL,False,2026-06-04T23:50:11.677061,0
-0.4087,NORMAL,False,2026-06-04T23:50:11.824560,0
-0.4035,NORMAL,False,2026-06-04T23:50:11.971254,0
-0.4057,NORMAL,False,2026-06-04T23:50:12.119361,0
-0.4084,NORMAL,False,2026-06-04T23:50:12.266490,0
-0.4085,NORMAL,False,2026-06-04T23:50:12.417835,0
-0.4159,NORMAL,False,2026-06-04T23:50:12.589466,0
-0.4127,NORMAL,False,2026-06-04T23:50:12.842233,0
-0.4139,NORMAL,False,2026-06-04T23:50:13.040975,0
-0.4147,NORMAL,False,2026-06-04T23:50:13.195071,0
-0.4176,NORMAL,False,2026-06-04T23:50:13.341741,0
-0.4232,NORMAL,False,2026-06-04T23:50:13.490357,0
-0.4211,NORMAL,False,2026-06-04T23:50:13.656386,0
-0.4259,NORMAL,False,2026-06-04T23:50:13.832251,0
-0.4215,NORMAL,False,2026-06-04T23:50:13.982495,0
-0.4349,NORMAL,False,2026-06-04T23:50:14.130752,0
-0.4297,NORMAL,False,2026-06-04T23:50:14.278860,0
-0.4287,NORMAL,False,2026-06-04T23:50:14.425998,0
-0.4265,NORMAL,False,2026-06-04T23:50:14.621078,0
-0.4167,NORMAL,False,2026-06-04T23:50:14.769167,0
-0.4159,NORMAL,False,2026-06-04T23:50:14.919340,0
-0.4128,NORMAL,False,2026-06-04T23:50:15.099559,0
-0.4116,NORMAL,False,2026-06-04T23:50:15.254902,0
-0.4071,NORMAL,False,2026-06-04T23:50:15.411242,0
-0.4046,NORMAL,False,2026-06-04T23:50:15.560055,0
-0.4046,NORMAL,False,2026-06-04T23:50:15.709043,0
-0.405,NORMAL,False,2026-06-04T23:50:15.908412,0
-0.4031,NORMAL,False,2026-06-04T23:50:16.141425,0
-0.4045,NORMAL,False,2026-06-04T23:50:16.295985,0
-0.4092,NORMAL,False,2026-06-04T23:50:16.449167,0
-0.4174,NORMAL,False,2026-06-04T23:50:16.599714,0
-0.4172,NORMAL,False,2026-06-04T23:50:16.748223,0
-0.4179,NORMAL,False,2026-06-04T23:50:16.921635,0
-0.4215,NORMAL,False,2026-06-04T23:50:17.068298,0
-0.4181,NORMAL,False,2026-06-04T23:50:17.217770,0
-0.4067,NORMAL,False,2026-06-04T23:50:17.387252,0
-0.4124,NORMAL,False,2026-06-04T23:50:17.552717,0
-0.4093,NORMAL,False,2026-06-04T23:50:17.703168,0
-0.4085,NORMAL,False,2026-06-04T23:50:17.885491,0
-0.4099,NORMAL,False,2026-06-04T23:50:18.043808,0
-0.4111,NORMAL,False,2026-06-04T23:50:18.287477,0
-0.4149,NORMAL,False,2026-06-04T23:50:18.439141,0
-0.4152,NORMAL,False,2026-06-04T23:50:18.587593,0
-0.4179,NORMAL,False,2026-06-04T23:50:18.830168,0
-0.4188,NORMAL,False,2026-06-04T23:50:18.977477,0
-0.4225,NORMAL,False,2026-06-04T23:50:19.124648,0
-0.4211,NORMAL,False,2026-06-04T23:50:19.273405,0
-0.4198,NORMAL,False,2026-06-04T23:50:19.428418,0
-0.4194,NORMAL,False,2026-06-04T23:50:19.578249,0
-0.4279,NORMAL,False,2026-06-04T23:50:19.730593,1
-0.4267,NORMAL,False,2026-06-04T23:50:19.898312,0
-0.4345,NORMAL,False,2026-06-04T23:50:20.068184,0
-0.4389,NORMAL,False,2026-06-04T23:50:20.230189,0
-0.4385,NORMAL,False,2026-06-04T23:50:20.378893,0
-0.4367,NORMAL,False,2026-06-04T23:50:20.546467,0
-0.4431,NORMAL,False,2026-06-04T23:50:20.695055,0
-0.4384,NORMAL,False,2026-06-04T23:50:20.844315,0
-0.4316,NORMAL,False,2026-06-04T23:50:20.998730,0
-0.4322,NORMAL,False,2026-06-04T23:50:21.219530,0
-0.4266,NORMAL,False,2026-06-04T23:50:21.509472,0
-0.4364,NORMAL,False,2026-06-04T23:50:21.663047,0
-0.439,NORMAL,False,2026-06-04T23:50:21.826657,0
-0.426,NORMAL,False,2026-06-04T23:50:21.975796,0
-0.4219,NORMAL,False,2026-06-04T23:50:22.128645,0
-0.4215,NORMAL,False,2026-06-04T23:50:22.297418,0
-0.4221,NORMAL,False,2026-06-04T23:50:22.490265,0
-0.4181,NORMAL,False,2026-06-04T23:50:22.644332,0
-0.4238,NORMAL,False,2026-06-04T23:50:22.802854,0
-0.4258,NORMAL,False,2026-06-04T23:50:22.949782,0
-0.4301,NORMAL,False,2026-06-04T23:50:23.096774,0
-0.4324,NORMAL,False,2026-06-04T23:50:23.248741,0
-0.4324,NORMAL,False,2026-06-04T23:50:23.400370,0
-0.4293,NORMAL,False,2026-06-04T23:50:23.548103,0
-0.44,NORMAL,False,2026-06-04T23:50:23.696675,0
-0.4388,NORMAL,False,2026-06-04T23:50:23.844388,0
-0.428,NORMAL,False,2026-06-04T23:50:23.991559,0
-0.4265,NORMAL,False,2026-06-04T23:50:24.140243,0
-0.4135,NORMAL,False,2026-06-04T23:50:24.287711,0
-0.4115,NORMAL,False,2026-06-04T23:50:24.478136,0
-0.4053,NORMAL,False,2026-06-04T23:50:24.626507,0
-0.3936,NORMAL,False,2026-06-04T23:50:24.790288,0
-0.3917,NORMAL,False,2026-06-04T23:50:24.979025,0
-0.3921,NORMAL,False,2026-06-04T23:50:25.134900,0
-0.3898,NORMAL,False,2026-06-04T23:50:25.283994,0
-0.3939,NORMAL,False,2026-06-04T23:50:25.430660,0
-0.3946,NORMAL,False,2026-06-04T23:50:25.578410,0
-0.3978,NORMAL,False,2026-06-04T23:50:25.727003,0
-0.3983,NORMAL,False,2026-06-04T23:50:25.879117,0
-0.3934,NORMAL,False,2026-06-04T23:50:26.031922,0
-0.396,NORMAL,False,2026-06-04T23:50:26.247970,0
-0.3964,NORMAL,False,2026-06-04T23:50:26.397895,0
-0.3985,NORMAL,False,2026-06-04T23:50:26.580495,0
-0.4026,NORMAL,False,2026-06-04T23:50:26.784730,0
-0.4064,NORMAL,False,2026-06-04T23:50:26.934313,0
-0.4124,NORMAL,False,2026-06-04T23:50:27.082383,0
-0.4147,NORMAL,False,2026-06-04T23:50:27.260062,0
-0.4226,NORMAL,False,2026-06-04T23:50:27.431029,0
-0.4216,NORMAL,False,2026-06-04T23:50:27.587149,0
-0.413,NORMAL,False,2026-06-04T23:50:27.773501,0
-0.4124,NORMAL,False,2026-06-04T23:50:27.920007,0
-0.4124,NORMAL,False,2026-06-04T23:50:28.068525,0
-0.4107,NORMAL,False,2026-06-04T23:50:28.215759,0
-0.4092,NORMAL,False,2026-06-04T23:50:28.363255,0
-0.4078,NORMAL,False,2026-06-04T23:50:28.516127,0
-0.406,NORMAL,False,2026-06-04T23:50:28.669332,0
-0.4055,NORMAL,False,2026-06-04T23:50:28.816995,0
-0.4046,NORMAL,False,2026-06-04T23:50:28.964568,0
-0.4054,NORMAL,False,2026-06-04T23:50:29.112110,0
-0.405,NORMAL,False,2026-06-04T23:50:29.259048,0
-0.4041,NORMAL,False,2026-06-04T23:50:29.523994,0
-0.4051,NORMAL,False,2026-06-04T23:50:29.701458,0
-0.4033,NORMAL,False,2026-06-04T23:50:29.884449,0
-0.4028,NORMAL,False,2026-06-04T23:50:30.046852,0
-0.4227,NORMAL,False,2026-06-04T23:50:30.199122,0
-0.4308,NORMAL,False,2026-06-04T23:50:30.348369,0
-0.4301,NORMAL,False,2026-06-04T23:50:30.507165,0
-0.4273,NORMAL,False,2026-06-04T23:50:30.658435,0
-0.4254,NORMAL,False,2026-06-04T23:50:30.807411,0
-0.4263,NORMAL,False,2026-06-04T23:50:30.993180,0
-0.4387,NORMAL,False,2026-06-04T23:50:31.141150,0
-0.4325,NORMAL,False,2026-06-04T23:50:31.296873,0
-0.4283,NORMAL,False,2026-06-04T23:50:31.449599,0
-0.4288,NORMAL,False,2026-06-04T23:50:31.624254,0
-0.4255,NORMAL,False,2026-06-04T23:50:31.777883,0
-0.4243,NORMAL,False,2026-06-04T23:50:31.988088,0
-0.4246,NORMAL,False,2026-06-04T23:50:32.162131,0
-0.4254,NORMAL,False,2026-06-04T23:50:32.332517,0
-0.4247,NORMAL,False,2026-06-04T23:50:32.480648,0
-0.4267,NORMAL,False,2026-06-04T23:50:32.658375,1
-0.4167,NORMAL,False,2026-06-04T23:50:32.807301,0
-0.4207,NORMAL,False,2026-06-04T23:50:32.964140,0
-0.4266,NORMAL,False,2026-06-04T23:50:33.113193,0
-0.4299,NORMAL,False,2026-06-04T23:50:33.265849,0
-0.4333,NORMAL,False,2026-06-04T23:50:33.419447,0
-0.4289,NORMAL,False,2026-06-04T23:50:33.568245,0
-0.434,NORMAL,False,2026-06-04T23:50:33.717603,0
-0.4298,NORMAL,False,2026-06-04T23:50:33.876961,0
-0.4189,NORMAL,False,2026-06-04T23:50:34.023960,0
-0.4156,NORMAL,False,2026-06-04T23:50:34.234730,0
-0.4169,NORMAL,False,2026-06-04T23:50:34.419766,0
-0.4204,NORMAL,False,2026-06-04T23:50:34.589037,0
-0.4206,NORMAL,False,2026-06-04T23:50:34.754296,0
-0.416,NORMAL,False,2026-06-04T23:50:35.018587,0
-0.4181,NORMAL,False,2026-06-04T23:50:35.223887,0
-0.4215,NORMAL,False,2026-06-04T23:50:35.382954,0
-0.4153,NORMAL,False,2026-06-04T23:50:35.542113,0
-0.4339,NORMAL,False,2026-06-04T23:50:35.690245,0
-0.4402,NORMAL,False,2026-06-04T23:50:35.838895,0
-0.4335,NORMAL,False,2026-06-04T23:50:35.999757,0
-0.4322,NORMAL,False,2026-06-04T23:50:36.147740,0
-0.4376,NORMAL,False,2026-06-04T23:50:36.296763,0
-0.4382,NORMAL,False,2026-06-04T23:50:36.454241,0
-0.4502,NORMAL,False,2026-06-04T23:50:36.603493,0
-0.4518,NORMAL,False,2026-06-04T23:50:36.755950,0
-0.4493,NORMAL,False,2026-06-04T23:50:36.915687,0
-0.4465,NORMAL,False,2026-06-04T23:50:37.081273,0
-0.448,NORMAL,False,2026-06-04T23:50:37.290264,0
-0.4426,NORMAL,False,2026-06-04T23:50:37.449292,0
-0.4368,NORMAL,False,2026-06-04T23:50:37.650815,0
-0.4354,NORMAL,False,2026-06-04T23:50:37.803436,0
-0.4317,NORMAL,False,2026-06-04T23:50:37.955671,0
-0.4334,NORMAL,False,2026-06-04T23:50:38.103635,0
-0.4368,NORMAL,False,2026-06-04T23:50:38.252982,0
-0.4147,NORMAL,False,2026-06-04T23:50:38.403834,0
-0.4253,NORMAL,False,2026-06-04T23:50:38.551910,0
-0.4227,NORMAL,False,2026-06-04T23:50:38.701497,0
-0.424,NORMAL,False,2026-06-04T23:50:38.850115,0
-0.4312,NORMAL,False,2026-06-04T23:50:38.997546,0
-0.4341,NORMAL,False,2026-06-04T23:50:39.149680,0
-0.4432,NORMAL,False,2026-06-04T23:50:39.312270,0
-0.4458,NORMAL,False,2026-06-04T23:50:39.477712,0
-0.4472,NORMAL,False,2026-06-04T23:50:39.636988,0
-0.457,NORMAL,False,2026-06-04T23:50:39.783903,0
-0.4623,NORMAL,False,2026-06-04T23:50:39.946505,0
-0.4626,NORMAL,False,2026-06-04T23:50:40.094016,0
-0.4638,NORMAL,False,2026-06-04T23:50:40.241544,0
-0.4646,NORMAL,False,2026-06-04T23:50:40.393066,0
-0.4622,NORMAL,False,2026-06-04T23:50:40.560998,0
-0.4723,NORMAL,False,2026-06-04T23:50:40.747298,0
-0.4743,NORMAL,False,2026-06-04T23:50:40.894200,0
-0.4709,NORMAL,False,2026-06-04T23:50:41.042169,0
-0.4659,NORMAL,False,2026-06-04T23:50:41.189484,0
-0.4584,NORMAL,False,2026-06-04T23:50:41.337305,0
-0.455,NORMAL,False,2026-06-04T23:50:41.535388,0
-0.4521,NORMAL,False,2026-06-04T23:50:41.700494,0
-0.4506,NORMAL,False,2026-06-04T23:50:41.876995,0
-0.4498,NORMAL,False,2026-06-04T23:50:42.029094,0
-0.4468,NORMAL,False,2026-06-04T23:50:42.184134,1
-0.4454,NORMAL,False,2026-06-04T23:50:42.336107,0
-0.439,NORMAL,False,2026-06-04T23:50:42.554692,0
-0.4378,NORMAL,False,2026-06-04T23:50:42.719145,0
-0.4386,NORMAL,False,2026-06-04T23:50:42.866232,0
-0.4368,NORMAL,False,2026-06-04T23:50:43.016103,0
-0.4389,NORMAL,False,2026-06-04T23:50:43.164486,0
-0.4388,NORMAL,False,2026-06-04T23:50:43.312577,0
-0.4406,NORMAL,False,2026-06-04T23:50:43.461524,0
-0.4289,NORMAL,False,2026-06-04T23:50:43.614108,0
-0.4226,NORMAL,False,2026-06-04T23:50:43.811770,0
-0.4237,NORMAL,False,2026-06-04T23:50:43.994966,0
-0.4214,NORMAL,False,2026-06-04T23:50:44.160280,0
-0.4242,NORMAL,False,2026-06-04T23:50:44.332128,0
-0.4198,NORMAL,False,2026-06-04T23:50:44.483354,0
-0.4266,NORMAL,False,2026-06-04T23:50:44.679186,0
-0.4203,NORMAL,False,2026-06-04T23:50:44.834049,0
-0.4213,NORMAL,False,2026-06-04T23:50:45.014110,0
-0.4235,NORMAL,False,2026-06-04T23:50:45.165204,0
-0.4254,NORMAL,False,2026-06-04T23:50:45.312451,1
-0.4243,NORMAL,False,2026-06-04T23:50:45.460539,0
-0.4251,NORMAL,False,2026-06-04T23:50:45.607981,0
-0.4262,NORMAL,False,2026-06-04T23:50:45.757321,0
-0.4237,NORMAL,False,2026-06-04T23:50:45.905251,0
-0.4835,NORMAL,False,2026-06-04T23:50:46.053608,0
-0.4845,NORMAL,False,2026-06-04T23:50:46.261683,0
-0.4843,NORMAL,False,2026-06-04T23:50:46.452888,0
-0.4891,NORMAL,False,2026-06-04T23:50:46.634889,0
-0.4965,NORMAL,False,2026-06-04T23:50:46.796294,0
-0.4897,NORMAL,False,2026-06-04T23:50:46.951491,0
-0.4841,NORMAL,False,2026-06-04T23:50:47.104807,0
-0.4853,NORMAL,False,2026-06-04T23:50:47.291576,0
-0.4846,NORMAL,False,2026-06-04T23:50:47.439053,0
-0.49,NORMAL,False,2026-06-04T23:50:47.587494,0
-0.4875,NORMAL,False,2026-06-04T23:50:47.804207,0
-0.4903,NORMAL,False,2026-06-04T23:50:47.953258,0
-0.4813,NORMAL,False,2026-06-04T23:50:48.100469,0
-0.4809,NORMAL,False,2026-06-04T23:50:48.250379,0
-0.4737,NORMAL,False,2026-06-04T23:50:48.406327,0
-0.4751,NORMAL,False,2026-06-04T23:50:48.554389,0
-0.4967,NORMAL,False,2026-06-04T23:50:48.702660,0
-0.4984,NORMAL,False,2026-06-04T23:50:48.853224,0
-0.4972,NORMAL,False,2026-06-04T23:50:49.019355,0
-0.4999,NORMAL,False,2026-06-04T23:50:49.196459,0
-0.4978,NORMAL,False,2026-06-04T23:50:49.420339,0
-0.5072,LOW,False,2026-06-04T23:50:49.579780,0
-0.5059,LOW,False,2026-06-04T23:50:49.733218,0
-0.5272,MEDIUM,True,2026-06-04T23:50:49.887962,1
-0.5349,MEDIUM,True,2026-06-04T23:50:50.477475,0
-0.5303,MEDIUM,True,2026-06-04T23:50:50.823086,0
-0.5297,MEDIUM,True,2026-06-04T23:50:51.143876,0
-0.5341,MEDIUM,True,2026-06-04T23:50:51.540552,0
-0.5348,MEDIUM,True,2026-06-04T23:50:51.949733,0
-0.5424,MEDIUM,True,2026-06-04T23:50:53.454119,0
-0.5349,MEDIUM,True,2026-06-04T23:50:53.811970,0
-0.5384,MEDIUM,True,2026-06-04T23:50:54.153716,0
-0.5463,MEDIUM,True,2026-06-04T23:50:54.494970,0
-0.5425,MEDIUM,True,2026-06-04T23:50:54.817496,0
-0.5426,MEDIUM,True,2026-06-04T23:50:55.337779,0
-0.5406,MEDIUM,True,2026-06-04T23:50:55.676249,0
-0.5402,MEDIUM,True,2026-06-04T23:50:58.022891,0
-0.5368,MEDIUM,True,2026-06-04T23:50:58.373974,0
-0.535,MEDIUM,True,2026-06-04T23:50:58.709126,1
-0.5401,MEDIUM,True,2026-06-04T23:50:59.066738,0
-0.5436,MEDIUM,True,2026-06-04T23:50:59.404375,0
-0.5546,HIGH,True,2026-06-04T23:50:59.809270,0
-0.546,MEDIUM,True,2026-06-04T23:51:01.458981,0
-0.5402,MEDIUM,True,2026-06-04T23:51:01.788665,0
-0.5381,MEDIUM,True,2026-06-04T23:51:02.130403,0
-0.5405,MEDIUM,True,2026-06-04T23:51:02.461681,0
-0.5439,MEDIUM,True,2026-06-04T23:51:02.976599,0
-0.5498,MEDIUM,True,2026-06-04T23:51:03.369215,0
-0.5526,HIGH,True,2026-06-04T23:51:03.712728,0
-0.5512,HIGH,True,2026-06-04T23:51:05.070991,0
-0.5196,LOW,False,2026-06-04T23:51:05.399137,0
-0.5204,MEDIUM,True,2026-06-04T23:51:05.546657,0
-0.5218,MEDIUM,True,2026-06-04T23:51:05.882731,0
-0.5165,LOW,False,2026-06-04T23:51:06.213461,0
-0.5097,LOW,False,2026-06-04T23:51:06.366605,0
-0.5082,LOW,False,2026-06-04T23:51:06.529955,0
-0.5103,LOW,False,2026-06-04T23:51:06.692411,0
-0.5058,LOW,False,2026-06-04T23:51:06.839661,0
-0.4982,NORMAL,False,2026-06-04T23:51:06.991463,0
-0.4854,NORMAL,False,2026-06-04T23:51:07.158433,0
-0.4842,NORMAL,False,2026-06-04T23:51:07.318363,0
-0.4924,NORMAL,False,2026-06-04T23:51:07.493030,0
-0.4895,NORMAL,False,2026-06-04T23:51:07.647575,0
-0.4908,NORMAL,False,2026-06-04T23:51:07.804822,0
-0.5008,LOW,False,2026-06-04T23:51:08.111019,0
-0.5059,LOW,False,2026-06-04T23:51:08.262832,0
-0.5109,LOW,False,2026-06-04T23:51:08.410815,0
-0.5176,LOW,False,2026-06-04T23:51:08.608421,0
-0.5173,LOW,False,2026-06-04T23:51:08.769562,0
-0.515,LOW,False,2026-06-04T23:51:08.917356,0
-0.51,LOW,False,2026-06-04T23:51:09.069683,0
-0.4925,NORMAL,False,2026-06-04T23:51:09.230815,0
-0.4897,NORMAL,False,2026-06-04T23:51:09.390984,0
-0.4242,NORMAL,False,2026-06-04T23:51:09.545872,0
-0.4201,NORMAL,False,2026-06-04T23:51:09.775050,0
-0.423,NORMAL,False,2026-06-04T23:51:09.952432,0
-0.4266,NORMAL,False,2026-06-04T23:51:10.103629,0
-0.4262,NORMAL,False,2026-06-04T23:51:10.255051,0
-0.426,NORMAL,False,2026-06-04T23:51:10.404508,0
-0.4285,NORMAL,False,2026-06-04T23:51:10.552260,0
-0.4321,NORMAL,False,2026-06-04T23:51:10.699461,0
-0.4349,NORMAL,False,2026-06-04T23:51:10.859858,0
-0.4349,NORMAL,False,2026-06-04T23:51:11.018822,0
-0.4477,NORMAL,False,2026-06-04T23:51:11.234793,0
-0.4465,NORMAL,False,2026-06-04T23:51:11.396048,0
-0.4587,NORMAL,False,2026-06-04T23:51:11.543241,0
-0.4564,NORMAL,False,2026-06-04T23:51:11.697143,0
-0.4523,NORMAL,False,2026-06-04T23:51:11.885510,0
-0.4751,NORMAL,False,2026-06-04T23:51:12.038099,0
-0.4854,NORMAL,False,2026-06-04T23:51:12.186687,0
-0.4762,NORMAL,False,2026-06-04T23:51:12.335135,0
-0.4695,NORMAL,False,2026-06-04T23:51:12.484419,0
-0.4778,NORMAL,False,2026-06-04T23:51:12.632129,0
-0.4691,NORMAL,False,2026-06-04T23:51:12.832744,0
-0.4711,NORMAL,False,2026-06-04T23:51:12.980777,0
-0.4556,NORMAL,False,2026-06-04T23:51:13.127720,0
-0.4471,NORMAL,False,2026-06-04T23:51:13.290917,0
-0.4475,NORMAL,False,2026-06-04T23:51:13.452576,0
-0.4455,NORMAL,False,2026-06-04T23:51:13.607237,0
-0.4397,NORMAL,False,2026-06-04T23:51:13.768145,0
-0.4364,NORMAL,False,2026-06-04T23:51:13.914877,0
-0.4396,NORMAL,False,2026-06-04T23:51:14.063224,0
-0.438,NORMAL,False,2026-06-04T23:51:14.235662,0
-0.4396,NORMAL,False,2026-06-04T23:51:14.390122,0
-0.4395,NORMAL,False,2026-06-04T23:51:14.542362,0
-0.433,NORMAL,False,2026-06-04T23:51:14.691038,0
-0.4325,NORMAL,False,2026-06-04T23:51:14.841507,0
-0.4309,NORMAL,False,2026-06-04T23:51:15.092500,0
-0.4298,NORMAL,False,2026-06-04T23:51:15.254418,0
-0.4282,NORMAL,False,2026-06-04T23:51:15.405358,0
-0.4568,NORMAL,False,2026-06-04T23:51:15.560510,0
-0.4558,NORMAL,False,2026-06-04T23:51:15.726765,0
-0.4595,NORMAL,False,2026-06-04T23:51:15.879636,0
-0.456,NORMAL,False,2026-06-04T23:51:16.029917,0
-0.4568,NORMAL,False,2026-06-04T23:51:16.182143,0
-0.4572,NORMAL,False,2026-06-04T23:51:16.334144,0
-0.4607,NORMAL,False,2026-06-04T23:51:16.502628,1
-0.4582,NORMAL,False,2026-06-04T23:51:16.653382,0
-0.4553,NORMAL,False,2026-06-04T23:51:16.801574,0
-0.455,NORMAL,False,2026-06-04T23:51:16.958637,0
-0.4562,NORMAL,False,2026-06-04T23:51:17.113654,0
-0.4576,NORMAL,False,2026-06-04T23:51:17.263399,0
-0.4647,NORMAL,False,2026-06-04T23:51:17.436753,0
-0.4648,NORMAL,False,2026-06-04T23:51:17.672518,0
-0.4678,NORMAL,False,2026-06-04T23:51:17.836686,0
-0.4677,NORMAL,False,2026-06-04T23:51:18.011701,0
-0.4753,NORMAL,False,2026-06-04T23:51:18.197114,0
-0.4678,NORMAL,False,2026-06-04T23:51:18.437512,0
-0.4744,NORMAL,False,2026-06-04T23:51:18.621093,0
-0.4802,NORMAL,False,2026-06-04T23:51:18.799421,0
-0.469,NORMAL,False,2026-06-04T23:51:18.957633,0
-0.4731,NORMAL,False,2026-06-04T23:51:19.128309,0
-0.4747,NORMAL,False,2026-06-04T23:51:19.280877,0
-0.4756,NORMAL,False,2026-06-04T23:51:19.436369,0
-0.4785,NORMAL,False,2026-06-04T23:51:19.584800,0
-0.4675,NORMAL,False,2026-06-04T23:51:19.732888,0
-0.4722,NORMAL,False,2026-06-04T23:51:19.891112,0
-0.4702,NORMAL,False,2026-06-04T23:51:20.045913,0
-0.4712,NORMAL,False,2026-06-04T23:51:20.218136,0
-0.4723,NORMAL,False,2026-06-04T23:51:20.456764,0
-0.4675,NORMAL,False,2026-06-04T23:51:20.608389,0
-0.4782,NORMAL,False,2026-06-04T23:51:20.756383,0
-0.4879,NORMAL,False,2026-06-04T23:51:20.902987,0
-0.483,NORMAL,False,2026-06-04T23:51:21.077953,0
-0.4832,NORMAL,False,2026-06-04T23:51:21.243837,0
-0.4691,NORMAL,False,2026-06-04T23:51:21.463098,0
-0.4648,NORMAL,False,2026-06-04T23:51:21.661703,0
-0.4717,NORMAL,False,2026-06-04T23:51:21.864157,0
-0.4666,NORMAL,False,2026-06-04T23:51:22.012165,0
-0.4679,NORMAL,False,2026-06-04T23:51:22.165960,0
-0.4656,NORMAL,False,2026-06-04T23:51:22.313826,0
-0.4591,NORMAL,False,2026-06-04T23:51:22.550183,0
-0.4739,NORMAL,False,2026-06-04T23:51:22.710456,0
-0.4734,NORMAL,False,2026-06-04T23:51:22.862680,0
-0.4742,NORMAL,False,2026-06-04T23:51:23.016099,0
-0.4716,NORMAL,False,2026-06-04T23:51:23.186927,0
-0.4731,NORMAL,False,2026-06-04T23:51:23.346552,0
-0.4691,NORMAL,False,2026-06-04T23:51:23.508045,0
-0.4694,NORMAL,False,2026-06-04T23:51:23.774327,0
-0.471,NORMAL,False,2026-06-04T23:51:23.920569,0
-0.4311,NORMAL,False,2026-06-04T23:51:24.151973,0
-0.4301,NORMAL,False,2026-06-04T23:51:24.301660,0
-0.4314,NORMAL,False,2026-06-04T23:51:24.453390,0
-0.4324,NORMAL,False,2026-06-04T23:51:24.602058,0
-0.4359,NORMAL,False,2026-06-04T23:51:24.750180,0
-0.4313,NORMAL,False,2026-06-04T23:51:24.898188,0
-0.4216,NORMAL,False,2026-06-04T23:51:25.062116,0
-0.4245,NORMAL,False,2026-06-04T23:51:25.246121,0
-0.426,NORMAL,False,2026-06-04T23:51:25.396953,0
-0.4298,NORMAL,False,2026-06-04T23:51:25.697206,0
-0.4309,NORMAL,False,2026-06-04T23:51:25.867671,0
-0.4362,NORMAL,False,2026-06-04T23:51:26.036326,1
-0.4362,NORMAL,False,2026-06-04T23:51:26.185692,0
-0.4411,NORMAL,False,2026-06-04T23:51:26.333336,0
-0.4463,NORMAL,False,2026-06-04T23:51:26.484027,0
-0.4555,NORMAL,False,2026-06-04T23:51:26.633109,0
-0.4685,NORMAL,False,2026-06-04T23:51:26.782979,1
-0.4743,NORMAL,False,2026-06-04T23:51:26.930468,0
-0.4729,NORMAL,False,2026-06-04T23:51:27.078085,0
-0.4647,NORMAL,False,2026-06-04T23:51:27.222185,0
-0.4533,NORMAL,False,2026-06-04T23:51:27.371408,0
-0.4567,NORMAL,False,2026-06-04T23:51:27.520044,0
-0.4523,NORMAL,False,2026-06-04T23:51:27.667511,0
-0.4502,NORMAL,False,2026-06-04T23:51:27.838387,0
-0.438,NORMAL,False,2026-06-04T23:51:28.022596,0
-0.4321,NORMAL,False,2026-06-04T23:51:28.180918,0
-0.4275,NORMAL,False,2026-06-04T23:51:28.331380,0
-0.4266,NORMAL,False,2026-06-04T23:51:28.516722,0
-0.4278,NORMAL,False,2026-06-04T23:51:28.664665,0
-0.421,NORMAL,False,2026-06-04T23:51:28.879046,0
-0.4214,NORMAL,False,2026-06-04T23:51:29.028005,0
-0.417,NORMAL,False,2026-06-04T23:51:29.178724,0
-0.4244,NORMAL,False,2026-06-04T23:51:29.328047,0
-0.4279,NORMAL,False,2026-06-04T23:51:29.479433,0
-0.4269,NORMAL,False,2026-06-04T23:51:29.630472,0
-0.4271,NORMAL,False,2026-06-04T23:51:29.785731,0
-0.4268,NORMAL,False,2026-06-04T23:51:29.932780,0
-0.4254,NORMAL,False,2026-06-04T23:51:30.081927,0
-0.4267,NORMAL,False,2026-06-04T23:51:30.233764,0
-0.4224,NORMAL,False,2026-06-04T23:51:30.399712,0
-0.4234,NORMAL,False,2026-06-04T23:51:30.563362,0
-0.4227,NORMAL,False,2026-06-04T23:51:30.729364,0
-0.4162,NORMAL,False,2026-06-04T23:51:30.943907,0
-0.4122,NORMAL,False,2026-06-04T23:51:31.132288,0
-0.4121,NORMAL,False,2026-06-04T23:51:31.286331,0
-0.4117,NORMAL,False,2026-06-04T23:51:31.438178,0
-0.412,NORMAL,False,2026-06-04T23:51:31.587236,0
-0.4123,NORMAL,False,2026-06-04T23:51:31.773871,0
-0.4128,NORMAL,False,2026-06-04T23:51:31.924941,0
-0.4102,NORMAL,False,2026-06-04T23:51:32.072238,0
-0.4136,NORMAL,False,2026-06-04T23:51:32.226932,0
-0.4132,NORMAL,False,2026-06-04T23:51:32.422181,0
-0.4167,NORMAL,False,2026-06-04T23:51:32.590722,0
-0.416,NORMAL,False,2026-06-04T23:51:32.779920,0
-0.4212,NORMAL,False,2026-06-04T23:51:32.955020,0
-0.4279,NORMAL,False,2026-06-04T23:51:33.125647,0
-0.4304,NORMAL,False,2026-06-04T23:51:33.282525,0
-0.4405,NORMAL,False,2026-06-04T23:51:33.446151,0
-0.4483,NORMAL,False,2026-06-04T23:51:33.617951,0
-0.4559,NORMAL,False,2026-06-04T23:51:33.767339,0
-0.4566,NORMAL,False,2026-06-04T23:51:33.917928,0
-0.4561,NORMAL,False,2026-06-04T23:51:34.071118,0
-0.4653,NORMAL,False,2026-06-04T23:51:34.219094,0
-0.4683,NORMAL,False,2026-06-04T23:51:34.367682,0
-0.4643,NORMAL,False,2026-06-04T23:51:34.544595,0
-0.4594,NORMAL,False,2026-06-04T23:51:34.701898,0
-0.4413,NORMAL,False,2026-06-04T23:51:34.846692,0
-0.4341,NORMAL,False,2026-06-04T23:51:35.031491,0
-0.4284,NORMAL,False,2026-06-04T23:51:35.213992,0
-0.4265,NORMAL,False,2026-06-04T23:51:35.381014,0
-0.4234,NORMAL,False,2026-06-04T23:51:35.551621,0
-0.4253,NORMAL,False,2026-06-04T23:51:35.720011,0
-0.4242,NORMAL,False,2026-06-04T23:51:35.871293,0
-0.4235,NORMAL,False,2026-06-04T23:51:36.021963,0
-0.4206,NORMAL,False,2026-06-04T23:51:36.289247,0
-0.4206,NORMAL,False,2026-06-04T23:51:36.499495,0
-0.4191,NORMAL,False,2026-06-04T23:51:36.651696,0
-0.4136,NORMAL,False,2026-06-04T23:51:36.841591,0
-0.4124,NORMAL,False,2026-06-04T23:51:36.993893,0
-0.4137,NORMAL,False,2026-06-04T23:51:37.142611,0
-0.4167,NORMAL,False,2026-06-04T23:51:37.291347,0
-0.4223,NORMAL,False,2026-06-04T23:51:37.443551,0
-0.4182,NORMAL,False,2026-06-04T23:51:37.596965,0
-0.4172,NORMAL,False,2026-06-04T23:51:37.763802,0
-0.4191,NORMAL,False,2026-06-04T23:51:37.923892,0
-0.4191,NORMAL,False,2026-06-04T23:51:38.080429,0
-0.4095,NORMAL,False,2026-06-04T23:51:38.226499,0
-0.4104,NORMAL,False,2026-06-04T23:51:38.416094,0
-0.4126,NORMAL,False,2026-06-04T23:51:38.563290,0
-0.4173,NORMAL,False,2026-06-04T23:51:38.713758,0
-0.4146,NORMAL,False,2026-06-04T23:51:38.863737,0
-0.4213,NORMAL,False,2026-06-04T23:51:39.010640,0
-0.4231,NORMAL,False,2026-06-04T23:51:39.158193,0
-0.4221,NORMAL,False,2026-06-04T23:51:39.316976,0
-0.4183,NORMAL,False,2026-06-04T23:51:39.466152,0
-0.4158,NORMAL,False,2026-06-04T23:51:39.612600,0
-0.4155,NORMAL,False,2026-06-04T23:51:39.760469,0
-0.4185,NORMAL,False,2026-06-04T23:51:39.955111,1
-0.4037,NORMAL,False,2026-06-04T23:51:40.110356,0
-0.4027,NORMAL,False,2026-06-04T23:51:40.275567,0
-0.4106,NORMAL,False,2026-06-04T23:51:40.425214,0
-0.4037,NORMAL,False,2026-06-04T23:51:40.571915,0
-0.4004,NORMAL,False,2026-06-04T23:51:40.719494,0
-0.3974,NORMAL,False,2026-06-04T23:51:40.866953,0
-0.3945,NORMAL,False,2026-06-04T23:51:41.021026,0
-0.3936,NORMAL,False,2026-06-04T23:51:41.200299,0
-0.3948,NORMAL,False,2026-06-04T23:51:41.354388,0
-0.3947,NORMAL,False,2026-06-04T23:51:41.611557,0
-0.3939,NORMAL,False,2026-06-04T23:51:41.912085,0
-0.39,NORMAL,False,2026-06-04T23:51:42.068865,0
-0.3907,NORMAL,False,2026-06-04T23:51:42.218050,0
-0.3919,NORMAL,False,2026-06-04T23:51:42.366147,0
-0.3946,NORMAL,False,2026-06-04T23:51:42.535732,0
-0.3922,NORMAL,False,2026-06-04T23:51:42.701795,0
-0.3912,NORMAL,False,2026-06-04T23:51:42.855610,0
-0.3931,NORMAL,False,2026-06-04T23:51:43.007425,0
-0.3933,NORMAL,False,2026-06-04T23:51:43.169500,0
-0.3946,NORMAL,False,2026-06-04T23:51:43.316289,0
-0.3925,NORMAL,False,2026-06-04T23:51:43.463399,0
-0.3931,NORMAL,False,2026-06-04T23:51:43.620789,0
-0.3963,NORMAL,False,2026-06-04T23:51:43.765647,0
-0.399,NORMAL,False,2026-06-04T23:51:43.912825,0
-0.4019,NORMAL,False,2026-06-04T23:51:44.068382,0
-0.4015,NORMAL,False,2026-06-04T23:51:44.222797,0
-0.4057,NORMAL,False,2026-06-04T23:51:44.381455,0
-0.4071,NORMAL,False,2026-06-04T23:51:44.538482,0
-0.4038,NORMAL,False,2026-06-04T23:51:44.721970,0
-0.3999,NORMAL,False,2026-06-04T23:51:44.948130,0
-0.4015,NORMAL,False,2026-06-04T23:51:45.125209,0
-0.4025,NORMAL,False,2026-06-04T23:51:45.276520,0
-0.4036,NORMAL,False,2026-06-04T23:51:45.431826,0
-0.4018,NORMAL,False,2026-06-04T23:51:45.579600,0
-0.4122,NORMAL,False,2026-06-04T23:51:45.820138,0
-0.4106,NORMAL,False,2026-06-04T23:51:46.169705,0
-0.4089,NORMAL,False,2026-06-04T23:51:46.327429,0
-0.4093,NORMAL,False,2026-06-04T23:51:46.523330,0
-0.4057,NORMAL,False,2026-06-04T23:51:46.678717,0
-0.4712,NORMAL,False,2026-06-04T23:51:46.833624,1
-0.4737,NORMAL,False,2026-06-04T23:51:46.984335,0
-0.484,NORMAL,False,2026-06-04T23:51:47.213967,0
-0.493,NORMAL,False,2026-06-04T23:51:47.377983,0
-0.4966,NORMAL,False,2026-06-04T23:51:47.558480,0
-0.5094,LOW,False,2026-06-04T23:51:47.727191,0
-0.5136,LOW,False,2026-06-04T23:51:47.962673,0
-0.5187,LOW,False,2026-06-04T23:51:48.247651,0
-0.5023,LOW,False,2026-06-04T23:51:48.411406,0
-0.4891,NORMAL,False,2026-06-04T23:51:48.578314,0
-0.4828,NORMAL,False,2026-06-04T23:51:48.803939,0
-0.4827,NORMAL,False,2026-06-04T23:51:48.976926,0
-0.4808,NORMAL,False,2026-06-04T23:51:49.143980,0
-0.4818,NORMAL,False,2026-06-04T23:51:49.334759,0
-0.4813,NORMAL,False,2026-06-04T23:51:49.516777,0
-0.4879,NORMAL,False,2026-06-04T23:51:49.683848,0
-0.4881,NORMAL,False,2026-06-04T23:51:49.855088,0
-0.4837,NORMAL,False,2026-06-04T23:51:50.025128,0
-0.4811,NORMAL,False,2026-06-04T23:51:50.272518,0
-0.48,NORMAL,False,2026-06-04T23:51:50.427835,0
-0.4766,NORMAL,False,2026-06-04T23:51:50.581734,0
-0.4753,NORMAL,False,2026-06-04T23:51:50.729768,0
-0.4798,NORMAL,False,2026-06-04T23:51:50.877924,0
-0.4758,NORMAL,False,2026-06-04T23:51:51.025742,0
-0.4752,NORMAL,False,2026-06-04T23:51:51.175666,0
-0.4774,NORMAL,False,2026-06-04T23:51:51.325661,0
-0.475,NORMAL,False,2026-06-04T23:51:51.479572,0
-0.4774,NORMAL,False,2026-06-04T23:51:51.626343,0
-0.4781,NORMAL,False,2026-06-04T23:51:51.851426,0
-0.4773,NORMAL,False,2026-06-04T23:51:52.000500,0
-0.4754,NORMAL,False,2026-06-04T23:51:52.191522,0
-0.4746,NORMAL,False,2026-06-04T23:51:52.411739,0
-0.4827,NORMAL,False,2026-06-04T23:51:52.636601,0
-0.4882,NORMAL,False,2026-06-04T23:51:52.791205,0
-0.4904,NORMAL,False,2026-06-04T23:51:52.946596,0
-0.4864,NORMAL,False,2026-06-04T23:51:53.098606,0
-0.4757,NORMAL,False,2026-06-04T23:51:53.250284,0
-0.4793,NORMAL,False,2026-06-04T23:51:53.425110,0
-0.4792,NORMAL,False,2026-06-04T23:51:53.769973,0
-0.4784,NORMAL,False,2026-06-04T23:51:53.963877,0
-0.4803,NORMAL,False,2026-06-04T23:51:54.120758,0
-0.4829,NORMAL,False,2026-06-04T23:51:54.271018,0
-0.4846,NORMAL,False,2026-06-04T23:51:54.422542,0
-0.4911,NORMAL,False,2026-06-04T23:51:54.576121,0
-0.4924,NORMAL,False,2026-06-04T23:51:54.727488,0
-0.4911,NORMAL,False,2026-06-04T23:51:54.893231,0
-0.4855,NORMAL,False,2026-06-04T23:51:55.045746,0
-0.4877,NORMAL,False,2026-06-04T23:51:55.225850,0
-0.4869,NORMAL,False,2026-06-04T23:51:55.410220,0
-0.4795,NORMAL,False,2026-06-04T23:51:55.574233,0
-0.4367,NORMAL,False,2026-06-04T23:51:55.775422,0
-0.4326,NORMAL,False,2026-06-04T23:51:55.938032,0
-0.428,NORMAL,False,2026-06-04T23:51:56.092807,0
-0.4277,NORMAL,False,2026-06-04T23:51:56.247904,0
-0.4264,NORMAL,False,2026-06-04T23:51:56.398580,0
-0.4258,NORMAL,False,2026-06-04T23:51:56.598200,0
-0.4241,NORMAL,False,2026-06-04T23:51:56.746912,0
-0.4261,NORMAL,False,2026-06-04T23:51:56.894973,0
-0.4255,NORMAL,False,2026-06-04T23:51:57.042945,0
-0.4237,NORMAL,False,2026-06-04T23:51:57.331297,0
-0.4235,NORMAL,False,2026-06-04T23:51:57.575895,0
-0.4247,NORMAL,False,2026-06-04T23:51:57.812407,0
-0.423,NORMAL,False,2026-06-04T23:51:57.976586,0
-0.4201,NORMAL,False,2026-06-04T23:51:58.130522,0
-0.4218,NORMAL,False,2026-06-04T23:51:58.280269,0
-0.4173,NORMAL,False,2026-06-04T23:51:58.431019,0
-0.4165,NORMAL,False,2026-06-04T23:51:58.584737,0
-0.42,NORMAL,False,2026-06-04T23:51:58.737716,0
-0.4228,NORMAL,False,2026-06-04T23:51:58.890413,0
-0.4226,NORMAL,False,2026-06-04T23:51:59.046173,0
-0.4258,NORMAL,False,2026-06-04T23:51:59.344860,0
-0.4262,NORMAL,False,2026-06-04T23:51:59.537386,0
-0.4294,NORMAL,False,2026-06-04T23:51:59.729261,0
-0.4221,NORMAL,False,2026-06-04T23:51:59.910029,0
-0.4209,NORMAL,False,2026-06-04T23:52:00.089058,0
-0.412,NORMAL,False,2026-06-04T23:52:00.500634,0
-0.4073,NORMAL,False,2026-06-04T23:52:00.665739,0
-0.4019,NORMAL,False,2026-06-04T23:52:00.817254,0
-0.4035,NORMAL,False,2026-06-04T23:52:00.964984,0
-0.4023,NORMAL,False,2026-06-04T23:52:01.128354,0
-0.4128,NORMAL,False,2026-06-04T23:52:01.276210,0
-0.4145,NORMAL,False,2026-06-04T23:52:01.423129,0
-0.4163,NORMAL,False,2026-06-04T23:52:01.574408,0
-0.4209,NORMAL,False,2026-06-04T23:52:01.730232,0
-0.4373,NORMAL,False,2026-06-04T23:52:01.876387,0
-0.4504,NORMAL,False,2026-06-04T23:52:02.035666,0
-0.4346,NORMAL,False,2026-06-04T23:52:02.241702,0
-0.4375,NORMAL,False,2026-06-04T23:52:02.421833,0
-0.4571,NORMAL,False,2026-06-04T23:52:02.642112,0
-0.4548,NORMAL,False,2026-06-04T23:52:02.824838,0
-0.4512,NORMAL,False,2026-06-04T23:52:03.246444,0
-0.4465,NORMAL,False,2026-06-04T23:52:03.414110,0
-0.4499,NORMAL,False,2026-06-04T23:52:03.566981,0
-0.4446,NORMAL,False,2026-06-04T23:52:03.721641,0
-0.439,NORMAL,False,2026-06-04T23:52:03.917176,0
-0.4464,NORMAL,False,2026-06-04T23:52:04.081404,0
-0.4402,NORMAL,False,2026-06-04T23:52:04.237726,0
-0.439,NORMAL,False,2026-06-04T23:52:04.407530,0
-0.4449,NORMAL,False,2026-06-04T23:52:04.579399,0
-0.4404,NORMAL,False,2026-06-04T23:52:04.751036,0
-0.4392,NORMAL,False,2026-06-04T23:52:04.902387,0
-0.437,NORMAL,False,2026-06-04T23:52:05.058483,0
-0.4374,NORMAL,False,2026-06-04T23:52:05.231529,0
-0.4345,NORMAL,False,2026-06-04T23:52:05.381655,0
-0.4403,NORMAL,False,2026-06-04T23:52:05.540950,0
-0.4417,NORMAL,False,2026-06-04T23:52:05.707370,0
-0.4421,NORMAL,False,2026-06-04T23:52:05.878473,0
-0.4371,NORMAL,False,2026-06-04T23:52:06.035248,0
-0.4339,NORMAL,False,2026-06-04T23:52:06.289005,0
-0.4341,NORMAL,False,2026-06-04T23:52:06.463603,0
-0.4309,NORMAL,False,2026-06-04T23:52:06.758816,0
-0.4323,NORMAL,False,2026-06-04T23:52:06.958947,0
-0.4343,NORMAL,False,2026-06-04T23:52:07.171450,0
-0.4316,NORMAL,False,2026-06-04T23:52:07.378616,0
-0.4352,NORMAL,False,2026-06-04T23:52:07.601292,0
-0.4349,NORMAL,False,2026-06-04T23:52:07.764896,0
-0.4364,NORMAL,False,2026-06-04T23:52:07.940158,0
-0.4344,NORMAL,False,2026-06-04T23:52:08.114801,0
-0.4331,NORMAL,False,2026-06-04T23:52:08.282719,0
-0.4346,NORMAL,False,2026-06-04T23:52:08.454254,0
-0.4347,NORMAL,False,2026-06-04T23:52:08.627102,0
-0.4316,NORMAL,False,2026-06-04T23:52:08.796692,0
-0.4327,NORMAL,False,2026-06-04T23:52:08.958653,0
-0.4342,NORMAL,False,2026-06-04T23:52:09.120627,0
-0.4351,NORMAL,False,2026-06-04T23:52:09.294876,0
-0.4488,NORMAL,False,2026-06-04T23:52:09.559365,1
-0.4352,NORMAL,False,2026-06-04T23:52:09.731100,0
-0.4363,NORMAL,False,2026-06-04T23:52:09.912496,0
-0.4381,NORMAL,False,2026-06-04T23:52:10.060388,0
-0.432,NORMAL,False,2026-06-04T23:52:10.218659,0
-0.4201,NORMAL,False,2026-06-04T23:52:10.447810,0
-0.4144,NORMAL,False,2026-06-04T23:52:10.613490,0
-0.4144,NORMAL,False,2026-06-04T23:52:10.805766,0
-0.4432,NORMAL,False,2026-06-04T23:52:10.972661,1
-0.456,NORMAL,False,2026-06-04T23:52:11.128718,0
-0.4524,NORMAL,False,2026-06-04T23:52:11.340188,0
-0.4317,NORMAL,False,2026-06-04T23:52:11.494334,0
-0.435,NORMAL,False,2026-06-04T23:52:11.685446,0
-0.4432,NORMAL,False,2026-06-04T23:52:11.872912,0
-0.4436,NORMAL,False,2026-06-04T23:52:12.045012,0
-0.4372,NORMAL,False,2026-06-04T23:52:12.203826,0
-0.4341,NORMAL,False,2026-06-04T23:52:12.351541,0
-0.4371,NORMAL,False,2026-06-04T23:52:12.507859,0
-0.429,NORMAL,False,2026-06-04T23:52:12.661102,0
-0.4284,NORMAL,False,2026-06-04T23:52:12.817653,0
-0.4257,NORMAL,False,2026-06-04T23:52:13.007335,0
-0.4206,NORMAL,False,2026-06-04T23:52:13.168123,0
-0.4237,NORMAL,False,2026-06-04T23:52:13.320661,0
-0.4189,NORMAL,False,2026-06-04T23:52:13.482862,0
-0.419,NORMAL,False,2026-06-04T23:52:13.637852,0
-0.4173,NORMAL,False,2026-06-04T23:52:13.843933,0
-0.4163,NORMAL,False,2026-06-04T23:52:13.998771,0
-0.4189,NORMAL,False,2026-06-04T23:52:14.173033,0
-0.4181,NORMAL,False,2026-06-04T23:52:14.349042,0
-0.4173,NORMAL,False,2026-06-04T23:52:14.500259,0
-0.4185,NORMAL,False,2026-06-04T23:52:14.657497,0
-0.4225,NORMAL,False,2026-06-04T23:52:14.809086,0
-0.4254,NORMAL,False,2026-06-04T23:52:14.961519,0
-0.4257,NORMAL,False,2026-06-04T23:52:15.138858,0
-0.4241,NORMAL,False,2026-06-04T23:52:15.301294,0
-0.4247,NORMAL,False,2026-06-04T23:52:15.456281,0
-0.426,NORMAL,False,2026-06-04T23:52:15.612678,0
-0.4281,NORMAL,False,2026-06-04T23:52:15.803783,0
-0.4351,NORMAL,False,2026-06-04T23:52:15.967903,0
-0.4292,NORMAL,False,2026-06-04T23:52:16.269426,0
-0.4427,NORMAL,False,2026-06-04T23:52:16.590233,0
-0.448,NORMAL,False,2026-06-04T23:52:16.790013,0
-0.4492,NORMAL,False,2026-06-04T23:52:16.979188,0
-0.4561,NORMAL,False,2026-06-04T23:52:17.146243,0
-0.4554,NORMAL,False,2026-06-04T23:52:17.316879,0
-0.4553,NORMAL,False,2026-06-04T23:52:17.560610,0
-0.4647,NORMAL,False,2026-06-04T23:52:17.720564,0
-0.468,NORMAL,False,2026-06-04T23:52:17.880696,0
-0.4801,NORMAL,False,2026-06-04T23:52:18.062425,0
-0.4809,NORMAL,False,2026-06-04T23:52:18.224885,0
-0.482,NORMAL,False,2026-06-04T23:52:18.418524,0
-0.4819,NORMAL,False,2026-06-04T23:52:18.609190,0
-0.4778,NORMAL,False,2026-06-04T23:52:18.788973,0
-0.5217,MEDIUM,True,2026-06-04T23:52:18.961664,0
-0.5169,LOW,False,2026-06-04T23:52:19.749044,0
-0.5032,LOW,False,2026-06-04T23:52:19.924501,0
-0.5035,LOW,False,2026-06-04T23:52:20.100423,0
-0.5025,LOW,False,2026-06-04T23:52:20.254450,0
-0.4826,NORMAL,False,2026-06-04T23:52:20.427231,0
-0.4868,NORMAL,False,2026-06-04T23:52:20.588755,0
-0.488,NORMAL,False,2026-06-04T23:52:20.740117,0
-0.4854,NORMAL,False,2026-06-04T23:52:20.952495,0
-0.4797,NORMAL,False,2026-06-04T23:52:21.174986,0
-0.4947,NORMAL,False,2026-06-04T23:52:21.349197,0
-0.4937,NORMAL,False,2026-06-04T23:52:21.560861,0
-0.4848,NORMAL,False,2026-06-04T23:52:21.813443,0
-0.4926,NORMAL,False,2026-06-04T23:52:22.025051,1
-0.491,NORMAL,False,2026-06-04T23:52:22.214747,0
-0.4981,NORMAL,False,2026-06-04T23:52:22.491056,0
-0.4957,NORMAL,False,2026-06-04T23:52:22.799026,0
-0.4884,NORMAL,False,2026-06-04T23:52:22.982194,0
-0.4898,NORMAL,False,2026-06-04T23:52:23.142742,0
-0.4978,NORMAL,False,2026-06-04T23:52:23.305225,0
-0.4882,NORMAL,False,2026-06-04T23:52:23.461342,0
-0.4826,NORMAL,False,2026-06-04T23:52:23.613568,0
-0.4825,NORMAL,False,2026-06-04T23:52:23.793857,0
-0.4832,NORMAL,False,2026-06-04T23:52:23.955729,0
-0.4904,NORMAL,False,2026-06-04T23:52:24.139446,0
-0.4884,NORMAL,False,2026-06-04T23:52:24.341379,0
-0.4905,NORMAL,False,2026-06-04T23:52:24.533750,0
-0.4823,NORMAL,False,2026-06-04T23:52:24.718730,0
-0.4605,NORMAL,False,2026-06-04T23:52:24.884640,0
-0.4599,NORMAL,False,2026-06-04T23:52:25.045973,0
-0.4607,NORMAL,False,2026-06-04T23:52:25.208654,0
-0.4587,NORMAL,False,2026-06-04T23:52:25.379111,0
-0.4549,NORMAL,False,2026-06-04T23:52:25.577534,0
-0.4531,NORMAL,False,2026-06-04T23:52:25.738546,0
-0.4829,NORMAL,False,2026-06-04T23:52:25.904246,1
-0.4894,NORMAL,False,2026-06-04T23:52:26.074328,0
-0.4799,NORMAL,False,2026-06-04T23:52:26.259265,0
-0.4808,NORMAL,False,2026-06-04T23:52:26.452024,0
-0.4864,NORMAL,False,2026-06-04T23:52:26.641891,0
-0.4785,NORMAL,False,2026-06-04T23:52:26.864120,0
-0.481,NORMAL,False,2026-06-04T23:52:27.084469,0
-0.4779,NORMAL,False,2026-06-04T23:52:27.307728,0
-0.4777,NORMAL,False,2026-06-04T23:52:27.484826,0
-0.48,NORMAL,False,2026-06-04T23:52:27.657576,0
-0.4746,NORMAL,False,2026-06-04T23:52:27.813708,0
-0.4797,NORMAL,False,2026-06-04T23:52:27.980333,0
-0.4824,NORMAL,False,2026-06-04T23:52:28.159749,0
-0.4886,NORMAL,False,2026-06-04T23:52:28.312535,0
-0.4905,NORMAL,False,2026-06-04T23:52:28.475658,0
-0.4894,NORMAL,False,2026-06-04T23:52:28.633737,0
-0.4775,NORMAL,False,2026-06-04T23:52:28.878233,0
-0.478,NORMAL,False,2026-06-04T23:52:29.056473,0
-0.4821,NORMAL,False,2026-06-04T23:52:29.376158,0
-0.4767,NORMAL,False,2026-06-04T23:52:29.568784,0
-0.4775,NORMAL,False,2026-06-04T23:52:29.733861,0
-0.4823,NORMAL,False,2026-06-04T23:52:29.894784,0
-0.4829,NORMAL,False,2026-06-04T23:52:30.056733,0
-0.4848,NORMAL,False,2026-06-04T23:52:30.218238,0
-0.4852,NORMAL,False,2026-06-04T23:52:30.374652,0
-0.4822,NORMAL,False,2026-06-04T23:52:30.534260,0
-0.4732,NORMAL,False,2026-06-04T23:52:30.684869,0
-0.4759,NORMAL,False,2026-06-04T23:52:30.855151,0
-0.4821,NORMAL,False,2026-06-04T23:52:31.019350,0
-0.4819,NORMAL,False,2026-06-04T23:52:31.208017,0
-0.4807,NORMAL,False,2026-06-04T23:52:31.404109,0
-0.4786,NORMAL,False,2026-06-04T23:52:31.581333,0
-0.4659,NORMAL,False,2026-06-04T23:52:31.742312,0
-0.4703,NORMAL,False,2026-06-04T23:52:31.901477,0
-0.4751,NORMAL,False,2026-06-04T23:52:32.066730,0
-0.4767,NORMAL,False,2026-06-04T23:52:32.234931,0
-0.4773,NORMAL,False,2026-06-04T23:52:32.410658,0
-0.4827,NORMAL,False,2026-06-04T23:52:32.568609,0
-0.4782,NORMAL,False,2026-06-04T23:52:32.949267,0
-0.4783,NORMAL,False,2026-06-04T23:52:33.110364,0
-0.4813,NORMAL,False,2026-06-04T23:52:33.288092,0
-0.4837,NORMAL,False,2026-06-04T23:52:33.440941,0
-0.4849,NORMAL,False,2026-06-04T23:52:33.597776,0
-0.4908,NORMAL,False,2026-06-04T23:52:33.767862,0
-0.4889,NORMAL,False,2026-06-04T23:52:33.974398,0
-0.4854,NORMAL,False,2026-06-04T23:52:34.158634,0
-0.4827,NORMAL,False,2026-06-04T23:52:34.339750,0
-0.4866,NORMAL,False,2026-06-04T23:52:34.498409,0
-0.4881,NORMAL,False,2026-06-04T23:52:34.650036,0
-0.4893,NORMAL,False,2026-06-04T23:52:34.820122,0
-0.4157,NORMAL,False,2026-06-04T23:52:34.991797,0
-0.4326,NORMAL,False,2026-06-04T23:52:35.143605,0
-0.4271,NORMAL,False,2026-06-04T23:52:35.308809,0
-0.4314,NORMAL,False,2026-06-04T23:52:35.468424,0
-0.4403,NORMAL,False,2026-06-04T23:52:35.645432,0
-0.4366,NORMAL,False,2026-06-04T23:52:35.811870,0
-0.4378,NORMAL,False,2026-06-04T23:52:35.996685,0
-0.4375,NORMAL,False,2026-06-04T23:52:36.168909,0
-0.4362,NORMAL,False,2026-06-04T23:52:36.406336,0
-0.4185,NORMAL,False,2026-06-04T23:52:36.569214,0
-0.4203,NORMAL,False,2026-06-04T23:52:36.722231,0
-0.4205,NORMAL,False,2026-06-04T23:52:36.888135,0
-0.4189,NORMAL,False,2026-06-04T23:52:37.038117,0
-0.4194,NORMAL,False,2026-06-04T23:52:37.189486,0
-0.4191,NORMAL,False,2026-06-04T23:52:37.383653,0
-0.4186,NORMAL,False,2026-06-04T23:52:37.559142,0
-0.4179,NORMAL,False,2026-06-04T23:52:37.726991,0
-0.4196,NORMAL,False,2026-06-04T23:52:37.902300,0
-0.4235,NORMAL,False,2026-06-04T23:52:38.068318,0
-0.4259,NORMAL,False,2026-06-04T23:52:38.242623,0
-0.4281,NORMAL,False,2026-06-04T23:52:38.461108,0
-0.4229,NORMAL,False,2026-06-04T23:52:38.640562,0
-0.43,NORMAL,False,2026-06-04T23:52:38.889789,1
-0.4292,NORMAL,False,2026-06-04T23:52:39.060686,0
-0.4316,NORMAL,False,2026-06-04T23:52:39.217269,0
-0.4799,NORMAL,False,2026-06-04T23:52:39.373200,0
-0.479,NORMAL,False,2026-06-04T23:52:39.538106,1
-0.4767,NORMAL,False,2026-06-04T23:52:39.696009,0
-0.479,NORMAL,False,2026-06-04T23:52:39.902097,0
-0.478,NORMAL,False,2026-06-04T23:52:40.112360,0
-0.4754,NORMAL,False,2026-06-04T23:52:40.275534,0
-0.4708,NORMAL,False,2026-06-04T23:52:40.507591,0
-0.4764,NORMAL,False,2026-06-04T23:52:40.683227,0
-0.4768,NORMAL,False,2026-06-04T23:52:40.849243,0
-0.4764,NORMAL,False,2026-06-04T23:52:41.007470,0
-0.4822,NORMAL,False,2026-06-04T23:52:41.166234,0
-0.4779,NORMAL,False,2026-06-04T23:52:41.324219,0
-0.4852,NORMAL,False,2026-06-04T23:52:41.477847,0
-0.4862,NORMAL,False,2026-06-04T23:52:41.658727,0
-0.4814,NORMAL,False,2026-06-04T23:52:41.817929,0
-0.4693,NORMAL,False,2026-06-04T23:52:41.976605,0
-0.471,NORMAL,False,2026-06-04T23:52:42.139302,0
-0.4678,NORMAL,False,2026-06-04T23:52:42.353550,0
-0.4545,NORMAL,False,2026-06-04T23:52:42.524852,0
-0.4584,NORMAL,False,2026-06-04T23:52:42.690640,0
-0.4551,NORMAL,False,2026-06-04T23:52:42.850505,0
-0.4595,NORMAL,False,2026-06-04T23:52:43.016215,0
-0.4578,NORMAL,False,2026-06-04T23:52:43.168007,0
-0.4598,NORMAL,False,2026-06-04T23:52:43.411792,0
-0.4569,NORMAL,False,2026-06-04T23:52:43.664785,0
-0.4554,NORMAL,False,2026-06-04T23:52:43.934344,0
-0.456,NORMAL,False,2026-06-04T23:52:44.218740,0
-0.4643,NORMAL,False,2026-06-04T23:52:44.530763,0
-0.4712,NORMAL,False,2026-06-04T23:52:44.694234,0
-0.4678,NORMAL,False,2026-06-04T23:52:44.851983,0
-0.4664,NORMAL,False,2026-06-04T23:52:45.021760,0
-0.4617,NORMAL,False,2026-06-04T23:52:45.283691,0
-0.4621,NORMAL,False,2026-06-04T23:52:45.438204,0
-0.4607,NORMAL,False,2026-06-04T23:52:45.622759,0
-0.4594,NORMAL,False,2026-06-04T23:52:45.792752,0
-0.4593,NORMAL,False,2026-06-04T23:52:45.952120,0
-0.4495,NORMAL,False,2026-06-04T23:52:46.126676,0
-0.4492,NORMAL,False,2026-06-04T23:52:46.280421,0
-0.4504,NORMAL,False,2026-06-04T23:52:46.482914,0
-0.4427,NORMAL,False,2026-06-04T23:52:46.663469,0
-0.4472,NORMAL,False,2026-06-04T23:52:46.891865,0
-0.4538,NORMAL,False,2026-06-04T23:52:47.065256,0
-0.4546,NORMAL,False,2026-06-04T23:52:47.222663,0
-0.4543,NORMAL,False,2026-06-04T23:52:47.441874,0
-0.4592,NORMAL,False,2026-06-04T23:52:47.600059,0
-0.4615,NORMAL,False,2026-06-04T23:52:47.759759,0
-0.4643,NORMAL,False,2026-06-04T23:52:47.940105,0
-0.462,NORMAL,False,2026-06-04T23:52:48.135493,0
-0.4703,NORMAL,False,2026-06-04T23:52:48.340420,0
-0.4691,NORMAL,False,2026-06-04T23:52:48.532363,0
-0.4457,NORMAL,False,2026-06-04T23:52:48.690866,0
-0.4467,NORMAL,False,2026-06-04T23:52:48.863115,0
-0.4487,NORMAL,False,2026-06-04T23:52:49.055760,0
-0.452,NORMAL,False,2026-06-04T23:52:49.249047,0
-0.449,NORMAL,False,2026-06-04T23:52:49.417823,0
-0.4491,NORMAL,False,2026-06-04T23:52:49.631731,0
-0.4545,NORMAL,False,2026-06-04T23:52:49.794205,0
-0.4458,NORMAL,False,2026-06-04T23:52:49.959742,0
-0.4465,NORMAL,False,2026-06-04T23:52:50.118654,0
-0.4444,NORMAL,False,2026-06-04T23:52:50.302628,0
-0.447,NORMAL,False,2026-06-04T23:52:50.488488,0
-0.4453,NORMAL,False,2026-06-04T23:52:50.675928,0
-0.4509,NORMAL,False,2026-06-04T23:52:50.855580,0
-0.4543,NORMAL,False,2026-06-04T23:52:51.113322,0
-0.4588,NORMAL,False,2026-06-04T23:52:51.341721,0
-0.4575,NORMAL,False,2026-06-04T23:52:51.518085,0
-0.4565,NORMAL,False,2026-06-04T23:52:51.684772,0
-0.4673,NORMAL,False,2026-06-04T23:52:51.845018,0
-0.4667,NORMAL,False,2026-06-04T23:52:52.019891,0
-0.4638,NORMAL,False,2026-06-04T23:52:52.208330,0
-0.4576,NORMAL,False,2026-06-04T23:52:52.379842,0
-0.4588,NORMAL,False,2026-06-04T23:52:52.531791,0
-0.4553,NORMAL,False,2026-06-04T23:52:52.696701,0
-0.4608,NORMAL,False,2026-06-04T23:52:52.862322,0
-0.4644,NORMAL,False,2026-06-04T23:52:53.018791,0
-0.4667,NORMAL,False,2026-06-04T23:52:53.192389,0
-0.4682,NORMAL,False,2026-06-04T23:52:53.358759,0
-0.4781,NORMAL,False,2026-06-04T23:52:53.686735,0
-0.4766,NORMAL,False,2026-06-04T23:52:53.868690,0
-0.4739,NORMAL,False,2026-06-04T23:52:54.052774,0
-0.479,NORMAL,False,2026-06-04T23:52:54.279341,0
-0.4771,NORMAL,False,2026-06-04T23:52:54.462297,1
-0.4605,NORMAL,False,2026-06-04T23:52:54.640988,0
-0.4563,NORMAL,False,2026-06-04T23:52:54.883114,0
-0.4334,NORMAL,False,2026-06-04T23:52:55.056058,0
-0.4328,NORMAL,False,2026-06-04T23:52:55.364054,0
-0.4448,NORMAL,False,2026-06-04T23:52:55.643581,0
-0.4284,NORMAL,False,2026-06-04T23:52:55.858383,0
-0.4326,NORMAL,False,2026-06-04T23:52:56.092364,0
-0.4343,NORMAL,False,2026-06-04T23:52:56.310027,0
-0.4297,NORMAL,False,2026-06-04T23:52:56.486009,0
-0.4352,NORMAL,False,2026-06-04T23:52:56.670894,0
-0.428,NORMAL,False,2026-06-04T23:52:56.869520,0
-0.4418,NORMAL,False,2026-06-04T23:52:57.061167,0
-0.4263,NORMAL,False,2026-06-04T23:52:57.211879,0
-0.4267,NORMAL,False,2026-06-04T23:52:57.365596,0
-0.4233,NORMAL,False,2026-06-04T23:52:57.581464,0
-0.4291,NORMAL,False,2026-06-04T23:52:57.803029,0
-0.4268,NORMAL,False,2026-06-04T23:52:58.036784,0
-0.4187,NORMAL,False,2026-06-04T23:52:58.314871,0
-0.4128,NORMAL,False,2026-06-04T23:52:58.534465,0
-0.4099,NORMAL,False,2026-06-04T23:52:58.769548,0
-0.4059,NORMAL,False,2026-06-04T23:52:59.064452,0
-0.3972,NORMAL,False,2026-06-04T23:52:59.300314,0
-0.3954,NORMAL,False,2026-06-04T23:52:59.476714,0
-0.395,NORMAL,False,2026-06-04T23:52:59.743560,0
-0.3957,NORMAL,False,2026-06-04T23:52:59.915441,0
-0.4102,NORMAL,False,2026-06-04T23:53:00.157456,0
-0.4127,NORMAL,False,2026-06-04T23:53:00.368360,0
-0.4094,NORMAL,False,2026-06-04T23:53:00.578948,0
-0.4135,NORMAL,False,2026-06-04T23:53:00.757339,0
-0.4089,NORMAL,False,2026-06-04T23:53:00.937404,0
-0.4125,NORMAL,False,2026-06-04T23:53:01.107962,0
-0.4118,NORMAL,False,2026-06-04T23:53:01.255580,0
-0.4064,NORMAL,False,2026-06-04T23:53:01.420924,0
-0.4198,NORMAL,False,2026-06-04T23:53:01.610920,0
-0.427,NORMAL,False,2026-06-04T23:53:01.793638,0
-0.4534,NORMAL,False,2026-06-04T23:53:02.069320,0
-0.4599,NORMAL,False,2026-06-04T23:53:02.386422,0
-0.4624,NORMAL,False,2026-06-04T23:53:02.611967,0
-0.4682,NORMAL,False,2026-06-04T23:53:02.791923,0
-0.4737,NORMAL,False,2026-06-04T23:53:03.014257,0
-0.4524,NORMAL,False,2026-06-04T23:53:03.234008,0
-0.4505,NORMAL,False,2026-06-04T23:53:03.472901,0
-0.4481,NORMAL,False,2026-06-04T23:53:03.621621,0
-0.4533,NORMAL,False,2026-06-04T23:53:03.778308,0
-0.4462,NORMAL,False,2026-06-04T23:53:03.934431,0
-0.4531,NORMAL,False,2026-06-04T23:53:04.090694,0
-0.4515,NORMAL,False,2026-06-04T23:53:04.249051,0
-0.4545,NORMAL,False,2026-06-04T23:53:04.406954,0
-0.4489,NORMAL,False,2026-06-04T23:53:04.557175,0
-0.4572,NORMAL,False,2026-06-04T23:53:04.712153,0
-0.4588,NORMAL,False,2026-06-04T23:53:04.861972,0
-0.458,NORMAL,False,2026-06-04T23:53:05.024537,0
-0.452,NORMAL,False,2026-06-04T23:53:05.206226,0
-0.4512,NORMAL,False,2026-06-04T23:53:05.371678,0
-0.4479,NORMAL,False,2026-06-04T23:53:05.525219,0
-0.4507,NORMAL,False,2026-06-04T23:53:05.680619,0
-0.4484,NORMAL,False,2026-06-04T23:53:05.830175,0
-0.4434,NORMAL,False,2026-06-04T23:53:06.071464,0
-0.4448,NORMAL,False,2026-06-04T23:53:06.218205,0
-0.4417,NORMAL,False,2026-06-04T23:53:06.373710,0
-0.4408,NORMAL,False,2026-06-04T23:53:06.522818,0
-0.4395,NORMAL,False,2026-06-04T23:53:06.715160,0
-0.4376,NORMAL,False,2026-06-04T23:53:06.863246,0
-0.4329,NORMAL,False,2026-06-04T23:53:07.012173,0
-0.439,NORMAL,False,2026-06-04T23:53:07.159748,0
-0.4396,NORMAL,False,2026-06-04T23:53:07.320667,0
-0.4435,NORMAL,False,2026-06-04T23:53:07.489462,0
-0.4527,NORMAL,False,2026-06-04T23:53:07.724154,0
-0.4507,NORMAL,False,2026-06-04T23:53:07.888468,0
-0.4445,NORMAL,False,2026-06-04T23:53:08.144261,0
-0.4443,NORMAL,False,2026-06-04T23:53:08.290681,0
-0.4337,NORMAL,False,2026-06-04T23:53:08.440188,0
-0.43,NORMAL,False,2026-06-04T23:53:08.586716,0
-0.4263,NORMAL,False,2026-06-04T23:53:08.735684,0
-0.4283,NORMAL,False,2026-06-04T23:53:08.883321,0
-0.4162,NORMAL,False,2026-06-04T23:53:09.031082,0
-0.4093,NORMAL,False,2026-06-04T23:53:09.230306,0
-0.4079,NORMAL,False,2026-06-04T23:53:09.377382,0
-0.4157,NORMAL,False,2026-06-04T23:53:09.527587,0
-0.4166,NORMAL,False,2026-06-04T23:53:09.691397,0
-0.419,NORMAL,False,2026-06-04T23:53:09.890255,0
-0.4185,NORMAL,False,2026-06-04T23:53:10.121039,0
-0.4147,NORMAL,False,2026-06-04T23:53:10.291587,0
-0.4297,NORMAL,False,2026-06-04T23:53:10.454769,0
-0.4411,NORMAL,False,2026-06-04T23:53:10.601552,0
-0.4476,NORMAL,False,2026-06-04T23:53:10.835598,0
-0.4464,NORMAL,False,2026-06-04T23:53:10.996906,0
-0.4431,NORMAL,False,2026-06-04T23:53:11.144975,0
-0.4332,NORMAL,False,2026-06-04T23:53:11.293041,0
-0.4314,NORMAL,False,2026-06-04T23:53:11.544448,0
-0.426,NORMAL,False,2026-06-04T23:53:11.761435,0
-0.4277,NORMAL,False,2026-06-04T23:53:11.908507,0
-0.4473,NORMAL,False,2026-06-04T23:53:12.057749,0
-0.4437,NORMAL,False,2026-06-04T23:53:12.205916,0
-0.4484,NORMAL,False,2026-06-04T23:53:12.431660,0
-0.4443,NORMAL,False,2026-06-04T23:53:12.586750,0
-0.4399,NORMAL,False,2026-06-04T23:53:12.744587,0
-0.4389,NORMAL,False,2026-06-04T23:53:12.896836,0
-0.4406,NORMAL,False,2026-06-04T23:53:13.043665,0
-0.4405,NORMAL,False,2026-06-04T23:53:13.189888,0
-0.4407,NORMAL,False,2026-06-04T23:53:13.340376,0
-0.4406,NORMAL,False,2026-06-04T23:53:13.526748,0
-0.437,NORMAL,False,2026-06-04T23:53:13.681186,0
-0.4341,NORMAL,False,2026-06-04T23:53:13.827254,0
-0.4453,NORMAL,False,2026-06-04T23:53:13.994853,0
-0.4452,NORMAL,False,2026-06-04T23:53:14.142673,0
-0.4433,NORMAL,False,2026-06-04T23:53:14.302650,0
-0.4426,NORMAL,False,2026-06-04T23:53:14.447863,0
-0.4397,NORMAL,False,2026-06-04T23:53:14.593900,0
-0.4337,NORMAL,False,2026-06-04T23:53:14.741526,0
-0.4319,NORMAL,False,2026-06-04T23:53:14.889020,0
-0.436,NORMAL,False,2026-06-04T23:53:15.035284,0
-0.489,NORMAL,False,2026-06-04T23:53:15.181572,1
-0.4885,NORMAL,False,2026-06-04T23:53:15.328968,0
-0.4912,NORMAL,False,2026-06-04T23:53:15.478718,0
-0.4919,NORMAL,False,2026-06-04T23:53:15.625914,0
-0.4954,NORMAL,False,2026-06-04T23:53:15.772228,0
-0.4929,NORMAL,False,2026-06-04T23:53:15.930251,0
-0.4929,NORMAL,False,2026-06-04T23:53:16.094446,0
-0.4928,NORMAL,False,2026-06-04T23:53:16.247995,0
-0.4881,NORMAL,False,2026-06-04T23:53:16.395472,0
-0.4837,NORMAL,False,2026-06-04T23:53:16.603240,0
-0.4835,NORMAL,False,2026-06-04T23:53:16.758394,0
-0.4825,NORMAL,False,2026-06-04T23:53:16.921616,0
-0.4818,NORMAL,False,2026-06-04T23:53:17.076332,0
-0.4815,NORMAL,False,2026-06-04T23:53:17.257126,0
-0.4816,NORMAL,False,2026-06-04T23:53:17.431702,0
-0.4888,NORMAL,False,2026-06-04T23:53:17.609065,0
-0.494,NORMAL,False,2026-06-04T23:53:17.788178,0
-0.4924,NORMAL,False,2026-06-04T23:53:17.951919,0
-0.4926,NORMAL,False,2026-06-04T23:53:18.103571,0
-0.4966,NORMAL,False,2026-06-04T23:53:18.251334,0
-0.4992,NORMAL,False,2026-06-04T23:53:18.401262,0
-0.5038,LOW,False,2026-06-04T23:53:18.555952,0
-0.5078,LOW,False,2026-06-04T23:53:18.793499,0
-0.505,LOW,False,2026-06-04T23:53:18.953096,0
-0.5006,LOW,False,2026-06-04T23:53:19.111723,0
-0.5002,LOW,False,2026-06-04T23:53:19.407301,0
-0.5005,LOW,False,2026-06-04T23:53:19.561248,0
-0.5034,LOW,False,2026-06-04T23:53:19.734966,0
-0.5053,LOW,False,2026-06-04T23:53:19.911633,0
-0.5049,LOW,False,2026-06-04T23:53:20.130784,0
-0.4664,NORMAL,False,2026-06-04T23:53:20.358547,0
-0.4651,NORMAL,False,2026-06-04T23:53:20.633126,0
-0.4651,NORMAL,False,2026-06-04T23:53:21.021223,0
-0.4632,NORMAL,False,2026-06-04T23:53:21.183575,0
-0.4665,NORMAL,False,2026-06-04T23:53:21.367606,0
-0.4658,NORMAL,False,2026-06-04T23:53:21.525611,0
-0.472,NORMAL,False,2026-06-04T23:53:21.685780,0
-0.466,NORMAL,False,2026-06-04T23:53:21.909080,0
-0.4575,NORMAL,False,2026-06-04T23:53:22.072882,0
-0.4598,NORMAL,False,2026-06-04T23:53:22.221514,0
-0.4621,NORMAL,False,2026-06-04T23:53:22.388055,0
-0.4525,NORMAL,False,2026-06-04T23:53:22.544817,0
-0.4493,NORMAL,False,2026-06-04T23:53:22.700091,0
-0.4533,NORMAL,False,2026-06-04T23:53:22.847682,0
-0.4519,NORMAL,False,2026-06-04T23:53:23.006838,0
-0.4528,NORMAL,False,2026-06-04T23:53:23.155924,0
-0.4554,NORMAL,False,2026-06-04T23:53:23.322770,0
-0.4494,NORMAL,False,2026-06-04T23:53:23.516294,0
-0.453,NORMAL,False,2026-06-04T23:53:23.663896,0
-0.4554,NORMAL,False,2026-06-04T23:53:23.849992,0
-0.4194,NORMAL,False,2026-06-04T23:53:23.996925,0
-0.4188,NORMAL,False,2026-06-04T23:53:24.146436,0
-0.4238,NORMAL,False,2026-06-04T23:53:24.294004,0
-0.4246,NORMAL,False,2026-06-04T23:53:24.452459,0
-0.4233,NORMAL,False,2026-06-04T23:53:24.612024,0
-0.4218,NORMAL,False,2026-06-04T23:53:24.758808,0
-0.4243,NORMAL,False,2026-06-04T23:53:24.909326,0
-0.4259,NORMAL,False,2026-06-04T23:53:25.093693,0
-0.432,NORMAL,False,2026-06-04T23:53:25.241139,0
-0.4153,NORMAL,False,2026-06-04T23:53:25.390373,0
-0.419,NORMAL,False,2026-06-04T23:53:25.560557,0
-0.4127,NORMAL,False,2026-06-04T23:53:25.728410,0
-0.4104,NORMAL,False,2026-06-04T23:53:25.886415,0
-0.4104,NORMAL,False,2026-06-04T23:53:26.052529,0
-0.414,NORMAL,False,2026-06-04T23:53:26.200334,0
-0.4021,NORMAL,False,2026-06-04T23:53:26.346086,0
-0.4122,NORMAL,False,2026-06-04T23:53:26.492333,0
-0.4118,NORMAL,False,2026-06-04T23:53:26.672670,0
-0.4099,NORMAL,False,2026-06-04T23:53:26.820473,0
-0.4082,NORMAL,False,2026-06-04T23:53:27.033974,0
-0.4031,NORMAL,False,2026-06-04T23:53:27.183064,0
-0.4032,NORMAL,False,2026-06-04T23:53:27.329240,0
-0.4037,NORMAL,False,2026-06-04T23:53:27.480982,0
-0.4052,NORMAL,False,2026-06-04T23:53:27.644078,0
-0.4049,NORMAL,False,2026-06-04T23:53:27.824839,0
-0.4077,NORMAL,False,2026-06-04T23:53:27.974799,0
-0.4076,NORMAL,False,2026-06-04T23:53:28.129431,0
-0.406,NORMAL,False,2026-06-04T23:53:28.276859,0
-0.404,NORMAL,False,2026-06-04T23:53:28.423233,0
-0.4035,NORMAL,False,2026-06-04T23:53:28.570094,0
-0.4038,NORMAL,False,2026-06-04T23:53:28.718865,0
-0.403,NORMAL,False,2026-06-04T23:53:28.866221,0
-0.403,NORMAL,False,2026-06-04T23:53:29.034274,0
-0.4026,NORMAL,False,2026-06-04T23:53:29.197342,0
-0.3983,NORMAL,False,2026-06-04T23:53:29.368454,0
-0.382,NORMAL,False,2026-06-04T23:53:29.537449,0
-0.382,NORMAL,False,2026-06-04T23:53:29.689416,0
-0.3813,NORMAL,False,2026-06-04T23:53:29.869319,0
-0.3813,NORMAL,False,2026-06-04T23:53:30.069790,0
-0.3819,NORMAL,False,2026-06-04T23:53:30.276167,0
-0.3818,NORMAL,False,2026-06-04T23:53:30.423891,0
-0.3837,NORMAL,False,2026-06-04T23:53:30.586932,0
-0.3831,NORMAL,False,2026-06-04T23:53:30.842032,0
-0.3888,NORMAL,False,2026-06-04T23:53:30.997897,0
-0.3905,NORMAL,False,2026-06-04T23:53:31.157099,0
-0.3939,NORMAL,False,2026-06-04T23:53:31.326681,0
-0.4,NORMAL,False,2026-06-04T23:53:31.485020,0
-0.399,NORMAL,False,2026-06-04T23:53:31.634151,0
-0.3979,NORMAL,False,2026-06-04T23:53:31.791229,0
-0.3977,NORMAL,False,2026-06-04T23:53:31.968919,0
-0.4008,NORMAL,False,2026-06-04T23:53:32.142303,0
-0.4013,NORMAL,False,2026-06-04T23:53:32.314042,0
-0.4063,NORMAL,False,2026-06-04T23:53:32.465934,0
-0.4145,NORMAL,False,2026-06-04T23:53:32.613640,0
-0.4254,NORMAL,False,2026-06-04T23:53:32.765749,0
-0.4292,NORMAL,False,2026-06-04T23:53:32.916625,0
-0.4273,NORMAL,False,2026-06-04T23:53:33.078120,0
-0.4286,NORMAL,False,2026-06-04T23:53:33.234999,0
-0.4319,NORMAL,False,2026-06-04T23:53:33.382960,0
-0.4253,NORMAL,False,2026-06-04T23:53:33.574503,0
-0.4221,NORMAL,False,2026-06-04T23:53:33.721538,0
-0.4153,NORMAL,False,2026-06-04T23:53:33.870561,0
-0.4138,NORMAL,False,2026-06-04T23:53:34.027408,0
-0.4099,NORMAL,False,2026-06-04T23:53:34.175666,0
-0.4105,NORMAL,False,2026-06-04T23:53:34.335611,0
-0.4114,NORMAL,False,2026-06-04T23:53:34.521906,0
-0.4104,NORMAL,False,2026-06-04T23:53:34.684668,0
-0.402,NORMAL,False,2026-06-04T23:53:34.845502,0
-0.406,NORMAL,False,2026-06-04T23:53:35.006338,0
-0.4076,NORMAL,False,2026-06-04T23:53:35.200056,0
-0.4079,NORMAL,False,2026-06-04T23:53:35.363283,0
-0.4123,NORMAL,False,2026-06-04T23:53:35.515773,0
-0.4139,NORMAL,False,2026-06-04T23:53:35.691005,0
-0.4132,NORMAL,False,2026-06-04T23:53:35.841094,0
-0.4147,NORMAL,False,2026-06-04T23:53:35.989650,0
-0.4166,NORMAL,False,2026-06-04T23:53:36.146303,0
-0.4295,NORMAL,False,2026-06-04T23:53:36.314807,0
-0.4295,NORMAL,False,2026-06-04T23:53:36.472665,0
-0.418,NORMAL,False,2026-06-04T23:53:36.640832,0
-0.415,NORMAL,False,2026-06-04T23:53:36.870796,0
-0.4176,NORMAL,False,2026-06-04T23:53:37.032661,0
-0.4219,NORMAL,False,2026-06-04T23:53:37.212508,0
-0.4227,NORMAL,False,2026-06-04T23:53:37.370792,0
-0.4243,NORMAL,False,2026-06-04T23:53:37.521777,0
-0.4297,NORMAL,False,2026-06-04T23:53:37.701263,0
-0.4301,NORMAL,False,2026-06-04T23:53:37.877261,0
-0.4301,NORMAL,False,2026-06-04T23:53:38.027163,0
-0.4564,NORMAL,False,2026-06-04T23:53:38.179765,0
-0.4712,NORMAL,False,2026-06-04T23:53:38.327481,0
-0.4752,NORMAL,False,2026-06-04T23:53:38.480844,0
-0.4799,NORMAL,False,2026-06-04T23:53:38.640453,0
-0.4796,NORMAL,False,2026-06-04T23:53:38.791723,0
-0.4752,NORMAL,False,2026-06-04T23:53:38.977722,0
-0.477,NORMAL,False,2026-06-04T23:53:39.148657,0
-0.4809,NORMAL,False,2026-06-04T23:53:39.325731,0
-0.4673,NORMAL,False,2026-06-04T23:53:39.500598,0
-0.4712,NORMAL,False,2026-06-04T23:53:39.661505,1
-0.4635,NORMAL,False,2026-06-04T23:53:39.833974,0
-0.4687,NORMAL,False,2026-06-04T23:53:39.991307,0
-0.4682,NORMAL,False,2026-06-04T23:53:40.194985,0
-0.4548,NORMAL,False,2026-06-04T23:53:40.349084,0
-0.4309,NORMAL,False,2026-06-04T23:53:40.501278,0
-0.433,NORMAL,False,2026-06-04T23:53:40.680427,0
-0.4364,NORMAL,False,2026-06-04T23:53:40.846990,0
-0.432,NORMAL,False,2026-06-04T23:53:41.001329,0
-0.4336,NORMAL,False,2026-06-04T23:53:41.178660,0
-0.4316,NORMAL,False,2026-06-04T23:53:41.330209,0
-0.4335,NORMAL,False,2026-06-04T23:53:41.480296,0
-0.4353,NORMAL,False,2026-06-04T23:53:41.730600,0
-0.4215,NORMAL,False,2026-06-04T23:53:41.916495,0
-0.4268,NORMAL,False,2026-06-04T23:53:42.073523,0
-0.4177,NORMAL,False,2026-06-04T23:53:42.221328,0
-0.4204,NORMAL,False,2026-06-04T23:53:42.368986,0
-0.4219,NORMAL,False,2026-06-04T23:53:42.528730,0
-0.4196,NORMAL,False,2026-06-04T23:53:42.688987,0
-0.4195,NORMAL,False,2026-06-04T23:53:42.840245,0
-0.419,NORMAL,False,2026-06-04T23:53:42.993254,0
-0.429,NORMAL,False,2026-06-04T23:53:43.149554,0
-0.4269,NORMAL,False,2026-06-04T23:53:43.308811,0
-0.4238,NORMAL,False,2026-06-04T23:53:43.515028,0
-0.407,NORMAL,False,2026-06-04T23:53:43.667532,0
-0.4077,NORMAL,False,2026-06-04T23:53:43.817806,0
-0.4081,NORMAL,False,2026-06-04T23:53:43.964156,0
-0.4078,NORMAL,False,2026-06-04T23:53:44.143631,0
-0.4073,NORMAL,False,2026-06-04T23:53:44.317372,0
-0.4025,NORMAL,False,2026-06-04T23:53:44.476314,0
-0.4006,NORMAL,False,2026-06-04T23:53:44.646241,0
-0.4011,NORMAL,False,2026-06-04T23:53:44.797676,0
-0.4045,NORMAL,False,2026-06-04T23:53:44.954159,0
-0.4054,NORMAL,False,2026-06-04T23:53:45.129655,0
-0.4072,NORMAL,False,2026-06-04T23:53:45.282148,0
-0.4091,NORMAL,False,2026-06-04T23:53:45.430413,0
-0.4042,NORMAL,False,2026-06-04T23:53:45.590514,0
-0.405,NORMAL,False,2026-06-04T23:53:45.766917,0
-0.4059,NORMAL,False,2026-06-04T23:53:45.914877,0
-0.4082,NORMAL,False,2026-06-04T23:53:46.065028,0
-0.4076,NORMAL,False,2026-06-04T23:53:46.224919,0
-0.4056,NORMAL,False,2026-06-04T23:53:46.397933,0
-0.4097,NORMAL,False,2026-06-04T23:53:46.564336,0
-0.411,NORMAL,False,2026-06-04T23:53:46.797222,0
-0.4147,NORMAL,False,2026-06-04T23:53:46.954575,0
-0.4166,NORMAL,False,2026-06-04T23:53:47.141292,0
-0.4232,NORMAL,False,2026-06-04T23:53:47.292157,0
-0.4292,NORMAL,False,2026-06-04T23:53:47.439209,0
-0.4279,NORMAL,False,2026-06-04T23:53:47.593867,0
-0.4294,NORMAL,False,2026-06-04T23:53:47.756169,0
-0.4336,NORMAL,False,2026-06-04T23:53:47.924608,0
-0.4305,NORMAL,False,2026-06-04T23:53:48.085300,0
-0.4277,NORMAL,False,2026-06-04T23:53:48.235129,0
-0.4217,NORMAL,False,2026-06-04T23:53:48.403137,0
-0.4211,NORMAL,False,2026-06-04T23:53:48.567098,0
-0.4174,NORMAL,False,2026-06-04T23:53:48.757498,0
-0.4152,NORMAL,False,2026-06-04T23:53:48.928735,0
-0.4193,NORMAL,False,2026-06-04T23:53:49.077287,0
-0.4173,NORMAL,False,2026-06-04T23:53:49.234842,0
-0.4181,NORMAL,False,2026-06-04T23:53:49.500196,0
-0.42,NORMAL,False,2026-06-04T23:53:49.693267,0
-0.4153,NORMAL,False,2026-06-04T23:53:49.853351,0
-0.414,NORMAL,False,2026-06-04T23:53:50.081564,0
-0.4138,NORMAL,False,2026-06-04T23:53:50.323595,0
-0.4149,NORMAL,False,2026-06-04T23:53:50.474691,0
-0.4158,NORMAL,False,2026-06-04T23:53:50.629095,0
-0.4159,NORMAL,False,2026-06-04T23:53:50.782745,0
-0.426,NORMAL,False,2026-06-04T23:53:50.938584,0
-0.4238,NORMAL,False,2026-06-04T23:53:51.166309,0
-0.4232,NORMAL,False,2026-06-04T23:53:51.372720,0
-0.4219,NORMAL,False,2026-06-04T23:53:51.553891,0
-0.4238,NORMAL,False,2026-06-04T23:53:51.788668,0
-0.4218,NORMAL,False,2026-06-04T23:53:51.960284,0
-0.4199,NORMAL,False,2026-06-04T23:53:52.113983,0
-0.4193,NORMAL,False,2026-06-04T23:53:52.267613,0
-0.4228,NORMAL,False,2026-06-04T23:53:52.447907,0
-0.4224,NORMAL,False,2026-06-04T23:53:52.599429,0
-0.423,NORMAL,False,2026-06-04T23:53:52.752058,0
-0.4239,NORMAL,False,2026-06-04T23:53:53.008352,0
-0.4167,NORMAL,False,2026-06-04T23:53:53.194810,0
-0.417,NORMAL,False,2026-06-04T23:53:53.344757,0
-0.4226,NORMAL,False,2026-06-04T23:53:53.494705,0
-0.4256,NORMAL,False,2026-06-04T23:53:53.649464,0
-0.4293,NORMAL,False,2026-06-04T23:53:53.843596,1
-0.4315,NORMAL,False,2026-06-04T23:53:54.016374,1
-0.4236,NORMAL,False,2026-06-04T23:53:54.175896,0
-0.4283,NORMAL,False,2026-06-04T23:53:54.331998,0
-0.4405,NORMAL,False,2026-06-04T23:53:54.483505,0
-0.4373,NORMAL,False,2026-06-04T23:53:54.654489,0
-0.4372,NORMAL,False,2026-06-04T23:53:54.806156,0
-0.4439,NORMAL,False,2026-06-04T23:53:54.980621,0
-0.4451,NORMAL,False,2026-06-04T23:53:55.160464,0
-0.4418,NORMAL,False,2026-06-04T23:53:55.360897,0
-0.4439,NORMAL,False,2026-06-04T23:53:55.508699,0
-0.4401,NORMAL,False,2026-06-04T23:53:55.660168,0
-0.4336,NORMAL,False,2026-06-04T23:53:55.813230,0
-0.4307,NORMAL,False,2026-06-04T23:53:55.962392,0
-0.4226,NORMAL,False,2026-06-04T23:53:56.112044,0
-0.4176,NORMAL,False,2026-06-04T23:53:56.284654,0
-0.4149,NORMAL,False,2026-06-04T23:53:56.449448,0
-0.4152,NORMAL,False,2026-06-04T23:53:56.600675,0
-0.4161,NORMAL,False,2026-06-04T23:53:56.755879,0
-0.4198,NORMAL,False,2026-06-04T23:53:56.960225,0
-0.4184,NORMAL,False,2026-06-04T23:53:57.163167,0
-0.4172,NORMAL,False,2026-06-04T23:53:57.313571,0
-0.419,NORMAL,False,2026-06-04T23:53:57.465128,0
-0.4208,NORMAL,False,2026-06-04T23:53:57.614769,0
-0.4206,NORMAL,False,2026-06-04T23:53:57.760935,0
-0.4202,NORMAL,False,2026-06-04T23:53:57.908396,0
-0.4197,NORMAL,False,2026-06-04T23:53:58.057962,0
-0.4645,NORMAL,False,2026-06-04T23:53:58.214176,1
-0.4792,NORMAL,False,2026-06-04T23:53:58.362751,0
-0.4804,NORMAL,False,2026-06-04T23:53:58.568142,0
-0.4809,NORMAL,False,2026-06-04T23:53:58.725350,0
-0.4824,NORMAL,False,2026-06-04T23:53:58.902089,0
-0.4788,NORMAL,False,2026-06-04T23:53:59.098998,0
-0.477,NORMAL,False,2026-06-04T23:53:59.256447,0
-0.4778,NORMAL,False,2026-06-04T23:53:59.406057,0
-0.4725,NORMAL,False,2026-06-04T23:53:59.558902,0
-0.474,NORMAL,False,2026-06-04T23:53:59.707273,0
-0.4768,NORMAL,False,2026-06-04T23:53:59.854713,0
-0.4781,NORMAL,False,2026-06-04T23:54:00.016094,0
-0.4798,NORMAL,False,2026-06-04T23:54:00.166590,0
-0.4819,NORMAL,False,2026-06-04T23:54:00.385043,0
-0.4811,NORMAL,False,2026-06-04T23:54:00.531632,0
-0.4808,NORMAL,False,2026-06-04T23:54:00.680256,0
-0.4859,NORMAL,False,2026-06-04T23:54:00.830915,0
-0.4937,NORMAL,False,2026-06-04T23:54:00.978776,0
-0.492,NORMAL,False,2026-06-04T23:54:01.132822,0
-0.5008,LOW,False,2026-06-04T23:54:01.301547,0
-0.5039,LOW,False,2026-06-04T23:54:01.449977,0
-0.5044,LOW,False,2026-06-04T23:54:01.672745,0
-0.5076,LOW,False,2026-06-04T23:54:01.820176,0
-0.5033,LOW,False,2026-06-04T23:54:01.981458,0
-0.5125,LOW,False,2026-06-04T23:54:02.144043,0
-0.5093,LOW,False,2026-06-04T23:54:02.303400,0
-0.5168,LOW,False,2026-06-04T23:54:02.474015,0
-0.5138,LOW,False,2026-06-04T23:54:02.621400,0
-0.5201,MEDIUM,True,2026-06-04T23:54:02.770590,1
-0.4985,NORMAL,False,2026-06-04T23:54:03.407744,0
-0.4926,NORMAL,False,2026-06-04T23:54:03.589201,0
-0.497,NORMAL,False,2026-06-04T23:54:03.745871,0
-0.4942,NORMAL,False,2026-06-04T23:54:04.009646,0
-0.5201,MEDIUM,True,2026-06-04T23:54:04.283963,1
-0.514,LOW,False,2026-06-04T23:54:04.683837,0
-0.5174,LOW,False,2026-06-04T23:54:04.884099,0
-0.5156,LOW,False,2026-06-04T23:54:05.050432,0
-0.521,MEDIUM,True,2026-06-04T23:54:05.205242,0
-0.5226,MEDIUM,True,2026-06-04T23:54:05.553253,0
-0.5218,MEDIUM,True,2026-06-04T23:54:05.923347,0
-0.5212,MEDIUM,True,2026-06-04T23:54:06.257503,0
-0.5214,MEDIUM,True,2026-06-04T23:54:06.729155,0
-0.5229,MEDIUM,True,2026-06-04T23:54:08.046278,0
-0.5249,MEDIUM,True,2026-06-04T23:54:08.499932,0
-0.5304,MEDIUM,True,2026-06-04T23:54:08.817482,0
-0.5394,MEDIUM,True,2026-06-04T23:54:09.190915,0
-0.5384,MEDIUM,True,2026-06-04T23:54:09.590977,0
-0.5362,MEDIUM,True,2026-06-04T23:54:09.921222,0
-0.5345,MEDIUM,True,2026-06-04T23:54:10.382902,0
-0.533,MEDIUM,True,2026-06-04T23:54:10.730535,0
-0.5076,LOW,False,2026-06-04T23:54:11.711562,0
-0.5076,LOW,False,2026-06-04T23:54:11.860961,0
-0.5047,LOW,False,2026-06-04T23:54:12.009382,0
-0.4983,NORMAL,False,2026-06-04T23:54:12.203243,0
-0.5013,LOW,False,2026-06-04T23:54:12.351077,0
-0.5022,LOW,False,2026-06-04T23:54:12.500307,1
-0.501,LOW,False,2026-06-04T23:54:12.674681,0
-0.5099,LOW,False,2026-06-04T23:54:12.831402,1
-0.5023,LOW,False,2026-06-04T23:54:12.978695,0
-0.5064,LOW,False,2026-06-04T23:54:13.143704,0
-0.5079,LOW,False,2026-06-04T23:54:13.302466,0
-0.501,LOW,False,2026-06-04T23:54:13.456314,0
-0.4972,NORMAL,False,2026-06-04T23:54:13.608762,0
-0.4913,NORMAL,False,2026-06-04T23:54:13.756845,0
-0.4919,NORMAL,False,2026-06-04T23:54:13.922581,0
-0.4894,NORMAL,False,2026-06-04T23:54:14.091655,0
-0.4916,NORMAL,False,2026-06-04T23:54:14.275090,0
-0.4894,NORMAL,False,2026-06-04T23:54:14.429414,0
-0.4871,NORMAL,False,2026-06-04T23:54:14.577701,0
-0.4895,NORMAL,False,2026-06-04T23:54:14.740778,0
-0.4875,NORMAL,False,2026-06-04T23:54:14.905562,0
-0.4826,NORMAL,False,2026-06-04T23:54:15.072771,0
-0.4836,NORMAL,False,2026-06-04T23:54:15.221276,0
-0.4845,NORMAL,False,2026-06-04T23:54:15.428354,0
-0.4828,NORMAL,False,2026-06-04T23:54:15.597993,0
-0.4834,NORMAL,False,2026-06-04T23:54:15.774414,0
-0.4856,NORMAL,False,2026-06-04T23:54:15.942271,0
-0.484,NORMAL,False,2026-06-04T23:54:16.108101,0
-0.4824,NORMAL,False,2026-06-04T23:54:16.260329,0
-0.4877,NORMAL,False,2026-06-04T23:54:16.408332,0
-0.4842,NORMAL,False,2026-06-04T23:54:16.556008,0
-0.4619,NORMAL,False,2026-06-04T23:54:16.705603,0
-0.466,NORMAL,False,2026-06-04T23:54:16.853416,0
-0.4252,NORMAL,False,2026-06-04T23:54:17.002491,0
-0.4214,NORMAL,False,2026-06-04T23:54:17.153618,0
-0.4215,NORMAL,False,2026-06-04T23:54:17.304125,0
-0.4227,NORMAL,False,2026-06-04T23:54:17.490081,0
-0.4262,NORMAL,False,2026-06-04T23:54:17.671503,0
-0.4275,NORMAL,False,2026-06-04T23:54:17.819551,0
-0.4295,NORMAL,False,2026-06-04T23:54:17.988954,0
-0.4342,NORMAL,False,2026-06-04T23:54:18.153058,0
-0.4329,NORMAL,False,2026-06-04T23:54:18.301203,0
-0.4318,NORMAL,False,2026-06-04T23:54:18.451757,0
-0.4361,NORMAL,False,2026-06-04T23:54:18.653907,0
-0.4381,NORMAL,False,2026-06-04T23:54:18.800530,0
-0.4375,NORMAL,False,2026-06-04T23:54:18.960536,0
-0.4454,NORMAL,False,2026-06-04T23:54:19.123210,0
-0.4503,NORMAL,False,2026-06-04T23:54:19.288787,0
-0.4438,NORMAL,False,2026-06-04T23:54:19.439289,0
-0.4487,NORMAL,False,2026-06-04T23:54:19.585699,0
-0.4491,NORMAL,False,2026-06-04T23:54:19.733483,0
-0.4472,NORMAL,False,2026-06-04T23:54:19.880665,0
-0.45,NORMAL,False,2026-06-04T23:54:20.028026,0
-0.4622,NORMAL,False,2026-06-04T23:54:20.175779,0
-0.465,NORMAL,False,2026-06-04T23:54:20.323208,0
-0.4585,NORMAL,False,2026-06-04T23:54:20.470524,0
-0.4552,NORMAL,False,2026-06-04T23:54:20.644818,0
-0.4365,NORMAL,False,2026-06-04T23:54:20.793040,0
-0.4277,NORMAL,False,2026-06-04T23:54:20.954091,0
-0.4294,NORMAL,False,2026-06-04T23:54:21.102580,0
-0.427,NORMAL,False,2026-06-04T23:54:21.249356,0
-0.4334,NORMAL,False,2026-06-04T23:54:21.397092,0
-0.4332,NORMAL,False,2026-06-04T23:54:21.559152,0
-0.4315,NORMAL,False,2026-06-04T23:54:21.751423,0
-0.4348,NORMAL,False,2026-06-04T23:54:21.901464,0
-0.43,NORMAL,False,2026-06-04T23:54:22.050195,0
-0.4287,NORMAL,False,2026-06-04T23:54:22.197683,0
-0.4317,NORMAL,False,2026-06-04T23:54:22.450995,0
-0.4299,NORMAL,False,2026-06-04T23:54:22.610926,0
-0.4367,NORMAL,False,2026-06-04T23:54:22.769259,0
-0.4418,NORMAL,False,2026-06-04T23:54:22.932515,0
-0.4375,NORMAL,False,2026-06-04T23:54:23.099918,0
-0.4365,NORMAL,False,2026-06-04T23:54:23.256694,0
-0.4351,NORMAL,False,2026-06-04T23:54:23.440628,0
-0.4345,NORMAL,False,2026-06-04T23:54:23.598206,0
-0.4322,NORMAL,False,2026-06-04T23:54:23.776358,0
-0.4346,NORMAL,False,2026-06-04T23:54:23.951139,0
-0.4369,NORMAL,False,2026-06-04T23:54:24.103184,0
-0.4396,NORMAL,False,2026-06-04T23:54:24.263988,0
-0.4394,NORMAL,False,2026-06-04T23:54:24.416420,0
-0.4422,NORMAL,False,2026-06-04T23:54:24.564470,0
-0.4416,NORMAL,False,2026-06-04T23:54:24.711607,0
-0.4359,NORMAL,False,2026-06-04T23:54:24.868421,0
-0.4307,NORMAL,False,2026-06-04T23:54:25.069971,1
-0.4325,NORMAL,False,2026-06-04T23:54:25.246628,0
-0.4345,NORMAL,False,2026-06-04T23:54:25.414746,0
-0.4241,NORMAL,False,2026-06-04T23:54:25.570337,0
-0.4272,NORMAL,False,2026-06-04T23:54:25.731244,0
-0.4279,NORMAL,False,2026-06-04T23:54:26.043286,0
-0.4367,NORMAL,False,2026-06-04T23:54:26.192972,0
-0.4328,NORMAL,False,2026-06-04T23:54:26.340258,0
-0.4393,NORMAL,False,2026-06-04T23:54:26.640572,0
-0.4441,NORMAL,False,2026-06-04T23:54:26.788704,0
-0.4343,NORMAL,False,2026-06-04T23:54:26.949879,0
-0.441,NORMAL,False,2026-06-04T23:54:27.102517,0
-0.438,NORMAL,False,2026-06-04T23:54:27.250227,0
-0.4488,NORMAL,False,2026-06-04T23:54:27.398256,0
-0.4522,NORMAL,False,2026-06-04T23:54:27.555484,0
-0.4549,NORMAL,False,2026-06-04T23:54:27.729985,0
-0.4545,NORMAL,False,2026-06-04T23:54:27.903536,0
-0.4597,NORMAL,False,2026-06-04T23:54:28.051027,0
-0.4541,NORMAL,False,2026-06-04T23:54:28.199941,1
-0.4733,NORMAL,False,2026-06-04T23:54:28.349809,0
-0.4725,NORMAL,False,2026-06-04T23:54:28.545508,0
-0.4752,NORMAL,False,2026-06-04T23:54:28.696546,0
-0.4714,NORMAL,False,2026-06-04T23:54:28.852480,0
-0.4676,NORMAL,False,2026-06-04T23:54:29.087911,0
-0.4515,NORMAL,False,2026-06-04T23:54:29.265939,0
-0.4435,NORMAL,False,2026-06-04T23:54:29.414924,0
-0.4454,NORMAL,False,2026-06-04T23:54:29.564168,0
-0.4588,NORMAL,False,2026-06-04T23:54:29.719834,0
-0.464,NORMAL,False,2026-06-04T23:54:29.876751,0
-0.4635,NORMAL,False,2026-06-04T23:54:30.030029,0
-0.4734,NORMAL,False,2026-06-04T23:54:30.192181,0
-0.4734,NORMAL,False,2026-06-04T23:54:30.352675,0
-0.4757,NORMAL,False,2026-06-04T23:54:30.535233,0
-0.46,NORMAL,False,2026-06-04T23:54:30.700019,0
-0.4543,NORMAL,False,2026-06-04T23:54:30.846940,0
-0.4519,NORMAL,False,2026-06-04T23:54:31.005590,0
-0.4607,NORMAL,False,2026-06-04T23:54:31.157481,0
-0.4541,NORMAL,False,2026-06-04T23:54:31.305484,0
-0.4549,NORMAL,False,2026-06-04T23:54:31.454796,0
-0.4488,NORMAL,False,2026-06-04T23:54:31.602652,0
-0.4499,NORMAL,False,2026-06-04T23:54:31.795870,0
-0.4442,NORMAL,False,2026-06-04T23:54:31.943585,0
-0.445,NORMAL,False,2026-06-04T23:54:32.092876,0
-0.4491,NORMAL,False,2026-06-04T23:54:32.242674,0
-0.4388,NORMAL,False,2026-06-04T23:54:32.391562,0
-0.4369,NORMAL,False,2026-06-04T23:54:32.550686,0
-0.4367,NORMAL,False,2026-06-04T23:54:32.790778,0
-0.4356,NORMAL,False,2026-06-04T23:54:32.965071,0
-0.4366,NORMAL,False,2026-06-04T23:54:33.144354,0
-0.4397,NORMAL,False,2026-06-04T23:54:33.292498,0
-0.431,NORMAL,False,2026-06-04T23:54:33.447845,0
-0.4323,NORMAL,False,2026-06-04T23:54:33.597159,0
-0.4315,NORMAL,False,2026-06-04T23:54:33.746149,0
-0.4373,NORMAL,False,2026-06-04T23:54:33.897656,0
-0.4309,NORMAL,False,2026-06-04T23:54:34.046215,0
-0.4318,NORMAL,False,2026-06-04T23:54:34.193193,0
-0.4263,NORMAL,False,2026-06-04T23:54:34.340814,0
-0.4201,NORMAL,False,2026-06-04T23:54:34.488671,0
-0.4191,NORMAL,False,2026-06-04T23:54:34.639048,0
-0.4179,NORMAL,False,2026-06-04T02:54:15.122586,0
-0.4234,NORMAL,False,2026-06-04T02:54:15.407462,0
-0.4278,NORMAL,False,2026-06-04T02:54:15.590063,0
-0.4256,NORMAL,False,2026-06-04T02:54:15.740032,0
-0.4279,NORMAL,False,2026-06-04T02:54:15.891784,0
-0.429,NORMAL,False,2026-06-04T02:54:16.045030,0
-0.4347,NORMAL,False,2026-06-04T02:54:16.195832,0
-0.4397,NORMAL,False,2026-06-04T02:54:16.344199,0
-0.438,NORMAL,False,2026-06-04T02:54:16.495000,0
-0.4287,NORMAL,False,2026-06-04T02:54:16.645175,0
-0.4325,NORMAL,False,2026-06-04T02:54:16.792964,0
-0.4329,NORMAL,False,2026-06-04T02:54:16.939770,0
-0.4337,NORMAL,False,2026-06-04T02:54:17.088105,0
-0.4272,NORMAL,False,2026-06-04T02:54:17.235602,0
-0.4361,NORMAL,False,2026-06-04T02:54:17.383177,0
-0.4288,NORMAL,False,2026-06-04T02:54:17.531677,0
-0.432,NORMAL,False,2026-06-04T02:54:17.703385,0
-0.4292,NORMAL,False,2026-06-04T02:54:17.873931,0
-0.4242,NORMAL,False,2026-06-04T02:54:18.037118,0
-0.4276,NORMAL,False,2026-06-04T02:54:18.198363,0
-0.4293,NORMAL,False,2026-06-04T02:54:18.365660,0
-0.4337,NORMAL,False,2026-06-04T02:54:18.559019,0
-0.4313,NORMAL,False,2026-06-04T02:54:18.813372,0
-0.426,NORMAL,False,2026-06-04T02:54:18.996402,0
-0.4379,NORMAL,False,2026-06-04T02:54:19.143783,0
-0.4366,NORMAL,False,2026-06-04T02:54:19.311631,0
-0.4392,NORMAL,False,2026-06-04T02:54:19.491169,0
-0.4318,NORMAL,False,2026-06-04T02:54:19.652407,0
-0.4384,NORMAL,False,2026-06-04T02:54:19.812433,1
-0.437,NORMAL,False,2026-06-04T02:54:19.982878,0
-0.4347,NORMAL,False,2026-06-04T02:54:20.168474,0
-0.4419,NORMAL,False,2026-06-04T02:54:20.343445,1
-0.4395,NORMAL,False,2026-06-04T02:54:20.619290,0
-0.4337,NORMAL,False,2026-06-04T02:54:20.776070,0
-0.4211,NORMAL,False,2026-06-04T02:54:20.942937,0
-0.4989,NORMAL,False,2026-06-04T02:54:21.092050,1
-0.5001,LOW,False,2026-06-04T02:54:21.238612,0
-0.4994,NORMAL,False,2026-06-04T02:54:21.385458,0
-0.4889,NORMAL,False,2026-06-04T02:54:21.533361,0
-0.4837,NORMAL,False,2026-06-04T02:54:21.686816,0
-0.4751,NORMAL,False,2026-06-04T02:54:21.832513,0
-0.4719,NORMAL,False,2026-06-04T02:54:22.041186,0
-0.4715,NORMAL,False,2026-06-04T02:54:22.191785,0
-0.4729,NORMAL,False,2026-06-04T02:54:22.339073,0
-0.4671,NORMAL,False,2026-06-04T02:54:22.486764,0
-0.4693,NORMAL,False,2026-06-04T02:54:22.650432,0
-0.4711,NORMAL,False,2026-06-04T02:54:22.818857,0
-0.4713,NORMAL,False,2026-06-04T02:54:22.995442,0
-0.4727,NORMAL,False,2026-06-04T02:54:23.186543,0
-0.4733,NORMAL,False,2026-06-04T02:54:23.358166,0
-0.4747,NORMAL,False,2026-06-04T02:54:23.513704,0
-0.4757,NORMAL,False,2026-06-04T02:54:23.672014,0
-0.4741,NORMAL,False,2026-06-04T02:54:23.876513,0
-0.4763,NORMAL,False,2026-06-04T02:54:24.052065,0
-0.4771,NORMAL,False,2026-06-04T02:54:24.247397,0
-0.4762,NORMAL,False,2026-06-04T02:54:24.506137,0
-0.4744,NORMAL,False,2026-06-04T02:54:24.661535,0
-0.4773,NORMAL,False,2026-06-04T02:54:24.834202,0
-0.4844,NORMAL,False,2026-06-04T02:54:25.008221,0
-0.4877,NORMAL,False,2026-06-04T02:54:25.177085,0
-0.4884,NORMAL,False,2026-06-04T02:54:25.374587,0
-0.4895,NORMAL,False,2026-06-04T02:54:25.665007,0
-0.4869,NORMAL,False,2026-06-04T02:54:25.849208,0
-0.4912,NORMAL,False,2026-06-04T02:54:26.020399,0
-0.491,NORMAL,False,2026-06-04T02:54:26.182952,0
-0.4976,NORMAL,False,2026-06-04T02:54:26.369688,0
-0.4968,NORMAL,False,2026-06-04T02:54:26.600429,0
-0.4928,NORMAL,False,2026-06-04T02:54:26.788717,0
-0.4895,NORMAL,False,2026-06-04T02:54:26.978241,0
-0.501,LOW,False,2026-06-04T02:54:27.202409,0
-0.501,LOW,False,2026-06-04T02:54:27.392735,0
-0.5019,LOW,False,2026-06-04T02:54:27.601764,0
-0.5019,LOW,False,2026-06-04T02:54:27.804458,0
-0.5028,LOW,False,2026-06-04T02:54:28.003220,0
-0.4956,NORMAL,False,2026-06-04T02:54:28.224655,0
-0.5101,LOW,False,2026-06-04T02:54:28.410822,0
-0.5098,LOW,False,2026-06-04T02:54:28.586997,0
-0.5125,LOW,False,2026-06-04T02:54:28.755672,0
-0.5194,LOW,False,2026-06-04T02:54:28.958223,0
-0.5223,MEDIUM,True,2026-06-04T02:54:29.137792,0
-0.5228,MEDIUM,True,2026-06-04T02:54:29.729592,0
-0.5171,LOW,False,2026-06-04T02:54:30.207151,0
-0.5164,LOW,False,2026-06-04T02:54:30.388776,0
-0.5113,LOW,False,2026-06-04T02:54:30.583377,0
-0.5099,LOW,False,2026-06-04T02:54:30.793801,0
-0.4359,NORMAL,False,2026-06-04T02:54:30.964149,0
-0.4357,NORMAL,False,2026-06-04T02:54:31.156870,0
-0.4364,NORMAL,False,2026-06-04T02:54:31.417978,0
-0.4354,NORMAL,False,2026-06-04T02:54:31.588740,0
-0.4458,NORMAL,False,2026-06-04T02:54:31.763889,0
-0.4433,NORMAL,False,2026-06-04T02:54:32.129783,0
-0.4416,NORMAL,False,2026-06-04T02:54:32.308406,0
-0.4412,NORMAL,False,2026-06-04T02:54:32.521312,0
-0.4473,NORMAL,False,2026-06-04T02:54:32.717593,0
-0.4468,NORMAL,False,2026-06-04T02:54:32.900401,0
-0.4355,NORMAL,False,2026-06-04T02:54:33.075594,0
-0.4319,NORMAL,False,2026-06-04T02:54:33.251737,0
-0.4295,NORMAL,False,2026-06-04T02:54:33.450367,0
-0.4336,NORMAL,False,2026-06-04T02:54:33.640833,0
-0.424,NORMAL,False,2026-06-04T02:54:33.818342,0
-0.4244,NORMAL,False,2026-06-04T02:54:34.012494,0
-0.4183,NORMAL,False,2026-06-04T02:54:34.251861,0
-0.4184,NORMAL,False,2026-06-04T02:54:34.417491,0
-0.4226,NORMAL,False,2026-06-04T02:54:34.594192,0
-0.421,NORMAL,False,2026-06-04T02:54:34.772785,0
-0.4225,NORMAL,False,2026-06-04T02:54:34.955803,0
-0.4195,NORMAL,False,2026-06-04T02:54:35.154117,0
-0.4199,NORMAL,False,2026-06-04T02:54:35.342796,0
-0.4177,NORMAL,False,2026-06-04T02:54:35.512976,0
-0.4172,NORMAL,False,2026-06-04T02:54:35.678864,0
-0.4183,NORMAL,False,2026-06-04T02:54:35.866889,0
-0.4196,NORMAL,False,2026-06-04T02:54:36.087147,0
-0.4219,NORMAL,False,2026-06-04T02:54:36.264454,0
-0.4231,NORMAL,False,2026-06-04T02:54:36.436486,0
-0.4242,NORMAL,False,2026-06-04T02:54:36.599533,0
-0.4238,NORMAL,False,2026-06-04T02:54:36.763469,0
-0.4272,NORMAL,False,2026-06-04T02:54:36.930200,0
-0.4347,NORMAL,False,2026-06-04T02:54:37.120125,0
-0.4379,NORMAL,False,2026-06-04T02:54:37.295802,0
-0.4355,NORMAL,False,2026-06-04T02:54:37.509443,0
-0.4336,NORMAL,False,2026-06-04T02:54:37.659778,0
-0.4341,NORMAL,False,2026-06-04T02:54:37.895839,1
-0.4373,NORMAL,False,2026-06-04T02:54:38.044628,0
-0.4394,NORMAL,False,2026-06-04T02:54:38.213910,0
-0.4402,NORMAL,False,2026-06-04T02:54:38.401156,0
-0.4394,NORMAL,False,2026-06-04T02:54:38.552737,0
-0.4368,NORMAL,False,2026-06-04T02:54:38.715195,0
-0.4333,NORMAL,False,2026-06-04T02:54:38.866338,0
-0.433,NORMAL,False,2026-06-04T02:54:39.015509,0
-0.4313,NORMAL,False,2026-06-04T02:54:39.183933,0
-0.4248,NORMAL,False,2026-06-04T02:54:39.345568,0
-0.4251,NORMAL,False,2026-06-04T02:54:39.519130,0
-0.4277,NORMAL,False,2026-06-04T02:54:39.709163,0
-0.4303,NORMAL,False,2026-06-04T02:54:39.911744,0
-0.4278,NORMAL,False,2026-06-04T02:54:40.091393,0
-0.429,NORMAL,False,2026-06-04T02:54:40.283609,0
-0.4326,NORMAL,False,2026-06-04T02:54:40.509731,0
-0.4363,NORMAL,False,2026-06-04T02:54:40.701623,0
-0.4364,NORMAL,False,2026-06-04T02:54:40.902788,0
-0.4348,NORMAL,False,2026-06-04T02:54:41.067414,0
-0.4591,NORMAL,False,2026-06-04T02:54:41.227237,0
-0.4467,NORMAL,False,2026-06-04T02:54:41.432349,0
-0.4625,NORMAL,False,2026-06-04T02:54:41.598568,0
-0.4806,NORMAL,False,2026-06-04T02:54:41.757039,0
-0.485,NORMAL,False,2026-06-04T02:54:41.931499,0
-0.4913,NORMAL,False,2026-06-04T02:54:42.098689,0
-0.4914,NORMAL,False,2026-06-04T02:54:42.339992,0
-0.4691,NORMAL,False,2026-06-04T02:54:42.512507,0
-0.4728,NORMAL,False,2026-06-04T02:54:42.659730,0
-0.4734,NORMAL,False,2026-06-04T02:54:42.810467,0
-0.4677,NORMAL,False,2026-06-04T02:54:42.960058,0
-0.4663,NORMAL,False,2026-06-04T02:54:43.117761,0
-0.4579,NORMAL,False,2026-06-04T02:54:43.278764,0
-0.4579,NORMAL,False,2026-06-04T02:54:43.444644,0
-0.4592,NORMAL,False,2026-06-04T02:54:43.624224,0
-0.4592,NORMAL,False,2026-06-04T02:54:43.779159,0
-0.4618,NORMAL,False,2026-06-04T02:54:44.035053,1
-0.4645,NORMAL,False,2026-06-04T02:54:44.208286,0
-0.4421,NORMAL,False,2026-06-04T02:54:44.361790,0
-0.4493,NORMAL,False,2026-06-04T02:54:44.524280,0
-0.4471,NORMAL,False,2026-06-04T02:54:44.700708,0
-0.4485,NORMAL,False,2026-06-04T02:54:44.938769,0
-0.4485,NORMAL,False,2026-06-04T02:54:45.088146,0
-0.4515,NORMAL,False,2026-06-04T02:54:45.234145,0
-0.4594,NORMAL,False,2026-06-04T02:54:45.389997,0
-0.466,NORMAL,False,2026-06-04T02:54:45.536044,0
-0.4652,NORMAL,False,2026-06-04T02:54:45.689420,0
-0.4794,NORMAL,False,2026-06-04T02:54:45.837553,0
-0.4902,NORMAL,False,2026-06-04T02:54:45.985395,0
-0.4918,NORMAL,False,2026-06-04T02:54:46.134972,0
-0.4881,NORMAL,False,2026-06-04T02:54:46.282735,0
-0.4878,NORMAL,False,2026-06-04T02:54:46.434744,0
-0.4776,NORMAL,False,2026-06-04T02:54:46.583056,0
-0.4752,NORMAL,False,2026-06-04T02:54:46.731936,0
-0.4755,NORMAL,False,2026-06-04T02:54:46.894720,0
-0.4717,NORMAL,False,2026-06-04T02:54:47.058582,0
-0.4661,NORMAL,False,2026-06-04T02:54:47.275344,0
-0.4676,NORMAL,False,2026-06-04T02:54:47.463126,0
-0.4607,NORMAL,False,2026-06-04T02:54:47.621747,0
-0.452,NORMAL,False,2026-06-04T02:54:47.770478,0
-0.4465,NORMAL,False,2026-06-04T02:54:47.925457,0
-0.4498,NORMAL,False,2026-06-04T02:54:48.121924,0
-0.4478,NORMAL,False,2026-06-04T02:54:48.274755,0
-0.4482,NORMAL,False,2026-06-04T02:54:48.440097,0
-0.4467,NORMAL,False,2026-06-04T02:54:48.591237,0
-0.4516,NORMAL,False,2026-06-04T02:54:48.740903,0
-0.4481,NORMAL,False,2026-06-04T02:54:48.889570,0
-0.4466,NORMAL,False,2026-06-04T02:54:49.052694,0
-0.4483,NORMAL,False,2026-06-04T02:54:49.224598,0
-0.4539,NORMAL,False,2026-06-04T02:54:49.374892,0
-0.4279,NORMAL,False,2026-06-04T02:54:49.540255,0
-0.4292,NORMAL,False,2026-06-04T02:54:49.704071,0
-0.4303,NORMAL,False,2026-06-04T02:54:49.869959,0
-0.4348,NORMAL,False,2026-06-04T02:54:50.058852,0
-0.4375,NORMAL,False,2026-06-04T02:54:50.214407,0
-0.4381,NORMAL,False,2026-06-04T02:54:50.364873,0
-0.4395,NORMAL,False,2026-06-04T02:54:50.516140,0
-0.4414,NORMAL,False,2026-06-04T02:54:50.666121,0
-0.4436,NORMAL,False,2026-06-04T02:54:50.824121,1
-0.4422,NORMAL,False,2026-06-04T02:54:50.978725,0
-0.4498,NORMAL,False,2026-06-04T02:54:51.127555,0
-0.4547,NORMAL,False,2026-06-04T02:54:51.317693,0
-0.4592,NORMAL,False,2026-06-04T02:54:51.474132,0
-0.4583,NORMAL,False,2026-06-04T02:54:51.647099,0
-0.4618,NORMAL,False,2026-06-04T02:54:51.801670,0
-0.4626,NORMAL,False,2026-06-04T02:54:51.959054,0
-0.4674,NORMAL,False,2026-06-04T02:54:52.127680,0
-0.4684,NORMAL,False,2026-06-04T02:54:52.281541,0
-0.4731,NORMAL,False,2026-06-04T02:54:52.446539,0
-0.4762,NORMAL,False,2026-06-04T02:54:52.594501,0
-0.4753,NORMAL,False,2026-06-04T02:54:52.746728,0
-0.4932,NORMAL,False,2026-06-04T02:54:52.893954,0
-0.5007,LOW,False,2026-06-04T02:54:53.041740,0
-0.4996,NORMAL,False,2026-06-04T02:54:53.189601,0
-0.4997,NORMAL,False,2026-06-04T02:54:53.336384,0
-0.474,NORMAL,False,2026-06-04T02:54:53.483689,0
-0.4758,NORMAL,False,2026-06-04T02:54:53.630620,0
-0.4646,NORMAL,False,2026-06-04T02:54:53.882123,0
-0.4627,NORMAL,False,2026-06-04T02:54:54.078674,0
-0.4601,NORMAL,False,2026-06-04T02:54:54.413305,0
-0.4524,NORMAL,False,2026-06-04T02:54:54.589393,0
-0.4569,NORMAL,False,2026-06-04T02:54:54.795155,0
-0.4525,NORMAL,False,2026-06-04T02:54:54.942780,0
-0.4519,NORMAL,False,2026-06-04T02:54:55.090990,0
-0.4488,NORMAL,False,2026-06-04T02:54:55.238748,0
-0.4469,NORMAL,False,2026-06-04T02:54:55.393297,0
-0.4465,NORMAL,False,2026-06-04T02:54:55.540846,0
-0.4372,NORMAL,False,2026-06-04T02:54:55.688204,0
-0.4322,NORMAL,False,2026-06-04T02:54:55.847003,0
-0.4209,NORMAL,False,2026-06-04T02:54:56.003878,0
-0.42,NORMAL,False,2026-06-04T02:54:56.150644,0
-0.4182,NORMAL,False,2026-06-04T02:54:56.316949,0
-0.4374,NORMAL,False,2026-06-04T02:54:56.467972,0
-0.4263,NORMAL,False,2026-06-04T02:54:56.623729,0
-0.4224,NORMAL,False,2026-06-04T02:54:56.793014,0
-0.4202,NORMAL,False,2026-06-04T02:54:56.964190,0
-0.4215,NORMAL,False,2026-06-04T02:54:57.115411,0
-0.4248,NORMAL,False,2026-06-04T02:54:57.273804,0
-0.4207,NORMAL,False,2026-06-04T02:54:57.441105,0
-0.4142,NORMAL,False,2026-06-04T02:54:57.592116,0
-0.405,NORMAL,False,2026-06-04T02:54:57.746293,0
-0.4027,NORMAL,False,2026-06-04T02:54:57.939287,0
-0.4037,NORMAL,False,2026-06-04T02:54:58.086975,0
-0.4026,NORMAL,False,2026-06-04T02:54:58.275366,0
-0.4014,NORMAL,False,2026-06-04T02:54:58.634771,0
-0.402,NORMAL,False,2026-06-04T02:54:58.789993,0
-0.4066,NORMAL,False,2026-06-04T02:54:58.952507,0
-0.4129,NORMAL,False,2026-06-04T02:54:59.108084,0
-0.4217,NORMAL,False,2026-06-04T02:54:59.273181,0
-0.4185,NORMAL,False,2026-06-04T02:54:59.437551,0
-0.4175,NORMAL,False,2026-06-04T02:54:59.607139,0
-0.4251,NORMAL,False,2026-06-04T02:54:59.756064,0
-0.4266,NORMAL,False,2026-06-04T02:54:59.908873,0
-0.4302,NORMAL,False,2026-06-04T02:55:00.063303,0
-0.4287,NORMAL,False,2026-06-04T02:55:00.216445,0
-0.4365,NORMAL,False,2026-06-04T02:55:00.364965,0
-0.4474,NORMAL,False,2026-06-04T02:55:00.514580,0
-0.4499,NORMAL,False,2026-06-04T02:55:00.663414,0
-0.4539,NORMAL,False,2026-06-04T02:55:00.822799,0
-0.454,NORMAL,False,2026-06-04T02:55:00.970670,0
-0.4544,NORMAL,False,2026-06-04T02:55:01.124916,0
-0.4448,NORMAL,False,2026-06-04T02:55:01.357512,0
-0.4411,NORMAL,False,2026-06-04T23:55:20.412225,0
-0.4403,NORMAL,False,2026-06-04T23:55:20.599269,0
-0.4378,NORMAL,False,2026-06-04T23:55:20.771618,0
-0.4395,NORMAL,False,2026-06-04T23:55:20.935342,0
-0.4449,NORMAL,False,2026-06-04T23:55:21.085545,0
-0.4445,NORMAL,False,2026-06-04T23:55:21.239483,0
-0.448,NORMAL,False,2026-06-04T23:55:21.417364,0
-0.5367,MEDIUM,True,2026-06-04T23:55:21.569349,1
-0.5358,MEDIUM,True,2026-06-04T23:55:22.225826,0
-0.5275,MEDIUM,True,2026-06-04T23:55:22.674886,0
-0.5059,LOW,False,2026-06-04T23:55:23.041700,0
-0.5077,LOW,False,2026-06-04T23:55:23.212382,0
-0.5042,LOW,False,2026-06-04T23:55:23.370399,0
-0.5286,MEDIUM,True,2026-06-04T23:55:23.519314,0
-0.5256,MEDIUM,True,2026-06-04T23:55:23.860541,0
-0.5261,MEDIUM,True,2026-06-04T23:55:24.221996,0
-0.5271,MEDIUM,True,2026-06-04T23:55:26.668126,0
-0.5437,MEDIUM,True,2026-06-04T23:55:26.996797,0
-0.5402,MEDIUM,True,2026-06-04T23:55:27.324800,0
-0.5339,MEDIUM,True,2026-06-04T23:55:27.714270,0
-0.5278,MEDIUM,True,2026-06-04T23:55:28.035214,0
-0.5331,MEDIUM,True,2026-06-04T23:55:28.353135,0
-0.5332,MEDIUM,True,2026-06-04T23:55:28.689539,0
-0.5305,MEDIUM,True,2026-06-04T23:55:29.084376,0
-0.5275,MEDIUM,True,2026-06-04T23:55:29.427033,0
-0.5263,MEDIUM,True,2026-06-04T23:55:29.779737,0
-0.5257,MEDIUM,True,2026-06-04T23:55:30.176224,0
-0.5283,MEDIUM,True,2026-06-04T23:55:30.521079,0
-0.5253,MEDIUM,True,2026-06-04T23:55:30.856191,0
-0.523,MEDIUM,True,2026-06-04T23:55:31.184780,0
-0.5229,MEDIUM,True,2026-06-04T23:55:31.563140,0
-0.5236,MEDIUM,True,2026-06-04T23:55:31.889365,0
-0.5296,MEDIUM,True,2026-06-04T23:55:32.213989,0
-0.5311,MEDIUM,True,2026-06-04T23:55:32.571987,0
-0.5328,MEDIUM,True,2026-06-04T23:55:32.922304,0
-0.532,MEDIUM,True,2026-06-04T23:55:33.352550,0
-0.5322,MEDIUM,True,2026-06-04T23:55:33.731931,1
-0.5364,MEDIUM,True,2026-06-04T23:55:34.108897,0
-0.5453,MEDIUM,True,2026-06-04T23:55:34.498695,0
-0.5602,HIGH,True,2026-06-04T23:55:34.939345,0
-0.5604,HIGH,True,2026-06-04T23:55:35.313862,0
-0.56,HIGH,True,2026-06-04T23:55:35.661353,0
-0.5578,HIGH,True,2026-06-04T23:55:36.109907,0
-0.5534,HIGH,True,2026-06-04T23:55:36.480896,0
-0.5471,MEDIUM,True,2026-06-04T23:55:36.800755,0
-0.5407,MEDIUM,True,2026-06-04T23:55:37.127587,0
-0.5347,MEDIUM,True,2026-06-04T23:55:37.476406,0
-0.5313,MEDIUM,True,2026-06-04T23:55:37.795116,0
-0.5279,MEDIUM,True,2026-06-04T23:55:38.131117,0
-0.5232,MEDIUM,True,2026-06-04T23:55:38.458907,0
-0.5272,MEDIUM,True,2026-06-04T23:55:38.922126,0
-0.5256,MEDIUM,True,2026-06-04T23:55:39.245728,0
-0.5348,MEDIUM,True,2026-06-04T23:55:39.626976,0
-0.5317,MEDIUM,True,2026-06-04T23:55:39.961831,0
-0.5294,MEDIUM,True,2026-06-04T23:55:40.303938,0
-0.5309,MEDIUM,True,2026-06-04T23:55:40.634105,0
-0.5336,MEDIUM,True,2026-06-04T23:55:40.988393,0
-0.4522,NORMAL,False,2026-06-04T23:55:41.335778,0
-0.4554,NORMAL,False,2026-06-04T23:55:41.489227,0
-0.4598,NORMAL,False,2026-06-04T23:55:41.712132,0
-0.46,NORMAL,False,2026-06-04T23:55:41.868756,0
-0.4492,NORMAL,False,2026-06-04T23:55:42.043770,0
-0.4618,NORMAL,False,2026-06-04T23:55:42.221750,0
-0.4286,NORMAL,False,2026-06-04T23:55:42.390184,0
-0.4281,NORMAL,False,2026-06-04T23:55:42.547405,0
-0.4456,NORMAL,False,2026-06-04T23:55:42.702496,0
-0.4806,NORMAL,False,2026-06-04T23:55:42.896896,0
-0.4812,NORMAL,False,2026-06-04T23:55:43.097457,0
-0.4715,NORMAL,False,2026-06-04T23:55:43.253344,0
-0.4727,NORMAL,False,2026-06-04T23:55:43.422375,0
-0.4847,NORMAL,False,2026-06-04T23:55:43.626096,0
-0.4834,NORMAL,False,2026-06-04T23:55:43.778481,0
-0.4774,NORMAL,False,2026-06-04T23:55:43.941002,0
-0.4734,NORMAL,False,2026-06-04T23:55:44.105398,0
-0.4688,NORMAL,False,2026-06-04T23:55:44.263462,0
-0.4623,NORMAL,False,2026-06-04T23:55:44.539437,0
-0.4555,NORMAL,False,2026-06-04T23:55:44.709276,0
-0.4561,NORMAL,False,2026-06-04T23:55:44.874593,0
-0.4619,NORMAL,False,2026-06-04T23:55:45.040730,0
-0.4684,NORMAL,False,2026-06-04T23:55:45.258009,0
-0.4703,NORMAL,False,2026-06-04T23:55:45.471984,0
-0.4702,NORMAL,False,2026-06-04T23:55:45.630759,0
-0.4741,NORMAL,False,2026-06-04T23:55:45.780215,0
-0.4786,NORMAL,False,2026-06-04T23:55:45.930767,0
-0.4781,NORMAL,False,2026-06-04T23:55:46.084567,0
-0.484,NORMAL,False,2026-06-04T23:55:46.256193,0
-0.4853,NORMAL,False,2026-06-04T23:55:46.413708,0
-0.4806,NORMAL,False,2026-06-04T23:55:46.569722,0
-0.4712,NORMAL,False,2026-06-04T23:55:46.755867,0
-0.4669,NORMAL,False,2026-06-04T23:55:46.942559,0
-0.4589,NORMAL,False,2026-06-04T23:55:47.153835,0
-0.454,NORMAL,False,2026-06-04T23:55:47.380161,0
-0.4499,NORMAL,False,2026-06-04T23:55:47.612160,0
-0.445,NORMAL,False,2026-06-04T23:55:47.863853,0
-0.4459,NORMAL,False,2026-06-04T23:55:48.060822,0
-0.4429,NORMAL,False,2026-06-04T23:55:48.296349,0
-0.4448,NORMAL,False,2026-06-04T23:55:48.467960,0
-0.4448,NORMAL,False,2026-06-04T23:55:48.648839,0
-0.4445,NORMAL,False,2026-06-04T23:55:48.798204,0
-0.4429,NORMAL,False,2026-06-04T23:55:49.003862,0
-0.4413,NORMAL,False,2026-06-04T23:55:49.189810,0
-0.4376,NORMAL,False,2026-06-04T23:55:49.368166,0
-0.4362,NORMAL,False,2026-06-04T23:55:49.562652,0
-0.4337,NORMAL,False,2026-06-04T23:55:49.738493,0
-0.4297,NORMAL,False,2026-06-04T23:55:49.899408,0
-0.4275,NORMAL,False,2026-06-04T23:55:50.076157,0
-0.4269,NORMAL,False,2026-06-04T23:55:50.419826,0
-0.4267,NORMAL,False,2026-06-04T23:55:50.632801,0
-0.4258,NORMAL,False,2026-06-04T23:55:50.792542,0
-0.4242,NORMAL,False,2026-06-04T23:55:50.957623,0
-0.428,NORMAL,False,2026-06-04T23:55:51.119969,0
-0.4282,NORMAL,False,2026-06-04T23:55:51.277873,0
-0.4285,NORMAL,False,2026-06-04T23:55:51.429401,0
-0.4273,NORMAL,False,2026-06-04T23:55:51.588316,0
-0.431,NORMAL,False,2026-06-04T23:55:51.804851,0
-0.4331,NORMAL,False,2026-06-04T23:55:52.006034,0
-0.4336,NORMAL,False,2026-06-04T23:55:52.215982,0
-0.4323,NORMAL,False,2026-06-04T23:55:52.438778,0
-0.4301,NORMAL,False,2026-06-04T23:55:52.593781,0
-0.4319,NORMAL,False,2026-06-04T23:55:52.869000,0
-0.4211,NORMAL,False,2026-06-04T23:55:53.036157,0
-0.4199,NORMAL,False,2026-06-04T23:55:53.244909,1
-0.4241,NORMAL,False,2026-06-04T23:55:53.424158,0
-0.421,NORMAL,False,2026-06-04T23:55:53.580169,0
-0.4657,NORMAL,False,2026-06-04T23:55:53.744357,0
-0.451,NORMAL,False,2026-06-04T23:55:53.909067,0
-0.4452,NORMAL,False,2026-06-04T23:55:54.255926,0
-0.4448,NORMAL,False,2026-06-04T23:55:54.427007,0
-0.4439,NORMAL,False,2026-06-04T23:55:54.598778,0
-0.4422,NORMAL,False,2026-06-04T23:55:54.816665,0
-0.4381,NORMAL,False,2026-06-04T23:55:55.006919,0
-0.4362,NORMAL,False,2026-06-04T23:55:55.213288,0
-0.4337,NORMAL,False,2026-06-04T23:55:55.412272,0
-0.4438,NORMAL,False,2026-06-04T23:55:55.602909,0
-0.4434,NORMAL,False,2026-06-04T23:55:55.766194,0
-0.4441,NORMAL,False,2026-06-04T23:55:55.953998,0
-0.445,NORMAL,False,2026-06-04T23:55:56.176549,0
-0.4455,NORMAL,False,2026-06-04T23:55:56.401843,0
-0.4441,NORMAL,False,2026-06-04T23:55:56.638935,0
-0.4329,NORMAL,False,2026-06-04T23:55:57.083325,0
-0.4323,NORMAL,False,2026-06-04T23:55:57.263956,0
-0.4407,NORMAL,False,2026-06-04T23:55:57.503917,0
-0.4466,NORMAL,False,2026-06-04T23:55:57.730325,0
-0.467,NORMAL,False,2026-06-04T23:55:57.992388,0
-0.4853,NORMAL,False,2026-06-04T23:55:58.260991,0
-0.4933,NORMAL,False,2026-06-04T23:55:58.408411,0
-0.4971,NORMAL,False,2026-06-04T23:55:58.585193,0
-0.512,LOW,False,2026-06-04T23:55:58.762215,0
-0.5103,LOW,False,2026-06-04T23:55:58.912466,0
-0.5008,LOW,False,2026-06-04T23:55:59.068577,0
-0.4923,NORMAL,False,2026-06-04T23:55:59.244182,0
-0.4895,NORMAL,False,2026-06-04T23:55:59.394033,0
-0.4856,NORMAL,False,2026-06-04T23:55:59.548631,0
-0.4827,NORMAL,False,2026-06-04T23:55:59.702405,0
-0.4867,NORMAL,False,2026-06-04T23:55:59.892530,0
-0.4822,NORMAL,False,2026-06-04T23:56:00.101339,0
-0.4809,NORMAL,False,2026-06-04T23:56:00.274311,0
-0.4877,NORMAL,False,2026-06-04T23:56:00.450568,0
-0.4993,NORMAL,False,2026-06-04T23:56:00.656265,0
-0.4996,NORMAL,False,2026-06-04T23:56:00.923467,0
-0.5025,LOW,False,2026-06-04T23:56:01.140648,0
-0.504,LOW,False,2026-06-04T23:56:01.331731,0
-0.5083,LOW,False,2026-06-04T23:56:01.532657,0
-0.5082,LOW,False,2026-06-04T23:56:01.862773,0
-0.5129,LOW,False,2026-06-04T23:56:02.066992,0
-0.5106,LOW,False,2026-06-04T23:56:02.228921,0
-0.5029,LOW,False,2026-06-04T23:56:02.472022,0
-0.5015,LOW,False,2026-06-04T23:56:02.809703,0
-0.5009,LOW,False,2026-06-04T23:56:02.980704,0
-0.5043,LOW,False,2026-06-04T23:56:03.143916,0
-0.498,NORMAL,False,2026-06-04T23:56:03.296749,0
-0.5073,LOW,False,2026-06-04T23:56:03.456039,0
-0.5018,LOW,False,2026-06-04T23:56:03.617944,0
-0.4961,NORMAL,False,2026-06-04T23:56:03.781309,0
-0.4481,NORMAL,False,2026-06-04T23:56:03.976707,0
-0.4529,NORMAL,False,2026-06-04T23:56:04.204961,0
-0.4949,NORMAL,False,2026-06-04T23:56:04.385786,0
-0.4898,NORMAL,False,2026-06-04T23:56:04.561899,0
-0.4832,NORMAL,False,2026-06-04T23:56:04.757230,0
-0.4774,NORMAL,False,2026-06-04T23:56:05.043882,0
-0.4717,NORMAL,False,2026-06-04T23:56:05.223396,0
-0.4995,NORMAL,False,2026-06-04T23:56:05.391562,0
-0.4979,NORMAL,False,2026-06-04T23:56:05.617306,0
-0.4965,NORMAL,False,2026-06-04T23:56:05.796272,0
-0.4942,NORMAL,False,2026-06-04T23:56:05.969715,0
-0.4895,NORMAL,False,2026-06-04T23:56:06.150714,0
-0.4863,NORMAL,False,2026-06-04T23:56:06.339132,0
-0.4807,NORMAL,False,2026-06-04T23:56:06.528296,0
-0.484,NORMAL,False,2026-06-04T23:56:06.705892,0
-0.4847,NORMAL,False,2026-06-04T23:56:06.888567,0
-0.4891,NORMAL,False,2026-06-04T23:56:07.073375,0
-0.4479,NORMAL,False,2026-06-04T23:56:07.273173,0
-0.4539,NORMAL,False,2026-06-04T23:56:07.438060,0
-0.4505,NORMAL,False,2026-06-04T23:56:07.607317,0
-0.4138,NORMAL,False,2026-06-04T23:56:07.773531,0
-0.4144,NORMAL,False,2026-06-04T23:56:08.159042,0
-0.4132,NORMAL,False,2026-06-04T23:56:08.336686,0
-0.4182,NORMAL,False,2026-06-04T23:56:08.554995,0
-0.4293,NORMAL,False,2026-06-04T23:56:08.757306,0
-0.4264,NORMAL,False,2026-06-04T23:56:09.015929,0
-0.4285,NORMAL,False,2026-06-04T23:56:09.177381,0
-0.4308,NORMAL,False,2026-06-04T23:56:09.347509,0
-0.4213,NORMAL,False,2026-06-04T23:56:09.569107,1
-0.4233,NORMAL,False,2026-06-04T23:56:09.733078,0
-0.4284,NORMAL,False,2026-06-04T23:56:09.895721,0
-0.4309,NORMAL,False,2026-06-04T23:56:10.045729,1
-0.4303,NORMAL,False,2026-06-04T23:56:10.208213,0
-0.4349,NORMAL,False,2026-06-04T23:56:10.363080,0
-0.4396,NORMAL,False,2026-06-04T23:56:10.520473,0
-0.449,NORMAL,False,2026-06-04T23:56:10.684837,1
-0.4524,NORMAL,False,2026-06-04T23:56:10.917207,0
-0.4584,NORMAL,False,2026-06-04T23:56:11.070671,0
-0.4578,NORMAL,False,2026-06-04T23:56:11.225296,0
-0.4503,NORMAL,False,2026-06-04T23:56:11.384110,0
-0.4519,NORMAL,False,2026-06-04T23:56:11.546932,0
-0.4515,NORMAL,False,2026-06-04T23:56:11.710640,0
-0.4432,NORMAL,False,2026-06-04T23:56:11.895051,0
-0.4423,NORMAL,False,2026-06-04T23:56:12.072970,0
-0.4344,NORMAL,False,2026-06-04T23:56:12.234232,0
-0.4307,NORMAL,False,2026-06-04T23:56:12.473792,0
-0.4301,NORMAL,False,2026-06-04T23:56:12.629889,0
-0.4312,NORMAL,False,2026-06-04T23:56:12.779710,0
-0.4343,NORMAL,False,2026-06-04T23:56:12.930055,0
-0.4372,NORMAL,False,2026-06-04T23:56:13.081931,0
-0.4352,NORMAL,False,2026-06-04T23:56:13.237015,0
-0.4388,NORMAL,False,2026-06-04T23:56:13.385450,0
-0.4362,NORMAL,False,2026-06-04T23:56:13.543180,0
-0.437,NORMAL,False,2026-06-04T23:56:13.710043,0
-0.4376,NORMAL,False,2026-06-04T23:56:13.868475,0
-0.4453,NORMAL,False,2026-06-04T23:56:14.051493,0
-0.4529,NORMAL,False,2026-06-04T23:56:14.234521,0
-0.449,NORMAL,False,2026-06-04T23:56:14.385956,0
-0.4451,NORMAL,False,2026-06-04T23:56:14.537772,0
-0.4421,NORMAL,False,2026-06-04T23:56:14.706463,0
-0.4399,NORMAL,False,2026-06-04T23:56:14.918066,0
-0.4325,NORMAL,False,2026-06-04T23:56:15.066289,0
-0.4399,NORMAL,False,2026-06-04T23:56:15.219110,0
-0.4365,NORMAL,False,2026-06-04T23:56:15.368335,0
-0.4369,NORMAL,False,2026-06-04T23:56:15.518095,0
-0.4339,NORMAL,False,2026-06-04T23:56:15.749414,0
-0.4334,NORMAL,False,2026-06-04T23:56:15.920099,0
-0.4276,NORMAL,False,2026-06-04T23:56:16.100846,0
-0.4254,NORMAL,False,2026-06-04T23:56:16.269725,0
-0.4267,NORMAL,False,2026-06-04T23:56:16.458009,0
-0.4292,NORMAL,False,2026-06-04T23:56:16.625838,0
-0.427,NORMAL,False,2026-06-04T23:56:16.799808,0
-0.429,NORMAL,False,2026-06-04T23:56:16.953791,0
-0.4319,NORMAL,False,2026-06-04T23:56:17.102075,0
-0.4356,NORMAL,False,2026-06-04T23:56:17.265719,0
-0.4517,NORMAL,False,2026-06-04T23:56:17.426269,0
-0.4399,NORMAL,False,2026-06-04T23:56:17.589304,0
-0.4237,NORMAL,False,2026-06-04T23:56:17.785227,0
-0.4071,NORMAL,False,2026-06-04T23:56:17.960450,0
-0.4103,NORMAL,False,2026-06-04T23:56:18.118935,0
-0.4101,NORMAL,False,2026-06-04T23:56:18.284058,0
-0.451,NORMAL,False,2026-06-04T23:56:18.447949,1
-0.4548,NORMAL,False,2026-06-04T23:56:18.719589,0
-0.4544,NORMAL,False,2026-06-04T23:56:18.934979,0
-0.4543,NORMAL,False,2026-06-04T23:56:19.107723,0
-0.4527,NORMAL,False,2026-06-04T23:56:19.344558,0
-0.4519,NORMAL,False,2026-06-04T23:56:19.503811,0
-0.4502,NORMAL,False,2026-06-04T23:56:19.655963,0
-0.4491,NORMAL,False,2026-06-04T23:56:19.814070,0
-0.4539,NORMAL,False,2026-06-04T23:56:19.978057,0
-0.4535,NORMAL,False,2026-06-04T23:56:20.157220,0
-0.4477,NORMAL,False,2026-06-04T23:56:20.399726,0
-0.4493,NORMAL,False,2026-06-04T23:56:20.549442,0
-0.4433,NORMAL,False,2026-06-04T23:56:20.703386,0
-0.4422,NORMAL,False,2026-06-04T23:56:20.855975,0
-0.4445,NORMAL,False,2026-06-04T23:56:21.047473,0
-0.4494,NORMAL,False,2026-06-04T23:56:21.242439,0
-0.4471,NORMAL,False,2026-06-04T23:56:21.400692,0
-0.4507,NORMAL,False,2026-06-04T23:56:21.551229,0
-0.4494,NORMAL,False,2026-06-04T23:56:21.716354,0
-0.4429,NORMAL,False,2026-06-04T23:56:21.889997,0
-0.4447,NORMAL,False,2026-06-04T23:56:22.059323,0
-0.4493,NORMAL,False,2026-06-04T23:56:22.235207,0
-0.4435,NORMAL,False,2026-06-04T23:56:22.393766,0
-0.4434,NORMAL,False,2026-06-04T23:56:22.554517,0
-0.4419,NORMAL,False,2026-06-04T23:56:22.760447,0
-0.4432,NORMAL,False,2026-06-04T23:56:22.915636,0
-0.4432,NORMAL,False,2026-06-04T23:56:23.069578,0
-0.4391,NORMAL,False,2026-06-04T23:56:23.230775,0
-0.4389,NORMAL,False,2026-06-04T23:56:23.400382,0
-0.4405,NORMAL,False,2026-06-04T23:56:23.547818,0
-0.4444,NORMAL,False,2026-06-04T23:56:23.721030,0
-0.4409,NORMAL,False,2026-06-04T23:56:23.875585,0
-0.4455,NORMAL,False,2026-06-04T23:56:24.025555,0
-0.4454,NORMAL,False,2026-06-04T23:56:24.173400,0
-0.4416,NORMAL,False,2026-06-04T23:56:24.323100,0
-0.4376,NORMAL,False,2026-06-04T23:56:24.476116,0
-0.4393,NORMAL,False,2026-06-04T23:56:24.623491,0
-0.4432,NORMAL,False,2026-06-04T23:56:24.777656,0
-0.4491,NORMAL,False,2026-06-04T23:56:24.926274,0
-0.4393,NORMAL,False,2026-06-04T23:56:25.077648,0
-0.4393,NORMAL,False,2026-06-04T23:56:25.231600,0
-0.4462,NORMAL,False,2026-06-04T23:56:25.380139,0
-0.4403,NORMAL,False,2026-06-04T23:56:25.553571,0
-0.4443,NORMAL,False,2026-06-04T23:56:25.704799,0
-0.4449,NORMAL,False,2026-06-04T23:56:25.928651,0
-0.4479,NORMAL,False,2026-06-04T23:56:26.087898,0
-0.4529,NORMAL,False,2026-06-04T23:56:26.250785,0
-0.4437,NORMAL,False,2026-06-04T23:56:26.531992,0
-0.4478,NORMAL,False,2026-06-04T23:56:26.702725,0
-0.4472,NORMAL,False,2026-06-04T23:56:26.881072,0
-0.4252,NORMAL,False,2026-06-04T23:56:27.054729,0
-0.4234,NORMAL,False,2026-06-04T23:56:27.203671,0
-0.4203,NORMAL,False,2026-06-04T23:56:27.352648,0
-0.4319,NORMAL,False,2026-06-04T23:56:27.507189,0
-0.4528,NORMAL,False,2026-06-04T23:56:27.665401,0
-0.4526,NORMAL,False,2026-06-04T23:56:27.873206,0
-0.4551,NORMAL,False,2026-06-04T23:56:28.063239,0
-0.4595,NORMAL,False,2026-06-04T23:56:28.220088,0
-0.4512,NORMAL,False,2026-06-04T23:56:28.372405,0
-0.4439,NORMAL,False,2026-06-04T23:56:28.532891,0
-0.4348,NORMAL,False,2026-06-04T23:56:28.697074,0
-0.4362,NORMAL,False,2026-06-04T23:56:28.859177,0
-0.4683,NORMAL,False,2026-06-04T23:56:29.018271,1
-0.4641,NORMAL,False,2026-06-04T23:56:29.214408,0
-0.463,NORMAL,False,2026-06-04T23:56:29.587408,0
-0.4695,NORMAL,False,2026-06-04T23:56:29.759421,0
-0.4724,NORMAL,False,2026-06-04T23:56:29.935357,0
-0.4832,NORMAL,False,2026-06-04T23:56:30.101312,0
-0.4903,NORMAL,False,2026-06-04T23:56:30.282440,0
-0.4968,NORMAL,False,2026-06-04T23:56:30.470812,0
-0.4973,NORMAL,False,2026-06-04T23:56:30.660671,0
-0.5015,LOW,False,2026-06-04T23:56:30.844668,0
-0.5085,LOW,False,2026-06-04T23:56:30.995707,0
-0.5091,LOW,False,2026-06-04T23:56:31.144829,0
-0.4989,NORMAL,False,2026-06-04T23:56:31.300146,0
-0.4967,NORMAL,False,2026-06-04T23:56:31.462559,0
-0.5053,LOW,False,2026-06-04T23:56:31.620430,0
-0.5071,LOW,False,2026-06-04T23:56:31.769658,0
-0.5204,MEDIUM,True,2026-06-04T23:56:31.922415,0
-0.5257,MEDIUM,True,2026-06-04T23:57:14.152485,0
-0.5218,MEDIUM,True,2026-06-04T23:57:36.797894,0
-0.5133,LOW,False,2026-06-04T23:57:37.549672,0
-0.5155,LOW,False,2026-06-04T23:57:37.711227,0
-0.5173,LOW,False,2026-06-04T23:57:37.876194,0
-0.5356,MEDIUM,True,2026-06-04T23:57:38.083763,0
-0.5332,MEDIUM,True,2026-06-04T23:57:39.335786,0
-0.5326,MEDIUM,True,2026-06-04T23:57:39.980652,0
-0.5246,MEDIUM,True,2026-06-04T23:57:40.574954,0
-0.5284,MEDIUM,True,2026-06-04T23:57:41.729317,0
-0.5299,MEDIUM,True,2026-06-04T23:57:42.414535,0
-0.5142,LOW,False,2026-06-04T23:57:43.330748,0
-0.5117,LOW,False,2026-06-04T23:57:43.481651,0
-0.5074,LOW,False,2026-06-04T23:57:43.630821,0
-0.5047,LOW,False,2026-06-04T23:57:43.778457,0
-0.5045,LOW,False,2026-06-04T23:57:43.925731,0
-0.5076,LOW,False,2026-06-04T23:57:44.095207,0
-0.5046,LOW,False,2026-06-04T23:57:44.246025,0
-0.5075,LOW,False,2026-06-04T23:57:44.392429,0
-0.504,LOW,False,2026-06-04T23:57:44.539110,0
-0.5066,LOW,False,2026-06-04T23:57:44.688421,0
-0.5174,LOW,False,2026-06-04T23:57:44.841849,0
-0.5193,LOW,False,2026-06-04T23:57:44.990111,0
-0.5167,LOW,False,2026-06-04T23:57:45.163913,0
-0.5175,LOW,False,2026-06-04T23:57:45.311765,0
-0.5182,LOW,False,2026-06-04T23:57:45.518393,0
-0.5197,LOW,False,2026-06-04T23:57:45.672334,0
-0.52,MEDIUM,True,2026-06-04T23:57:45.822752,0
-0.5252,MEDIUM,True,2026-06-04T23:57:46.426075,0
-0.5298,MEDIUM,True,2026-06-04T23:57:47.723660,0
-0.5307,MEDIUM,True,2026-06-04T23:57:48.259996,0
-0.5312,MEDIUM,True,2026-06-04T23:57:49.200024,0
-0.5305,MEDIUM,True,2026-06-04T23:57:49.779075,0
-0.4889,NORMAL,False,2026-06-04T23:57:50.975015,1
-0.4686,NORMAL,False,2026-06-04T23:57:51.182151,0
-0.4688,NORMAL,False,2026-06-04T23:57:51.338585,0
-0.4602,NORMAL,False,2026-06-04T23:57:51.499109,0
-0.4607,NORMAL,False,2026-06-04T23:57:51.651962,0
-0.4655,NORMAL,False,2026-06-04T23:57:51.802814,0
-0.454,NORMAL,False,2026-06-04T23:57:51.952466,0
-0.4677,NORMAL,False,2026-06-04T23:57:52.102495,0
-0.4657,NORMAL,False,2026-06-04T23:57:52.251731,0
-0.4363,NORMAL,False,2026-06-04T23:57:52.402955,0
-0.4513,NORMAL,False,2026-06-04T23:57:52.553332,0
-0.4514,NORMAL,False,2026-06-04T23:57:52.713015,0
-0.4272,NORMAL,False,2026-06-04T23:57:52.919118,0
-0.4197,NORMAL,False,2026-06-04T23:57:53.092639,0
-0.4125,NORMAL,False,2026-06-04T23:57:53.265790,0
-0.4121,NORMAL,False,2026-06-04T23:57:53.426086,0
-0.4146,NORMAL,False,2026-06-04T23:57:53.580068,0
-0.4244,NORMAL,False,2026-06-04T23:57:53.728208,0
-0.4273,NORMAL,False,2026-06-04T23:57:53.876322,0
-0.4327,NORMAL,False,2026-06-04T23:57:54.025020,0
-0.4321,NORMAL,False,2026-06-04T23:57:54.174762,0
-0.435,NORMAL,False,2026-06-04T23:57:54.329594,0
-0.4316,NORMAL,False,2026-06-04T23:57:54.476131,0
-0.4276,NORMAL,False,2026-06-04T23:57:54.626879,0
-0.4277,NORMAL,False,2026-06-04T23:57:54.774254,0
-0.4242,NORMAL,False,2026-06-04T23:57:54.922810,0
-0.4215,NORMAL,False,2026-06-04T23:57:55.070068,0
-0.4229,NORMAL,False,2026-06-04T23:57:55.219108,0
-0.4121,NORMAL,False,2026-06-04T23:57:55.371321,0
-0.4118,NORMAL,False,2026-06-04T23:57:55.518929,0
-0.4055,NORMAL,False,2026-06-04T23:57:55.670919,0
-0.4066,NORMAL,False,2026-06-04T23:57:55.821816,0
-0.4058,NORMAL,False,2026-06-04T23:57:56.020958,0
-0.4136,NORMAL,False,2026-06-04T23:57:56.169025,0
-0.4172,NORMAL,False,2026-06-04T23:57:56.318634,0
-0.4201,NORMAL,False,2026-06-04T23:57:56.465849,0
-0.4227,NORMAL,False,2026-06-04T23:57:56.626388,0
-0.4236,NORMAL,False,2026-06-04T23:57:56.776421,0
-0.4301,NORMAL,False,2026-06-04T23:57:56.933730,0
-0.4275,NORMAL,False,2026-06-04T23:57:57.086231,0
-0.4258,NORMAL,False,2026-06-04T23:57:57.237381,0
-0.5015,LOW,False,2026-06-04T23:57:57.386397,1
-0.5125,LOW,False,2026-06-04T23:57:57.573321,0
-0.5149,LOW,False,2026-06-04T23:57:57.755890,0
-0.5124,LOW,False,2026-06-04T23:57:57.905760,0
-0.5139,LOW,False,2026-06-04T23:57:58.056648,0
-0.5181,LOW,False,2026-06-04T23:57:58.206586,0
-0.5152,LOW,False,2026-06-04T23:57:58.354365,0
-0.5183,LOW,False,2026-06-04T23:57:58.517737,0
-0.5102,LOW,False,2026-06-04T23:57:58.666591,0
-0.521,MEDIUM,True,2026-06-04T23:57:58.824443,0
-0.5173,LOW,False,2026-06-04T23:57:59.995792,0
-0.5121,LOW,False,2026-06-04T23:58:00.200337,0
-0.5122,LOW,False,2026-06-04T23:58:00.366060,0
-0.5085,LOW,False,2026-06-04T23:58:00.566316,0
-0.5043,LOW,False,2026-06-04T23:58:00.760377,0
-0.5058,LOW,False,2026-06-04T23:58:00.911659,0
-0.5003,LOW,False,2026-06-04T23:58:01.063996,0
-0.4987,NORMAL,False,2026-06-04T23:58:01.216708,0
-0.4981,NORMAL,False,2026-06-04T23:58:01.365999,0
-0.4963,NORMAL,False,2026-06-04T23:58:01.526733,0
-0.4916,NORMAL,False,2026-06-04T23:58:01.683112,0
-0.5046,LOW,False,2026-06-04T23:58:01.829662,0
-0.5181,LOW,False,2026-06-04T23:58:01.984953,0
-0.5204,MEDIUM,True,2026-06-04T23:58:02.142653,0
-0.5245,MEDIUM,True,2026-06-04T23:58:02.637922,0
-0.5213,MEDIUM,True,2026-06-04T23:58:03.270891,0
-0.5243,MEDIUM,True,2026-06-04T23:58:04.062705,0
-0.5262,MEDIUM,True,2026-06-04T23:58:05.026954,0
-0.5211,MEDIUM,True,2026-06-04T23:58:05.657638,0
-0.5139,LOW,False,2026-06-04T23:58:06.159936,0
-0.5137,LOW,False,2026-06-04T23:58:06.307584,0
-0.5155,LOW,False,2026-06-04T23:58:06.526609,0
-0.5205,MEDIUM,True,2026-06-04T23:58:06.679479,0
-0.5155,LOW,False,2026-06-04T23:58:07.589909,0
-0.5181,LOW,False,2026-06-04T23:58:07.738235,0
-0.5208,MEDIUM,True,2026-06-04T23:58:07.886900,0
-0.5161,LOW,False,2026-06-04T23:58:08.604167,0
-0.5207,MEDIUM,True,2026-06-04T23:58:08.794458,0
-0.5205,MEDIUM,True,2026-06-04T23:58:09.402442,0
-0.5457,MEDIUM,True,2026-06-04T23:58:10.003959,1
-0.5453,MEDIUM,True,2026-06-04T23:58:10.687558,0
-0.5458,MEDIUM,True,2026-06-04T23:58:11.890073,0
-0.5454,MEDIUM,True,2026-06-04T23:58:12.440946,0
-0.5454,MEDIUM,True,2026-06-04T23:58:13.944487,0
-0.5447,MEDIUM,True,2026-06-04T23:58:14.460405,0
-0.5443,MEDIUM,True,2026-06-04T23:58:15.304813,0
-0.5398,MEDIUM,True,2026-06-04T23:58:16.182125,0
-0.5363,MEDIUM,True,2026-06-04T23:58:16.890248,0
-0.5349,MEDIUM,True,2026-06-04T23:58:17.541583,0
-0.5323,MEDIUM,True,2026-06-04T23:58:18.177245,0
-0.4578,NORMAL,False,2026-06-04T23:58:18.805306,0
-0.4531,NORMAL,False,2026-06-04T23:58:19.002851,0
-0.4568,NORMAL,False,2026-06-04T23:58:19.158979,0
-0.4494,NORMAL,False,2026-06-04T23:58:19.306836,0
-0.4476,NORMAL,False,2026-06-04T23:58:19.455591,0
-0.4485,NORMAL,False,2026-06-04T23:58:19.605718,0
-0.4493,NORMAL,False,2026-06-04T23:58:19.753654,0
-0.4511,NORMAL,False,2026-06-04T23:58:19.918422,0
-0.4533,NORMAL,False,2026-06-04T23:58:20.067369,0
-0.4552,NORMAL,False,2026-06-04T23:58:20.217173,0
-0.4527,NORMAL,False,2026-06-04T23:58:20.365445,0
-0.4565,NORMAL,False,2026-06-04T23:58:20.513380,0
-0.4522,NORMAL,False,2026-06-04T23:58:20.662264,0
-0.4536,NORMAL,False,2026-06-04T23:58:20.812656,0
-0.4528,NORMAL,False,2026-06-04T23:58:20.960702,0
-0.4453,NORMAL,False,2026-06-04T23:58:21.109079,0
-0.4583,NORMAL,False,2026-06-04T23:58:21.261058,0
-0.4623,NORMAL,False,2026-06-04T23:58:21.410558,0
-0.4628,NORMAL,False,2026-06-04T23:58:21.561472,0
-0.4628,NORMAL,False,2026-06-04T23:58:21.714179,0
-0.4786,NORMAL,False,2026-06-04T23:58:21.865327,0
-0.4893,NORMAL,False,2026-06-04T23:58:22.069227,0
-0.494,NORMAL,False,2026-06-04T23:58:22.219805,0
-0.5028,LOW,False,2026-06-04T23:58:22.368922,0
-0.5012,LOW,False,2026-06-04T23:58:22.519528,0
-0.5147,LOW,False,2026-06-04T23:58:22.670410,0
-0.5253,MEDIUM,True,2026-06-04T23:58:22.819213,0
-0.5165,LOW,False,2026-06-04T23:58:23.945404,0
-0.5088,LOW,False,2026-06-04T23:58:24.095315,0
-0.4941,NORMAL,False,2026-06-04T23:58:24.250083,0
-0.5083,LOW,False,2026-06-04T23:58:24.412134,0
-0.4885,NORMAL,False,2026-06-04T23:58:24.560678,0
-0.485,NORMAL,False,2026-06-04T23:58:24.712468,0
-0.4955,NORMAL,False,2026-06-04T23:58:24.862095,0
-0.4944,NORMAL,False,2026-06-04T23:58:25.012702,0
-0.5152,LOW,False,2026-06-04T23:58:25.161856,0
-0.5068,LOW,False,2026-06-04T23:58:25.314684,0
-0.5038,LOW,False,2026-06-04T23:58:25.465152,0
-0.5043,LOW,False,2026-06-04T23:58:25.618658,0
-0.4692,NORMAL,False,2026-06-04T23:58:25.768983,0
-0.4606,NORMAL,False,2026-06-04T23:58:25.919150,0
-0.473,NORMAL,False,2026-06-04T23:58:26.115643,0
-0.4689,NORMAL,False,2026-06-04T23:58:26.265072,0
-0.4665,NORMAL,False,2026-06-04T23:58:26.416759,0
-0.4664,NORMAL,False,2026-06-04T23:58:26.589768,0
-0.4643,NORMAL,False,2026-06-04T23:58:26.748986,0
-0.4927,NORMAL,False,2026-06-04T23:58:26.899829,0
-0.487,NORMAL,False,2026-06-04T23:58:27.047084,0
-0.4583,NORMAL,False,2026-06-04T23:58:27.196525,0
-0.46,NORMAL,False,2026-06-04T23:58:27.347966,0
-0.4532,NORMAL,False,2026-06-04T23:58:27.498992,0
-0.4541,NORMAL,False,2026-06-04T23:58:27.647394,0
-0.4534,NORMAL,False,2026-06-04T23:58:27.803147,0
-0.4548,NORMAL,False,2026-06-04T23:58:27.951213,0
-0.4572,NORMAL,False,2026-06-04T23:58:28.098897,0
-0.4523,NORMAL,False,2026-06-04T23:58:28.247063,0
-0.4525,NORMAL,False,2026-06-04T23:58:28.397167,0
-0.4524,NORMAL,False,2026-06-04T23:58:28.547527,0
-0.4472,NORMAL,False,2026-06-04T23:58:28.700077,1
-0.4498,NORMAL,False,2026-06-04T23:58:28.860637,0
-0.4528,NORMAL,False,2026-06-04T23:58:29.010182,0
-0.4348,NORMAL,False,2026-06-04T23:58:29.211700,0
-0.442,NORMAL,False,2026-06-04T23:58:29.361637,0
-0.4412,NORMAL,False,2026-06-04T23:58:29.513105,0
-0.446,NORMAL,False,2026-06-04T23:58:29.662795,0
-0.4466,NORMAL,False,2026-06-04T23:58:29.813591,0
-0.446,NORMAL,False,2026-06-04T23:58:29.962333,0
-0.4432,NORMAL,False,2026-06-04T23:58:30.111700,0
-0.4439,NORMAL,False,2026-06-04T23:58:30.259616,0
-0.4374,NORMAL,False,2026-06-04T23:58:30.409302,0
-0.4383,NORMAL,False,2026-06-04T23:58:30.559188,0
-0.4377,NORMAL,False,2026-06-04T23:58:30.711171,0
-0.4357,NORMAL,False,2026-06-04T23:58:30.867958,0
-0.4354,NORMAL,False,2026-06-04T23:58:31.042968,0
-0.4231,NORMAL,False,2026-06-04T23:58:31.196513,0
-0.4263,NORMAL,False,2026-06-04T23:58:31.346081,0
-0.427,NORMAL,False,2026-06-04T23:58:31.493421,0
-0.4233,NORMAL,False,2026-06-04T23:58:31.643763,0
-0.4196,NORMAL,False,2026-06-04T23:58:31.791632,0
-0.4162,NORMAL,False,2026-06-04T23:58:31.943079,0
-0.424,NORMAL,False,2026-06-04T23:58:32.092465,0
-0.4188,NORMAL,False,2026-06-04T23:58:32.290450,0
-0.4169,NORMAL,False,2026-06-04T23:58:32.440027,0
-0.4183,NORMAL,False,2026-06-04T23:58:32.587757,0
-0.4151,NORMAL,False,2026-06-04T23:58:32.740778,0
-0.4161,NORMAL,False,2026-06-04T23:58:32.894841,0
-0.4121,NORMAL,False,2026-06-04T23:58:33.044170,0
-0.4117,NORMAL,False,2026-06-04T23:58:33.196636,0
-0.4131,NORMAL,False,2026-06-04T23:58:33.344593,0
-0.4084,NORMAL,False,2026-06-04T23:58:33.492969,0
-0.4098,NORMAL,False,2026-06-04T23:58:33.641635,0
-0.4082,NORMAL,False,2026-06-04T23:58:33.792237,0
-0.4189,NORMAL,False,2026-06-04T23:58:33.942102,0
-0.4178,NORMAL,False,2026-06-04T23:58:34.090912,0
-0.4187,NORMAL,False,2026-06-04T23:58:34.237988,0
-0.4171,NORMAL,False,2026-06-04T23:58:34.387237,0
-0.4037,NORMAL,False,2026-06-04T23:58:34.537084,0
-0.4024,NORMAL,False,2026-06-04T23:58:34.688729,0
-0.4009,NORMAL,False,2026-06-04T23:58:34.839505,0
-0.4013,NORMAL,False,2026-06-04T23:58:34.987033,0
-0.4028,NORMAL,False,2026-06-04T23:58:35.135524,0
-0.4005,NORMAL,False,2026-06-04T23:58:35.335351,0
-0.3976,NORMAL,False,2026-06-04T23:58:35.495568,0
-0.3978,NORMAL,False,2026-06-04T23:58:35.651443,0
-0.3986,NORMAL,False,2026-06-04T23:58:35.802635,0
-0.398,NORMAL,False,2026-06-04T23:58:35.952768,0
-0.4019,NORMAL,False,2026-06-04T23:58:36.103669,0
-0.4026,NORMAL,False,2026-06-04T23:58:36.254057,0
-0.4004,NORMAL,False,2026-06-04T23:58:36.403746,0
-0.4012,NORMAL,False,2026-06-04T23:58:36.551663,0
-0.4032,NORMAL,False,2026-06-04T23:58:36.704048,0
-0.409,NORMAL,False,2026-06-04T23:58:36.853355,0
-0.4087,NORMAL,False,2026-06-04T23:58:37.002477,0
-0.4098,NORMAL,False,2026-06-04T23:58:37.152867,0
-0.4126,NORMAL,False,2026-06-04T23:58:37.300857,0
-0.4175,NORMAL,False,2026-06-04T23:58:37.452925,0
-0.4189,NORMAL,False,2026-06-04T23:58:37.600874,0
-0.4214,NORMAL,False,2026-06-04T23:58:37.767734,0
-0.423,NORMAL,False,2026-06-04T23:58:37.922635,0
-0.4272,NORMAL,False,2026-06-04T23:58:38.073163,0
-0.433,NORMAL,False,2026-06-04T23:58:38.221497,0
-0.4417,NORMAL,False,2026-06-04T23:58:38.419592,0
-0.4358,NORMAL,False,2026-06-04T23:58:38.566440,0
-0.4429,NORMAL,False,2026-06-04T23:58:38.717663,0
-0.4563,NORMAL,False,2026-06-04T23:58:38.867459,0
-0.4738,NORMAL,False,2026-06-04T23:58:39.017164,0
-0.4785,NORMAL,False,2026-06-04T23:58:39.164079,0
-0.4794,NORMAL,False,2026-06-04T23:58:39.314243,0
-0.4794,NORMAL,False,2026-06-04T23:58:39.464771,0
-0.4773,NORMAL,False,2026-06-04T23:58:39.615872,0
-0.4884,NORMAL,False,2026-06-04T23:58:39.764789,0
-0.4974,NORMAL,False,2026-06-04T23:58:39.944993,0
-0.5041,LOW,False,2026-06-04T23:58:40.097762,0
-0.512,LOW,False,2026-06-04T23:58:40.247529,0
-0.5684,HIGH,True,2026-06-04T23:58:40.397801,1
-0.5715,HIGH,True,2026-06-04T23:58:43.780845,0
-0.5816,HIGH,True,2026-06-04T23:58:45.142053,0
-0.5829,HIGH,True,2026-06-04T23:58:45.776992,0
-0.5956,HIGH,True,2026-06-04T23:58:46.384602,0
-0.5954,HIGH,True,2026-06-04T23:58:47.805700,0
-0.5935,HIGH,True,2026-06-04T23:58:48.543268,0
-0.5956,HIGH,True,2026-06-04T23:58:49.207775,0
-0.5855,HIGH,True,2026-06-04T23:58:50.363854,0
-0.5875,HIGH,True,2026-06-04T23:58:50.964001,0
-0.5879,HIGH,True,2026-06-04T23:58:51.630925,0
-0.5919,HIGH,True,2026-06-04T23:58:52.158846,0
-0.5911,HIGH,True,2026-06-04T23:58:52.754162,0
-0.5951,HIGH,True,2026-06-04T23:58:53.391094,0
-0.592,HIGH,True,2026-06-04T23:58:53.969018,0
-0.591,HIGH,True,2026-06-04T23:58:54.601351,0
-0.5812,HIGH,True,2026-06-04T23:58:56.448630,0
-0.5657,HIGH,True,2026-06-04T23:58:57.145541,0
-0.5608,HIGH,True,2026-06-04T23:58:57.698751,0
-0.5605,HIGH,True,2026-06-04T23:58:58.302576,0
-0.5528,HIGH,True,2026-06-04T23:58:58.885976,0
-0.5571,HIGH,True,2026-06-04T23:59:00.689147,0
-0.5508,HIGH,True,2026-06-04T23:59:01.294994,0
-0.5505,HIGH,True,2026-06-04T23:59:02.066521,0
-0.5511,HIGH,True,2026-06-04T23:59:02.682995,0
-0.5551,HIGH,True,2026-06-04T23:59:03.225151,0
-0.5577,HIGH,True,2026-06-04T23:59:03.720358,1
-0.5568,HIGH,True,2026-06-04T23:59:04.262487,1
-0.5558,HIGH,True,2026-06-04T23:59:05.433548,0
-0.5497,MEDIUM,True,2026-06-04T23:59:05.950809,0
-0.5478,MEDIUM,True,2026-06-04T23:59:06.991565,0
-0.5424,MEDIUM,True,2026-06-04T23:59:07.496333,0
-0.5403,MEDIUM,True,2026-06-04T23:59:08.114949,0
-0.5418,MEDIUM,True,2026-06-04T23:59:08.736688,0
-0.5465,MEDIUM,True,2026-06-04T23:59:09.383438,0
-0.5425,MEDIUM,True,2026-06-04T23:59:10.007247,0
-0.5299,MEDIUM,True,2026-06-04T23:59:10.560681,0
-0.5328,MEDIUM,True,2026-06-04T23:59:11.218691,0
-0.5307,MEDIUM,True,2026-06-04T23:59:11.790078,0
-0.5089,LOW,False,2026-06-04T23:59:12.420463,0
-0.511,LOW,False,2026-06-04T23:59:12.570161,0
-0.5109,LOW,False,2026-06-04T23:59:12.722661,0
-0.5102,LOW,False,2026-06-04T23:59:12.875641,0
-0.5087,LOW,False,2026-06-04T23:59:13.025375,0
-0.5098,LOW,False,2026-06-04T23:59:13.173881,0
-0.5101,LOW,False,2026-06-04T23:59:13.344895,0
-0.5066,LOW,False,2026-06-04T23:59:13.541643,0
-0.5082,LOW,False,2026-06-04T23:59:13.741850,0
-0.5111,LOW,False,2026-06-04T23:59:13.891977,0
-0.5128,LOW,False,2026-06-04T23:59:14.044138,0
-0.4793,NORMAL,False,2026-06-04T23:59:14.196114,0
-0.4826,NORMAL,False,2026-06-04T23:59:14.346724,0
-0.4802,NORMAL,False,2026-06-04T23:59:14.495725,0
-0.4755,NORMAL,False,2026-06-04T23:59:14.657084,0
-0.4761,NORMAL,False,2026-06-04T23:59:14.808589,0
-0.4804,NORMAL,False,2026-06-04T23:59:14.957229,0
-0.4773,NORMAL,False,2026-06-04T23:59:15.108351,0
-0.4678,NORMAL,False,2026-06-04T23:59:15.258301,0
-0.4743,NORMAL,False,2026-06-04T23:59:15.405504,0
-0.4752,NORMAL,False,2026-06-04T23:59:15.573978,0
-0.4737,NORMAL,False,2026-06-04T23:59:15.727962,0
-0.477,NORMAL,False,2026-06-04T23:59:15.878542,0
-0.472,NORMAL,False,2026-06-04T23:59:16.028105,0
-0.4732,NORMAL,False,2026-06-04T23:59:16.178824,0
-0.4724,NORMAL,False,2026-06-04T23:59:16.329366,0
-0.473,NORMAL,False,2026-06-04T23:59:16.484166,0
-0.4753,NORMAL,False,2026-06-04T23:59:16.637199,0
-0.4674,NORMAL,False,2026-06-04T23:59:16.839582,0
-0.4595,NORMAL,False,2026-06-04T23:59:16.987843,0
-0.4557,NORMAL,False,2026-06-04T23:59:17.138328,0
-0.4617,NORMAL,False,2026-06-04T23:59:17.289184,0
-0.4612,NORMAL,False,2026-06-04T23:59:17.438873,0
-0.4708,NORMAL,False,2026-06-04T23:59:17.587239,0
-0.4795,NORMAL,False,2026-06-04T23:59:17.735381,0
-0.473,NORMAL,False,2026-06-04T23:59:17.888448,0
-0.4757,NORMAL,False,2026-06-04T23:59:18.036871,0
-0.4684,NORMAL,False,2026-06-04T23:59:18.188308,0
-0.4642,NORMAL,False,2026-06-04T23:59:18.335274,0
-0.4716,NORMAL,False,2026-06-04T23:59:18.491617,0
-0.4642,NORMAL,False,2026-06-04T23:59:18.650010,0
-0.4609,NORMAL,False,2026-06-04T23:59:18.812065,0
-0.4545,NORMAL,False,2026-06-04T23:59:18.958587,0
-0.4643,NORMAL,False,2026-06-04T23:59:19.107424,0
-0.461,NORMAL,False,2026-06-04T23:59:19.256509,0
-0.4592,NORMAL,False,2026-06-04T23:59:19.410947,0
-0.4555,NORMAL,False,2026-06-04T23:59:19.562963,0
-0.4992,NORMAL,False,2026-06-04T23:59:19.715332,0
-0.4994,NORMAL,False,2026-06-04T23:59:19.916050,0
-0.4989,NORMAL,False,2026-06-04T23:59:20.087229,0
-0.5001,LOW,False,2026-06-04T23:59:20.240044,0
-0.4968,NORMAL,False,2026-06-04T23:59:20.392272,0
-0.5001,LOW,False,2026-06-04T23:59:20.541990,0
-0.5027,LOW,False,2026-06-04T23:59:20.694760,0
-0.5004,LOW,False,2026-06-04T23:59:20.843174,0
-0.4913,NORMAL,False,2026-06-04T23:59:20.992232,0
-0.4885,NORMAL,False,2026-06-04T23:59:21.150507,0
-0.4919,NORMAL,False,2026-06-04T23:59:21.301781,0
-0.5025,LOW,False,2026-06-04T23:59:21.448963,0
-0.4879,NORMAL,False,2026-06-04T23:59:21.596514,0
-0.4889,NORMAL,False,2026-06-04T23:59:21.747166,0
-0.492,NORMAL,False,2026-06-04T23:59:21.896125,0
-0.4862,NORMAL,False,2026-06-04T23:59:22.047195,0
-0.4857,NORMAL,False,2026-06-04T23:59:22.196026,0
-0.4927,NORMAL,False,2026-06-04T23:59:22.361024,0
-0.5024,LOW,False,2026-06-04T23:59:22.513802,0
-0.4994,NORMAL,False,2026-06-04T23:59:22.664804,0
-0.5009,LOW,False,2026-06-04T23:59:22.817111,0
-0.5035,LOW,False,2026-06-04T23:59:23.014953,0
-0.5014,LOW,False,2026-06-04T23:59:23.167048,1
-0.4828,NORMAL,False,2026-06-04T23:59:23.315506,0
-0.4888,NORMAL,False,2026-06-04T23:59:23.462214,0
-0.487,NORMAL,False,2026-06-04T23:59:23.613495,0
-0.4659,NORMAL,False,2026-06-04T23:59:23.765342,0
-0.4633,NORMAL,False,2026-06-04T23:59:23.916241,0
-0.4629,NORMAL,False,2026-06-04T23:59:24.065011,0
-0.4598,NORMAL,False,2026-06-04T23:59:24.215455,0
-0.4574,NORMAL,False,2026-06-04T23:59:24.365220,0
-0.4542,NORMAL,False,2026-06-04T23:59:24.539864,0
-0.4611,NORMAL,False,2026-06-04T23:59:24.700470,0
-0.4634,NORMAL,False,2026-06-04T23:59:24.850293,0
-0.4443,NORMAL,False,2026-06-04T23:59:25.001086,0
-0.4459,NORMAL,False,2026-06-04T23:59:25.155974,0
-0.4452,NORMAL,False,2026-06-04T23:59:25.303632,0
-0.4478,NORMAL,False,2026-06-04T23:59:25.451576,0
-0.4561,NORMAL,False,2026-06-04T23:59:25.601163,0
-0.4545,NORMAL,False,2026-06-04T23:59:25.750518,0
-0.4626,NORMAL,False,2026-06-04T23:59:25.904141,0
-0.4559,NORMAL,False,2026-06-04T23:59:26.099158,0
-0.4526,NORMAL,False,2026-06-04T23:59:26.246599,0
-0.4516,NORMAL,False,2026-06-04T23:59:26.397585,0
-0.4558,NORMAL,False,2026-06-04T23:59:26.552989,0
-0.4295,NORMAL,False,2026-06-04T23:59:26.725438,0
-0.4516,NORMAL,False,2026-06-04T23:59:26.873494,0
-0.4548,NORMAL,False,2026-06-04T23:59:27.021950,0
-0.4504,NORMAL,False,2026-06-04T23:59:27.170688,0
-0.4532,NORMAL,False,2026-06-04T23:59:27.320891,0
-0.4581,NORMAL,False,2026-06-04T23:59:27.469014,0
-0.4635,NORMAL,False,2026-06-04T23:59:27.618187,0
-0.4576,NORMAL,False,2026-06-04T23:59:27.769317,0
-0.4607,NORMAL,False,2026-06-04T23:59:27.919679,0
-0.4571,NORMAL,False,2026-06-04T23:59:28.068222,0
-0.4592,NORMAL,False,2026-06-04T23:59:28.219450,0
-0.4674,NORMAL,False,2026-06-04T23:59:28.369851,0
-0.4692,NORMAL,False,2026-06-04T23:59:28.520143,0
-0.4702,NORMAL,False,2026-06-04T23:59:28.669077,0
-0.4714,NORMAL,False,2026-06-04T23:59:28.818705,0
-0.4686,NORMAL,False,2026-06-04T23:59:28.991953,0
-0.4697,NORMAL,False,2026-06-04T23:59:29.210467,0
-0.4721,NORMAL,False,2026-06-04T23:59:29.368983,0
-0.4752,NORMAL,False,2026-06-04T23:59:29.529444,0
-0.4725,NORMAL,False,2026-06-04T23:59:29.683779,0
-0.4741,NORMAL,False,2026-06-04T23:59:29.832292,0
-0.4742,NORMAL,False,2026-06-04T23:59:29.983417,0
-0.4772,NORMAL,False,2026-06-04T23:59:30.131396,0
-0.4776,NORMAL,False,2026-06-04T23:59:30.280692,0
-0.4793,NORMAL,False,2026-06-04T23:59:30.429732,0
-0.4839,NORMAL,False,2026-06-04T23:59:30.580177,0
-0.4733,NORMAL,False,2026-06-04T23:59:30.729557,0
-0.4825,NORMAL,False,2026-06-04T23:59:30.876755,0
-0.4766,NORMAL,False,2026-06-04T23:59:31.027393,0
-0.4741,NORMAL,False,2026-06-04T23:59:31.179416,0
-0.4736,NORMAL,False,2026-06-04T23:59:31.332552,0
-0.4696,NORMAL,False,2026-06-04T23:59:31.483904,0
-0.469,NORMAL,False,2026-06-04T23:59:31.634597,0
-0.4664,NORMAL,False,2026-06-04T23:59:31.789442,0
-0.4672,NORMAL,False,2026-06-04T23:59:31.937270,0
-0.4703,NORMAL,False,2026-06-04T23:59:32.085433,0
-0.463,NORMAL,False,2026-06-04T23:59:32.298700,0
-0.4635,NORMAL,False,2026-06-04T23:59:32.452810,0
-0.4667,NORMAL,False,2026-06-04T23:59:32.600758,0
-0.4525,NORMAL,False,2026-06-04T23:59:32.749358,0
-0.4576,NORMAL,False,2026-06-04T23:59:32.906799,0
-0.456,NORMAL,False,2026-06-04T23:59:33.059328,0
-0.4644,NORMAL,False,2026-06-04T23:59:33.220054,0
-0.4573,NORMAL,False,2026-06-04T23:59:33.372182,0
-0.4566,NORMAL,False,2026-06-04T23:59:33.527663,0
-0.4558,NORMAL,False,2026-06-04T23:59:33.686323,0
-0.4521,NORMAL,False,2026-06-04T23:59:33.833394,0
-0.4454,NORMAL,False,2026-06-04T23:59:33.983927,0
-0.4431,NORMAL,False,2026-06-04T23:59:34.132213,0
-0.4449,NORMAL,False,2026-06-04T23:59:34.284865,0
-0.448,NORMAL,False,2026-06-04T23:59:34.432048,0
-0.4488,NORMAL,False,2026-06-04T23:59:34.583655,0
-0.4446,NORMAL,False,2026-06-04T23:59:34.734264,0
-0.444,NORMAL,False,2026-06-04T23:59:34.884880,0
-0.4473,NORMAL,False,2026-06-04T23:59:35.037489,0
-0.4487,NORMAL,False,2026-06-04T23:59:35.189096,0
-0.4505,NORMAL,False,2026-06-04T23:59:35.424111,0
-0.4495,NORMAL,False,2026-06-04T23:59:35.602362,0
-0.4532,NORMAL,False,2026-06-04T23:59:35.776625,0
-0.4384,NORMAL,False,2026-06-04T23:59:35.932654,0
-0.44,NORMAL,False,2026-06-04T23:59:36.082304,0
-0.4437,NORMAL,False,2026-06-04T23:59:36.234477,0
-0.4386,NORMAL,False,2026-06-04T23:59:36.383542,0
-0.4414,NORMAL,False,2026-06-04T23:59:36.536780,0
-0.4405,NORMAL,False,2026-06-04T23:59:36.696208,0
-0.4415,NORMAL,False,2026-06-04T23:59:36.845913,0
-0.4414,NORMAL,False,2026-06-04T23:59:36.995042,0
-0.4438,NORMAL,False,2026-06-04T23:59:37.144366,0
-0.4381,NORMAL,False,2026-06-04T23:59:37.295802,0
-0.4495,NORMAL,False,2026-06-04T23:59:37.443102,0
-0.4487,NORMAL,False,2026-06-04T23:59:37.592631,0
-0.4446,NORMAL,False,2026-06-04T23:59:37.743346,0
-0.4455,NORMAL,False,2026-06-04T23:59:37.899997,0
-0.4514,NORMAL,False,2026-06-04T23:59:38.062941,0
-0.4524,NORMAL,False,2026-06-04T23:59:38.210013,0
-0.4589,NORMAL,False,2026-06-04T23:59:38.361521,0
-0.459,NORMAL,False,2026-06-04T23:59:38.563265,0
-0.4624,NORMAL,False,2026-06-04T23:59:38.714447,0
-0.4639,NORMAL,False,2026-06-04T23:59:38.864229,0
-0.4664,NORMAL,False,2026-06-04T23:59:39.013130,0
-0.4581,NORMAL,False,2026-06-04T23:59:39.165129,0
-0.4699,NORMAL,False,2026-06-04T23:59:39.313842,0
-0.4674,NORMAL,False,2026-06-04T23:59:39.465186,0
-0.4597,NORMAL,False,2026-06-04T23:59:39.615684,0
-0.4669,NORMAL,False,2026-06-04T23:59:39.764548,0
-0.4661,NORMAL,False,2026-06-04T23:59:39.913109,0
-0.4585,NORMAL,False,2026-06-04T23:59:40.061833,0
-0.4736,NORMAL,False,2026-06-04T23:59:40.229984,0
-0.4729,NORMAL,False,2026-06-04T23:59:40.381573,0
-0.4778,NORMAL,False,2026-06-04T23:59:40.532044,0
-0.4818,NORMAL,False,2026-06-04T23:59:40.683181,0
-0.4707,NORMAL,False,2026-06-04T23:59:40.834838,0
-0.4774,NORMAL,False,2026-06-04T23:59:40.983339,0
-0.4756,NORMAL,False,2026-06-04T23:59:41.134906,0
-0.4807,NORMAL,False,2026-06-04T23:59:41.285178,0
-0.4783,NORMAL,False,2026-06-04T23:59:41.435599,0
-0.4649,NORMAL,False,2026-06-04T23:59:41.643487,0
-0.4585,NORMAL,False,2026-06-04T23:59:41.795666,0
-0.4541,NORMAL,False,2026-06-04T23:59:41.944084,0
-0.4744,NORMAL,False,2026-06-04T23:59:42.093963,0
-0.4758,NORMAL,False,2026-06-04T23:59:42.246482,0
-0.4803,NORMAL,False,2026-06-04T23:59:42.421634,0
-0.4822,NORMAL,False,2026-06-04T23:59:42.575739,0
-0.4798,NORMAL,False,2026-06-04T23:59:42.730008,0
-0.4789,NORMAL,False,2026-06-04T23:59:42.878753,0
-0.4772,NORMAL,False,2026-06-04T23:59:43.027597,0
-0.481,NORMAL,False,2026-06-04T23:59:43.177872,0
-0.4768,NORMAL,False,2026-06-04T23:59:43.326227,0
-0.4854,NORMAL,False,2026-06-04T23:59:43.473589,0
-0.4896,NORMAL,False,2026-06-04T23:59:43.623365,0
-0.4865,NORMAL,False,2026-06-04T23:59:43.772394,0
-0.4755,NORMAL,False,2026-06-04T23:59:43.924469,0
-0.4741,NORMAL,False,2026-06-04T23:59:44.074308,0
-0.4687,NORMAL,False,2026-06-04T23:59:44.224141,0
-0.4673,NORMAL,False,2026-06-04T23:59:44.372697,0
-0.4639,NORMAL,False,2026-06-04T23:59:44.528625,0
-0.4589,NORMAL,False,2026-06-04T23:59:44.727578,0
-0.4556,NORMAL,False,2026-06-04T23:59:44.877924,0
-0.444,NORMAL,False,2026-06-04T23:59:45.025275,0
-0.4453,NORMAL,False,2026-06-04T23:59:45.175236,0
-0.4455,NORMAL,False,2026-06-04T23:59:45.326608,0
-0.4461,NORMAL,False,2026-06-04T23:59:45.480110,0
-0.4534,NORMAL,False,2026-06-04T23:59:45.632861,0
-0.4489,NORMAL,False,2026-06-04T23:59:45.781508,0
-0.4578,NORMAL,False,2026-06-04T23:59:45.928427,0
-0.4506,NORMAL,False,2026-06-04T23:59:46.078441,0
-0.4519,NORMAL,False,2026-06-04T23:59:46.227233,0
-0.4512,NORMAL,False,2026-06-04T23:59:46.377980,0
-0.4482,NORMAL,False,2026-06-04T23:59:46.526086,0
-0.4449,NORMAL,False,2026-06-04T23:59:46.681986,0
-0.4509,NORMAL,False,2026-06-04T23:59:46.849025,0
-0.4495,NORMAL,False,2026-06-04T23:59:47.005881,0
-0.4501,NORMAL,False,2026-06-04T23:59:47.153904,0
-0.4591,NORMAL,False,2026-06-04T23:59:47.306503,1
-0.4473,NORMAL,False,2026-06-04T23:59:47.455823,0
-0.4485,NORMAL,False,2026-06-04T23:59:47.605490,0
-0.4479,NORMAL,False,2026-06-04T23:59:47.849449,0
-0.4436,NORMAL,False,2026-06-04T23:59:48.006947,0
-0.455,NORMAL,False,2026-06-04T23:59:48.158594,0
-0.4591,NORMAL,False,2026-06-04T23:59:48.307615,0
-0.4548,NORMAL,False,2026-06-04T23:59:48.471952,0
-0.4551,NORMAL,False,2026-06-04T23:59:48.621772,0
-0.45,NORMAL,False,2026-06-04T23:59:48.772645,0
-0.4516,NORMAL,False,2026-06-04T23:59:48.931968,0
-0.4468,NORMAL,False,2026-06-04T23:59:49.102828,0
-0.4528,NORMAL,False,2026-06-04T23:59:49.270093,0
-0.4607,NORMAL,False,2026-06-04T23:59:49.425232,0
-0.4648,NORMAL,False,2026-06-04T23:59:49.585765,0
-0.4639,NORMAL,False,2026-06-04T23:59:49.738752,0
-0.4678,NORMAL,False,2026-06-04T23:59:49.889920,0
-0.4569,NORMAL,False,2026-06-04T23:59:50.048629,0
-0.4576,NORMAL,False,2026-06-04T23:59:50.216873,0
-0.451,NORMAL,False,2026-06-04T23:59:50.365273,0
-0.45,NORMAL,False,2026-06-04T23:59:50.514126,0
-0.455,NORMAL,False,2026-06-04T23:59:50.664649,0
-0.4533,NORMAL,False,2026-06-04T23:59:50.814127,0
-0.4564,NORMAL,False,2026-06-04T23:59:51.011864,0
-0.4535,NORMAL,False,2026-06-04T23:59:51.163246,0
-0.4553,NORMAL,False,2026-06-04T23:59:51.348945,0
-0.4605,NORMAL,False,2026-06-04T23:59:51.505351,0
-0.4672,NORMAL,False,2026-06-04T23:59:51.657615,0
-0.4933,NORMAL,False,2026-06-04T23:59:51.814649,0
-0.4937,NORMAL,False,2026-06-04T23:59:51.965698,0
-0.48,NORMAL,False,2026-06-04T23:59:52.113134,0
-0.4806,NORMAL,False,2026-06-04T23:59:52.265311,0
-0.4622,NORMAL,False,2026-06-04T23:59:52.414274,0
-0.4667,NORMAL,False,2026-06-04T23:59:52.570975,0
-0.4674,NORMAL,False,2026-06-04T23:59:52.719457,0
-0.4661,NORMAL,False,2026-06-04T23:59:52.870554,0
-0.4652,NORMAL,False,2026-06-04T23:59:53.018399,0
-0.4669,NORMAL,False,2026-06-04T23:59:53.169721,0
-0.4635,NORMAL,False,2026-06-04T23:59:53.318388,0
-0.4746,NORMAL,False,2026-06-04T23:59:53.475723,0
-0.4754,NORMAL,False,2026-06-04T23:59:53.635411,0
-0.4777,NORMAL,False,2026-06-04T23:59:53.788934,0
-0.4835,NORMAL,False,2026-06-04T23:59:53.938854,0
-0.4495,NORMAL,False,2026-06-04T23:59:54.136741,0
-0.4494,NORMAL,False,2026-06-04T23:59:54.288928,0
-0.4503,NORMAL,False,2026-06-04T23:59:54.455883,0
-0.4555,NORMAL,False,2026-06-04T23:59:54.618759,0
-0.4454,NORMAL,False,2026-06-04T23:59:54.766272,0
-0.4424,NORMAL,False,2026-06-04T23:59:54.913178,0
-0.4433,NORMAL,False,2026-06-04T23:59:55.065193,0
-0.4535,NORMAL,False,2026-06-04T23:59:55.220243,0
-0.4588,NORMAL,False,2026-06-04T23:59:55.368711,0
-0.4581,NORMAL,False,2026-06-04T23:59:55.518279,0
-0.456,NORMAL,False,2026-06-04T23:59:55.666014,0
-0.4569,NORMAL,False,2026-06-04T23:59:55.837677,0
-0.4458,NORMAL,False,2026-06-04T23:59:55.989253,0
-0.4426,NORMAL,False,2026-06-04T23:59:56.138833,0
-0.4394,NORMAL,False,2026-06-04T23:59:56.288015,0
-0.4386,NORMAL,False,2026-06-04T23:59:56.437729,0
-0.4343,NORMAL,False,2026-06-04T23:59:56.588657,0
-0.4387,NORMAL,False,2026-06-04T23:59:56.736423,0
-0.4523,NORMAL,False,2026-06-04T23:59:56.883469,0
-0.4551,NORMAL,False,2026-06-04T23:59:57.034601,0
-0.4659,NORMAL,False,2026-06-04T23:59:57.326609,0
-0.4644,NORMAL,False,2026-06-04T23:59:57.482101,0
-0.4714,NORMAL,False,2026-06-04T23:59:57.632754,0
-0.4692,NORMAL,False,2026-06-04T23:59:57.821337,0
-0.47,NORMAL,False,2026-06-04T23:59:58.037753,0
-0.4718,NORMAL,False,2026-06-04T23:59:58.195590,0
-0.4806,NORMAL,False,2026-06-04T23:59:58.347406,0
-0.4957,NORMAL,False,2026-06-04T23:59:58.500162,0
-0.4973,NORMAL,False,2026-06-04T23:59:58.655885,0
-0.4944,NORMAL,False,2026-06-04T23:59:58.806449,0
-0.4903,NORMAL,False,2026-06-04T23:59:58.958566,0
-0.4951,NORMAL,False,2026-06-04T23:59:59.108255,0
-0.497,NORMAL,False,2026-06-04T23:59:59.264510,0
-0.5001,LOW,False,2026-06-04T23:59:59.415558,0
-0.5051,LOW,False,2026-06-04T23:59:59.565550,0
-0.5038,LOW,False,2026-06-04T23:59:59.718347,0
-0.5107,LOW,False,2026-06-04T23:59:59.875381,0
-0.4928,NORMAL,False,2026-06-05T00:00:00.038545,1
-0.494,NORMAL,False,2026-06-05T00:00:00.193704,0
-0.4903,NORMAL,False,2026-06-05T00:00:00.352383,0
-0.4878,NORMAL,False,2026-06-05T00:00:00.565925,0
-0.4768,NORMAL,False,2026-06-05T00:00:00.727399,0
-0.4861,NORMAL,False,2026-06-05T00:00:00.903792,0
-0.4911,NORMAL,False,2026-06-05T00:00:01.056160,0
-0.4875,NORMAL,False,2026-06-05T00:00:01.212136,0
-0.4848,NORMAL,False,2026-06-05T00:00:01.362879,0
-0.4566,NORMAL,False,2026-06-05T00:00:01.522697,0
-0.4446,NORMAL,False,2026-06-05T00:00:01.684676,0
-0.4343,NORMAL,False,2026-06-05T00:00:01.836261,0
-0.4302,NORMAL,False,2026-06-05T00:00:01.985074,0
-0.4343,NORMAL,False,2026-06-05T00:00:02.137846,0
-0.4245,NORMAL,False,2026-06-05T00:00:02.289749,0
-0.4256,NORMAL,False,2026-06-05T00:00:02.470507,0
-0.4321,NORMAL,False,2026-06-05T00:00:02.637094,0
-0.4297,NORMAL,False,2026-06-05T00:00:02.784817,0
-0.4339,NORMAL,False,2026-06-05T00:00:02.939913,0
-0.4285,NORMAL,False,2026-06-05T00:00:03.090986,0
-0.4245,NORMAL,False,2026-06-05T00:00:03.250250,0
-0.4283,NORMAL,False,2026-06-05T00:00:03.409030,0
-0.4327,NORMAL,False,2026-06-05T00:00:03.563213,0
-0.4343,NORMAL,False,2026-06-05T00:00:03.777753,0
-0.4423,NORMAL,False,2026-06-05T00:00:03.930288,0
-0.4367,NORMAL,False,2026-06-05T00:00:04.082897,0
-0.4285,NORMAL,False,2026-06-05T00:00:04.234795,0
-0.4276,NORMAL,False,2026-06-05T00:00:04.513734,0
-0.4244,NORMAL,False,2026-06-05T00:00:04.851336,0
-0.4237,NORMAL,False,2026-06-05T00:00:05.088617,0
-0.4266,NORMAL,False,2026-06-05T00:00:05.237798,0
-0.4314,NORMAL,False,2026-06-05T00:00:05.388440,0
-0.4293,NORMAL,False,2026-06-05T00:00:05.536974,0
-0.4315,NORMAL,False,2026-06-05T00:00:05.698716,0
-0.4293,NORMAL,False,2026-06-05T00:00:05.850364,0
-0.4313,NORMAL,False,2026-06-05T00:00:06.046448,0
-0.4279,NORMAL,False,2026-06-05T00:00:06.257193,0
-0.4282,NORMAL,False,2026-06-05T00:00:06.444322,0
-0.431,NORMAL,False,2026-06-05T00:00:06.621449,0
-0.4319,NORMAL,False,2026-06-05T00:00:06.807577,0
-0.4204,NORMAL,False,2026-06-05T00:00:06.980595,0
-0.4241,NORMAL,False,2026-06-05T00:00:07.166320,0
-0.4256,NORMAL,False,2026-06-05T00:00:07.370850,0
-0.4239,NORMAL,False,2026-06-05T00:00:07.702475,0
-0.4288,NORMAL,False,2026-06-05T00:00:07.921326,0
-0.4413,NORMAL,False,2026-06-05T00:00:08.136442,0
-0.4726,NORMAL,False,2026-06-05T00:00:08.417350,0
-0.4779,NORMAL,False,2026-06-05T00:00:08.694679,0
-0.4812,NORMAL,False,2026-06-05T00:00:08.886223,0
-0.4885,NORMAL,False,2026-06-05T00:00:09.034575,0
-0.4801,NORMAL,False,2026-06-05T00:00:09.192947,0
-0.4792,NORMAL,False,2026-06-05T00:00:09.359130,0
-0.4707,NORMAL,False,2026-06-05T00:00:09.634511,0
-0.4772,NORMAL,False,2026-06-05T00:00:09.991586,0
-0.4691,NORMAL,False,2026-06-05T00:00:10.175806,0
-0.4659,NORMAL,False,2026-06-05T00:00:10.324124,0
-0.4701,NORMAL,False,2026-06-05T00:00:10.474571,0
-0.4647,NORMAL,False,2026-06-05T00:00:10.623740,0
-0.4672,NORMAL,False,2026-06-05T00:00:10.773552,0
-0.4686,NORMAL,False,2026-06-05T00:00:10.928428,0
-0.4662,NORMAL,False,2026-06-05T00:00:11.080545,0
-0.4555,NORMAL,False,2026-06-05T00:00:11.228760,0
-0.4551,NORMAL,False,2026-06-05T00:00:11.378923,0
-0.4601,NORMAL,False,2026-06-05T00:00:11.580832,0
-0.4587,NORMAL,False,2026-06-05T00:00:11.745641,0
-0.4619,NORMAL,False,2026-06-05T00:00:11.903286,0
-0.4847,NORMAL,False,2026-06-05T00:00:12.051036,0
-0.4797,NORMAL,False,2026-06-05T00:00:12.201423,0
-0.4441,NORMAL,False,2026-06-05T00:00:12.349905,0
-0.4426,NORMAL,False,2026-06-05T00:00:12.507443,0
-0.4546,NORMAL,False,2026-06-05T00:00:12.665672,0
-0.45,NORMAL,False,2026-06-05T00:00:12.815151,0
-0.4481,NORMAL,False,2026-06-05T00:00:12.966447,0
-0.4403,NORMAL,False,2026-06-05T00:00:13.118527,0
-0.4396,NORMAL,False,2026-06-05T00:00:13.267590,0
-0.4386,NORMAL,False,2026-06-05T00:00:13.416547,0
-0.44,NORMAL,False,2026-06-05T00:00:13.564528,0
-0.445,NORMAL,False,2026-06-05T00:00:13.713642,0
-0.4413,NORMAL,False,2026-06-05T00:00:13.863249,0
-0.4422,NORMAL,False,2026-06-05T00:00:14.013358,0
-0.4435,NORMAL,False,2026-06-05T00:00:14.162147,0
-0.4484,NORMAL,False,2026-06-05T00:00:14.314911,0
-0.4559,NORMAL,False,2026-06-05T00:00:14.468400,0
-0.4584,NORMAL,False,2026-06-05T00:00:14.670124,0
-0.4658,NORMAL,False,2026-06-05T00:00:14.819260,0
-0.4682,NORMAL,False,2026-06-05T00:00:14.968830,0
-0.4682,NORMAL,False,2026-06-05T00:00:15.122056,0
-0.4715,NORMAL,False,2026-06-05T00:00:15.271232,0
-0.4773,NORMAL,False,2026-06-05T00:00:15.421031,1
-0.4716,NORMAL,False,2026-06-05T00:00:15.572428,1
-0.4784,NORMAL,False,2026-06-05T00:00:15.738809,1
-0.48,NORMAL,False,2026-06-05T00:00:15.887679,0
-0.4743,NORMAL,False,2026-06-05T00:00:16.038920,1
-0.4656,NORMAL,False,2026-06-05T00:00:16.197438,0
-0.4728,NORMAL,False,2026-06-05T00:00:16.346289,0
-0.4723,NORMAL,False,2026-06-05T00:00:16.495934,0
-0.4713,NORMAL,False,2026-06-05T00:00:16.645640,0
-0.463,NORMAL,False,2026-06-05T00:00:16.795279,0
-0.464,NORMAL,False,2026-06-05T00:00:16.946216,0
-0.4593,NORMAL,False,2026-06-05T00:00:17.096484,0
-0.4394,NORMAL,False,2026-06-05T00:00:17.246913,0
-0.4372,NORMAL,False,2026-06-05T00:00:17.396077,0
-0.4307,NORMAL,False,2026-06-05T00:00:17.544368,0
-0.4198,NORMAL,False,2026-06-05T00:00:17.742778,0
-0.4206,NORMAL,False,2026-06-05T00:00:17.898898,0
-0.413,NORMAL,False,2026-06-05T00:00:18.053115,0
-0.4085,NORMAL,False,2026-06-05T00:00:18.202658,0
-0.4183,NORMAL,False,2026-06-05T00:00:18.380357,0
-0.4197,NORMAL,False,2026-06-05T00:00:18.535224,0
-0.4179,NORMAL,False,2026-06-05T00:00:18.691271,0
-0.4199,NORMAL,False,2026-06-05T00:00:18.840356,0
-0.4157,NORMAL,False,2026-06-05T00:00:18.990450,0
-0.4373,NORMAL,False,2026-06-05T00:00:19.140623,0
-0.4401,NORMAL,False,2026-06-05T00:00:19.291421,0
-0.4426,NORMAL,False,2026-06-05T00:00:19.441426,0
-0.4478,NORMAL,False,2026-06-05T00:00:19.589631,0
-0.4454,NORMAL,False,2026-06-05T00:00:19.739134,0
-0.447,NORMAL,False,2026-06-05T00:00:19.888158,0
-0.4525,NORMAL,False,2026-06-05T00:00:20.042775,0
-0.4476,NORMAL,False,2026-06-05T00:00:20.191988,0
-0.4476,NORMAL,False,2026-06-05T00:00:20.341973,0
-0.4491,NORMAL,False,2026-06-05T00:00:20.489704,0
-0.451,NORMAL,False,2026-06-05T00:00:20.646363,0
-0.4503,NORMAL,False,2026-06-05T00:00:20.846156,0
-0.4529,NORMAL,False,2026-06-05T00:00:20.996922,0
-0.4447,NORMAL,False,2026-06-05T00:00:21.149182,0
-0.4414,NORMAL,False,2026-06-05T00:00:21.297564,0
-0.4434,NORMAL,False,2026-06-05T00:00:21.447307,0
-0.4443,NORMAL,False,2026-06-05T00:00:21.599140,0
-0.4523,NORMAL,False,2026-06-05T00:00:21.749178,0
-0.4548,NORMAL,False,2026-06-05T00:00:21.898390,0
-0.4589,NORMAL,False,2026-06-05T00:00:22.050161,0
-0.4648,NORMAL,False,2026-06-05T00:00:22.198886,0
-0.4648,NORMAL,False,2026-06-05T00:00:22.349720,0
-0.4618,NORMAL,False,2026-06-05T00:00:22.498518,0
-0.4701,NORMAL,False,2026-06-05T00:00:22.646899,0
-0.4682,NORMAL,False,2026-06-05T00:00:22.822434,0
-0.473,NORMAL,False,2026-06-05T00:00:22.974861,0
-0.4804,NORMAL,False,2026-06-05T00:00:23.124554,0
-0.5019,LOW,False,2026-06-05T00:00:23.274408,0
-0.5087,LOW,False,2026-06-05T00:00:23.424678,0
-0.5075,LOW,False,2026-06-05T00:00:23.575265,0
-0.5091,LOW,False,2026-06-05T00:00:23.723290,0
-0.5078,LOW,False,2026-06-05T00:00:23.923758,0
-0.5029,LOW,False,2026-06-05T00:00:24.075683,0
-0.502,LOW,False,2026-06-05T00:00:24.229178,0
-0.5026,LOW,False,2026-06-05T00:00:24.380234,0
-0.4982,NORMAL,False,2026-06-05T00:00:24.529605,0
-0.5023,LOW,False,2026-06-05T00:00:24.680893,0
-0.4999,NORMAL,False,2026-06-05T00:00:24.830653,0
-0.4917,NORMAL,False,2026-06-05T00:00:24.992991,0
-0.5001,LOW,False,2026-06-05T00:00:25.147123,0
-0.5082,LOW,False,2026-06-05T00:00:25.294919,0
-0.5053,LOW,False,2026-06-05T00:00:25.445412,0
-0.5169,LOW,False,2026-06-05T00:00:25.593971,0
-0.5171,LOW,False,2026-06-05T00:00:25.742611,0
-0.499,NORMAL,False,2026-06-05T00:00:25.892921,0
-0.5034,LOW,False,2026-06-05T00:00:26.044065,0
-0.5598,HIGH,True,2026-06-05T00:00:26.194227,1
-0.5516,HIGH,True,2026-06-05T00:00:38.842524,0
-0.5438,MEDIUM,True,2026-06-05T00:00:39.512800,0
-0.5417,MEDIUM,True,2026-06-05T00:00:40.850297,0
-0.5099,LOW,False,2026-06-05T00:00:42.134618,0
-0.5227,MEDIUM,True,2026-06-05T00:00:42.332488,0
-0.5276,MEDIUM,True,2026-06-05T00:00:42.999327,0
-0.5382,MEDIUM,True,2026-06-05T00:00:43.646911,0
-0.536,MEDIUM,True,2026-06-05T00:00:44.221462,0
-0.5454,MEDIUM,True,2026-06-05T00:00:44.844941,0
-0.5435,MEDIUM,True,2026-06-05T00:00:45.425048,0
-0.5323,MEDIUM,True,2026-06-05T00:00:46.188845,0
-0.5375,MEDIUM,True,2026-06-05T00:00:47.354898,0
-0.5465,MEDIUM,True,2026-06-05T00:00:48.022247,0
-0.5414,MEDIUM,True,2026-06-05T00:00:48.730121,0
-0.54,MEDIUM,True,2026-06-05T00:00:49.250919,0
-0.5321,MEDIUM,True,2026-06-05T00:00:50.192175,0
-0.5231,MEDIUM,True,2026-06-05T00:00:50.757472,0
-0.5188,LOW,False,2026-06-05T00:00:51.413411,0
-0.5243,MEDIUM,True,2026-06-05T00:00:51.562696,0
-0.5156,LOW,False,2026-06-05T00:00:52.241698,0
-0.5099,LOW,False,2026-06-05T00:00:52.390483,0
-0.5151,LOW,False,2026-06-05T00:00:52.546791,0
-0.5117,LOW,False,2026-06-05T00:00:52.697763,0
-0.5215,MEDIUM,True,2026-06-05T00:00:52.846132,0
-0.5216,MEDIUM,True,2026-06-05T00:00:53.494626,0
-0.5277,MEDIUM,True,2026-06-05T00:00:54.223134,0
-0.528,MEDIUM,True,2026-06-05T00:00:54.750225,0
-0.5216,MEDIUM,True,2026-06-05T00:00:55.418658,0
-0.5165,LOW,False,2026-06-05T00:00:56.255713,0
-0.5134,LOW,False,2026-06-05T00:00:56.409622,0
-0.5035,LOW,False,2026-06-05T00:00:56.574678,0
-0.5015,LOW,False,2026-06-05T00:00:56.734476,0
-0.5032,LOW,False,2026-06-05T00:00:56.894940,0
-0.4962,NORMAL,False,2026-06-05T00:00:57.053231,0
-0.4936,NORMAL,False,2026-06-05T00:00:57.211276,0
-0.4919,NORMAL,False,2026-06-05T00:00:57.361045,0
-0.4947,NORMAL,False,2026-06-05T00:00:57.509003,0
-0.4913,NORMAL,False,2026-06-05T00:00:57.660220,0
-0.4888,NORMAL,False,2026-06-05T00:00:57.810449,0
-0.4901,NORMAL,False,2026-06-05T00:00:57.962650,0
-0.49,NORMAL,False,2026-06-05T00:00:58.111663,0
-0.4904,NORMAL,False,2026-06-05T00:00:58.262310,0
-0.4919,NORMAL,False,2026-06-05T00:00:58.410708,0
-0.4932,NORMAL,False,2026-06-05T00:00:58.558904,0
-0.4915,NORMAL,False,2026-06-05T00:00:58.757269,0
-0.4936,NORMAL,False,2026-06-05T00:00:58.908327,0
-0.4938,NORMAL,False,2026-06-05T00:00:59.057631,0
-0.5017,LOW,False,2026-06-05T00:00:59.207518,0
-0.5008,LOW,False,2026-06-05T00:00:59.354040,0
-0.421,NORMAL,False,2026-06-05T00:00:59.502779,0
-0.4236,NORMAL,False,2026-06-05T00:00:59.652750,0
-0.4285,NORMAL,False,2026-06-05T00:00:59.809354,0
-0.4266,NORMAL,False,2026-06-05T00:00:59.956294,0
-0.4266,NORMAL,False,2026-06-05T00:01:00.106615,0
-0.4418,NORMAL,False,2026-06-05T00:01:00.257197,0
-0.437,NORMAL,False,2026-06-05T00:01:00.406929,0
-0.4403,NORMAL,False,2026-06-05T00:01:00.576755,0
-0.4416,NORMAL,False,2026-06-05T00:01:00.727679,0
-0.446,NORMAL,False,2026-06-05T00:01:00.877949,0
-0.4677,NORMAL,False,2026-06-05T00:01:01.025916,0
-0.4646,NORMAL,False,2026-06-05T00:01:01.177453,0
-0.47,NORMAL,False,2026-06-05T00:01:01.328415,0
-0.4791,NORMAL,False,2026-06-05T00:01:01.477626,0
-0.4775,NORMAL,False,2026-06-05T00:01:01.629494,0
-0.4794,NORMAL,False,2026-06-05T00:01:01.828999,0
-0.462,NORMAL,False,2026-06-05T00:01:01.983515,0
-0.4576,NORMAL,False,2026-06-05T00:01:02.142338,0
-0.4535,NORMAL,False,2026-06-05T00:01:02.290546,0
-0.4547,NORMAL,False,2026-06-05T00:01:02.439819,0
-0.4614,NORMAL,False,2026-06-05T00:01:02.590793,0
-0.4473,NORMAL,False,2026-06-05T00:01:02.744980,0
-0.488,NORMAL,False,2026-06-05T00:01:02.893698,0
-0.4894,NORMAL,False,2026-06-05T00:01:03.044925,0
-0.4896,NORMAL,False,2026-06-05T00:01:03.193313,0
-0.4895,NORMAL,False,2026-06-05T00:01:03.342597,0
-0.4854,NORMAL,False,2026-06-05T00:01:03.492140,0
-0.4773,NORMAL,False,2026-06-05T00:01:03.642961,0
-0.4781,NORMAL,False,2026-06-05T00:01:03.792119,0
-0.4846,NORMAL,False,2026-06-05T00:01:03.941801,0
-0.4625,NORMAL,False,2026-06-05T00:01:04.093121,0
-0.4704,NORMAL,False,2026-06-05T00:01:04.241438,0
-0.4752,NORMAL,False,2026-06-05T00:01:04.390683,0
-0.4749,NORMAL,False,2026-06-05T00:01:04.546731,0
-0.4712,NORMAL,False,2026-06-05T00:01:04.698294,0
-0.4617,NORMAL,False,2026-06-05T00:01:04.902650,0
-0.4611,NORMAL,False,2026-06-05T00:01:05.077328,0
-0.4669,NORMAL,False,2026-06-05T00:01:05.227929,0
-0.4701,NORMAL,False,2026-06-05T00:01:05.377374,0
-0.4613,NORMAL,False,2026-06-05T00:01:05.525832,0
-0.4548,NORMAL,False,2026-06-05T00:01:05.677931,1
-0.4645,NORMAL,False,2026-06-05T00:01:05.830029,1
-0.4595,NORMAL,False,2026-06-05T00:01:05.982667,0
-0.478,NORMAL,False,2026-06-05T00:01:06.130948,0
-0.4685,NORMAL,False,2026-06-05T00:01:06.281573,0
-0.4737,NORMAL,False,2026-06-05T00:01:06.429897,0
-0.4715,NORMAL,False,2026-06-05T00:01:06.579217,0
-0.4669,NORMAL,False,2026-06-05T00:01:06.733204,0
-0.4545,NORMAL,False,2026-06-05T00:01:06.883389,0
-0.4541,NORMAL,False,2026-06-05T00:01:07.037216,0
-0.4514,NORMAL,False,2026-06-05T00:01:07.186782,0
-0.4512,NORMAL,False,2026-06-05T00:01:07.352498,0
-0.4505,NORMAL,False,2026-06-05T00:01:07.500711,0
-0.454,NORMAL,False,2026-06-05T00:01:07.650991,0
-0.4559,NORMAL,False,2026-06-05T00:01:07.799756,0
-0.4538,NORMAL,False,2026-06-05T00:01:08.001801,0
-0.4534,NORMAL,False,2026-06-05T00:01:08.151912,0
-0.4508,NORMAL,False,2026-06-05T00:01:08.302672,0
-0.4508,NORMAL,False,2026-06-05T00:01:08.452704,0
-0.453,NORMAL,False,2026-06-05T00:01:08.602322,0
-0.4518,NORMAL,False,2026-06-05T00:01:08.752630,0
-0.4522,NORMAL,False,2026-06-05T00:01:08.902017,0
-0.4503,NORMAL,False,2026-06-05T00:01:09.050846,0
-0.4534,NORMAL,False,2026-06-05T00:01:09.201020,0
-0.4546,NORMAL,False,2026-06-05T00:01:09.347939,0
-0.4498,NORMAL,False,2026-06-05T00:01:09.531557,0
-0.4476,NORMAL,False,2026-06-05T00:01:09.690933,0
-0.4471,NORMAL,False,2026-06-05T00:01:09.842343,0
-0.4488,NORMAL,False,2026-06-05T00:01:09.991197,0
-0.4471,NORMAL,False,2026-06-05T00:01:10.141463,0
-0.4489,NORMAL,False,2026-06-05T00:01:10.289057,0
-0.4515,NORMAL,False,2026-06-05T00:01:10.440366,0
-0.4598,NORMAL,False,2026-06-05T00:01:10.588533,0
-0.4646,NORMAL,False,2026-06-05T00:01:10.736577,0
-0.4601,NORMAL,False,2026-06-05T00:01:10.886893,0
-0.4545,NORMAL,False,2026-06-05T00:01:11.087911,0
-0.4725,NORMAL,False,2026-06-05T00:01:11.237872,0
-0.4742,NORMAL,False,2026-06-05T00:01:11.387310,0
-0.4757,NORMAL,False,2026-06-05T00:01:11.535086,0
-0.4774,NORMAL,False,2026-06-05T00:01:11.691311,0
-0.4774,NORMAL,False,2026-06-05T00:01:11.839916,0
-0.4876,NORMAL,False,2026-06-05T00:01:11.990722,0
-0.4901,NORMAL,False,2026-06-05T00:01:12.139504,0
-0.4839,NORMAL,False,2026-06-05T00:01:12.290629,0
-0.478,NORMAL,False,2026-06-05T00:01:12.439912,0
-0.4879,NORMAL,False,2026-06-05T00:01:12.588841,0
-0.4877,NORMAL,False,2026-06-05T00:01:12.738044,0
-0.4858,NORMAL,False,2026-06-05T00:01:12.888816,0
-0.4923,NORMAL,False,2026-06-05T00:01:13.043903,0
-0.4988,NORMAL,False,2026-06-05T00:01:13.194615,0
-0.5226,MEDIUM,True,2026-06-05T00:01:13.345666,0
-0.498,NORMAL,False,2026-06-05T00:01:14.652238,0
-0.4892,NORMAL,False,2026-06-05T00:01:14.812826,0
-0.4819,NORMAL,False,2026-06-05T00:01:14.965017,0
-0.4747,NORMAL,False,2026-06-05T00:01:15.115566,0
-0.4693,NORMAL,False,2026-06-05T00:01:15.322038,0
-0.4641,NORMAL,False,2026-06-05T00:01:15.473560,0
-0.463,NORMAL,False,2026-06-05T00:01:15.625156,0
-0.4643,NORMAL,False,2026-06-05T00:01:15.773895,0
-0.4723,NORMAL,False,2026-06-05T00:01:15.926429,0
-0.4698,NORMAL,False,2026-06-05T00:01:16.080997,0
-0.4687,NORMAL,False,2026-06-05T00:01:16.238036,0
-0.4618,NORMAL,False,2026-06-05T00:01:16.391936,0
-0.4607,NORMAL,False,2026-06-05T00:01:16.548478,0
-0.4605,NORMAL,False,2026-06-05T00:01:16.701555,0
-0.4574,NORMAL,False,2026-06-05T00:01:16.860852,0
-0.4519,NORMAL,False,2026-06-05T00:01:17.012966,0
-0.4445,NORMAL,False,2026-06-05T00:01:17.165505,0
-0.456,NORMAL,False,2026-06-05T00:01:17.316306,0
-0.4563,NORMAL,False,2026-06-05T00:01:17.463736,0
-0.4574,NORMAL,False,2026-06-05T00:01:17.612565,0
-0.4593,NORMAL,False,2026-06-05T00:01:17.764196,0
-0.4656,NORMAL,False,2026-06-05T00:01:17.914373,0
-0.4715,NORMAL,False,2026-06-05T00:01:18.065991,0
-0.4696,NORMAL,False,2026-06-05T00:01:18.215182,0
-0.4703,NORMAL,False,2026-06-05T00:01:18.415559,0
-0.4773,NORMAL,False,2026-06-05T00:01:18.573953,0
-0.475,NORMAL,False,2026-06-05T00:01:18.723954,0
-0.4743,NORMAL,False,2026-06-05T00:01:18.876637,0
-0.4739,NORMAL,False,2026-06-05T00:01:19.028578,0
-0.4742,NORMAL,False,2026-06-05T00:01:19.177601,0
-0.4783,NORMAL,False,2026-06-05T00:01:19.327207,0
-0.484,NORMAL,False,2026-06-05T00:01:19.477398,0
-0.4841,NORMAL,False,2026-06-05T00:01:19.626850,0
-0.4716,NORMAL,False,2026-06-05T00:01:19.775219,0
-0.479,NORMAL,False,2026-06-05T00:01:19.930584,0
-0.439,NORMAL,False,2026-06-05T00:01:20.080784,0
-0.4392,NORMAL,False,2026-06-05T00:01:20.229805,0
-0.4349,NORMAL,False,2026-06-05T00:01:20.383015,0
-0.4304,NORMAL,False,2026-06-05T00:01:20.538565,0
-0.4336,NORMAL,False,2026-06-05T00:01:20.714092,0
-0.4336,NORMAL,False,2026-06-05T00:01:20.862588,0
-0.44,NORMAL,False,2026-06-05T00:01:21.015093,0
-0.4441,NORMAL,False,2026-06-05T00:01:21.163267,0
-0.4473,NORMAL,False,2026-06-05T00:01:21.314669,0
-0.4424,NORMAL,False,2026-06-05T00:01:21.547959,0
-0.449,NORMAL,False,2026-06-05T00:01:21.700374,0
-0.4513,NORMAL,False,2026-06-05T00:01:21.848877,0
-0.4531,NORMAL,False,2026-06-05T00:01:22.013701,0
-0.4535,NORMAL,False,2026-06-05T00:01:22.164261,0
-0.4485,NORMAL,False,2026-06-05T00:01:22.331554,0
-0.4454,NORMAL,False,2026-06-05T00:01:22.496593,0
-0.4397,NORMAL,False,2026-06-05T00:01:22.666510,0
-0.4417,NORMAL,False,2026-06-05T00:01:22.814120,0
-0.4413,NORMAL,False,2026-06-05T00:01:22.993086,0
-0.4393,NORMAL,False,2026-06-05T00:01:23.151023,0
-0.4352,NORMAL,False,2026-06-05T00:01:23.300546,0
-0.4317,NORMAL,False,2026-06-05T00:01:23.450741,0
-0.4326,NORMAL,False,2026-06-05T00:01:23.604896,0
-0.4384,NORMAL,False,2026-06-05T00:01:23.752620,0
-0.4385,NORMAL,False,2026-06-05T00:01:23.903104,0
-0.4318,NORMAL,False,2026-06-05T00:01:24.052874,0
-0.4317,NORMAL,False,2026-06-05T00:01:24.200676,0
-0.4323,NORMAL,False,2026-06-05T00:01:24.350556,0
-0.4376,NORMAL,False,2026-06-05T00:01:24.502882,0
-0.4316,NORMAL,False,2026-06-05T00:01:24.742796,0
-0.4314,NORMAL,False,2026-06-05T00:01:24.900690,0
-0.4285,NORMAL,False,2026-06-05T00:01:25.051972,0
-0.4299,NORMAL,False,2026-06-05T00:01:25.216962,0
-0.4316,NORMAL,False,2026-06-05T00:01:25.368524,0
-0.4293,NORMAL,False,2026-06-05T00:01:25.523254,0
-0.429,NORMAL,False,2026-06-05T00:01:25.689646,0
-0.4279,NORMAL,False,2026-06-05T00:01:25.839931,0
-0.4263,NORMAL,False,2026-06-05T00:01:25.998079,0
-0.4323,NORMAL,False,2026-06-05T00:01:26.146573,0
-0.437,NORMAL,False,2026-06-05T00:01:26.296144,0
-0.4345,NORMAL,False,2026-06-05T00:01:26.445795,0
-0.4416,NORMAL,False,2026-06-05T00:01:26.594927,0
-0.4388,NORMAL,False,2026-06-05T00:01:26.744205,0
-0.441,NORMAL,False,2026-06-05T00:01:26.893118,0
-0.4426,NORMAL,False,2026-06-05T00:01:27.045401,0
-0.4419,NORMAL,False,2026-06-05T00:01:27.194137,0
-0.4394,NORMAL,False,2026-06-05T00:01:27.347606,0
-0.4436,NORMAL,False,2026-06-05T00:01:27.507701,0
-0.4374,NORMAL,False,2026-06-05T00:01:27.656689,0
-0.4347,NORMAL,False,2026-06-05T00:01:27.858184,0
-0.4295,NORMAL,False,2026-06-05T00:01:28.009856,0
-0.4337,NORMAL,False,2026-06-05T00:01:28.159795,0
-0.4474,NORMAL,False,2026-06-05T00:01:28.307774,0
-0.4456,NORMAL,False,2026-06-05T00:01:28.455765,0
-0.4398,NORMAL,False,2026-06-05T00:01:28.604748,0
-0.4355,NORMAL,False,2026-06-05T00:01:28.755078,0
-0.4296,NORMAL,False,2026-06-05T00:01:28.903425,0
-0.4182,NORMAL,False,2026-06-05T00:01:29.054737,0
-0.4131,NORMAL,False,2026-06-05T00:01:29.223175,0
-0.4076,NORMAL,False,2026-06-05T00:01:29.380994,0
-0.4103,NORMAL,False,2026-06-05T00:01:29.542907,0
-0.4227,NORMAL,False,2026-06-05T00:01:29.722769,0
-0.4171,NORMAL,False,2026-06-05T00:01:29.902404,0
-0.4163,NORMAL,False,2026-06-05T00:01:30.055522,0
-0.4159,NORMAL,False,2026-06-05T00:01:30.202420,0
-0.419,NORMAL,False,2026-06-05T00:01:30.351379,0
-0.4219,NORMAL,False,2026-06-05T00:01:30.500842,0
-0.4236,NORMAL,False,2026-06-05T00:01:30.650768,0
-0.4117,NORMAL,False,2026-06-05T00:01:30.804009,0
-0.4139,NORMAL,False,2026-06-05T00:01:31.008512,0
-0.4141,NORMAL,False,2026-06-05T00:01:31.161311,0
-0.4139,NORMAL,False,2026-06-05T00:01:31.311855,0
-0.4161,NORMAL,False,2026-06-05T00:01:31.461866,0
-0.4182,NORMAL,False,2026-06-05T00:01:31.609868,0
-0.4219,NORMAL,False,2026-06-05T00:01:31.758657,0
-0.4221,NORMAL,False,2026-06-05T00:01:31.934397,0
-0.4221,NORMAL,False,2026-06-05T00:01:32.094013,0
-0.4275,NORMAL,False,2026-06-05T00:01:32.243014,0
-0.4278,NORMAL,False,2026-06-05T00:01:32.391861,0
-0.4325,NORMAL,False,2026-06-05T00:01:32.540684,0
-0.4289,NORMAL,False,2026-06-05T00:01:32.691038,0
-0.4501,NORMAL,False,2026-06-05T00:01:32.838467,0
-0.4476,NORMAL,False,2026-06-05T00:01:32.987604,0
-0.44,NORMAL,False,2026-06-05T00:01:33.137465,0
-0.4388,NORMAL,False,2026-06-05T00:01:33.287412,0
-0.4387,NORMAL,False,2026-06-05T00:01:33.437361,0
-0.4377,NORMAL,False,2026-06-05T00:01:33.585525,0
-0.4313,NORMAL,False,2026-06-05T00:01:33.734666,0
-0.4269,NORMAL,False,2026-06-05T00:01:33.883263,0
-0.4224,NORMAL,False,2026-06-05T00:01:34.107805,0
-0.4164,NORMAL,False,2026-06-05T00:01:34.256492,0
-0.4204,NORMAL,False,2026-06-05T00:01:34.404610,0
-0.4261,NORMAL,False,2026-06-05T00:01:34.551616,0
-0.4224,NORMAL,False,2026-06-05T00:01:34.702544,0
-0.4247,NORMAL,False,2026-06-05T00:01:34.857352,0
-0.4243,NORMAL,False,2026-06-05T00:01:35.008391,0
-0.4256,NORMAL,False,2026-06-05T00:01:35.158475,0
-0.4255,NORMAL,False,2026-06-05T00:01:35.307054,0
-0.434,NORMAL,False,2026-06-05T00:01:35.460801,0
-0.4277,NORMAL,False,2026-06-05T00:01:35.609594,0
-0.429,NORMAL,False,2026-06-05T00:01:35.757920,0
-0.4264,NORMAL,False,2026-06-05T00:01:35.909396,0
-0.4271,NORMAL,False,2026-06-05T00:01:36.059457,0
-0.4308,NORMAL,False,2026-06-05T00:01:36.209124,0
-0.431,NORMAL,False,2026-06-05T00:01:36.379616,0
-0.4219,NORMAL,False,2026-06-05T00:01:36.535249,0
-0.4173,NORMAL,False,2026-06-05T00:01:36.689774,0
-0.4136,NORMAL,False,2026-06-05T00:01:36.838675,0
-0.4278,NORMAL,False,2026-06-05T00:01:36.989462,0
-0.4289,NORMAL,False,2026-06-05T00:01:37.196484,0
-0.4273,NORMAL,False,2026-06-05T00:01:37.345769,0
-0.4315,NORMAL,False,2026-06-05T00:01:37.496547,0
-0.4293,NORMAL,False,2026-06-05T00:01:37.645771,0
-0.4232,NORMAL,False,2026-06-05T00:01:37.795885,0
-0.4251,NORMAL,False,2026-06-05T00:01:37.944116,0
-0.4262,NORMAL,False,2026-06-05T00:01:38.094892,0
-0.4197,NORMAL,False,2026-06-05T00:01:38.243589,0
-0.4193,NORMAL,False,2026-06-05T00:01:38.391849,0
-0.4255,NORMAL,False,2026-06-05T00:01:38.566694,0
-0.4372,NORMAL,False,2026-06-05T00:01:38.716967,0
-0.4465,NORMAL,False,2026-06-05T00:01:38.866672,0
-0.4514,NORMAL,False,2026-06-05T00:01:39.016420,0
-0.4514,NORMAL,False,2026-06-05T00:01:39.168993,0
-0.4513,NORMAL,False,2026-06-05T00:01:39.319546,0
-0.4486,NORMAL,False,2026-06-05T00:01:39.467407,0
-0.4505,NORMAL,False,2026-06-05T00:01:39.619376,0
-0.4625,NORMAL,False,2026-06-05T00:01:39.768221,0
-0.4656,NORMAL,False,2026-06-05T00:01:39.918094,0
-0.4639,NORMAL,False,2026-06-05T00:01:40.070023,0
-0.4734,NORMAL,False,2026-06-05T00:01:40.272419,0
-0.4714,NORMAL,False,2026-06-05T00:01:40.421693,0
-0.4699,NORMAL,False,2026-06-05T00:01:40.571987,0
-0.4666,NORMAL,False,2026-06-05T00:01:40.721235,0
-0.4644,NORMAL,False,2026-06-05T00:01:40.890658,0
-0.4576,NORMAL,False,2026-06-05T00:01:41.113135,0
-0.4518,NORMAL,False,2026-06-05T00:01:41.260943,0
-0.4511,NORMAL,False,2026-06-05T00:01:41.411102,0
-0.4511,NORMAL,False,2026-06-05T00:01:41.560892,0
-0.4523,NORMAL,False,2026-06-05T00:01:41.716155,0
-0.4476,NORMAL,False,2026-06-05T00:01:41.865807,0
-0.4386,NORMAL,False,2026-06-05T00:01:42.019198,0
-0.4394,NORMAL,False,2026-06-05T00:01:42.168955,0
-0.4389,NORMAL,False,2026-06-05T00:01:42.318982,0
-0.4435,NORMAL,False,2026-06-05T00:01:42.467238,0
-0.4557,NORMAL,False,2026-06-05T00:01:42.616913,0
-0.4597,NORMAL,False,2026-06-05T00:01:42.766097,0
-0.4642,NORMAL,False,2026-06-05T00:01:42.918844,0
-0.4407,NORMAL,False,2026-06-05T00:01:43.084887,0
-0.4303,NORMAL,False,2026-06-05T00:01:43.244753,0
-0.4289,NORMAL,False,2026-06-05T00:01:43.456494,0
-0.4275,NORMAL,False,2026-06-05T00:01:43.605873,0
-0.4281,NORMAL,False,2026-06-05T00:01:43.755828,0
-0.4294,NORMAL,False,2026-06-05T00:01:43.907663,0
-0.4351,NORMAL,False,2026-06-05T00:01:44.062622,0
-0.4354,NORMAL,False,2026-06-05T00:01:44.214009,1
-0.4235,NORMAL,False,2026-06-05T00:01:44.364043,0
-0.4271,NORMAL,False,2026-06-05T00:01:44.517076,0
-0.4276,NORMAL,False,2026-06-05T00:01:44.666216,0
-0.4288,NORMAL,False,2026-06-05T00:01:44.818032,0
-0.4295,NORMAL,False,2026-06-05T00:01:44.967226,0
-0.4231,NORMAL,False,2026-06-05T00:01:45.118769,0
-0.4236,NORMAL,False,2026-06-05T00:01:45.274052,0
-0.4252,NORMAL,False,2026-06-05T00:01:45.425390,0
-0.4215,NORMAL,False,2026-06-05T00:01:45.574294,0
-0.4221,NORMAL,False,2026-06-05T00:01:45.722709,0
-0.4237,NORMAL,False,2026-06-05T00:01:45.875602,0
-0.4263,NORMAL,False,2026-06-05T00:01:46.023901,0
-0.4314,NORMAL,False,2026-06-05T00:01:46.173806,0
-0.4319,NORMAL,False,2026-06-05T00:01:46.322089,0
-0.4332,NORMAL,False,2026-06-05T00:01:46.522106,0
-0.4325,NORMAL,False,2026-06-05T00:01:46.671099,0
-0.4346,NORMAL,False,2026-06-05T00:01:46.822762,0
-0.4343,NORMAL,False,2026-06-05T00:01:46.971432,0
-0.4353,NORMAL,False,2026-06-05T00:01:47.122803,0
-0.4355,NORMAL,False,2026-06-05T00:01:47.271731,0
-0.429,NORMAL,False,2026-06-05T00:01:47.421948,0
-0.4186,NORMAL,False,2026-06-05T00:01:47.596374,0
-0.4188,NORMAL,False,2026-06-05T00:01:47.775095,0
-0.418,NORMAL,False,2026-06-05T00:01:47.944720,0
-0.4179,NORMAL,False,2026-06-05T00:01:48.093339,0
-0.4147,NORMAL,False,2026-06-05T00:01:48.243828,0
-0.4089,NORMAL,False,2026-06-05T00:01:48.392326,0
-0.4086,NORMAL,False,2026-06-05T00:01:48.540696,0
-0.4132,NORMAL,False,2026-06-05T00:01:48.692385,0
-0.4218,NORMAL,False,2026-06-05T00:01:48.842125,0
-0.4294,NORMAL,False,2026-06-05T00:01:48.993830,0
-0.4319,NORMAL,False,2026-06-05T00:01:49.141933,0
-0.4325,NORMAL,False,2026-06-05T00:01:49.293198,0
-0.431,NORMAL,False,2026-06-05T00:01:49.441940,0
-0.4326,NORMAL,False,2026-06-05T00:01:49.643429,0
-0.4444,NORMAL,False,2026-06-05T00:01:49.821015,0
-0.457,NORMAL,False,2026-06-05T00:01:49.977938,0
-0.4703,NORMAL,False,2026-06-05T00:01:50.126238,0
-0.4757,NORMAL,False,2026-06-05T00:01:50.275577,0
-0.4743,NORMAL,False,2026-06-05T00:01:50.423796,0
-0.4705,NORMAL,False,2026-06-05T00:01:50.574171,0
-0.4585,NORMAL,False,2026-06-05T00:01:50.726574,0
-0.4594,NORMAL,False,2026-06-05T00:01:50.876259,0
-0.4602,NORMAL,False,2026-06-05T00:01:51.024937,0
-0.4525,NORMAL,False,2026-06-05T00:01:51.174165,0
-0.4477,NORMAL,False,2026-06-05T00:01:51.324503,0
-0.4402,NORMAL,False,2026-06-05T00:01:51.473381,0
-0.4396,NORMAL,False,2026-06-05T00:01:51.623710,0
-0.4333,NORMAL,False,2026-06-05T00:01:51.775281,0
-0.4418,NORMAL,False,2026-06-05T00:01:51.926245,0
-0.4414,NORMAL,False,2026-06-05T00:01:52.097895,0
-0.4387,NORMAL,False,2026-06-05T00:01:52.248930,0
-0.4288,NORMAL,False,2026-06-05T00:01:52.399966,0
-0.4328,NORMAL,False,2026-06-05T00:01:52.549159,0
-0.433,NORMAL,False,2026-06-05T00:01:52.751692,0
-0.4328,NORMAL,False,2026-06-05T00:01:52.901782,0
-0.4252,NORMAL,False,2026-06-05T00:01:53.055003,0
-0.4315,NORMAL,False,2026-06-05T00:01:53.204089,0
-0.4376,NORMAL,False,2026-06-05T00:01:53.354468,0
-0.4388,NORMAL,False,2026-06-05T00:01:53.504353,0
-0.4437,NORMAL,False,2026-06-05T00:01:53.655508,0
-0.4372,NORMAL,False,2026-06-05T00:01:53.805595,0
-0.4363,NORMAL,False,2026-06-05T00:01:53.956506,0
-0.4374,NORMAL,False,2026-06-05T00:01:54.106591,0
-0.4417,NORMAL,False,2026-06-05T00:01:54.281215,0
-0.4487,NORMAL,False,2026-06-05T00:01:54.436930,0
-0.4474,NORMAL,False,2026-06-05T00:01:54.585197,0
-0.4525,NORMAL,False,2026-06-05T00:01:54.736463,0
-0.4524,NORMAL,False,2026-06-05T00:01:54.886186,0
-0.4509,NORMAL,False,2026-06-05T00:01:55.038841,0
-0.4408,NORMAL,False,2026-06-05T00:01:55.187270,0
-0.4392,NORMAL,False,2026-06-05T00:01:55.338139,0
-0.437,NORMAL,False,2026-06-05T00:01:55.487267,0
-0.4344,NORMAL,False,2026-06-05T00:01:55.646573,0
-0.4361,NORMAL,False,2026-06-05T00:01:55.873077,0
-0.4434,NORMAL,False,2026-06-05T00:01:56.039929,0
-0.4464,NORMAL,False,2026-06-05T00:01:56.188135,0
-0.4585,NORMAL,False,2026-06-05T00:01:56.337668,0
-0.4573,NORMAL,False,2026-06-05T00:01:56.518540,1
-0.4725,NORMAL,False,2026-06-05T00:01:56.678025,0
-0.4847,NORMAL,False,2026-06-05T00:01:56.829562,0
-0.4908,NORMAL,False,2026-06-05T00:01:56.982751,0
-0.4805,NORMAL,False,2026-06-05T00:01:57.132898,0
-0.4862,NORMAL,False,2026-06-05T00:01:57.282948,0
-0.4833,NORMAL,False,2026-06-05T00:01:57.433508,0
-0.4977,NORMAL,False,2026-06-05T00:01:57.582396,0
-0.4981,NORMAL,False,2026-06-05T00:01:57.733484,0
-0.4564,NORMAL,False,2026-06-05T00:01:57.884776,0
-0.4432,NORMAL,False,2026-06-05T00:01:58.036999,0
-0.44,NORMAL,False,2026-06-05T00:01:58.185928,0
-0.4656,NORMAL,False,2026-06-05T00:01:58.336048,0
-0.4725,NORMAL,False,2026-06-05T00:01:58.485477,0
-0.4835,NORMAL,False,2026-06-05T00:01:58.634961,0
-0.4849,NORMAL,False,2026-06-05T00:01:58.791620,0
-0.4819,NORMAL,False,2026-06-05T00:01:58.995307,0
-0.4784,NORMAL,False,2026-06-05T00:01:59.144644,0
-0.4691,NORMAL,False,2026-06-05T00:01:59.303229,0
-0.4688,NORMAL,False,2026-06-05T00:01:59.458251,0
-0.4652,NORMAL,False,2026-06-05T00:01:59.607907,0
-0.4622,NORMAL,False,2026-06-05T00:01:59.757988,0
-0.4597,NORMAL,False,2026-06-05T00:01:59.907959,0
-0.4583,NORMAL,False,2026-06-05T00:02:00.064734,0
-0.4552,NORMAL,False,2026-06-05T00:02:00.215864,0
-0.4577,NORMAL,False,2026-06-05T00:02:00.367481,0
-0.4594,NORMAL,False,2026-06-05T00:02:00.518474,0
-0.4588,NORMAL,False,2026-06-05T00:02:00.671796,0
-0.4582,NORMAL,False,2026-06-05T00:02:00.824315,0
-0.4531,NORMAL,False,2026-06-05T00:02:00.995157,0
-0.4494,NORMAL,False,2026-06-05T00:02:01.150887,0
-0.4425,NORMAL,False,2026-06-05T00:02:01.300386,0
-0.446,NORMAL,False,2026-06-05T00:02:01.451851,0
-0.4468,NORMAL,False,2026-06-05T00:02:01.604485,0
-0.4459,NORMAL,False,2026-06-05T00:02:01.756288,0
-0.5234,MEDIUM,True,2026-06-05T00:02:01.908217,0
-0.5205,MEDIUM,True,2026-06-05T00:02:03.386152,0
-0.5281,MEDIUM,True,2026-06-05T00:02:03.995061,0
-0.5258,MEDIUM,True,2026-06-05T00:02:05.170309,0
-0.5243,MEDIUM,True,2026-06-05T00:02:05.657272,0
-0.5164,LOW,False,2026-06-05T00:02:06.303652,0
-0.5215,MEDIUM,True,2026-06-05T00:02:06.458552,0
-0.5246,MEDIUM,True,2026-06-05T00:02:07.628529,0
-0.482,NORMAL,False,2026-06-05T00:02:08.145932,0
-0.487,NORMAL,False,2026-06-05T00:02:08.296572,0
-0.4855,NORMAL,False,2026-06-05T00:02:08.445884,0
-0.4896,NORMAL,False,2026-06-05T00:02:08.598362,0
-0.4861,NORMAL,False,2026-06-05T00:02:08.748225,0
-0.4816,NORMAL,False,2026-06-05T00:02:08.903242,0
-0.4883,NORMAL,False,2026-06-05T00:02:09.052359,0
-0.483,NORMAL,False,2026-06-05T00:02:09.204278,0
-0.4895,NORMAL,False,2026-06-05T00:02:09.360458,0
-0.4866,NORMAL,False,2026-06-05T00:02:09.512419,0
-0.4921,NORMAL,False,2026-06-05T00:02:09.661160,0
-0.4792,NORMAL,False,2026-06-05T00:02:09.831141,0
-0.4773,NORMAL,False,2026-06-05T00:02:09.979446,0
-0.4767,NORMAL,False,2026-06-05T00:02:10.192334,0
-0.4731,NORMAL,False,2026-06-05T00:02:10.340644,0
-0.4723,NORMAL,False,2026-06-05T00:02:10.491335,0
-0.4671,NORMAL,False,2026-06-05T00:02:10.643407,0
-0.4679,NORMAL,False,2026-06-05T00:02:10.794494,0
-0.4679,NORMAL,False,2026-06-05T00:02:10.943836,0
-0.468,NORMAL,False,2026-06-05T00:02:11.095814,0
-0.4739,NORMAL,False,2026-06-05T00:02:11.244321,0
-0.475,NORMAL,False,2026-06-05T00:02:11.395385,0
-0.4762,NORMAL,False,2026-06-05T00:02:11.545523,0
-0.4767,NORMAL,False,2026-06-05T00:02:11.700648,0
-0.4786,NORMAL,False,2026-06-05T00:02:11.852571,0
-0.4719,NORMAL,False,2026-06-05T00:02:12.003505,0
-0.4696,NORMAL,False,2026-06-05T00:02:12.164927,0
-0.4671,NORMAL,False,2026-06-05T00:02:12.316421,0
-0.4637,NORMAL,False,2026-06-05T00:02:12.464811,0
-0.4594,NORMAL,False,2026-06-05T00:02:12.612511,0
-0.4639,NORMAL,False,2026-06-05T00:02:12.762863,0
-0.4625,NORMAL,False,2026-06-05T00:02:12.912701,0
-0.4601,NORMAL,False,2026-06-05T00:02:13.065639,0
-0.4426,NORMAL,False,2026-06-05T00:02:13.268182,0
-0.4423,NORMAL,False,2026-06-05T00:02:13.418588,0
-0.4267,NORMAL,False,2026-06-05T00:02:13.568522,0
-0.427,NORMAL,False,2026-06-05T00:02:13.718185,0
-0.4272,NORMAL,False,2026-06-05T00:02:13.869232,0
-0.4275,NORMAL,False,2026-06-05T00:02:14.019256,0
-0.4284,NORMAL,False,2026-06-05T00:02:14.170121,0
-0.4298,NORMAL,False,2026-06-05T00:02:14.343578,1
-0.4191,NORMAL,False,2026-06-05T00:02:14.503067,0
-0.4357,NORMAL,False,2026-06-05T00:02:14.654106,0
-0.4328,NORMAL,False,2026-06-05T00:02:14.803110,0
-0.4192,NORMAL,False,2026-06-05T00:02:14.954165,0
-0.4133,NORMAL,False,2026-06-05T00:02:15.104650,0
-0.4135,NORMAL,False,2026-06-05T00:02:15.255039,0
-0.3953,NORMAL,False,2026-06-05T00:02:15.404458,0
-0.3927,NORMAL,False,2026-06-05T00:02:15.555867,0
-0.394,NORMAL,False,2026-06-05T00:02:15.707233,0
-0.3891,NORMAL,False,2026-06-05T00:02:15.859445,0
-0.3881,NORMAL,False,2026-06-05T00:02:16.008385,0
-0.3885,NORMAL,False,2026-06-05T00:02:16.162153,0
-0.3873,NORMAL,False,2026-06-05T00:02:16.367739,0
-0.3875,NORMAL,False,2026-06-05T00:02:16.541263,0
-0.3875,NORMAL,False,2026-06-05T00:02:16.696414,0
-0.3904,NORMAL,False,2026-06-05T00:02:16.850372,0
-0.3979,NORMAL,False,2026-06-05T00:02:17.000469,0
-0.3984,NORMAL,False,2026-06-05T00:02:17.151343,0
-0.4045,NORMAL,False,2026-06-05T00:02:17.301307,0
-0.4068,NORMAL,False,2026-06-05T00:02:17.451294,0
-0.4119,NORMAL,False,2026-06-05T00:02:17.603313,0
-0.4113,NORMAL,False,2026-06-05T00:02:17.752472,0
-0.4168,NORMAL,False,2026-06-05T00:02:17.902847,0
-0.4227,NORMAL,False,2026-06-05T00:02:18.055034,0
-0.4152,NORMAL,False,2026-06-05T00:02:18.204136,0
-0.4158,NORMAL,False,2026-06-05T00:02:18.355924,0
-0.4189,NORMAL,False,2026-06-05T00:02:18.504157,0
-0.4185,NORMAL,False,2026-06-05T00:02:18.655674,0
-0.4241,NORMAL,False,2026-06-05T00:02:18.821108,0
-0.4281,NORMAL,False,2026-06-05T00:02:18.971315,0
-0.4293,NORMAL,False,2026-06-05T00:02:19.126492,0
-0.4313,NORMAL,False,2026-06-05T00:02:19.276947,0
-0.4346,NORMAL,False,2026-06-05T00:02:19.479631,0
-0.4361,NORMAL,False,2026-06-05T00:02:19.630464,0
-0.4398,NORMAL,False,2026-06-05T00:02:19.783874,0
-0.4395,NORMAL,False,2026-06-05T00:02:19.939259,0
-0.4437,NORMAL,False,2026-06-05T00:02:20.089454,1
-0.4501,NORMAL,False,2026-06-05T00:02:20.242657,0
-0.4463,NORMAL,False,2026-06-05T00:02:20.393261,0
-0.4511,NORMAL,False,2026-06-05T00:02:20.544409,0
-0.4504,NORMAL,False,2026-06-05T00:02:20.696707,0
-0.4475,NORMAL,False,2026-06-05T00:02:20.848018,0
-0.4504,NORMAL,False,2026-06-05T00:02:21.026212,0
-0.45,NORMAL,False,2026-06-05T00:02:21.178529,0
-0.4468,NORMAL,False,2026-06-05T00:02:21.329013,0
-0.4402,NORMAL,False,2026-06-05T00:02:21.478192,0
-0.439,NORMAL,False,2026-06-05T00:02:21.630165,0
-0.4311,NORMAL,False,2026-06-05T00:02:21.788734,0
-0.433,NORMAL,False,2026-06-05T00:02:21.938843,0
-0.4398,NORMAL,False,2026-06-05T00:02:22.090826,0
-0.4414,NORMAL,False,2026-06-05T00:02:22.240393,0
-0.4401,NORMAL,False,2026-06-05T00:02:22.390743,0
-0.4315,NORMAL,False,2026-06-05T00:02:22.595756,0
-0.4223,NORMAL,False,2026-06-05T00:02:22.746561,0
-0.4165,NORMAL,False,2026-06-05T00:02:22.897091,0
-0.4239,NORMAL,False,2026-06-05T00:02:23.047538,0
-0.4293,NORMAL,False,2026-06-05T00:02:23.218374,0
-0.4428,NORMAL,False,2026-06-05T00:02:23.374780,0
-0.445,NORMAL,False,2026-06-05T00:02:23.522620,0
-0.4299,NORMAL,False,2026-06-05T00:02:23.674136,0
-0.4284,NORMAL,False,2026-06-05T00:02:23.824324,0
-0.4288,NORMAL,False,2026-06-05T00:02:23.974399,0
-0.4228,NORMAL,False,2026-06-05T00:02:24.125096,0
-0.4337,NORMAL,False,2026-06-05T00:02:24.275244,0
-0.4306,NORMAL,False,2026-06-05T00:02:24.426409,0
-0.4407,NORMAL,False,2026-06-05T00:02:24.578872,0
-0.43,NORMAL,False,2026-06-05T00:02:24.727999,0
-0.4289,NORMAL,False,2026-06-05T00:02:24.969343,0
-0.4211,NORMAL,False,2026-06-05T00:02:25.122344,0
-0.4159,NORMAL,False,2026-06-05T00:02:25.271239,0
-0.4147,NORMAL,False,2026-06-05T00:02:25.447971,0
-0.4144,NORMAL,False,2026-06-05T00:02:25.601822,0
-0.4114,NORMAL,False,2026-06-05T00:02:25.806811,0
-0.411,NORMAL,False,2026-06-05T00:02:25.957079,0
-0.4179,NORMAL,False,2026-06-05T00:02:26.110878,0
-0.4203,NORMAL,False,2026-06-05T00:02:26.261263,0
-0.4117,NORMAL,False,2026-06-05T00:02:26.413350,1
-0.4122,NORMAL,False,2026-06-05T00:02:26.562504,1
-0.4134,NORMAL,False,2026-06-05T00:02:26.714389,0
-0.4114,NORMAL,False,2026-06-05T00:02:26.868392,0
-0.4152,NORMAL,False,2026-06-05T00:02:27.019656,0
-0.4151,NORMAL,False,2026-06-05T00:02:27.170775,0
-0.414,NORMAL,False,2026-06-05T00:02:27.322141,1
-0.4144,NORMAL,False,2026-06-05T00:02:27.473401,0
-0.4143,NORMAL,False,2026-06-05T00:02:27.654053,0
-0.4215,NORMAL,False,2026-06-05T00:02:27.805632,0
-0.4246,NORMAL,False,2026-06-05T00:02:27.956584,1
-0.4298,NORMAL,False,2026-06-05T00:02:28.108607,1
-0.4305,NORMAL,False,2026-06-05T00:02:28.259578,0
-0.4299,NORMAL,False,2026-06-05T00:02:28.409895,0
-0.4292,NORMAL,False,2026-06-05T00:02:28.559354,1
-0.4287,NORMAL,False,2026-06-05T00:02:28.709369,0
-0.427,NORMAL,False,2026-06-05T00:02:28.913800,0
-0.4281,NORMAL,False,2026-06-05T00:02:29.065345,0
-0.4315,NORMAL,False,2026-06-05T00:02:29.214393,0
-0.4593,NORMAL,False,2026-06-05T00:02:29.363769,0
-0.4588,NORMAL,False,2026-06-05T00:02:29.512092,0
-0.4553,NORMAL,False,2026-06-05T00:02:29.664312,0
-0.4568,NORMAL,False,2026-06-05T00:02:29.815977,0
-0.4516,NORMAL,False,2026-06-05T00:02:29.968165,0
-0.4534,NORMAL,False,2026-06-05T00:02:30.118388,0
-0.4515,NORMAL,False,2026-06-05T00:02:30.268410,0
-0.4509,NORMAL,False,2026-06-05T00:02:30.418462,0
-0.4499,NORMAL,False,2026-06-05T00:02:30.568264,0
-0.4468,NORMAL,False,2026-06-05T00:02:30.716405,0
-0.4429,NORMAL,False,2026-06-05T00:02:30.866044,0
-0.4436,NORMAL,False,2026-06-05T00:02:31.015203,0
-0.4446,NORMAL,False,2026-06-05T00:02:31.164987,0
-0.4469,NORMAL,False,2026-06-05T00:02:31.314100,0
-0.4469,NORMAL,False,2026-06-05T00:02:31.462270,0
-0.4451,NORMAL,False,2026-06-05T00:02:31.613753,0
-0.4453,NORMAL,False,2026-06-05T00:02:31.762301,0
-0.4468,NORMAL,False,2026-06-05T00:02:31.965271,0
-0.4532,NORMAL,False,2026-06-05T00:02:32.145329,0
-0.46,NORMAL,False,2026-06-05T00:02:32.299086,0
-0.47,NORMAL,False,2026-06-05T00:02:32.447637,0
-0.4688,NORMAL,False,2026-06-05T00:02:32.598450,0
-0.469,NORMAL,False,2026-06-05T00:02:32.746270,0
-0.4641,NORMAL,False,2026-06-05T00:02:32.899865,0
-0.4466,NORMAL,False,2026-06-05T00:02:33.048985,0
-0.4458,NORMAL,False,2026-06-05T00:02:33.197859,0
-0.4515,NORMAL,False,2026-06-05T00:02:33.346928,0
-0.4482,NORMAL,False,2026-06-05T00:02:33.495772,0
-0.4479,NORMAL,False,2026-06-05T00:02:33.647631,0
-0.4444,NORMAL,False,2026-06-05T00:02:33.825112,0
-0.4418,NORMAL,False,2026-06-05T00:02:33.975675,0
-0.4411,NORMAL,False,2026-06-05T00:02:34.127301,0
-0.4402,NORMAL,False,2026-06-05T00:02:34.288633,0
-0.4428,NORMAL,False,2026-06-05T00:02:34.438150,0
-0.4441,NORMAL,False,2026-06-05T00:02:34.592166,0
-0.448,NORMAL,False,2026-06-05T00:02:34.739678,0
-0.4494,NORMAL,False,2026-06-05T00:02:34.895788,0
-0.4486,NORMAL,False,2026-06-05T00:02:35.100125,0
-0.4515,NORMAL,False,2026-06-05T00:02:35.250339,0
-0.4499,NORMAL,False,2026-06-05T00:02:35.398296,0
-0.4454,NORMAL,False,2026-06-05T00:02:35.548220,0
-0.4515,NORMAL,False,2026-06-05T00:02:35.699032,0
-0.4613,NORMAL,False,2026-06-05T00:02:35.848708,0
-0.4553,NORMAL,False,2026-06-05T00:02:35.998803,0
-0.4569,NORMAL,False,2026-06-05T00:02:36.148475,0
-0.4681,NORMAL,False,2026-06-05T00:02:36.298399,0
-0.4646,NORMAL,False,2026-06-05T00:02:36.447282,0
-0.4674,NORMAL,False,2026-06-05T00:02:36.601193,0
-0.4703,NORMAL,False,2026-06-05T00:02:36.751012,0
-0.4405,NORMAL,False,2026-06-05T00:02:36.902473,0
-0.4409,NORMAL,False,2026-06-05T00:02:37.050918,0
-0.4381,NORMAL,False,2026-06-05T00:02:37.200562,0
-0.4369,NORMAL,False,2026-06-05T00:02:37.351095,0
-0.4282,NORMAL,False,2026-06-05T00:02:37.504526,0
-0.4201,NORMAL,False,2026-06-05T00:02:37.656184,0
-0.4116,NORMAL,False,2026-06-05T00:02:37.806039,0
-0.411,NORMAL,False,2026-06-05T00:02:37.954350,0
-0.4102,NORMAL,False,2026-06-05T00:02:38.160288,0
-0.4097,NORMAL,False,2026-06-05T00:02:38.310864,0
-0.407,NORMAL,False,2026-06-05T00:02:38.458804,0
-0.4119,NORMAL,False,2026-06-05T00:02:38.608881,0
-0.4102,NORMAL,False,2026-06-05T00:02:38.780463,0
-0.4182,NORMAL,False,2026-06-05T00:02:38.936073,0
-0.4135,NORMAL,False,2026-06-05T00:02:39.088326,0
-0.4154,NORMAL,False,2026-06-05T00:02:39.237515,0
-0.4173,NORMAL,False,2026-06-05T00:02:39.386136,0
-0.4135,NORMAL,False,2026-06-05T00:02:39.538339,0
-0.412,NORMAL,False,2026-06-05T00:02:39.693198,0
-0.413,NORMAL,False,2026-06-05T00:02:39.842621,0
-0.4137,NORMAL,False,2026-06-05T00:02:39.994455,0
-0.4148,NORMAL,False,2026-06-05T00:02:40.144111,0
-0.4149,NORMAL,False,2026-06-05T00:02:40.293411,0
-0.4147,NORMAL,False,2026-06-05T00:02:40.442597,0
-0.4134,NORMAL,False,2026-06-05T00:02:40.591819,0
-0.4131,NORMAL,False,2026-06-05T00:02:40.742134,0
-0.416,NORMAL,False,2026-06-05T00:02:40.891012,0
-0.4187,NORMAL,False,2026-06-05T00:02:41.045647,0
-0.4169,NORMAL,False,2026-06-05T00:02:41.258761,0
-0.4163,NORMAL,False,2026-06-05T00:02:41.407697,0
-0.4153,NORMAL,False,2026-06-05T00:02:41.559936,0
-0.4142,NORMAL,False,2026-06-05T00:02:41.708956,0
-0.4237,NORMAL,False,2026-06-05T00:02:41.857669,0
-0.4236,NORMAL,False,2026-06-05T00:02:42.009959,0
-0.4225,NORMAL,False,2026-06-05T00:02:42.159040,0
-0.4256,NORMAL,False,2026-06-05T00:02:42.309772,0
-0.4266,NORMAL,False,2026-06-05T00:02:42.458076,0
-0.4388,NORMAL,False,2026-06-05T00:02:42.607784,1
-0.4316,NORMAL,False,2026-06-05T00:02:42.756248,0
-0.433,NORMAL,False,2026-06-05T00:02:42.908555,0
-0.4299,NORMAL,False,2026-06-05T00:02:43.055729,0
-0.4312,NORMAL,False,2026-06-05T00:02:43.223142,0
-0.4308,NORMAL,False,2026-06-05T00:02:43.373868,0
-0.456,NORMAL,False,2026-06-05T00:02:43.523910,1
-0.4587,NORMAL,False,2026-06-05T00:02:43.674170,0
-0.4605,NORMAL,False,2026-06-05T00:02:43.822478,0
-0.4654,NORMAL,False,2026-06-05T00:02:43.972866,0
-0.4669,NORMAL,False,2026-06-05T00:02:44.122501,0
-0.4677,NORMAL,False,2026-06-05T00:02:44.325129,0
-0.4739,NORMAL,False,2026-06-05T00:02:44.473984,0
-0.4723,NORMAL,False,2026-06-05T00:02:44.626005,0
-0.4735,NORMAL,False,2026-06-05T00:02:44.779457,0
-0.4695,NORMAL,False,2026-06-05T00:02:44.934690,0
-0.4619,NORMAL,False,2026-06-05T00:02:45.084573,0
-0.4614,NORMAL,False,2026-06-05T00:02:45.232282,0
-0.4598,NORMAL,False,2026-06-05T00:02:45.408147,0
-0.4527,NORMAL,False,2026-06-05T00:02:45.562066,0
-0.4425,NORMAL,False,2026-06-05T00:02:45.710886,0
-0.4435,NORMAL,False,2026-06-05T00:02:45.860832,0
-0.4411,NORMAL,False,2026-06-05T00:02:46.009984,0
-0.4446,NORMAL,False,2026-06-05T00:02:46.158840,0
-0.4491,NORMAL,False,2026-06-05T00:02:46.308117,0
-0.4465,NORMAL,False,2026-06-05T00:02:46.458067,0
-0.4445,NORMAL,False,2026-06-05T00:02:46.607343,0
-0.4414,NORMAL,False,2026-06-05T00:02:46.754920,0
-0.4405,NORMAL,False,2026-06-05T00:02:46.906563,0
-0.4404,NORMAL,False,2026-06-05T00:02:47.055872,0
-0.4422,NORMAL,False,2026-06-05T00:02:47.206783,0
-0.4437,NORMAL,False,2026-06-05T00:02:47.410319,0
-0.4414,NORMAL,False,2026-06-05T00:02:47.560059,0
-0.4452,NORMAL,False,2026-06-05T00:02:47.715952,0
-0.4458,NORMAL,False,2026-06-05T00:02:47.897074,0
-0.4453,NORMAL,False,2026-06-05T00:02:48.045456,0
-0.4453,NORMAL,False,2026-06-05T00:02:48.200895,0
-0.4495,NORMAL,False,2026-06-05T00:02:48.349006,0
-0.4532,NORMAL,False,2026-06-05T00:02:48.498083,0
-0.4587,NORMAL,False,2026-06-05T00:02:48.648540,0
-0.4596,NORMAL,False,2026-06-05T00:02:48.798216,0
-0.4643,NORMAL,False,2026-06-05T00:02:48.947226,0
-0.4526,NORMAL,False,2026-06-05T00:02:49.100103,0
-0.4528,NORMAL,False,2026-06-05T00:02:49.248760,0
-0.4422,NORMAL,False,2026-06-05T00:02:49.399067,0
-0.4446,NORMAL,False,2026-06-05T00:02:49.547264,0
-0.4451,NORMAL,False,2026-06-05T00:02:49.698093,0
-0.4438,NORMAL,False,2026-06-05T00:02:49.861964,0
-0.4457,NORMAL,False,2026-06-05T00:02:50.011851,0
-0.4462,NORMAL,False,2026-06-05T00:02:50.163269,0
-0.4398,NORMAL,False,2026-06-05T00:02:50.311088,0
-0.4394,NORMAL,False,2026-06-05T00:02:50.513787,0
-0.4447,NORMAL,False,2026-06-05T00:02:50.664255,0
-0.4394,NORMAL,False,2026-06-05T00:02:50.811916,0
-0.443,NORMAL,False,2026-06-05T00:02:50.961794,0
-0.4399,NORMAL,False,2026-06-05T00:02:51.111862,0
-0.4146,NORMAL,False,2026-06-05T00:02:51.260719,0
-0.4124,NORMAL,False,2026-06-05T00:02:51.409787,0
-0.4086,NORMAL,False,2026-06-05T00:02:51.557297,0
-0.4095,NORMAL,False,2026-06-05T00:02:51.709652,0
-0.4097,NORMAL,False,2026-06-05T00:02:51.857887,0
-0.4083,NORMAL,False,2026-06-05T00:02:52.007854,0
-0.4097,NORMAL,False,2026-06-05T00:02:52.167246,0
-0.4078,NORMAL,False,2026-06-05T00:02:52.318107,0
-0.411,NORMAL,False,2026-06-05T00:02:52.467641,1
-0.4105,NORMAL,False,2026-06-05T00:02:52.618394,0
-0.4106,NORMAL,False,2026-06-05T00:02:52.768104,0
-0.4122,NORMAL,False,2026-06-05T00:02:52.919355,0
-0.4145,NORMAL,False,2026-06-05T00:02:53.068344,0
-0.4178,NORMAL,False,2026-06-05T00:02:53.219241,0
-0.4321,NORMAL,False,2026-06-05T00:02:53.367511,0
-0.4322,NORMAL,False,2026-06-05T00:02:53.570856,0
-0.4335,NORMAL,False,2026-06-05T00:02:53.720814,1
-0.4369,NORMAL,False,2026-06-05T00:02:53.872249,0
-0.4249,NORMAL,False,2026-06-05T00:02:54.024737,0
-0.4157,NORMAL,False,2026-06-05T00:02:54.172212,0
-0.3949,NORMAL,False,2026-06-05T00:02:54.347902,0
-0.3977,NORMAL,False,2026-06-05T00:02:54.502381,0
-0.4022,NORMAL,False,2026-06-05T00:02:54.651043,0
-0.4001,NORMAL,False,2026-06-05T00:02:54.803437,0
-0.3998,NORMAL,False,2026-06-05T00:02:54.955523,0
-0.413,NORMAL,False,2026-06-05T00:02:55.107001,0
-0.4128,NORMAL,False,2026-06-05T00:02:55.257620,0
-0.4114,NORMAL,False,2026-06-05T00:02:55.407665,0
-0.4105,NORMAL,False,2026-06-05T00:02:55.556529,0
-0.41,NORMAL,False,2026-06-05T00:02:55.707791,0
-0.4076,NORMAL,False,2026-06-05T00:02:55.855807,0
-0.4132,NORMAL,False,2026-06-05T00:02:56.004032,0
-0.4247,NORMAL,False,2026-06-05T00:02:56.154038,0
-0.4315,NORMAL,False,2026-06-05T00:02:56.303125,0
-0.4292,NORMAL,False,2026-06-05T00:02:56.453838,0
-0.4461,NORMAL,False,2026-06-05T00:02:56.660923,0
-0.4423,NORMAL,False,2026-06-05T00:02:56.809071,0
-0.4367,NORMAL,False,2026-06-05T00:02:56.959980,0
-0.4385,NORMAL,False,2026-06-05T00:02:57.111047,0
-0.4483,NORMAL,False,2026-06-05T00:02:57.264281,0
-0.4514,NORMAL,False,2026-06-05T00:02:57.411547,0
-0.4553,NORMAL,False,2026-06-05T00:02:57.561196,0
-0.4578,NORMAL,False,2026-06-05T00:02:57.709169,0
-0.4573,NORMAL,False,2026-06-05T00:02:57.860297,0
-0.4503,NORMAL,False,2026-06-05T00:02:58.009805,0
-0.4423,NORMAL,False,2026-06-05T00:02:58.160329,0
-0.4287,NORMAL,False,2026-06-05T00:02:58.310610,0
-0.4258,NORMAL,False,2026-06-05T00:02:58.460442,0
-0.429,NORMAL,False,2026-06-05T00:02:58.609252,0
-0.4396,NORMAL,False,2026-06-05T00:02:58.777186,0
-0.4544,NORMAL,False,2026-06-05T00:02:58.937413,0
-0.4703,NORMAL,False,2026-06-05T00:02:59.094624,0
-0.4776,NORMAL,False,2026-06-05T00:02:59.244694,0
-0.4777,NORMAL,False,2026-06-05T00:02:59.393760,0
-0.474,NORMAL,False,2026-06-05T00:02:59.542509,0
-0.4669,NORMAL,False,2026-06-05T00:02:59.744640,0
-0.467,NORMAL,False,2026-06-05T00:02:59.895833,0
-0.4652,NORMAL,False,2026-06-05T00:03:00.054844,0
-0.4625,NORMAL,False,2026-06-05T00:03:00.207071,0
-0.4559,NORMAL,False,2026-06-05T00:03:00.358731,0
-0.4608,NORMAL,False,2026-06-05T00:03:00.512703,0
-0.4629,NORMAL,False,2026-06-05T00:03:00.663820,0
-0.463,NORMAL,False,2026-06-05T00:03:00.820773,0
-0.4657,NORMAL,False,2026-06-05T00:03:00.990783,0
-0.468,NORMAL,False,2026-06-05T00:03:01.144822,0
-0.4665,NORMAL,False,2026-06-05T00:03:01.296096,0
-0.4686,NORMAL,False,2026-06-05T00:03:01.446303,0
-0.4666,NORMAL,False,2026-06-05T00:03:01.598635,0
-0.4603,NORMAL,False,2026-06-05T00:03:01.748325,0
-0.4692,NORMAL,False,2026-06-05T00:03:01.899128,0
-0.4709,NORMAL,False,2026-06-05T00:03:02.048598,0
-0.4683,NORMAL,False,2026-06-05T00:03:02.199066,0
-0.4679,NORMAL,False,2026-06-05T00:03:02.349123,0
-0.4625,NORMAL,False,2026-06-05T00:03:02.500221,0
-0.4648,NORMAL,False,2026-06-05T00:03:02.650437,0
-0.4633,NORMAL,False,2026-06-05T00:03:02.865069,0
-0.4645,NORMAL,False,2026-06-05T00:03:03.014263,0
-0.466,NORMAL,False,2026-06-05T00:03:03.170252,0
-0.4714,NORMAL,False,2026-06-05T00:03:03.324187,0
-0.4733,NORMAL,False,2026-06-05T00:03:03.473242,0
-0.4799,NORMAL,False,2026-06-05T00:03:03.621702,0
-0.476,NORMAL,False,2026-06-05T00:03:03.771283,0
-0.4497,NORMAL,False,2026-06-05T00:03:03.929434,0
-0.4481,NORMAL,False,2026-06-05T00:03:04.080001,0
-0.4442,NORMAL,False,2026-06-05T00:03:04.229296,0
-0.4363,NORMAL,False,2026-06-05T00:03:04.379503,0
-0.433,NORMAL,False,2026-06-05T00:03:04.530364,0
-0.4297,NORMAL,False,2026-06-05T00:03:04.687473,0
-0.4268,NORMAL,False,2026-06-05T00:03:04.854142,0
-0.4281,NORMAL,False,2026-06-05T00:03:05.009894,0
-0.427,NORMAL,False,2026-06-05T00:03:05.160264,0
-0.4319,NORMAL,False,2026-06-05T00:03:05.309112,0
-0.4372,NORMAL,False,2026-06-05T00:03:05.481492,0
-0.4362,NORMAL,False,2026-06-05T00:03:05.636174,0
-0.4344,NORMAL,False,2026-06-05T00:03:05.783989,0
-0.4365,NORMAL,False,2026-06-05T00:03:05.990146,0
-0.4386,NORMAL,False,2026-06-05T00:03:06.142147,0
-0.4401,NORMAL,False,2026-06-05T00:03:06.291616,0
-0.4457,NORMAL,False,2026-06-05T00:03:06.445818,0
-0.4442,NORMAL,False,2026-06-05T00:03:06.594129,0
-0.4435,NORMAL,False,2026-06-05T00:03:06.744798,0
-0.4201,NORMAL,False,2026-06-05T00:03:06.895675,0
-0.4191,NORMAL,False,2026-06-05T00:03:07.047242,0
-0.4188,NORMAL,False,2026-06-05T00:03:07.195672,0
-0.4214,NORMAL,False,2026-06-05T00:03:07.345398,0
-0.4241,NORMAL,False,2026-06-05T00:03:07.493296,0
-0.4258,NORMAL,False,2026-06-05T00:03:07.650777,0
-0.4358,NORMAL,False,2026-06-05T00:03:07.799600,0
-0.4304,NORMAL,False,2026-06-05T00:03:07.954860,0
-0.4296,NORMAL,False,2026-06-05T00:03:08.104807,0
-0.4335,NORMAL,False,2026-06-05T00:03:08.254477,0
-0.4336,NORMAL,False,2026-06-05T00:03:08.405500,0
-0.4265,NORMAL,False,2026-06-05T00:03:08.555039,0
-0.4221,NORMAL,False,2026-06-05T00:03:08.705374,0
-0.4243,NORMAL,False,2026-06-05T00:03:08.855349,0
-0.4255,NORMAL,False,2026-06-05T00:03:09.060971,0
-0.4347,NORMAL,False,2026-06-05T00:03:09.212014,0
-0.4351,NORMAL,False,2026-06-05T00:03:09.361447,0
-0.4357,NORMAL,False,2026-06-05T00:03:09.511508,0
-0.4358,NORMAL,False,2026-06-05T00:03:09.662352,0
-0.4343,NORMAL,False,2026-06-05T00:03:09.810669,0
-0.4381,NORMAL,False,2026-06-05T00:03:09.989614,0
-0.4503,NORMAL,False,2026-06-05T00:03:10.141344,0
-0.4563,NORMAL,False,2026-06-05T00:03:10.289754,0
-0.4553,NORMAL,False,2026-06-05T00:03:10.439838,0
-0.5304,MEDIUM,True,2026-06-05T00:03:10.588119,0
-0.5304,MEDIUM,True,2026-06-05T00:03:21.999825,0
-0.5294,MEDIUM,True,2026-06-05T00:03:27.181245,0
-0.5259,MEDIUM,True,2026-06-05T00:03:27.852573,0
-0.5201,MEDIUM,True,2026-06-05T00:03:29.136187,0
-0.5254,MEDIUM,True,2026-06-05T00:03:30.618263,0
-0.5171,LOW,False,2026-06-05T00:03:31.845476,0
-0.5201,MEDIUM,True,2026-06-05T00:03:32.000999,0
-0.5231,MEDIUM,True,2026-06-05T00:03:32.837275,0
-0.5345,MEDIUM,True,2026-06-05T00:03:33.555796,0
-0.5333,MEDIUM,True,2026-06-05T00:03:34.194934,0
-0.5304,MEDIUM,True,2026-06-05T00:03:34.921212,0
-0.5286,MEDIUM,True,2026-06-05T00:03:35.483139,0
-0.5262,MEDIUM,True,2026-06-05T00:03:36.077775,0
-0.5262,MEDIUM,True,2026-06-05T00:03:36.713582,0
-0.5298,MEDIUM,True,2026-06-05T00:03:37.509697,0
-0.5216,MEDIUM,True,2026-06-05T00:03:38.117284,0
-0.5186,LOW,False,2026-06-05T00:03:39.537199,0
-0.5303,MEDIUM,True,2026-06-05T00:03:39.692503,0
-0.5286,MEDIUM,True,2026-06-05T00:03:40.916345,0
-0.5257,MEDIUM,True,2026-06-05T00:03:42.748894,0
-0.5199,LOW,False,2026-06-05T00:03:44.060441,0
-0.5168,LOW,False,2026-06-05T00:03:44.208228,0
-0.5121,LOW,False,2026-06-05T00:03:44.356211,0
-0.5115,LOW,False,2026-06-05T00:03:44.504864,0
-0.5034,LOW,False,2026-06-05T00:03:44.653911,0
-0.5024,LOW,False,2026-06-05T00:03:44.805028,0
-0.5003,LOW,False,2026-06-05T00:03:44.972869,0
-0.503,LOW,False,2026-06-05T00:03:45.135889,0
-0.5023,LOW,False,2026-06-05T00:03:45.287087,0
-0.5071,LOW,False,2026-06-05T00:03:45.493951,0
-0.5098,LOW,False,2026-06-05T00:03:45.643108,0
-0.5141,LOW,False,2026-06-05T00:03:45.796742,0
-0.5085,LOW,False,2026-06-05T00:03:45.949963,0
-0.507,LOW,False,2026-06-05T00:03:46.100887,0
-0.5444,MEDIUM,True,2026-06-05T00:03:46.251885,1
-0.5366,MEDIUM,True,2026-06-05T00:03:46.739949,0
-0.5417,MEDIUM,True,2026-06-05T00:03:53.273904,0
-0.5374,MEDIUM,True,2026-06-05T00:03:53.922984,0
-0.5359,MEDIUM,True,2026-06-05T00:03:54.456372,0
-0.5387,MEDIUM,True,2026-06-05T00:03:56.834402,0
-0.5358,MEDIUM,True,2026-06-05T00:04:08.719900,0
-0.5319,MEDIUM,True,2026-06-05T00:04:09.264260,0
-0.5311,MEDIUM,True,2026-06-05T00:04:09.870698,0
-0.5346,MEDIUM,True,2026-06-05T00:04:10.494350,0
-0.5365,MEDIUM,True,2026-06-05T00:04:11.707091,0
-0.5353,MEDIUM,True,2026-06-05T00:04:12.334263,0
-0.5424,MEDIUM,True,2026-06-05T00:04:12.928486,0
-0.5442,MEDIUM,True,2026-06-05T00:04:13.448558,0
-0.5421,MEDIUM,True,2026-06-05T00:04:14.164834,0
-0.454,NORMAL,False,2026-06-05T00:04:14.736787,0
-0.4588,NORMAL,False,2026-06-05T00:04:14.892952,0
-0.4608,NORMAL,False,2026-06-05T00:04:15.043780,0
-0.4614,NORMAL,False,2026-06-05T00:04:15.192947,0
-0.4623,NORMAL,False,2026-06-05T00:04:15.345891,0
-0.4646,NORMAL,False,2026-06-05T00:04:15.494561,0
-0.4643,NORMAL,False,2026-06-05T00:04:15.644167,0
-0.4645,NORMAL,False,2026-06-05T00:04:15.792780,0
-0.465,NORMAL,False,2026-06-05T00:04:15.941025,0
-0.4658,NORMAL,False,2026-06-05T00:04:16.090695,0
-0.4632,NORMAL,False,2026-06-05T00:04:16.240224,0
